node_1,node_2,edge,chunk_id
equirectangular projection (erp),omnidirectional images,ERP is a naive form to store and transfer omnidirectional images, indicating a representation relationship.,5ccb7e311d974fdf835a63f42a486d75
omnidirectional images,virtual reality technologies,The interest in omnidirectional images is driven by the rapid development of virtual reality technologies.,5ccb7e311d974fdf835a63f42a486d75
two-dimensional (2d) image super-resolution (sr) methods,equirectangular projection (erp),ERP is challenging for existing 2D SR methods due to its inhomogeneous sampling density and distortion.,5ccb7e311d974fdf835a63f42a486d75
spherical pseudo-cylindrical representation,omnidirectional images,Proposed to address the limitations of ERP, it allows adaptive sampling density and is model-agnostic to most SR methods.,5ccb7e311d974fdf835a63f42a486d75
computational tractable optimization algorithm,spherical pseudo-cylindrical representation,Used to obtain an adaptive sampling density for ERP images in the proposed method.,5ccb7e311d974fdf835a63f42a486d75
viewport-based training loss,omnidirectional image,Introduced to reduce distortion, based on the original 3D sphere format without distortion.,5ccb7e311d974fdf835a63f42a486d75
recursive progressive omnidirectional sr network,proposed method,A simple yet effective network showcasing the feasibility of the proposed spherical pseudo-cylindrical approach.,5ccb7e311d974fdf835a63f42a486d75
public datasets,experimental results,Used to demonstrate the effectiveness of the proposed method and its superior performance.,5ccb7e311d974fdf835a63f42a486d75
state-of-the-art methods,proposed method,The proposed method consistently outperforms state-of-the-art techniques.,5ccb7e311d974fdf835a63f42a486d75
latitude,longitude,These terms are related as they both represent geographical coordinates in the context of mapping spherical images.,9c87f7e10e2842b292ef22f04dc826e2
original spherical image,horizontal grid coordinates,The image's latitude and longitude are mapped to these grid coordinates, describing the spatial relationship.,9c87f7e10e2842b292ef22f04dc826e2
original spherical image,vertical grid coordinates,Also mapped from the image's spherical coordinates, these define the image's vertical distribution.,9c87f7e10e2842b292ef22f04dc826e2
distributed sampling density,inhomogeneous,The sampling density varies across latitude, indicating an uneven distribution.,9c87f7e10e2842b292ef22f04dc826e2
distributed sampling density,distorted,Due to latitude, the sampling density is distorted, affecting visual communication applications.,9c87f7e10e2842b292ef22f04dc826e2
erp (electroencephalography paradigm),inhomogeneous and distorted,ERP refers to a method where the sampling issue affects this scientific context.,9c87f7e10e2842b292ef22f04dc826e2
low-resolution (lr) images,high-resolution (hr) images,SR (Super-Resolution) aims to convert LR images into HR versions.,9c87f7e10e2842b292ef22f04dc826e2
image super-resolution,technique,SR is a technique used to enhance image quality.,9c87f7e10e2842b292ef22f04dc826e2
cnns (convolutional neural networks),remarkable success,CNNs have achieved significant results in the field of image super-resolution.,9c87f7e10e2842b292ef22f04dc826e2
cnns,feature representation capabilities,Their strength lies in their ability to effectively represent features for SR.,9c87f7e10e2842b292ef22f04dc826e2
dilated convolutions,generative models,These techniques are mentioned together as different approaches in image processing, possibly indicating they are alternatives or complementary.,71f14707ef75487c86a5029239d2a523
dilated convolutions,cnns,Dilated convolutions are a type of CNN, showing a hierarchical relation.,71f14707ef75487c86a5029239d2a523
transformer-based sr methods,omnidirectional image sr,Transformers are used specifically for omni-directional image super-resolution, highlighting their application domain.,71f14707ef75487c86a5029239d2a523
lau-net,erp,LAU-Net addresses the challenges of ERP, suggesting it is a solution for this problem.,71f14707ef75487c86a5029239d2a523
lau-net,model-agnostic,LAU-Net is described as model-agnostic, implying it can be applied to existing methods.,71f14707ef75487c86a5029239d2a523
spheresr,omnidirectional images,SphereSR focuses on spherical convolution for omni-directional images, tailoring for their specific characteristics.,71f14707ef75487c86a5029239d2a523
erp,inhomogeneous distributed sampling density,ERP has an inhomogeneous sampling density, which is a challenge for processing methods.,71f14707ef75487c86a5029239d2a523
erp,distortion across latitude,ERP images experience distortion across latitude, another factor methods need to account for.,71f14707ef75487c86a5029239d2a523
latitude adaptive pseudo-cylindrical representation (lapr),inhomogeneous distributed sampling density,LAPR is designed to address the issue of inhomogeneous sampling density in ERP images.,8bd7084af488461aa67868675a2ffe25
lapr,computational tractable optimization algorithm,LAPR is achieved through a computationally efficient optimization process.,8bd7084af488461aa67868675a2ffe25
omnidirectional image super-resolution,high computational costs,The method suffers from high computational costs due to the need to switch between spherical and 2D coordinates.,8bd7084af488461aa67868675a2ffe25
repeated switching between spherical and 2d planar coordinates,weakness,This method's weakness lies in the repeated coordinate conversions.,8bd7084af488461aa67868675a2ffe25
viewport-based loss,original 3d sphere format,The viewport-based loss is proposed to work with the original 3D sphere format to reduce distortion.,8bd7084af488461aa67868675a2ffe25
end-to-end recursive transformer network,cnn and transformer,The network combines CNN and Transformer architectures for improved performance.,8bd7084af488461aa67868675a2ffe25
novel latitude adaptive pseudo-cylindrical representation (lapr),issues of erp,LAPR aims to fully utilize advantages of previous methods while avoiding their weaknesses for ERP.,8bd7084af488461aa67868675a2ffe25
previous methods,weaknesses,LAPR addresses the weaknesses of earlier approaches.,8bd7084af488461aa67868675a2ffe25
omnidirectional image sr,adaptive optimal configuration (lapr),The paper proposes a novel LAPR method specifically for omnidirectional images, addressing sampling issues and improving existing SR methods' performance.,f86b6e0f4031498e96dbcf52d86f3b18
proposed erp image adaptation algorithm,existing sr methods,The algorithm is designed to be applied to existing SR methods, enhancing their capabilities for omnidirectional images.,f86b6e0f4031498e96dbcf52d86f3b18
viewport-based training loss,distortion of erp images,The proposed training loss aims to avoid distortion typically encountered in ERP images by working on the original 3D sphere format.,f86b6e0f4031498e96dbcf52d86f3b18
recursive transformer network,cnn (convolutional neural network),The network combines a recursive unfolded CNN and Transformer architecture for efficient performance and reduced memory usage.,f86b6e0f4031498e96dbcf52d86f3b18
proposed method,state-of-the-art (sota) methods,The paper conducts extensive comparisons, demonstrating that their method achieves state-of-the-art performance in omnidirectional image super-resolution.,f86b6e0f4031498e96dbcf52d86f3b18
srcnn (dong et al. 2014),2d-sr methods,SRCNN is mentioned as a pioneering work in using CNN for single image super-resolution, which serves as a reference point for the proposed method.,f86b6e0f4031498e96dbcf52d86f3b18
cnn-based sr methods,srcnn,SRCNN is a foundation for many deeper and wider CNN methods, such as VDSR, EDSR, DRN, HAN, and NLSN.,d01b39652c794943b9a89e2d3bd20672
vdsr,kim et al.,Kim et al. propose VDSR by introducing residual learning into a deeper network.,d01b39652c794943b9a89e2d3bd20672
edsr,lim et al.,Lim et al. propose EDSR by simplifying residual networks and removing unnecessary modules.,d01b39652c794943b9a89e2d3bd20672
drn,guo et al.,Guo et al. propose DRN with an additional dual regression mapping for improved estimation.,d01b39652c794943b9a89e2d3bd20672
attention mechanism,han,Niu et al. introduce HAN with layer and channel-spatial attention modules in residual blocks.,d01b39652c794943b9a89e2d3bd20672
han,niu et al.,Niu et al. are the authors of the HAN method.,d01b39652c794943b9a89e2d3bd20672
nlsn,mei, fan, and zhou,Mei et al. design NLSN with non-local sparse attention and dynamic sparse pattern.,d01b39652c794943b9a89e2d3bd20672
elan,zhang et al.,Zhang et al. propose ELAN with a highly efficient long-range attention block.,d01b39652c794943b9a89e2d3bd20672
transformer,natural language processing,Inspiration from Transformers in NLP, known for modeling long-range context.,d01b39652c794943b9a89e2d3bd20672
transformer,vaswani et al.,Vaswani et al. introduce the original Transformer architecture.,d01b39652c794943b9a89e2d3bd20672
natural language processing,modeling long-range context,In natural language processing, it is used for its advantage in modeling long-range context.,919479a94b91461c8f72266b6cb450ca
transformer (vaswani et al. 2017),sr (super-resolution),Introduced into super-resolution, examples include SwinIR and Swin2SR.,919479a94b91461c8f72266b6cb450ca
swinir (liang et al. 2021),swin2sr (chu et al. 2021),Both are 2D-SR methods based on the Swin Transformer architecture.,919479a94b91461c8f72266b6cb450ca
2d-sr methods,omnidirectional image sr,Existing 2D-SR methods yield unsatisfactory performance for omni-directional images due to distortion.,919479a94b91461c8f72266b6cb450ca
inhomogeneous distributed sampling density,distortion across latitude,These methods don't account for the unequal distribution and distortion in ERP (Equirectangular Projection) images.,919479a94b91461c8f72266b6cb450ca
erp (equirectangular projection) images,omnidirectional image sr,The sampling issue and distortion in ERP images lead to problems in omni-directional image super-resolution.,919479a94b91461c8f72266b6cb450ca
360°-sr methods,solving sampling and distortion,Researchers address these issues by focusing on sphere-to-plane mapping and utilizing priors.,919479a94b91461c8f72266b6cb450ca
360-ss (ozcinar, rana, and smolic 2019),weighted-to-spherically uniform structural similarity,Ozcinar et al. introduce a novel training loss to tackle ERP distortion.,919479a94b91461c8f72266b6cb450ca
lau-net (deng et al. 2021),latitude adaptive upscaling network,A dynamic upsampling approach that adjusts factors based on latitude.,919479a94b91461c8f72266b6cb450ca
upsampling factor,equator of an erp image,The context discusses a larger upsampling factor specifically for regions near the equator in ERP images.,5fbbe448dd93491f95efcda662ace0e9
method for mitigating sampling issues,transformed format (erp),The method aims to address sampling issues but is limited by the inherent characteristics of ERP images.,5fbbe448dd93491f95efcda662ace0e9
loss functions,2d planar image sr,The existing loss functions are designed for 2D images and not suitable for omnidirectional image SR due to ignoring ERP sampling issues.,5fbbe448dd93491f95efcda662ace0e9
other researchers' approach,spherical cnn,Some researchers focus on the original spherical image and use spherical CNN to address the distortion in ERP images.,5fbbe448dd93491f95efcda662ace0e9
spherenet,cnn filter design based on spatial location,Coors et al.'s Spherenet proposes a CNN filter tailored for the spherical nature of ERP images.,5fbbe448dd93491f95efcda662ace0e9
spheresr,subdivision of the icosahedron,Yoon et al.'s SphereSR applies convolution to a spherical structure derived from the icosahedron subdivision.,5fbbe448dd93491f95efcda662ace0e9
proposed method,spheresr,The proposed method is contrasted with SphereSR, highlighting its limitations when applied to 2D-SR architectures.,5fbbe448dd93491f95efcda662ace0e9
proposed method,intermediate representations,The proposed method faces challenges with sharing intermediate representations across 2D planar images due to its spherical nature.,5fbbe448dd93491f95efcda662ace0e9
proposed method,computational costs,The proposed method incurs high computational costs due to frequent conversions between spherical and 2D coordinates.,5fbbe448dd93491f95efcda662ace0e9
latitude adaptive pseudo-cylindrical representation (lapr),issues discussed above,LAPR is proposed to address the issues identified in the context, specifically to overcome limitations of previous methods.,6833955d504f420b81d6b189d67b6e2a
proposed method,three parts,The overall framework of the proposed method is composed of three components: LAPR, viewport-based training loss, and recursive omnidirectional network.,6833955d504f420b81d6b189d67b6e2a
latitude adaptive pseudo-cylindrical representation (lapr),sinusoidal projection,LAPR is based on sinusoidal projection but improves upon it by upsampling and adaptively optimizing the latitude representation for better image SR.,6833955d504f420b81d6b189d67b6e2a
viewport-based training loss,original 3d sphere format,The novel viewport-based loss is designed using the 3D sphere format of the omnidirectional image, aiming to reduce distortion.,6833955d504f420b81d6b189d67b6e2a
erp,low-resolution (lr) erp image,LAPR deals with upsampling and downsampling of LR ERP images to maintain important information for super-resolution.,6833955d504f420b81d6b189d67b6e2a
bicubic interpolation,distortion,Bicubic interpolation is used for upsampling, which can potentially introduce distortion that may be mitigated by subsequent convolution operations.,0357b2601ff14825ad1ee47c7f696555
sampling density,precise control,The representation allows precise control over the sampling density by varying W new.,0357b2601ff14825ad1ee47c7f696555
beginning point of each row,defining equation,Each row's beginning point Bi is defined by an equation involving W new, b, and c.,0357b2601ff14825ad1ee47c7f696555
parametric pseudo-cylindrical representation,generalization,This structure generalizes various pseudo-cylindrical map projections by adjusting magnification factors (i) for different rows.,0357b2601ff14825ad1ee47c7f696555
magnification (i),projection types,Different magnification values (i) correspond to specific projections like standard ERP, sinusoidal, and others.,0357b2601ff14825ad1ee47c7f696555
longitude mapping,equation modification,The sinusoidal projection uses a modified equation for longitude mapping when (i) = cos((i)).,0357b2601ff14825ad1ee47c7f696555
lapr,data structure,LAPR refers to the proposed data structure that combines these mapping principles.,0357b2601ff14825ad1ee47c7f696555
quantitative measure function (f((cid:1))),existing pre-trained public 2d-sr method (isr((cid:1))),F((cid:1))) is used as a measure for the SR performance compared to ISR((cid:1))),4efc352680664fd99f38c6ca7f22301b
proposed lapr (lapr),edsr (lim et al. 2017),LAPR is applied to EDSR, improving its performance,4efc352680664fd99f38c6ca7f22301b
proposed lapr (lapr),model-agnostic,LAPR is demonstrated to be applicable to most off-the-shelf SR methods,4efc352680664fd99f38c6ca7f22301b
viewport-based training loss,omnidirectional image sr networks,The training loss is designed specifically for omnidirectional image SR, impacting their performance,4efc352680664fd99f38c6ca7f22301b
2d planar image sr,omnidirectional image sr,The context highlights a limitation of 2D planar image SR, which affects its performance when dealing with omnidirectional images, as they don't account for the distortion across ERP images.,0fc7a2c9edc943deae304d4c25f48f4f
erp images,3d sphere transformation,ERP images are transformed into a 3D sphere using plane-to-sphere coordinates for viewing in head-mounted displays.,0fc7a2c9edc943deae304d4c25f48f4f
head-mounted displays,viewport,Viewports are the rendered visual content on a head-mounted display, determined by the user's head position and field-of-view.,0fc7a2c9edc943deae304d4c25f48f4f
rectilinear projections,hr image mapping,Rectilinear projections are used to convert the recovered high-resolution (HR) image in ERP format back to the 3D sphere format.,0fc7a2c9edc943deae304d4c25f48f4f
hr image,recovered hr image,The context refers to 'recovered HR images' as the target for the viewport-based loss function.,0fc7a2c9edc943deae304d4c25f48f4f
viewport-based loss function,ground truth images,This loss function compares the recovered images with the ground truth viewports for training.,0fc7a2c9edc943deae304d4c25f48f4f
training dataset,viewport samples,The dataset consists of 14 viewports per omnidirectional image, covering all spherical content.,0fc7a2c9edc943deae304d4c25f48f4f
fov (field-of-view),viewport size,Each viewport has a fixed field-of-view (FoV) of 2, and dimensions Hv and Wv.,0fc7a2c9edc943deae304d4c25f48f4f
erp form,upscale module,The ERP form is input into the upscale module for further processing.,dcbcfd6a13204d9da4d290269101beae
reconstructed module,final hr omnidirectional image,The reconstructed module outputs the final high-resolution image.,dcbcfd6a13204d9da4d290269101beae
lr omnidirectional image,proposed recursive network,The LR image is fed into the recursive network to extract deep features.,dcbcfd6a13204d9da4d290269101beae
shallow feature (sf),convolution layer,A convolution layer is used to extract the shallow feature from the LR image.,dcbcfd6a13204d9da4d290269101beae
deep features (df),recursive block,The recursive block, containing RSTB and convolution layers, extracts deep features.,dcbcfd6a13204d9da4d290269101beae
recursive block,model size reduction,Recursive implementation is chosen to reduce the model's parameter count.,dcbcfd6a13204d9da4d290269101beae
deep features (df),erp,Deep features are mapped back to ERP before being upscaled.,dcbcfd6a13204d9da4d290269101beae
upscale module,hr omnidirectional image recovery,The upscale module is responsible for upsampling the deep features to produce the HR image.,dcbcfd6a13204d9da4d290269101beae
convolution operation (fsf, fin, frb),residual swin transformer blocks (rstb),These operations and blocks are part of the proposed architecture.,dcbcfd6a13204d9da4d290269101beae
previous work (ren et al. 2019),progressive hybrid architecture,The design is inspired by the previous work, which unfolds the architecture recursively.,dcbcfd6a13204d9da4d290269101beae
our method,method based on priors of sphere-to-plane mapping,Difference (i): Uses ERP format & sphere format integration, making it model-agnostic to existing 2D-SR models, addressing sampling issues compared to the method's reliance on 2D planar representation.,2d4e9c8d49d342d7be7d96398453a0be
our method,method based on designing spherical convolution,Difference (i): Requires only one switch between formats, unlike the method needing continuous switching for spherical convolution, reducing computational costs.,2d4e9c8d49d342d7be7d96398453a0be
loss function for omnidirectional images,loss functions for 2d planar image sr,Difference (ii): Designed specifically for omnidirectional images, considering ERP sampling issues, unlike the method's 2D planar image SR loss which negatively impacts performance for omnidirectional images.,2d4e9c8d49d342d7be7d96398453a0be
our method,method based on spherical convolution,Difference (ii): Intermediate representations in our method are compatible with existing 2D-SR architectures without challenges posed by spherical convolution with varying latitudes.,2d4e9c8d49d342d7be7d96398453a0be
sr architectures,intermediate representations,SR architectures serve as a basis for obtaining intermediate representations.,4ffaf1255fc741879d7fac1a4570bbb4
spherical convolution,intermediate representations,Spherical convolution is used to create these representations with varying latitudes.,4ffaf1255fc741879d7fac1a4570bbb4
model-agnostic,our method,Our method is designed to be compatible with existing SR models, making it agnostic to the specific architecture.,4ffaf1255fc741879d7fac1a4570bbb4
training dataset,odi-sr,The training dataset for experiments includes ODI-SR, containing 1200 training images.,4ffaf1255fc741879d7fac1a4570bbb4
validation images,odi-sr,ODI-SR provides 100 validation images for model evaluation.,4ffaf1255fc741879d7fac1a4570bbb4
testing images,odi-sr,The testing dataset also consists of ODI-SR and SUN 360 Panorama.,4ffaf1255fc741879d7fac1a4570bbb4
test datasets,sun 360 panorama,SUN 360 Panorama is one of the test datasets along with ODI-SR.,4ffaf1255fc741879d7fac1a4570bbb4
evaluation metrics,ws-psnr,WS-PSNR and WS-SSIM are used for quantitative evaluation of recovered omnidirectional images.,4ffaf1255fc741879d7fac1a4570bbb4
ws-psnr,ws-ssim,Both are widely used metrics for comparing performance.,4ffaf1255fc741879d7fac1a4570bbb4
degraded datasets,bicubic interpolation,Degraded datasets are created using bicubic interpolation for training at different scales.,4ffaf1255fc741879d7fac1a4570bbb4
adam optimizer,model training,The proposed model is trained using the ADAM optimizer.,4ffaf1255fc741879d7fac1a4570bbb4
proposed model,adam optimizer,The proposed model is trained using the ADAM optimizer.,e2f436fb92bf486b90c88594e1293c7a
proposed method,fixed initial learning rate,Trained with a fixed initial learning rate of 10e-4.,e2f436fb92bf486b90c88594e1293c7a
pytorch platform,4 rtx3090 gpus,Implemented on the PyTorch platform with GPUs for acceleration.,e2f436fb92bf486b90c88594e1293c7a
comparison methods,sota methods,Comparisons made with 10 state-of-the-art (SOTA) methods.,e2f436fb92bf486b90c88594e1293c7a
comparison methods,2d-sr methods,7 2D super-resolution (SR) methods, including EDSR, HAN, DRN, NLSN, SwinIR, ELAN, and Swin2SR.,e2f436fb92bf486b90c88594e1293c7a
comparison methods,360-sr methods,3 360-degree SR methods: 360-SS, LAU-Net, and SphereSR.,e2f436fb92bf486b90c88594e1293c7a
our method,2d-sr-re (comparison methods),All comparison methods are retrained for a fair comparison.,e2f436fb92bf486b90c88594e1293c7a
our method,ws-psnr,Our method achieves the best WS-PSNR.,e2f436fb92bf486b90c88594e1293c7a
our method,ws-ssim,Our method also surpasses others in terms of WS-SSIM.,e2f436fb92bf486b90c88594e1293c7a
proposed lapr,performance of 2d models,The proposed LAPR improves the performance of existing 2D-SR methods, as shown by the comparison results in Table 4.,bedfeacb811e4f4fb8f368ad7b4eeda9
proposed lapr,most off-the-shelf sr methods,LAPR is model-agnostic, meaning it can enhance the performance of various existing single-image super-resolution (SR) techniques.,bedfeacb811e4f4fb8f368ad7b4eeda9
latitude adaptive pseudo-cylindrical representation,omnidirectional image super-resolution,This representation is a key component of the proposed method, addressing sampling issues and distortion in ERP images.,bedfeacb811e4f4fb8f368ad7b4eeda9
latitude adaptive pseudo-cylindrical representation,optimal width for each tile,The representation uses a computationally tractable algorithm to find the optimal width adaptively.,bedfeacb811e4f4fb8f368ad7b4eeda9
viewport-based loss,erp distortion mitigation,The viewport-based loss aims to reduce distortion as it reflects human perception of omnidirectional images.,bedfeacb811e4f4fb8f368ad7b4eeda9
recursive progressive backbone,feasibility of the proposed idea,This design demonstrates the effectiveness of the overall approach.,bedfeacb811e4f4fb8f368ad7b4eeda9
proposed method,superior performance,Quantitative and qualitative evaluations show the proposed method's effectiveness, making it stand out compared to others.,bedfeacb811e4f4fb8f368ad7b4eeda9
proposed method,benchmark datasets,The effectiveness is demonstrated on various datasets, showcasing its strong performance.,bedfeacb811e4f4fb8f368ad7b4eeda9
