node_1,node_2,edge,chunk_id
diffusion-based methods,monocular 3d human pose estimation,These methods achieve state-of-the-art performance by estimating 3D joint coordinates from 2D pose sequences.,64c6ea0bfb2a4a6d82bd598f122bc425
state-of-the-art (sota) performance,diffusion-based methods,Some methods have lower performance than SOTA, specifically those decomposing the task into bone length and direction prediction.,64c6ea0bfb2a4a6d82bd598f122bc425
human anatomical skeleton,bone length and bone direction prediction,These methods use the skeleton's tree structure to incorporate human body prior constraints.,64c6ea0bfb2a4a6d82bd598f122bc425
tree structure of the human skeleton,direct application of disentangled methods,The tree structure can lead to hierarchical errors amplification in disentangled approaches.,64c6ea0bfb2a4a6d82bd598f122bc425
disentangled diffusion-based 3d human pose estimation (ddhpose),proposed solution,Intended to address the limitations of existing methods by disentangling pose and using a hierarchical denoiser.,64c6ea0bfb2a4a6d82bd598f122bc425
forward process of the diffusion model,bone length and bone direction diffusion,Models human pose prior by separating the diffusion of these elements.,64c6ea0bfb2a4a6d82bd598f122bc425
disentanglement loss,diffusion model learning,Supervises the model to learn effectively by enforcing disentanglement.,64c6ea0bfb2a4a6d82bd598f122bc425
reverse process,hierarchical spatial and temporal denoiser (hstdenoiser),Proposed to enhance hierarchical modeling of joint positions.,64c6ea0bfb2a4a6d82bd598f122bc425
hierarchical-related spatial component,hstdenoiser,One part of the HSTDenoiser responsible for spatial denoising at different hierarchical levels.,64c6ea0bfb2a4a6d82bd598f122bc425
hrnet (wang et al. 2020),2d joint predictions,HRNet is used for deriving predictions of 2D joints.,49df7e2d54ba449ba6c386728432f829
cpn (chen et al. 2018),2d joint predictions,CPN is another estimator used for generating 2D joint estimates.,49df7e2d54ba449ba6c386728432f829
open-pose (cao et al. 2017),2d joint predictions,Open-Pose contributes to predicting 2D joints in the process.,49df7e2d54ba449ba6c386728432f829
alphapose (fang et al. 2017),2d joint predictions,AlphaPose is also involved in estimating 2D joints.,49df7e2d54ba449ba6c386728432f829
2d-to-3d lifting,final estimation results,2D-to-3D lifting is the step that converts 2D joint predictions to 3D.,49df7e2d54ba449ba6c386728432f829
pavllo et al. (2019),temporal information exploration,Pavllo's method uses convolutional networks to leverage temporal context.,49df7e2d54ba449ba6c386728432f829
transformer-based methods (zheng et al. 2021; zhang et al. 2022a),spatial-temporal information,These methods utilize transformers to combine spatial and temporal data for improved estimation.,49df7e2d54ba449ba6c386728432f829
depth ambiguity,issue,Depth ambiguity is a challenge in monocular 3D human pose estimation.,49df7e2d54ba449ba6c386728432f829
shan et al. (2023),pose distribution prior,Shan's method introduces a pose distribution prior during training.,49df7e2d54ba449ba6c386728432f829
ci et al. (2023),pose distribution prior,Ci's work also employs a pose distribution prior for better estimation.,49df7e2d54ba449ba6c386728432f829
gong et al. (2023),pose distribution prior,Gong's approach uses a pose distribution prior to mitigate depth ambiguity.,49df7e2d54ba449ba6c386728432f829
xu et al. (2020),disentangle-based methods,Xu's method is a type of disentangled approach for 3D pose estimation.,49df7e2d54ba449ba6c386728432f829
chen et al. (2021),disentangle-based methods,Chen's work is another disentangled method that contributes to 3D pose estimation.,49df7e2d54ba449ba6c386728432f829
wang et al. (2022),disentangle-based methods,Wang's contribution is also part of the disentangle-based category.,49df7e2d54ba449ba6c386728432f829
mixste (zhang et al. 2022a),3d joint regression,MixSTE is a method that directly regresses 3D joint locations.,49df7e2d54ba449ba6c386728432f829
d3dp (shan et al. 2023),3d joint regression,D3DP is another method focusing on 3D joint regression.,49df7e2d54ba449ba6c386728432f829
our method,3d joint regression,Our method, presumably, also involves 3D joint regression.,49df7e2d54ba449ba6c386728432f829
bone length,bone direction,These terms are related as they 'subsequently compose' 3D joints locations using the forward kinematics of the human skeleton.,8f5238af25f74566b41d1c1a29c8877f
explicit pose constraints,symmetry loss,Both are components of the methods that address the human pose, indicating they are related in the context of pose estimation techniques.,8f5238af25f74566b41d1c1a29c8877f
joint angle limits,human pose priors,They are related because joint angle limits are part of the human pose priors employed by disentangle-based techniques.,8f5238af25f74566b41d1c1a29c8877f
disentangle-based techniques,error accumulation,Disentangle-based techniques have the drawback of error accumulation, which affects their performance.,8f5238af25f74566b41d1c1a29c8877f
diffusion-based 3d hpe methods,noise addition,These methods directly add noise to the original 3D pose, contrasting with the disentangled approach.,8f5238af25f74566b41d1c1a29c8877f
bone length,joint angle variations,The disentangled model focuses on temporal consistency of these two aspects separately.,8f5238af25f74566b41d1c1a29c8877f
transformer-based methods,spatial-temporal context information,These models explore context but lack attention to fine-grained hierarchical information.,8f5238af25f74566b41d1c1a29c8877f
hierarchical information,joints,Joints are grouped into hierarchies based on their kinesiological tree depth for capturing fine-grained structure.,8f5238af25f74566b41d1c1a29c8877f
left side of figure 1,six hierarchies,This refers to the visual representation of grouping joints into different levels of hierarchy.,8f5238af25f74566b41d1c1a29c8877f
right side of figure 1,hierarchical accuracy,The experiment results show an improvement in accuracy as the model attends to hierarchical information.,8f5238af25f74566b41d1c1a29c8877f
diffusion model,3d human pose estimation,The context describes a method that integrates a disentangled diffusion model for 3D human pose estimation.,f1762cdcef17477295315e5628470eba
disentangled method,diffusion model (forward process),The disentangled method is applied in the forward process of the diffusion model to simplify learning the human pose prior.,f1762cdcef17477295315e5628470eba
3d human pose estimation,bone length and bone direction prediction,The task of 3D HPE is decomposed into separate prediction of bone length and direction, but this is avoided in the proposed approach.,f1762cdcef17477295315e5628470eba
hierarchical spatial transformer (hrst),hierarchical-related spatial transformer (hrst),HRST is a component of the proposed HSTDenoiser, which captures spatial relationships among joints based on hierarchy.,f1762cdcef17477295315e5628470eba
hierarchical-related temporal transformer (hrtt),hierarchical temporal denoiser,HRTT is another module in HSTDenoiser, responsible for modeling temporal interrelationships among joints.,f1762cdcef17477295315e5628470eba
hrst,parent joint's information,HRST incorporates spatial information from parent joints to guide the attention mechanism.,f1762cdcef17477295315e5628470eba
hrtt,cross-attention,HRTT involves cross-attention between joints to learn temporal connections.,f1762cdcef17477295315e5628470eba
ddhpose,hierarchical spatial and temporal denoiser,DDHPose stands for the proposed Disentangled Diffusion-based method with both spatial and temporal denoisers.,f1762cdcef17477295315e5628470eba
proposed contributions,improvement on higher-hierarchy joints,The method improves performance, particularly for joints with higher levels of hierarchy.,f1762cdcef17477295315e5628470eba
proposed contributions,overall better performance,The proposed approach leads to an overall improvement in 3D human pose estimation accuracy.,f1762cdcef17477295315e5628470eba
spatial-temporal transformer,hierarchical relation of spatial position information,The spatial-temporal transformer uses HSP embedding to model the hierarchical relationship between spatial and temporal position information.,6b865626127e4a039b1306ecdd6600cd
temporal position information,hierarchical relation of spatial position information,The transformer models the hierarchical relation of both spatial and temporal position data.,6b865626127e4a039b1306ecdd6600cd
feature extracted by the spatial-temporal transformer,child joint feature,The feature 'f' extracted by the spatial-temporal transformer is separated into a child joint feature 'fc'.,6b865626127e4a039b1306ecdd6600cd
2d pose,3d pose,The input to the framework includes both 2D and 3D poses, with only three frames shown for illustration.,6b865626127e4a039b1306ecdd6600cd
diffusion model,explicit human pose prior,The proposed method integrates an explicit human body prior into the diffusion model for 3D HPE.,6b865626127e4a039b1306ecdd6600cd
ddhpose,3d human pose estimation,DDHPose is a proposed approach for 3D Human Pose Estimation (3D HPE).,6b865626127e4a039b1306ecdd6600cd
3d joint location,bone length,The 3D joint location is decomposed into bone length and bone direction in the proposed method.,6b865626127e4a039b1306ecdd6600cd
3d joint location,bone direction,In the method, the 3D joint location is split into bone length and bone direction for better handling.,6b865626127e4a039b1306ecdd6600cd
hstdenoiser,hrst,HSTDenoiser contains HRST and HRTT components, which work together to reverse the 3D pose from noisy input.,6b865626127e4a039b1306ecdd6600cd
hstdenoiser,hrtt,HRTT is part of HSTDenoiser, contributing to the denoising process in 3D pose recovery.,6b865626127e4a039b1306ecdd6600cd
error accumulation,chen et al. (2021),Xu et al. (2020), Chen et al. (2021), and Wang et al. (2022) have work with higher error accumulation in 3D joint location prediction.,6b865626127e4a039b1306ecdd6600cd
error accumulation,bone length prediction,These works have a tendency to accumulate errors in the prediction of bone length.,6b865626127e4a039b1306ecdd6600cd
error accumulation,bone direction prediction,Error accumulation also affects the prediction of bone direction.,6b865626127e4a039b1306ecdd6600cd
3d pose disentanglement strategy,diffusion-based methods,The strategy is a contrast to non-disentangled diffusion-based methods, which directly use 3D joint sequences without skeleton structural prior.,cc9ad50ecc8043799507cf1425395830
3d pose disentanglement strategy,dense and high-dimensional problem,The strategy decomposes the complex problem into sparse and low-dimensional sub-problems for easier optimization.,cc9ad50ecc8043799507cf1425395830
bone length,bone direction,The strategy represents 3D pose as bone length and direction, which are separate and easier to model with structural constraints.,cc9ad50ecc8043799507cf1425395830
bone length,temporal consistency,Adding bone length loss as a constraint promotes temporal consistency in the representation.,cc9ad50ecc8043799507cf1425395830
ground truth 3d pose,bone length and direction,The disentangled representation is derived from the original 3D pose, separating it into components.,cc9ad50ecc8043799507cf1425395830
forward kinematic structure,child joint,The structure defines the relationship between joints, with child joints being upstream and parent joints downstream.,cc9ad50ecc8043799507cf1425395830
forward kinematic structure,parent joint,In the forward kinematic structure, parent joints are connected to child joints in a hierarchical manner.,cc9ad50ecc8043799507cf1425395830
disentanglement strategy,bone length ˜l0 and bone direction ˜d0,These terms are related as they are being decomposed for supervision during training.,4c243e904ab84507916e0d4cd793cd95
gaussian distribution,initial noisy bone length and direction,The distribution is used to generate initial hypotheses for denoising.,4c243e904ab84507916e0d4cd793cd95
ddim (song, meng, and ermon 2020),noisy bone length ˜l0:h,t′ and bone direction ˜d0:h,t′,DDIM is employed to generate noisy samples in subsequent iterations.,4c243e904ab84507916e0d4cd793cd95
diffusion process,noise ϵtl and σt,The diffusion process controls the stochasticity of generating noisy samples.,4c243e904ab84507916e0d4cd793cd95
hypothesis number h,iteration times w,Both are controllable parameters that affect the final prediction of bone length and direction.,4c243e904ab84507916e0d4cd793cd95
hstdenoiser,noisy bone length and bone direction,This denoiser is used for reconstructing original data in both training and inference phases.,4c243e904ab84507916e0d4cd793cd95
hrst,hrtt,Components of HSTDenoiser that explore hierarchical information.,4c243e904ab84507916e0d4cd793cd95
training phase,inference phase,Both phases involve the use of HSTDenoiser for denoising and reconstruction.,4c243e904ab84507916e0d4cd793cd95
mpjpe,p-mpjpe,Performance metrics for evaluating the effectiveness of the bone length and direction prediction.,4c243e904ab84507916e0d4cd793cd95
hstdenoiser,hrst and hrtt,HSTDenoiser consists of HRST and HRTT, which are its main components.,1b59e0886d604c5dbb335f7ccb56c4d5
hrst,hrtt,Both HRST and HRTT are part of the HSTDenoiser and are used for exploring hierarchical information.,1b59e0886d604c5dbb335f7ccb56c4d5
joint,parent joint,The context refers to the relation among joints, where a joint has a parent joint in the hierarchical structure.,1b59e0886d604c5dbb335f7ccb56c4d5
joint,child joint,Each joint is related to a child joint, forming a hierarchical relationship.,1b59e0886d604c5dbb335f7ccb56c4d5
linear layer,input feature,A linear layer is used to enhance the input feature of the model.,1b59e0886d604c5dbb335f7ccb56c4d5
spatial-temporal transformer block,mixste (zhang et al. 2022a),The spatial-temporal transformer block comes from MixSTE and is utilized for extracting joint features.,1b59e0886d604c5dbb335f7ccb56c4d5
hierarchical spatial position embedding (hsp),temporal embedding t p,HSP and T P are introduced for better spatial and temporal position modeling, respectively.,1b59e0886d604c5dbb335f7ccb56c4d5
hsp,joint hierarchy information,HSP embedding incorporates both spatial position and joint hierarchy details.,1b59e0886d604c5dbb335f7ccb56c4d5
joints,six hierarchies,Joints are split into six hierarchies based on their depth in the human body's tree-like structure.,1b59e0886d604c5dbb335f7ccb56c4d5
hierarchical embedding,hierarchical-related information,Hierarchical embedding facilitates learning of hierarchical-related information within the model.,1b59e0886d604c5dbb335f7ccb56c4d5
hrst,spatio-temporal correlations of joints,HRST models spatial correlations, while HRTT models temporal correlations, through alternating d loops.,1b59e0886d604c5dbb335f7ccb56c4d5
hierarchical-related spatial transformer (hrst),transformer model,HRST is introduced in the subsequent section as an enhancement to model spatio-temporal correlations of joints, where it utilizes the Transformer's architecture for better denoising.,664f8f43d506433db0830719529d58e2
hierarchical-related joints triplets,human body,HRST defines hierarchical-related joints triplets in the context of the human body's forward kinematics structure.,664f8f43d506433db0830719529d58e2
forward kinematics structure,hrst,The forward kinematics structure provides the basis for defining hierarchical-related joints in HRST.,664f8f43d506433db0830719529d58e2
parent joint feature,hrst,HRST enhances spatial information modeling by incorporating parent joint features.,664f8f43d506433db0830719529d58e2
query, key, and value (qkv) mechanism,transformer,The QKV mechanism is a core component of the Transformer model, where queries, keys, and values interact to compute attention weights.,664f8f43d506433db0830719529d58e2
noisy bone length and direction,input to transformer module,The noisy data serves as the input for the Transformer module, which aims to denoise it.,664f8f43d506433db0830719529d58e2
2d pose sequence,condition for transformer module,The 2D pose sequence is added as a conditioning input to improve the denoising process in the Transformer.,664f8f43d506433db0830719529d58e2
joint feature,q, k, v,Q, K, and V are generated from the joint feature, which is the fundamental input to both HRST and the Transformer.,664f8f43d506433db0830719529d58e2
algorithm 1: hierarchical-related spatial transformer,hrst implementation,Algorithm 1 outlines the steps for implementing the HRST, integrating the Transformer within the overall approach.,664f8f43d506433db0830719529d58e2
hierarchical-related spatial attention map,joint,The hierarchical-related spatial attention map computes the joint attention based on the forward kinematic structure, where a joint's position is influenced by its parent joint.,e6e44f12d0d74643b1e86a550b133e1d
hierarchical-related spatial attention map (hrst),algorithm 1,HRST involves Algorithm 1, which augments the parent joint's influence on each joint spatially.,e6e44f12d0d74643b1e86a550b133e1d
joint,parent joint,Each joint's position is influenced by the position of its parent joint, considering bone length and direction.,e6e44f12d0d74643b1e86a550b133e1d
joint,child joint,In the forward kinematic structure, a joint's attention is augmented with its child joint.,e6e44f12d0d74643b1e86a550b133e1d
temporal dimension,hierarchical adjacent joints,HRTT introduces temporal relationships between a joint, its parent, and child joints in the temporal dimension.,e6e44f12d0d74643b1e86a550b133e1d
human skeleton,tree-like structure,The human skeleton has a tree-like structure, which implies strong temporal correlations among connected joints.,e6e44f12d0d74643b1e86a550b133e1d
hierarchical adjacent joints,attentionhrt,AttentionHRT is related to the relationships between hierarchical adjacent joints.,c03f0f950bdd4bc3973f26c1e7d699f4
attentionhrt,softmax,AttentionHRT uses Softmax to compute its output.,c03f0f950bdd4bc3973f26c1e7d699f4
3d disentanglement loss,forward diffusion process,3D Disentanglement Loss aids in learning explicit priors during the forward diffusion process.,c03f0f950bdd4bc3973f26c1e7d699f4
3d ground truth pose sequence,predicted 3d pose sequence,Both are used for calculating the disentanglement loss.,c03f0f950bdd4bc3973f26c1e7d699f4
bone length,bone direction,Decomposition involves separating bone length and bone direction.,c03f0f950bdd4bc3973f26c1e7d699f4
child joint,parent joint,ci and pi define the relationship between child and parent joints in a bone.,c03f0f950bdd4bc3973f26c1e7d699f4
disentangled bone length prediction,disentangled bone direction prediction,These predictions are components of the disentanglement loss calculation.,c03f0f950bdd4bc3973f26c1e7d699f4
3d pose loss,denoised 3d pose regression,The model's training includes a constraint on the accuracy of regressed 3D poses.,c03f0f950bdd4bc3973f26c1e7d699f4
human3.6m dataset,3d human pose estimation task,Human3.6M is a popular dataset for this task, containing 3.6 million 3D poses and images.,c03f0f950bdd4bc3973f26c1e7d699f4
s1-s9,human3.6m,S1-S9 are subsets of the Human3.6M dataset used in the experiments.,c03f0f950bdd4bc3973f26c1e7d699f4
previous work,pavllo et al. (2019), zheng et al. (2021), zhang et al. (2022a),These references are cited for comparison or inspiration in the experiments.,c03f0f950bdd4bc3973f26c1e7d699f4
mpi-inf-3dhp,8 actors,The MPI-INF-3DHP dataset records 8 actors who perform activities.,b22c6931b55a41959db33e0850ddcbea
8 actors,4 males,The 8 actors are composed of 4 males and 4 females.,b22c6931b55a41959db33e0850ddcbea
8 actors,4 females,See the '8 actors' node for the composition, which includes 4 males and 4 females.,b22c6931b55a41959db33e0850ddcbea
activities,8 different sets,Each actor undertakes 8 different sets of activities for the dataset.,b22c6931b55a41959db33e0850ddcbea
train dataset,eight activities,The model is trained using eight activities performed by eight actors.,b22c6931b55a41959db33e0850ddcbea
test dataset,seven different activities,The test dataset consists of seven different activities, separate from the training set.,b22c6931b55a41959db33e0850ddcbea
metrics,mpjpe, p-mpjpe,Mean Per Joint Position Error (MPJPE) and Procrustes Mean Per Joint Position Error (P-MPJPE) are used for evaluation.,b22c6931b55a41959db33e0850ddcbea
mpjpe,euclidean distance,MPJPE measures the Euclidean distance between predicted and ground truth joint positions.,b22c6931b55a41959db33e0850ddcbea
p-mpjpe,procrustes analysis,P-MPJPE involves aligning the predicted pose with the ground truth for a fairer comparison.,b22c6931b55a41959db33e0850ddcbea
d3dp,j-agg based mpjpe, p-mpjpe,D3DP uses J-AGG based MPJPE and P-MPJPE for evaluating results.,b22c6931b55a41959db33e0850ddcbea
deterministic methods,disentangle-based model,This context discusses deterministic methods, including a disentangle-based model.,b22c6931b55a41959db33e0850ddcbea
deterministic methods,non-disentangle based model,Another category is non-disentangle based models, also mentioned in the context.,b22c6931b55a41959db33e0850ddcbea
dka,xu et al. (2020),DKA is a method by Xu et al., with a reference number N=9.,b22c6931b55a41959db33e0850ddcbea
anatomy3d,chen et al. (2021),Anatomy3D is another method by Chen et al., with a larger sample size N=243.,b22c6931b55a41959db33e0850ddcbea
virtual bones,wang et al. (2022),Virtual Bones is a method by Wang et al., also with N=243 subjects.,b22c6931b55a41959db33e0850ddcbea
mpi-inf-3dhp,pck,Results on MPI-INF-3DHP are evaluated under PCK metric.,b2851bd037b84517added67358099c04
mpi-inf-3dhp,auc,Results on MPI-INF-3DHP are also evaluated under AUC metric.,b2851bd037b84517added67358099c04
mpi-inf-3dhp,mpjpe,Performance is measured using MPJPE metric on MPI-INF-3DHP.,b2851bd037b84517added67358099c04
diffpose,stand-diff,The implementation of Stand-Diff by DiffPose uses 2D pose sequences, achieving higher MPJPE error compared to DDHPose.,b2851bd037b84517added67358099c04
ddhpose,disentangle strategy,Our method, DDHPose, boosts performance by 0.9mm through the Disentangle Strategy.,b2851bd037b84517added67358099c04
our method,sota method,Our approach outperforms the state-of-the-art (SOTA) method by 0.8 in PCK, 0.3 in AUC, and 1.0mm in MPJPE.,b2851bd037b84517added67358099c04
disentangled input,disentangled output,An ablation study shows that disentanglement with both disentangled input and output leads to the best results.,b2851bd037b84517added67358099c04
human3.6m dataset,2d pose sequence,Experiments for ablation study are conducted on Human3.6M using 2D pose sequences extracted by CPN.,b2851bd037b84517added67358099c04
cpn,2d pose extraction,CPN is used for extracting 2D pose sequences for the ablation study.,b2851bd037b84517added67358099c04
human3.6m dataset,2d pose sequence,The context mentions that the ablation experiments are conducted on the Human3.6M dataset, using 2D pose sequences extracted by CPN.,388177e0491e4de1b36d0894adb26bb2
disentangle input strategy,low-dimensional sub-problems,This strategy divides the optimization problem into two low-dimensional parts, simplifying the learning of the human pose prior.,388177e0491e4de1b36d0894adb26bb2
disentangle input strategy,faster convergence,Employing this strategy leads to faster convergence during training.,388177e0491e4de1b36d0894adb26bb2
disentangle input strategy,lower training 3d pose loss,It results in lower loss compared to not using it initially.,388177e0491e4de1b36d0894adb26bb2
disentangle input strategy,improved quantitative results,This strategy improves quantitative results, with a difference of 0.58mm (39.65mm vs 40.23mm).,388177e0491e4de1b36d0894adb26bb2
disentangle output,denoiser,The denoiser regresses bone length and direction in the reverse process.,388177e0491e4de1b36d0894adb26bb2
disentangle output,c = cp + l × d,This equation explains the relationship between joint coordinates and bone properties.,388177e0491e4de1b36d0894adb26bb2
disentangled output,lower errors,Hierarchy 1 shows lower errors when using Disentangled Output.,388177e0491e4de1b36d0894adb26bb2
disentangled output,higher hierarchical levels,Higher hierarchical levels accumulate errors more without Disentangled Output.,388177e0491e4de1b36d0894adb26bb2
hierarchical information,disentangle strategy,The Disentangle Strategy is a part of the Hierarchical Information, as it decomposes 3D pose into bone length and direction.,6e10226921564de28d8d1075d390969d
forward diffusion process,hierarchical information,Hierarchical Information guides the Forward Diffusion Process, simplifying pose prior learning and reducing optimization dimensions.,6e10226921564de28d8d1075d390969d
disentangle strategy,bone length,The Disentangle Strategy decomposes the 3D pose into bone length and direction.,6e10226921564de28d8d1075d390969d
disentangle strategy,direction,The Disentangle Strategy also decomposes the 3D pose into bone length and direction.,6e10226921564de28d8d1075d390969d
hierarchical joints,hstdenoiser,HSTDenoiser strengthens the relation among hierarchical joints during the reverse diffusion process.,6e10226921564de28d8d1075d390969d
reverse diffusion process,hstdenoiser,HSTDenoiser enhances attention weights for adjacent joints in the Reverse Diffusion Process.,6e10226921564de28d8d1075d390969d
3d pose loss,model performance,The 3D Pose Loss constrains the denoised 3D pose, improving MPJPE and P-MPJPE.,6e10226921564de28d8d1075d390969d
3d disentanglement loss,model performance,The 3D Disentanglement Loss improves performance, with a 0.22mm improvement in MPJPE and 0.70mm in P-MPJPE.,6e10226921564de28d8d1075d390969d
ddhpose,hierarchical information,DDHPose incorporates hierarchical information for 3D HPE.,6e10226921564de28d8d1075d390969d
ddhpose,disentangle strategy,Proposed in DDHPose, the Disentangle Strategy enhances pose learning.,6e10226921564de28d8d1075d390969d
ddhpose,hstdenoiser,Also part of DDHPose, HSTDenoiser aids in refining hierarchical joint relationships.,6e10226921564de28d8d1075d390969d
human3.6m,dataset,Extensive results on Human3.6M demonstrate the effectiveness of DDHPose.,6e10226921564de28d8d1075d390969d
mpi-inf-3dhp,dataset,Additional evaluation is done on MPI-INF-3DHP, showcasing the method's superiority.,6e10226921564de28d8d1075d390969d
fusion process,human3.6m dataset,The fusion process is compared on Human3.6M, showcasing its performance.,593ffd7de687406cb09f45582fdd209a
fusion process,mpi-inf-3dhp dataset,The fusion process also surpasses competitors on the MPI-INF-3DHP benchmark.,593ffd7de687406cb09f45582fdd209a
disentangle-based method,non-disentangle based method,The fusion process outperforms both disentangled and non-disentangled approaches.,593ffd7de687406cb09f45582fdd209a
fusion process,probabilistic approaches,It is more effective than probabilistic methods for 3D human pose estimation.,593ffd7de687406cb09f45582fdd209a
work,national natural science foundation of china,Financial support comes from the Chinese funding agency.,593ffd7de687406cb09f45582fdd209a
work,beijing municipal science & technology commission,Additional support is provided by Beijing's municipal science program.,593ffd7de687406cb09f45582fdd209a
work,shenzhen technology plan program,Funding also includes the Shenzhen technology plan program.,593ffd7de687406cb09f45582fdd209a
