node_1,node_2,edge,chunk_id
customized text-to-image generation,overfitting issues,Existing methods suffer from overfitting, limiting their ability to generate images with specific concepts.,9c308ce7ee1e4966802a4d3fce208a13
detex (proposed approach),disentangled concept embedding,DETEX learns to separate the subject-related and unrelated information for flexible image generation.,9c308ce7ee1e4966802a4d3fce208a13
conventional methods,single concept embedding,DETEX contrasts with conventional methods that learn a single embedding from given images.,9c308ce7ee1e4966802a4d3fce208a13
learnable image-shared subject embedding,image-specific subject-unrelated embeddings,DETEX represents images with multiple embeddings to decouple irrelevant attributes.,9c308ce7ee1e4966802a4d3fce208a13
attribute mappers,irrelevant attributes (background, pose),Attribute mappers encode image-specific embeddings to capture background and pose details.,9c308ce7ee1e4966802a4d3fce208a13
joint training strategy,disentanglement of unrelated embeddings,The strategy helps in separating relevant and irrelevant information during training.,9c308ce7ee1e4966802a4d3fce208a13
subject embedding (inference),image-specific embeddings (retaining attributes),During inference, DETEX uses the subject embedding for generation and image-specific embeddings for retaining specific attributes.,9c308ce7ee1e4966802a4d3fce208a13
experiments,performance demonstration,Extensive experiments show the superiority of DETEX in handling composition of concepts and avoiding overfitting.,9c308ce7ee1e4966802a4d3fce208a13
diffusion models,text-to-image generation,Diffusion models, such as those by Ramesh et al. (2022), Saharia et al. (2022), Rombach et al. (2022), and Nichol et al. (2022), have demonstrated superiority in generating diverse and photo-realistic images based on textual descriptions.,a097cfdf36314c58a6840b17f5b30d6d
diffusion models,artistic and video creation,These models show great potential in various tasks, including artistic creation and video generation, as mentioned by Saharia et al. (2022) and Ramesh et al. (2022).,a097cfdf36314c58a6840b17f5b30d6d
customized image generation,user-specified concept,Customized image generation focuses on learning a user-specified concept from a small set of images, typically 3-5, to cater to individual preferences.,a097cfdf36314c58a6840b17f5b30d6d
customized image generation,limited training examples,The challenge in customized image generation lies in the limited number of training images, which affects the learned concept's relevance to the target subject.,a097cfdf36314c58a6840b17f5b30d6d
existing methods,user-specified word alignment,Existing methods use finetuning on word embeddings or model parameters to align the target concept with a user-provided word.,a097cfdf36314c58a6840b17f5b30d6d
prototypenx/detex,method for customized image generation,The code for the DETEX method, developed by PrototypeNx, is available for customized image generation and addresses the issue of editability compared to state-of-the-art techniques.,a097cfdf36314c58a6840b17f5b30d6d
limited training examples,subject-unrelated information,The learned concept contains subject-unrelated information due to the limited training data.,86f55b28b4b948eab964a207d34314d1
subject-unrelated information,image background,Irrelevant disturbances like the image background are part of the subject-unrelated information.,86f55b28b4b948eab964a207d34314d1
subject-unrelated information,subject pose,Irrelevant disturbances like subject pose and position are part of the subject-unrelated information.,86f55b28b4b948eab964a207d34314d1
subject mask,background information,Employed by some studies to filter out background information, but the effectiveness was unsatisfactory.,86f55b28b4b948eab964a207d34314d1
disenbooth (chen et al. 2023),subject embedding,Decomposes the target concept into a subject component to exclude irrelevant information.,86f55b28b4b948eab964a207d34314d1
disenbooth (chen et al. 2023),irrelevant embedding,Also includes an additional irrelevant embedding to separate relevant and irrelevant parts.,86f55b28b4b948eab964a207d34314d1
explicit supervision,decoupling between subject concept and irrelevant info,Lacks effective explicit supervision for better separation.,86f55b28b4b948eab964a207d34314d1
detex,customized text-to-image generation,A proposed method to learn disentangled concept embeddings for flexible generation.,86f55b28b4b948eab964a207d34314d1
custom diffusion (kumari et al. 2023),finetuning,Uses principles from Custom Diffusion to finetune the Stable Diffusion model for new concepts.,86f55b28b4b948eab964a207d34314d1
stable diffusion (rombach et al. 2022),model parameters,Finetunes both model parameters and word embeddings.,86f55b28b4b948eab964a207d34314d1
detex,image-shared subject embedding,Separates the target concept into a shared subject component across images.,86f55b28b4b948eab964a207d34314d1
detex,image-specific subject-unrelated embeddings,Has separate embeddings for specific image-related irrelevant information.,86f55b28b4b948eab964a207d34314d1
image-shared subject embedding,target concept,The learnable image-shared subject embedding represents the target concept.,56d26bac59c14c31806c3eaae373251a
image-specific subject-unrelated embeddings,irrelevant information,These embeddings capture irrelevant information from pose and background.,56d26bac59c14c31806c3eaae373251a
irrelevant information,pose (view),Irrelevant information includes pose/view aspect.,56d26bac59c14c31806c3eaae373251a
irrelevant information,background,Irrelevant information also includes background aspect.,56d26bac59c14c31806c3eaae373251a
joint training strategy,decoupling target concept and unrelated information,A joint training strategy is proposed to effectively separate the target concept from pose and background.,56d26bac59c14c31806c3eaae373251a
image-specific subject-unrelated embeddings,attribute words (e.g., [b] background, [p] pose/view),Attribute words guide the embeddings to capture irrelevant attributes.,56d26bac59c14c31806c3eaae373251a
detex,high-quality and diverse image generation,DETEX generates images with controllable composition of the learned concept into a new scene.,56d26bac59c14c31806c3eaae373251a
subject masks,information reconstruction,Given images and subject masks, DETEX reconstructs representations based on the input.,56d26bac59c14c31806c3eaae373251a
sota methods,editing flexibility,SOTA methods forms the basis for discussing its strength in editing flexibility.,bd4772a8a8ac42919563d9472e04f610
editing potential,our method,Our method exhibits stronger editing potential, particularly when input images are limited.,bd4772a8a8ac42919563d9472e04f610
number of input images,extremely limited,The context highlights the advantage when there are very few input images.,bd4772a8a8ac42919563d9472e04f610
work,customized generation,This work proposes a novel solution to customized generation in text-to-image models.,bd4772a8a8ac42919563d9472e04f610
challenges,overfitting and controllability,The work addresses the challenges faced in text-to-image models.,bd4772a8a8ac42919563d9472e04f610
text-to-image diffusion models,classifier-free guidance,Classifier-free guidance is a type of conditional generation used in diffusion models.,bd4772a8a8ac42919563d9472e04f610
classifier-free guidance,conditional probabilities,It directly optimizes conditional probabilities for reliable and detailed generation.,bd4772a8a8ac42919563d9472e04f610
language models,multi-modal models,Advancements in language models and multi-modal models like CLIP and BERT enhance text-to-image generation.,bd4772a8a8ac42919563d9472e04f610
clip,bert,Both CLIP and BERT contribute to the development of text-to-image generation techniques.,bd4772a8a8ac42919563d9472e04f610
text,control,Some work uses text to control image synthesis, leveraging language model capabilities.,bd4772a8a8ac42919563d9472e04f610
language models,classifier-free guidance techniques,Current approaches use language models for semantic alignment with classifier-free guidance, achieving impressive text-to-image synthesis.,d22a9f0bb19947ddafbf97542b7259b8
latent diffusion models (ldm),computational complexity reduction,Latent diffusion models balance complexity and detail preservation by compressing data into a low-dimensional latent space.,d22a9f0bb19947ddafbf97542b7259b8
stable diffusion,ldm-based text-to-image model,Stable Diffusion is an example of a text-to-image model built on LDM, demonstrating efficient synthesis with diversity and generality.,d22a9f0bb19947ddafbf97542b7259b8
existing large-scale text-to-image models,reliance on natural language prompts,These models solely depend on prompts for guidance, limiting their ability to perform customized image generation.,d22a9f0bb19947ddafbf97542b7259b8
customized image generation,challenging task,The ability to generate images tailored to specific needs is seen as a significant challenge for current text-to-image models.,d22a9f0bb19947ddafbf97542b7259b8
our detex,framework,DETEX consists of a framework that represents images with decoupled textual embeddings and learns target concepts through joint fine-tuning.,d22a9f0bb19947ddafbf97542b7259b8
image-sharing subject embedding,image-specific embeddings (pose and background),DETEX separates subject-related (v) from pose (vp_i) and background (vb) embeddings for better control over image generation.,d22a9f0bb19947ddafbf97542b7259b8
subject embedding (v),learnable vector,During training, the subject embedding is initialized as a learnable parameter to adapt to specific concepts.,d22a9f0bb19947ddafbf97542b7259b8
attribute mappers,pose and background projection,Attribute mappers are used to map input images into pose and background embeddings for targeted modification.,d22a9f0bb19947ddafbf97542b7259b8
stable diffusion (sd),text-to-image model,Stable Diffusion is employed as a pretrained model for text-to-image generation.,92b84df2f0514c4a950d2d9c0fb5bba4
pretrained stable diffusion,customized text-to-image generation,Adapted for customized text-to-image generation using techniques like Custom Diffusion.,92b84df2f0514c4a950d2d9c0fb5bba4
custom diffusion,baseline method,Used as a reference for the proposed method in achieving customized text-to-image generation.,92b84df2f0514c4a950d2d9c0fb5bba4
cross-attention layers,fine-tuning,SVDiff (Han et al. 2023) fine-tunes these layers, while 2023 methods explore non-fine-tuning alternatives.,92b84df2f0514c4a950d2d9c0fb5bba4
svdiff (han et al. 2023),non-fine-tuning methods,Proposes a method that does not update all weights during customization.,92b84df2f0514c4a950d2d9c0fb5bba4
cones (liu et al. 2023),effective concept neurons,Focuses on identifying neurons relevant to the target concept for customized generation.,92b84df2f0514c4a950d2d9c0fb5bba4
vico (hao et al. 2023),image attention module,Introduces a module to adjust the diffusion process, enhancing customization.,92b84df2f0514c4a950d2d9c0fb5bba4
encoder-based approaches,additional module,These approaches add a pre-trained module to reduce generation time.,92b84df2f0514c4a950d2d9c0fb5bba4
disenbooth (chen et al. 2023),decoupling of identity-irrelevant information,Explores separating identity from the target concept during customization.,92b84df2f0514c4a950d2d9c0fb5bba4
pose,background information,Modeled as independent image-specific words for finer decoupling.,92b84df2f0514c4a950d2d9c0fb5bba4
custom diffusion,stable diffusion,Custom Diffusion adapts the pre-trained Stable Diffusion model for learning new concepts by finetuning parameters and image-shared subject embedding.,e618be3b98e340629d98ae7badaefb91
decoupled textual embedding,irrelevant information,The decoupling aims to separate irrelevant information like pose and background from the subject embedding.,e618be3b98e340629d98ae7badaefb91
pose,image-specific subject-unrelated embedding,For each input image, there's an image-specific embedding representing pose information, denoted as [Pi].,e618be3b98e340629d98ae7badaefb91
background,image-specific subject-unrelated embedding,Similarly, there's an image-specific embedding for background information, denoted as [Bi].,e618be3b98e340629d98ae7badaefb91
pseudo-[pi],image-specific subject-unrelated embedding (pose),Pseudo-[Pi] is a term used to clarify the representation of pose in the context.,e618be3b98e340629d98ae7badaefb91
vb_i,image-specific subject-unrelated embedding (background),vb_i refers to the image-specific embedding for background, unrelated to the subject.,e618be3b98e340629d98ae7badaefb91
clip-t,quantitative comparisons,CLIP-T is included in the quantitative comparison with other methods in Table 1.,e618be3b98e340629d98ae7badaefb91
clip-i,quantitative comparisons,CLIP-I is another metric for subject fidelity, evaluated both on original and foreground-only inputs.,e618be3b98e340629d98ae7badaefb91
dino-i,quantitative comparisons,DINO-I is also part of the comparison, with a foreground-only variant (DINO-I (FG)).,e618be3b98e340629d98ae7badaefb91
textual inversion,existing methods,Textual Inversion (Gal et al. 2022) is one of the competing methods mentioned in the context.,e618be3b98e340629d98ae7badaefb91
vico,existing methods,ViCo (Hao et al. 2023) is another method in the comparison table.,e618be3b98e340629d98ae7badaefb91
dreambooth,existing methods,Dreambooth (Ruiz et al. 2023) and Dreambooth+LoRA (Hu et al. 2021) are also listed as part of the comparison.,e618be3b98e340629d98ae7badaefb91
attribute words,corresponding information,The attribute words capture the corresponding information within the context, describing the format of a photo description.,b15677eba9ee4fa8a58cce3ea0fb1127
subject-unrelated embeddings,optimizing directly,Directly optimizing subject-unrelated embeddings can be non-trivial due to the variation in pose and background across images.,b15677eba9ee4fa8a58cce3ea0fb1127
embedding mapper,pose mapper,An embedding mapper, specifically the pose mapper, is used to project image features into subject-unrelated pose embeddings.,b15677eba9ee4fa8a58cce3ea0fb1127
embedding mapper,background mapper,Similarly, the background mapper projects image features into subject-unrelated background embeddings.,b15677eba9ee4fa8a58cce3ea0fb1127
pretrained clip image encoder,feature extraction,The CLIP image encoder is used to extract features from the input image.,b15677eba9ee4fa8a58cce3ea0fb1127
pose mapper,multilayer perceptron (mlp),The pose mapper is implemented as a small MLP.,b15677eba9ee4fa8a58cce3ea0fb1127
cross-attention loss,joint training strategy,A cross-attention loss is proposed alongside a joint training strategy to effectively separate the subject concept from unrelated information.,b15677eba9ee4fa8a58cce3ea0fb1127
pose embeddings,background embeddings,Well-disentangled pose and background embeddings imply they focus on their respective aspects.,b15677eba9ee4fa8a58cce3ea0fb1127
photo of a [v] class,subject image,The photo is a representation of a specific class, where the subject image is the main focus.,7c2c58dd4d2d436eaf99a7949630e3c7
subject mask,foreground subject images,The subject mask is used to isolate the subject from the background, creating a clear foreground image for the model input.,7c2c58dd4d2d436eaf99a7949630e3c7
model input,blank background,The processed image with a subject mask results in an input with a removed background, leaving only the subject.,7c2c58dd4d2d436eaf99a7949630e3c7
methodours,competing methods,MethodOurs is compared to other approaches such as CDOurs, DBOurs, ViCo, Textual Inversion, Dreambooth, Custom Diffusion, SVDiff, and ViCo in the user study.,7c2c58dd4d2d436eaf99a7949630e3c7
user study,percentage of volunteers' preference,The user study evaluates the preference of volunteers for MethodOurs against competitors based on subject fidelity and text alignment.,7c2c58dd4d2d436eaf99a7949630e3c7
detex,textual inversion, dreambooth, custom diffusion, svdiff, vico,DETEX is qualitatively compared to these other image generation methods for evaluation.,7c2c58dd4d2d436eaf99a7949630e3c7
subject fidelity,image details,Subject fidelity refers to the accuracy of capturing the target concept, as demonstrated by the robot's appearance and bottle pattern.,7c2c58dd4d2d436eaf99a7949630e3c7
text alignment,flexible editability,Text alignment means the ability to create images that match the given prompt, as shown by the example with the purple rug and forest.,7c2c58dd4d2d436eaf99a7949630e3c7
detex,state-of-the-art methods,Our DETEX outperforms state-of-the-art methods in text alignment (CLIP-T) due to its superior editability.,0733119db79943ed9408b82096279fa3
detex,dreambooth,Dreambooth has higher image alignment scores (CLIP-I, DINO-I), but tends to entangle background information, unlike DETEX which focuses on faithful capture of the target concept.,0733119db79943ed9408b82096279fa3
detex,custom diffusion,Custom Diffusion also exhibits high image alignment scores but includes subject-irrelevant details; DETEX's CLIP-I(FG) and DINO-I(FG) are better, indicating better foreground subject focus.,0733119db79943ed9408b82096279fa3
image alignment (clip-i),faithful capture of the target concept,DETEX's better CLIP-I(FG) shows its capability to accurately align with the main subject without unnecessary background elements.,0733119db79943ed9408b82096279fa3
image alignment (dino-i),faithful capture of the target concept,Similar improvement for DINO-I(FG) highlights DETEX's strength in isolating the relevant concept for the generated image.,0733119db79943ed9408b82096279fa3
subject,synthesized images,Users were presented with two synthesized images for comparison.,554e8f48a74d4e60be6975d1bd6bfdd9
our approach,existing methods,A user study was conducted to compare our approach with existing ones.,554e8f48a74d4e60be6975d1bd6bfdd9
attribute mappers,subject, pose, and background information,Our method can effectively disentangle these elements using attribute mappers.,554e8f48a74d4e60be6975d1bd6bfdd9
subject embedding,target concept,The learned subject embedding allows generating images with various poses and backgrounds.,554e8f48a74d4e60be6975d1bd6bfdd9
subject-unrelated pose and background,well-editable subject concept,Our method separates these aspects for flexible customization.,554e8f48a74d4e60be6975d1bd6bfdd9
dreambench dataset,ruiz et al. 2023,Experiments were conducted on the DreamBench dataset, which is from Ruiz et al.,554e8f48a74d4e60be6975d1bd6bfdd9
dreambench dataset,30 subjects,The dataset contains 30 subjects with different categories.,554e8f48a74d4e60be6975d1bd6bfdd9
dreambench dataset,4 ∼ 7 images per subject,Each subject has 4 to 7 images for training.,554e8f48a74d4e60be6975d1bd6bfdd9
editing prompts,25 prompts per subject,There are 25 editing prompts available for each subject.,554e8f48a74d4e60be6975d1bd6bfdd9
evaluation,randomly generated 8 images,For evaluation, 8 images were randomly generated per subject.,554e8f48a74d4e60be6975d1bd6bfdd9
testing,ddim steps,The context mentions that during testing, images are generated using 50 DDIM steps.,7c1a69ff77574d0580bb82922329c513
ddim (song, meng, and ermon 2020),method,DDIM is a technique mentioned as part of the method used for generating images.,7c1a69ff77574d0580bb82922329c513
classifier-free guidance,scale,The scale of classifier-free guidance is specified as 6.,7c1a69ff77574d0580bb82922329c513
cross-attention loss,effect,The cross-attention loss is crucial for improving the learned pose and preventing entanglement with background.,7c1a69ff77574d0580bb82922329c513
attribute mapper,proposed,The attribute mapper is a proposed component in the method.,7c1a69ff77574d0580bb82922329c513
joint training strategy,best performance,Joint training strategy contributes to achieving the best subject fidelity and comparable text alignment.,7c1a69ff77574d0580bb82922329c513
text alignment,evaluation aspect,Text alignment is one of the two evaluation aspects for comparing methods.,7c1a69ff77574d0580bb82922329c513
image alignment,evaluation aspect,Image alignment is the other evaluation aspect besides text alignment.,7c1a69ff77574d0580bb82922329c513
table 2,user preferences,Table 2 shows the user preference results for different methods.,7c1a69ff77574d0580bb82922329c513
ablation study,component evaluation,An ablation study is conducted to assess the impact of various components in the method.,7c1a69ff77574d0580bb82922329c513
multiple textual word embeddings,ablation component,The study evaluates the effect of using multiple textual word embeddings.,7c1a69ff77574d0580bb82922329c513
cross attention loss lca,ablation component,Cross attention loss LCA is one of the components being studied.,7c1a69ff77574d0580bb82922329c513
detex method,target concept,Combines pose and background from different images, separates unrelated tokens for specific attributes, and combines with non-target concepts.,5bf2313d8da74268985f42b46fc79905
attribute mappers,pose embeddings,Without mappers, pose embeddings entangle with background information; mappers help in successful disentanglement.,5bf2313d8da74268985f42b46fc79905
attribute mappers,background embeddings,Without mappers, background embeddings entangle with pose information; mappers facilitate separation.,5bf2313d8da74268985f42b46fc79905
cross-attention loss (lca),subject-unrelated embeddings ([p], [b]),Joint training with LCA ensures consistent details in the learned concept, as seen in visual comparisons.,5bf2313d8da74268985f42b46fc79905
cross-attention loss (lca),text and image alignment scores,LCA improves performance in both alignment metrics.,5bf2313d8da74268985f42b46fc79905
joint training strategy,learned concept,Without joint training, learned concept lacks consistency with the given image (e.g., backpack example in Fig. 7).,5bf2313d8da74268985f42b46fc79905
joint training strategy,decoupling between subject embedding and irrelevant embeddings,The proposed joint training strategy facilitates the separation of subject information from unrelated elements using a cross-attention loss.,6354e3948e184d989d78f7804cc66d5a
cross-attention loss,improving consistency between learned subject and target concept,The cross-attention loss contributes to enhancing the alignment between the subject representation and the desired concept.,6354e3948e184d989d78f7804cc66d5a
proposed method,sota methods,The method outperforms state-of-the-art (SOTA) approaches in terms of editing flexibility and subject fidelity.,6354e3948e184d989d78f7804cc66d5a
subject fidelity,editing flexibility,The method excels in providing both high-quality subject preservation and easy manipulation during image generation.,6354e3948e184d989d78f7804cc66d5a
investigate the ability,meaningful attributes,The aim is to explore the adaptive identification of relevant attributes for the given subject, enhancing the generation process's flexibility.,6354e3948e184d989d78f7804cc66d5a
national key r&d program of china,grant no. 2020aaa0104500,This research is supported by a grant from the National Key R&D Program of China.,6354e3948e184d989d78f7804cc66d5a
national natural science foundation of china,grant nos. 62176249 and u19a2073,Additional support comes from grants from the National Natural Science Foundation of China with the mentioned grant numbers.,6354e3948e184d989d78f7804cc66d5a
