node_1,node_2,edge,chunk_id
computer vision,single-modal object tracking,Single-modal object tracking is a focus due to advancements in computer vision.,d9b9551f3f6d4f23a0d3091b6deca84d
rgb images,single-modal object tracking,RGB images are used for single-modal tracking, but they have limitations.,d9b9551f3f6d4f23a0d3091b6deca84d
multi-modal images (rgb, infrared),all-weather object tracking,Multi-modal images introduced to address single-modal limitations for better performance in complex, all-weather conditions.,d9b9551f3f6d4f23a0d3091b6deca84d
sufficient multi-modal tracking data,open environment,Acquiring enough data is challenging when modalities change in open environments.,d9b9551f3f6d4f23a0d3091b6deca84d
dominant modality,open environment,The dominant modality shifts in response to the changing environment.,d9b9551f3f6d4f23a0d3091b6deca84d
multi-modal visual prompt tracking model,universal bi-directional adapter,The proposed model uses a universal adapter to handle multi-modal information dynamically.,d9b9551f3f6d4f23a0d3091b6deca84d
universal bi-directional adapter,modality-specific transformer encoder branches,Adapter and encoder branches work together for feature extraction and cross-modal transfer.,d9b9551f3f6d4f23a0d3091b6deca84d
frozen, pretrained foundation model,feature extraction,Foundation model provides initial features, which are adapted through the adapter.,d9b9551f3f6d4f23a0d3091b6deca84d
light feature adapter,modality-specific information transfer,The adapter facilitates adaptive fusion of information across modalities.,d9b9551f3f6d4f23a0d3091b6deca84d
trainable parameters,model performance,Adding fewer trainable parameters improves tracking performance compared to full fine-tuning.,d9b9551f3f6d4f23a0d3091b6deca84d
our model,prompt learning-based methods,Our model outperforms prompt learning-based methods despite having fewer parameters.,d9b9551f3f6d4f23a0d3091b6deca84d
object tracking,visual task,Object tracking is a foundation visual task within the broader context of computer vision.,8fbe9c5b0f1f4d5198b776b38649f975
computer vision,field of study,Computer vision is the field where object tracking is an essential component.,8fbe9c5b0f1f4d5198b776b38649f975
past decades,time frame,Significant progress in object tracking has been made over the past decades.,8fbe9c5b0f1f4d5198b776b38649f975
zhang et al. (2021b),excellent approach,Zhang et al.'s work is among the many excellent approaches in object tracking.,8fbe9c5b0f1f4d5198b776b38649f975
yang et al. (2022),excellent approach,Yang et al.'s approach is also part of the promising performance in object tracking.,8fbe9c5b0f1f4d5198b776b38649f975
rgb-based object tracking,methodology,RGB cameras are commonly used for object tracking, but they struggle in complex scenarios like illumination variation.,8fbe9c5b0f1f4d5198b776b38649f975
thermal infrared (tir) imaging,alternative modality,TIR imaging, with its ability to capture heat emitted by objects, offers a complementary modality to RGB for improved performance.,8fbe9c5b0f1f4d5198b776b38649f975
illumination variation,challenge,Illumination variation is a challenge for RGB-based tracking, leading to target missing or errors.,8fbe9c5b0f1f4d5198b776b38649f975
rgb images,imaging mechanism,RGB cameras rely on reflected light, making them less effective in low-light conditions.,8fbe9c5b0f1f4d5198b776b38649f975
tir images,imaging mechanism,TIR cameras capture heat, providing better contrast for tracking in challenging scenarios.,8fbe9c5b0f1f4d5198b776b38649f975
dominant modality,scenario characteristic,The green box in Figure 1 represents the dominant modality in a specific situation.,8fbe9c5b0f1f4d5198b776b38649f975
auxiliary modality,scenario characteristic,The red box in Figure 1 denotes the auxiliary modality that supports the dominant one.,8fbe9c5b0f1f4d5198b776b38649f975
dark condition,tir images,TIR images are used for providing contrast for heat objects in a dark condition.,c4a7aa7bef6f40bd87ccf7a8ab67bfa2
tir images,low resolution,TIR images have low resolution.,c4a7aa7bef6f40bd87ccf7a8ab67bfa2
tir images,poor texture,TIR images exhibit poor texture.,c4a7aa7bef6f40bd87ccf7a8ab67bfa2
multi-modal object tracking,rgb and thermal images,Multi-modal tracking uses both RGB and thermal images for robust all-weather tracking.,c4a7aa7bef6f40bd87ccf7a8ab67bfa2
multi-modal object tracking,data labeling cost,High data labeling cost is a challenge for multi-modal tracking datasets.,c4a7aa7bef6f40bd87ccf7a8ab67bfa2
multi-modal datasets,scale-limitation,Most multi-modal datasets are scale-limited due to the high labeling cost.,c4a7aa7bef6f40bd87ccf7a8ab67bfa2
rgb sequences,easier to acquire,RGB sequences are more easily available than RGB-T sequence pairs.,c4a7aa7bef6f40bd87ccf7a8ab67bfa2
mfdimp (zhang et al. 2019),pre-trained dimp,mfDiMP starts with pre-trained DiMP and fine-tunes it for multi-modal scenarios.,c4a7aa7bef6f40bd87ccf7a8ab67bfa2
attribute-based multi-modal fusion model,reduction of reliance on large-scale data,These models aim to reduce dependence on extensive training data.,c4a7aa7bef6f40bd87ccf7a8ab67bfa2
universal bi-directional adapter,foundation model,The universal bi-directional adapter is proposed for the foundation model, adapting it for multi-modal tracking.,b7568f670e3649d98ae07409b0203659
universal bi-directional adapter,multi-modal tracking,The adapter effectively cross-prompts multi-modal tracking with a simple and efficient structure.,b7568f670e3649d98ae07409b0203659
0.32m learnable parameters,robust multi-modal tracking,Adding only 0.32M parameters enables the model to cope with robust multi-modal tracking in open scenarios.,b7568f670e3649d98ae07409b0203659
universal adapter,different depths of layers,In-depth analysis is conducted to study the adapter's effects on various depths within the model.,b7568f670e3649d98ae07409b0203659
efficient adapter architecture,experiments,The experiments explore more efficient adapter designs to validate the model's superiority.,b7568f670e3649d98ae07409b0203659
rgbt tracking-related datasets,state-of-the-art,The model is compared with state-of-the-art methods on multiple RGBT tracking datasets to showcase its performance.,b7568f670e3649d98ae07409b0203659
fanet,multi-modal tracking,FANet is cited as an example of a multi-modal tracking approach that utilizes complementary information across modalities.,b7568f670e3649d98ae07409b0203659
multi-modal tracking,challenging scenarios,Multi-modal tracking enhances performance in scenarios where single-modal images struggle, like low illumination, occlusion, or thermal crossover.,b7568f670e3649d98ae07409b0203659
single-modal images,multi-modal features,are difficult to handle - suggests that single-modal images lack the information compared to multi-modal ones.,573b3621289e4a9d8a3d1e97df7178cf
fanet (zhu et al. 2020),feature aggregation module,designed - FANet includes a module specifically for fusing multi-modal features within each modality.,573b3621289e4a9d8a3d1e97df7178cf
fanet (zhu et al. 2020),adaptive aggregation module,uses - FANet also employs an adaptive module to fuse multi-modal features across different modalities.,573b3621289e4a9d8a3d1e97df7178cf
hmft (zhang et al. 2022),hierarchical fusion framework,designs - HMFT presents a framework for integrating multi-modal features in a hierarchical manner.,573b3621289e4a9d8a3d1e97df7178cf
apfnet (xiao et al. 2022),attribute-based fusion framework,uses - APFNet employs an attribute-focused approach to aggregate fusion features.,573b3621289e4a9d8a3d1e97df7178cf
apfnet (xiao et al. 2022),transformer structure,employs - The transformer structure aids in enhancing multi-modal features within APFNet.,573b3621289e4a9d8a3d1e97df7178cf
full fine-tuning,parameter-inefficient,characteristic - Full fine-tuning consumes a lot of parameters and requires substantial data.,573b3621289e4a9d8a3d1e97df7178cf
prefix-tuning,parameter-efficient tuning,alternative - Prefix-tuning is a more efficient method introduced in NLP, with applications in CV tasks.,573b3621289e4a9d8a3d1e97df7178cf
vpt (jia et al. 2022),prompt-tuning,introduces - VPT incorporates prompt-tuning into vision tasks, improving upon full fine-tuning.,573b3621289e4a9d8a3d1e97df7178cf
protrack (yang et al. 2022),new perspective,offers - Protrack presents a fresh approach to handling tasks, possibly in a parameter-efficient manner.,573b3621289e4a9d8a3d1e97df7178cf
transformer backbone,prediction head,The transformer backbone (F) is used to extract features, which are then fed into the prediction head to obtain the target tracking result.,3208433b4ae34a65b40456219cf3f558
multi-modal tracking (mmt),rgb modality,MMT extends the single modality setting to multiple videos, incorporating the RGB modality along with another modality, such as thermal, for joint decision-making.,3208433b4ae34a65b40456219cf3f558
multi-modal tracking (mmt),thermal infrared modality,Similar to RGB, MMT also includes the thermal infrared modality, which is synchronized and aligned with the RGB stream.,3208433b4ae34a65b40456219cf3f558
bat (dual-stream encoder),rgb modality,BAT has a dedicated encoder for RGB, processing I_RGB_template and I_RGB_search inputs.,3208433b4ae34a65b40456219cf3f558
bat (dual-stream encoder),thermal infrared modality,BAT also has a separate encoder for the thermal infrared modality, handling I_Ttemplate and I_Tsearch.,3208433b4ae34a65b40456219cf3f558
universal bi-directional adapter,transformer encoder,The adapter is embedded in the transformer encoders, facilitating cross-modal integration between RGB and thermal features.,3208433b4ae34a65b40456219cf3f558
feature prompts,each encoder,Each encoder learns modality-specific features while also extracting complementary information from the other modality.,3208433b4ae34a65b40456219cf3f558
bi-directional adapter,cross-modal feature prompt,The bi-directional adapter is designed specifically as a cross-modal feature prompt for handling dynamically changing modalities.,ae7fc559ec7e426c911335cb0ad43943
fully convolutional networks (fcn),token sequence,FCN is used to convert the token sequence into a 2D spatial feature map.,ae7fc559ec7e426c911335cb0ad43943
classification score map,target location,The classification score map indicates the target location in the feature map.,ae7fc559ec7e426c911335cb0ad43943
classification score map,offset,The map also outputs an offset for more precise localization.,ae7fc559ec7e426c911335cb0ad43943
classification score map,normalized bounding box,It computes a normalized bounding box for object detection.,ae7fc559ec7e426c911335cb0ad43943
overall loss function (ltotal),lcls,Lcls is the weighted focal loss for classification, part of the total loss function.,ae7fc559ec7e426c911335cb0ad43943
ltotal,liou,Liou represents the generalized IoU loss for bounding box regression, another component of the total loss.,ae7fc559ec7e426c911335cb0ad43943
ltotal,l1,L1 is the L1 loss for bounding box regression, contributing to the total loss.,ae7fc559ec7e426c911335cb0ad43943
rgbt234,lasher,Experiments are conducted on two datasets: RGBT234 and LasHeR, both for multi-modal tracking.,ae7fc559ec7e426c911335cb0ad43943
rgbt234,li et al. (2019),RGBT234 is provided by Li et al. and contains RGB and infrared video sequences.,ae7fc559ec7e426c911335cb0ad43943
lasher,li et al. (2021),LasHeR is another dataset from Li et al., focusing on multi-modal tracking.,ae7fc559ec7e426c911335cb0ad43943
rgbt234,attributes (e.g., li, occlusion, def, movement),RGBT234 has 12 attributes like low illumination, occlusion, deformation, and movement, indicating varying challenges.,ae7fc559ec7e426c911335cb0ad43943
rgbt234,234k frames,The dataset consists of approximately 234,000 frames across all sequences.,ae7fc559ec7e426c911335cb0ad43943
rgbt234,8k frames/sequence,Some sequences can have up to 8,000 frames.,ae7fc559ec7e426c911335cb0ad43943
lasher,ground-truth labels,Both RGB and TIR modalities have ground truth labels for evaluation.,ae7fc559ec7e426c911335cb0ad43943
8k frames per sequence,ground-truth label,The context mentions that the dataset provides the ground-truth label for sequences with a minimum of 8K frames.,b1e7aa2b7ef94a9c877065bf0c5852cf
rgb and tir modalities,multi-modal performance evaluations,Trackers can evaluate their performance using both RGB and TIR modalities on this dataset.,b1e7aa2b7ef94a9c877065bf0c5852cf
parallel optical axis visible light-infrared imaging system,no pre-processing or post-processing,The RGBT234 dataset requires no additional steps like stereo matching or color correction due to its precise cross-modal alignment.,b1e7aa2b7ef94a9c877065bf0c5852cf
mpr and msr,evaluation metrics,To ensure fairness, MPR (Minimum Precision Rate) and MSR (Minimum Success Rate) are used instead of PR and SR for evaluation.,b1e7aa2b7ef94a9c877065bf0c5852cf
lasher dataset,rgbt tracking dataset,LasHeR is a specialized dataset for RGBT tracking, containing 1224 sequences with 730K frames.,b1e7aa2b7ef94a9c877065bf0c5852cf
19 video attributes,new attributes,LasHeR includes 19 attributes, including 7 new ones like 'HI', 'FL', and 'AIV'.,b1e7aa2b7ef94a9c877065bf0c5852cf
bi-directional adapter,detailed architecture,The architecture of the bi-directional adapter consists of three linear projection layers for handling features from different modalities.,b1e7aa2b7ef94a9c877065bf0c5852cf
token's num,linear projection layers,The adapter processes tokens by reducing their dimension, projecting, and then re-projecting to maintain compatibility with other modalities.,b1e7aa2b7ef94a9c877065bf0c5852cf
feature prompts,modality transfer,The figure depicts a method designed for transferring feature prompts from one modality to another.,f9f3ad4fb08b4d249a6215d5c8547afa
bi-directional adapter block,down projection layer,The input token of the bi-directional adapter block is first reduced to lower dimensions using a down projection layer.,f9f3ad4fb08b4d249a6215d5c8547afa
lasher dataset,rgbt tracking tasks,LasHeR dataset is more challenging for RGBT tracking tasks due to its variation and precise alignment on the target object.,f9f3ad4fb08b4d249a6215d5c8547afa
radial distortion images,alignment issue,The dataset addresses the alignment problem specifically for radial distortion images in different RGBT modalities.,f9f3ad4fb08b4d249a6215d5c8547afa
rgb image,thermal infrared image,Each frame's RGB image is transformed into the same coordinate system as the thermal infrared image for consistent ground truth.,f9f3ad4fb08b4d249a6215d5c8547afa
rgbt234 dataset,pr and sr,PR (precision) and SR (success rate) are used as evaluation metrics, distinguishing LasHeR from RGBT234.,f9f3ad4fb08b4d249a6215d5c8547afa
bat (our proposed method),pytorch implementation,BAT is implemented using Pytorch and trained on 4 NVIDIA RTX A6000 GPUs.,f9f3ad4fb08b4d249a6215d5c8547afa
foundation model,pre-trained weights,The modal-specific branch of BAT initializes fixed parameters with pre-trained foundation model weights.,f9f3ad4fb08b4d249a6215d5c8547afa
fine-tuning,lasher training set,Our BAT is fine-tuned on the LasHeR training set for 60 epochs, requiring 8 hours.,f9f3ad4fb08b4d249a6215d5c8547afa
fine-tuning,bat,Our BAT is fine-tuned on the LasHeR training set, taking 60 epochs.,dd5f24556f7b4132b512e73324e50979
bat,60 epochs,The fine-tuning process lasts for 60 epochs, requiring 8 hours.,dd5f24556f7b4132b512e73324e50979
bat,lasher training set,The fine-tuning occurs specifically on the LasHeR training data.,dd5f24556f7b4132b512e73324e50979
dmcnet,runner-up,DMCNet (Lu et al. 2022) is the runner-up method with an MPR score of 83.9%.,dd5f24556f7b4132b512e73324e50979
vipt,sota efficient-tuning,ViPT (Zhu et al. 2023) is a state-of-the-art efficient-tuning method.,dd5f24556f7b4132b512e73324e50979
vipt,dmcnet,ViPT has a slightly higher MSR score but a lower MPR score than DMCNet.,dd5f24556f7b4132b512e73324e50979
efficient-tuning methods,rgb and tir modalities,Efficient-tuning methods struggle to dynamically extract compatible information across modalities.,dd5f24556f7b4132b512e73324e50979
bat,mpr,BAT outperforms competitors with an MPR score of 86.8%, a 2.9% improvement.,dd5f24556f7b4132b512e73324e50979
bat,msr,BAT also outperforms with an MSR score of 64.1%, a 2.4% improvement.,dd5f24556f7b4132b512e73324e50979
lasher dataset,more challenging,LasHeR dataset is more challenging due to extreme attributes.,dd5f24556f7b4132b512e73324e50979
previous advanced methods,dmcnet,Methods like DMCNet perform poorly on LasHeR compared to RGB234.,dd5f24556f7b4132b512e73324e50979
performance gap,existing methods,The performance gap refers to the significant difference in performance between the most existing methods.,936b11825bfb4640a6daccfeb0f693ac
dmcnet,apfnet,Both DMCNet and APFNet are mentioned as previous advanced methods that perform unsatisfactorily on a specific dataset.,936b11825bfb4640a6daccfeb0f693ac
os-track,rgb modality tracker,OS-Track is a tracker based solely on RGB modality and performs better than many RGBT trackers, contrasting the dominance of multi-modal trackers.,936b11825bfb4640a6daccfeb0f693ac
rgbt234 dataset,multi-modal trackers,In the RGBT234 dataset, multi-modal trackers typically outperform single-modality trackers like OS-Track.,936b11825bfb4640a6daccfeb0f693ac
efficient-tuning methods,traditional methods,Methods like ProTrack and ViPT are more efficient and significantly superior to traditional trackers, benefiting from the strong representation ability of pre-trained foundation models.,936b11825bfb4640a6daccfeb0f693ac
vipt,protrack,ViPT and ProTrack are both efficient-tuning methods, with ViPT showing a considerable improvement over ProTrack.,936b11825bfb4640a6daccfeb0f693ac
vipt,bat (ours),ViPT serves as a baseline for comparison, with our proposed method BAT improving upon ViPT's performance by 5.1% and 3.8% in PR and SR scores.,936b11825bfb4640a6daccfeb0f693ac
rgbt234,lasher dataset,Performance is compared on both the RGBT234 and LasHeR datasets.,936b11825bfb4640a6daccfeb0f693ac
dual-stream encoder,bat,The dual-stream encoder is a key component of our proposed method, BAT, which learns dynamically changing attributes in complex environments.,936b11825bfb4640a6daccfeb0f693ac
qualitative evaluation,universal bi-directional adapter,The dual-stream encoder's universal bi-directional adapter is evaluated qualitatively for its adaptability in complex scenarios.,936b11825bfb4640a6daccfeb0f693ac
dual-stream encoder,single-stream prompt-learning approaches,outperforms in complex scenarios where RGB images are distorted or unavailable,236100a4f40443cca854371935f6a8e1
rgb images,tir images,initial tracking depends on TIR, later dominated by RGB for effective information,236100a4f40443cca854371935f6a8e1
vipt,rgb modality,uses RGB as dominant modality, struggles in dark light environments,236100a4f40443cca854371935f6a8e1
our method,rgb,effectively tracks even when RGB unavailable, adaptively extracts features,236100a4f40443cca854371935f6a8e1
our method,tir,effectively tracks with both modalities providing complementary information,236100a4f40443cca854371935f6a8e1
rgb modality,transparent object tracking,interference for feature extraction, especially in this scenario,236100a4f40443cca854371935f6a8e1
our method,other methods,outperforms in tracking accuracy, especially with RGB interference,236100a4f40443cca854371935f6a8e1
foundation model (baseline),baseline-dual,The dual-stream Baseline-Dual is slightly better than the foundation model, showing its potential.,da5a025c65d445abaf8ccbe286074292
baseline-dual,adapter variants,The table shows quantitative comparison between different variants of adapter, including Baseline-Dual, BAT-12Layers1, and others.,da5a025c65d445abaf8ccbe286074292
baseline,foundation model,The foundation model is compared to the baseline, suggesting the potential for transferring information across modalities.,da5a025c65d445abaf8ccbe286074292
single-directional adapters,rgb and tir modalities,Single adapters, BAT-RGB and BAT-TIR, demonstrate improvement by transferring effective information between RGB and TIR modalities.,da5a025c65d445abaf8ccbe286074292
multi-modal data,single modality,Multi-modal data provides more complementary information than using only a single modality.,da5a025c65d445abaf8ccbe286074292
bat-rgb,bat-tir,The difference between BAT-RGB and BAT-TIR is small, indicating that the dominant correlation can dynamically change.,da5a025c65d445abaf8ccbe286074292
universal bi-directional adapter,dual-adapter (bat-dual),BAT-Dual has similar performance to the universal adapter but requires double parameters, suggesting potential trade-offs.,da5a025c65d445abaf8ccbe286074292
universal bi-directional adapter,bat,The universal adapter is part of the BAT model, which learns from both modalities dynamically.,da5a025c65d445abaf8ccbe286074292
performance,universal version,Our method maintains similar performance as the universal version.,f2add1480b3c4b73b2a45c37533a1200
bat,foundation model,BAT adopts the same foundation model for two modality-specific branches.,f2add1480b3c4b73b2a45c37533a1200
feature distribution,compatibility,The feature distribution needs to be compatible with both modalities.,f2add1480b3c4b73b2a45c37533a1200
bi-directional adapter,multiple modalities,The bi-directional adapter learns compatibility among multiple modalities.,f2add1480b3c4b73b2a45c37533a1200
bi-directional adapter,half learnable parameters,Our adapter saves half learnable parameters while achieving comparable performance.,f2add1480b3c4b73b2a45c37533a1200
adapter architecture,efficiency,We explore a more efficient adapter architecture with different layer positions.,f2add1480b3c4b73b2a45c37533a1200
bat-1,limited performance,BAT-1 has limited performance due to less multi-modal information exchange.,f2add1480b3c4b73b2a45c37533a1200
bat-4,bat-12,BAT-4 performs comparably to BAT-12 with fewer learnable parameters.,f2add1480b3c4b73b2a45c37533a1200
lasher dataset,additional attributes,The LasHeR dataset provides 19 extra attributes.,f2add1480b3c4b73b2a45c37533a1200
bi-directional adapter,universal feature prompt-learning paradigm,The bi-directional adapter is introduced within the proposed method (BAT) as part of a new paradigm for learning universal features in a prompt-based approach.,0f9d852513524182b6f0ac59aaf6ae43
bat (proposed method),lasher dataset,The experiment is conducted on the LasHeR dataset to evaluate the effectiveness of the bi-directional adapter.,0f9d852513524182b6f0ac59aaf6ae43
lasher dataset,additional attributes,The LasHeR dataset provides 19 extra attributes beyond point annotations for evaluation.,0f9d852513524182b6f0ac59aaf6ae43
bat,advanced competing methods,BAT outperforms competing methods on various attributes, demonstrating its superiority.,0f9d852513524182b6f0ac59aaf6ae43
pr and sr scores,extreme attributes,Performance is analyzed under five extreme attributes like 'NO', 'HO', 'LI', 'AIV', and 'TC'.,0f9d852513524182b6f0ac59aaf6ae43
pr and sr scores,vipt,Our model's PR score surpasses ViPT by over 10% in specific attributes, showing better performance.,0f9d852513524182b6f0ac59aaf6ae43
universal feature prompt-learning paradigm,multi-modal tracking,The core idea of BAT is to introduce a paradigm for learning in multi-modal tracking.,f354209b0903476aa9877f5a1033c33c
bat (dynamic multi-modal tracking),changing dominant-auxiliary relevance,BAT dynamically extracts relevance among modalities in complex scenarios.,f354209b0903476aa9877f5a1033c33c
pre-trained foundation model,complementary information extraction,BAT extracts complementary information from the foundation model.,f354209b0903476aa9877f5a1033c33c
rgbt tracking datasets,superiority of bat,Extensive experiments demonstrate the method's advantage over competitors.,f354209b0903476aa9877f5a1033c33c
adapter structure of bat,parameter-efficient tuning potential,The adapter structure suggests broader application potential in vision-language tasks.,f354209b0903476aa9877f5a1033c33c
rgb and tir tracking task,future exploration,Current validation is in RGB and TIR, with plans for a general model for diverse modalities.,f354209b0903476aa9877f5a1033c33c
national key r&d program of china,funding source,This work is partially funded by the National Key R&D Program.,f354209b0903476aa9877f5a1033c33c
national natural science foundation of china,funding source,Additional funding comes from the National Natural Science Foundation.,f354209b0903476aa9877f5a1033c33c
caai-cann open fund,funding source,Funded by the CAAI-CANN Open Fund.,f354209b0903476aa9877f5a1033c33c
haihe lab of itai,funding source,Supported by the Haihe Lab of ITAI.,f354209b0903476aa9877f5a1033c33c
tianjin natural science foundation,funding source,Financed by the Tianjin Natural Science Foundation.,f354209b0903476aa9877f5a1033c33c
key laboratory of big data intelligent computing,funding source,Supported by the Key Laboratory of Big Data Intelligent Computing.,f354209b0903476aa9877f5a1033c33c
