node_1,node_2,edge,chunk_id
surrogate reward function,agent's reward function,The surrogate reward function is used to reshape the agent's reward function.,3ef803b3203f412d960153976bdff99e
explorable policy,agent's behavior,Searching for an explicable policy is equivalent to shaping the agent's reward function.,3ef803b3203f412d960153976bdff99e
eps (method),explicable behaviors,Our method EPS generates explicable behaviors that balance task performance and human expectations.,3ef803b3203f412d960153976bdff99e
human expectations,task performance,Collaboration depends on meeting human expectations; optimal agent behavior should align with them.,3ef803b3203f412d960153976bdff99e
drone navigation scenario,autonomous driving domain,An example domain where EPS is evaluated is drone navigation, which falls under the broader category of autonomous driving.,3ef803b3203f412d960153976bdff99e
human observer,trust,Loss of trust occurs when the agent's behavior is unexpected to the human collaborator.,3ef803b3203f412d960153976bdff99e
drone,human inhabited environment,Drones are expected to operate in environments shared with humans.,3ef803b3203f412d960153976bdff99e
curved pathway,optimal behavior,The curved pathway is more optimal because it involves fewer sharp turns, contrasting with the alternative.,da0531355efd4febb0ff355b67d73a07
expected behavior,human observer's perception,The straight path is perceived as more expected by humans due to its resemblance to typical behavior.,da0531355efd4febb0ff355b67d73a07
explicable behavior,agent's optimal behavior,Explicable behavior goes beyond just being optimal; it also considers human expectations.,da0531355efd4febb0ff355b67d73a07
explicable behavior,human's expected behavior,The problem setting of explicable policy search aims to reconcile the agent's behavior with human expectations.,da0531355efd4febb0ff355b67d73a07
model reconciliation problem,eps (explicable policy search),Explicable policy search is a type of model reconciliation problem where the agent's behavior aligns with human expectations.,da0531355efd4febb0ff355b67d73a07
agent,human's expectation,Our method considers human feedback based on their expectations to improve the agent's behavior.,da0531355efd4febb0ff355b67d73a07
autonomous vehicle,owner's feedback,An autonomous vehicle can learn from its owner's feedback while adhering to standardized requirements.,da0531355efd4febb0ff355b67d73a07
autonomous vehicle,safety, comfort,Standardized operating requirements ensure safety and comfort for passengers.,da0531355efd4febb0ff355b67d73a07
human's expectation,domain dynamics,The challenge lies in the fact that the human's expectation is hidden and must be learned, with the belief about the domain dynamics (T H A) being a part of this.,61a867dd9702478eb72cb990954cc4c4
human's belief about domain dynamics (t h a),reward model (rh),A straightforward solution involves learning both T H A and rH from human feedback, but it's impractical.,61a867dd9702478eb72cb990954cc4c4
surrogate reward function,human's belief about domain dynamics (t h a), reward model (rh),The surrogate reward function encodes the information needed from T H A and rH for explainable policy search (EPS).,61a867dd9702478eb72cb990954cc4c4
eps (explainable policy search),policy search process,The modified learning objective of EPS incorporates the surrogate reward function into the policy search process.,61a867dd9702478eb72cb990954cc4c4
maximum entropy reinforcement learning,eps (explainable policy search),Though similar in some aspects, EPS is derived differently, motivated by explaining the policy rather than just reinforcement learning.,61a867dd9702478eb72cb990954cc4c4
evaluation,navigation domains,We design navigation domains for evaluating our method, with synthetic human feedback based on true dynamics with misunderstandings.,61a867dd9702478eb72cb990954cc4c4
navigation domains,human's feedback,Human feedback is synthetic and generated based on the agent's expected behavior in modified domain dynamics.,61a867dd9702478eb72cb990954cc4c4
baselines,traditional rl methods,Three baselines are compared to illustrate the key advantages of EPS under model differences.,61a867dd9702478eb72cb990954cc4c4
human study,autonomous driving domain,A human study is conducted in the autonomous driving domain to demonstrate real-world relevance.,61a867dd9702478eb72cb990954cc4c4
autonomous driving domain,existing human biases,Designs driving scenarios to reveal and address human biases about the vehicle's behavior.,61a867dd9702478eb72cb990954cc4c4
driving scenarios,human biases,The context discusses designing scenarios to reveal human biases about the vehicle's domain dynamics, which could be hazardous during learning.,fac14c2dde054e9aa5b7b58cf39f3a2c
our method,explicable behaviors,The method generates safe and preferred behaviors compared to baselines, demonstrating its ability to create understandable actions.,fac14c2dde054e9aa5b7b58cf39f3a2c
explicable policy search (eps),stochastic domains,EPS extends explicable planning to handle reinforcement learning in continuous state and action spaces, addressing a challenge.,fac14c2dde054e9aa5b7b58cf39f3a2c
surrogate reward function,human feedback data,The paper proposes using a learned reward function based on human input to support explicable policy search.,fac14c2dde054e9aa5b7b58cf39f3a2c
communicative actions,explainable ai,This work falls under the broader area of explainable AI, focusing on generating actions that are inherently comprehensible to humans.,fac14c2dde054e9aa5b7b58cf39f3a2c
explainable behavior generation,interpretable behavior generation,The difference lies in the former being implicit and human-friendly interpretation versus the latter's emphasis on explicit rationales under interpretable models.,fac14c2dde054e9aa5b7b58cf39f3a2c
deterministic domains,stochastic domains,The context contrasts classical planning in deterministic domains with the challenge of extending problem formulation to handle stochastic domains with continuous state and action spaces.,22e3e128e9964346aa29e50ac7ae9a2c
explicable planning,legible motion planning,Legible motion planning is mentioned as a problem setting where multiple candidate goals are considered, differentiating it from explicable planning.,22e3e128e9964346aa29e50ac7ae9a2c
human's reward model,agent's reward model,The context assumes that the user's reward model may differ from the agent's, but they share a common understanding of the agent's 'goal'.,22e3e128e9964346aa29e50ac7ae9a2c
inverse reinforcement learning (irl),reward learning,Both IRL and reward learning are mentioned as approaches to learn the reward model from human data, addressing the need for understanding human preferences.,22e3e128e9964346aa29e50ac7ae9a2c
human's belief about domain dynamics,inaccurate belief about domain dynamics,An inaccurate belief can lead to skewed human feedback and incorrect preference learning in IRL and related methods.,22e3e128e9964346aa29e50ac7ae9a2c
policy learning,human feedback,Policy learning methods, such as reward shaping, policy shaping, and interactive RL, rely on human feedback, which can be affected by the human's belief accuracy.,22e3e128e9964346aa29e50ac7ae9a2c
human's belief about domain dynamics,non-convergence during learning,The inaccurate belief can lead to non-convergence.,06199de302634defa11fc3a3d05c1e5c
human's belief about domain dynamics,high variances in learned behaviors,An inaccurate belief can result in high variances.,06199de302634defa11fc3a3d05c1e5c
human's belief and reward model,jointly learned,Belief and reward model are tightly coupled and need to be learned together.,06199de302634defa11fc3a3d05c1e5c
joint learning,challenging,Due to its high dimensionality, joint learning is impractical for real-world domains.,06199de302634defa11fc3a3d05c1e5c
infogail,latent code,InfoGAIL uses latent code to discover salient semantic features.,06199de302634defa11fc3a3d05c1e5c
infogail's aim,discovery,InfoGAIL focuses on discovering differences, while our work reconciles them.,06199de302634defa11fc3a3d05c1e5c
our problem,off-dynamics learning,Our problem can be seen as off-dynamics learning for transfer learning.,06199de302634defa11fc3a3d05c1e5c
eps,hidden target domain,The target domain is hidden within the human's mind in EPS.,06199de302634defa11fc3a3d05c1e5c
task domain,markov decision process (mdp),Tasks are formulated as MDPs, consisting of states, actions, transition function, rewards, initial state distribution, and discount factor.,06199de302634defa11fc3a3d05c1e5c
markov decision process (mdp),agent's model (ma),The context describes an MDP represented by a tuple (S, A, T, r, ρ, γ), where MA is one of the MDPs being considered.,621e416bad0d4c8b83a2e5ca596c31d5
mdp,human's model of expectation (mh),Both MDPs share the same components except for the dynamics and reward functions, with one being the agent's model (MA) and the other being the human's model (MH).,621e416bad0d4c8b83a2e5ca596c31d5
agent's model (ma),engineered reward function (ra),MA has the true domain dynamics TA and the engineered reward function rA, which are unknown to the agent.,621e416bad0d4c8b83a2e5ca596c31d5
human's model of expectation (mh),human's reward function (rh),MH has the human's reward function rH, which is different from the agent's reward function rA.,621e416bad0d4c8b83a2e5ca596c31d5
explicable policy search (eps),policy,EPS is the problem of finding a policy that maximizes both cumulative reward and policy explicability, combining them with a linear weight λ.,621e416bad0d4c8b83a2e5ca596c31d5
policy,expected policy under human's model (πh),The policy π is compared to the human's expected policy πH in the objective function.,621e416bad0d4c8b83a2e5ca596c31d5
policy explicability score,reconciliation factor (λ),The policy explicability score is combined with the cumulative reward via the reconciliation factor λ, which determines the balance between the two objectives.,621e416bad0d4c8b83a2e5ca596c31d5
observable state and action,human's expectation,The agent's trajectory distribution is compared to the human's expectation when both state and action are observable.,ff260aeac1464449b6b18f3778f830f6
explicable policy search (eps),agent's policy (parameterized by θ),EPS aims to optimize the agent's policy such that it aligns with the human's expectation and avoids parts of the state space where differences occur.,ff260aeac1464449b6b18f3778f830f6
probability distribution of the agent's trajectory (pa(τ)),human's trajectory distribution (ph(τ)),Both objectives in Eq. (2) are based on expectations over the same trajectory distribution, which allows for combining them.,ff260aeac1464449b6b18f3778f830f6
policy explicability score (eq. 2),kl divergence (dkl),The policy explicability is measured as the Kullback-Leibler divergence between the agent's and human's trajectory distributions.,ff260aeac1464449b6b18f3778f830f6
state space,differences in domain dynamics models,The agent has an incentive to avoid state spaces where its policy deviates from the human's expectation or where the model predictions differ.,ff260aeac1464449b6b18f3778f830f6
initial state distribution (ρ(s0)),first action (at),The probability of a trajectory starts with the initial state distribution and is followed by the first action.,ff260aeac1464449b6b18f3778f830f6
policy explicability score,optimization problem,The main challenge is related to solving the optimization problem, which previously involved the policy πH and belief T_H in Eq. (2).,66908773f43a449ead06fa9bd92f3351
eq. (2),surrogate reward function,The optimization problem in Eq. (2) is merged into a new formulation using a surrogate reward function to address the unknown human policy and belief.,66908773f43a449ead06fa9bd92f3351
eq. (4),engineered reward function,In Eq. (4), the log terms are part of the engineered reward function that is transformed in the proposed approach.,66908773f43a449ead06fa9bd92f3351
human's belief,domain dynamics t_h,The human's belief about the domain dynamics is unknown and needs to be learned, as mentioned in the context of Eq. (2).,66908773f43a449ead06fa9bd92f3351
human's policy πh,agent's policy πθ,Both the human's policy and the agent's policy need to be estimated, with the latter being maintained during policy search.,66908773f43a449ead06fa9bd92f3351
surrogate reward function uh,human's expectation of trajectories,uH is designed to capture the necessary information about the human's belief and expected policy, aligning with the human's trajectory expectations.,66908773f43a449ead06fa9bd92f3351
preference-based formulation,reward function uh,A preference-based approach is used to learn the surrogate reward function uH that explains the human's desired trajectory distribution.,66908773f43a449ead06fa9bd92f3351
trajectory length,length of 1,Length of 1 is considered a special case of varying trajectory lengths.,ef1cba767eed4897abe36871da1dc041
trajectory distribution,human's feedback data,The reward function is learned to match the human's feedback data, making the trajectory distribution equivalent to log T_H and log πH.,ef1cba767eed4897abe36871da1dc041
surrogate reward function,information from t_h,The information needed from T_H for optimizing Eq. (2) can be replaced with the learned surrogate reward function uH.,ef1cba767eed4897abe36871da1dc041
optimizing eq. (2),non-identifiability issue,To avoid non-identifiability, globally optimizing the reward function over all trajectory pairs is required but not feasible in practice, leading to normalization of the learned rewards.,ef1cba767eed4897abe36871da1dc041
discounted surrogate reward function,entropy terms,Eq. (6) approximates Eq. (2) by applying discounting to the surrogate reward function and entropy terms, enabling their use for shaping the objective.,ef1cba767eed4897abe36871da1dc041
surrogate reward function,entropy terms,The objective function consists of two parts: the first two terms involve maximizing rewards from the engineered reward and the surrogate reward learned from human feedback, with a weight governed by the reconciliation parameter.,515419f8908a47ca832ebc7854b6513b
engineered reward,surrogate reward,Both are components of the agent's reward function, with the engineered reward being a known source and the surrogate reward derived from human feedback.,515419f8908a47ca832ebc7854b6513b
agent,rewards,The agent is required to maximize rewards from both the engineered and surrogate reward functions.,515419f8908a47ca832ebc7854b6513b
ra(st, at),λuh (st, at),These are the two reward sources within the objective function, with a weighting determined by the reconciliation parameter.,515419f8908a47ca832ebc7854b6513b
agent's domain dynamics,hta [st+1,,st, at],The first entropy term in the objective function represents the agent's dynamics in the environment.,515419f8908a47ca832ebc7854b6513b
target policy,hπθ [at,,st],The second entropy term pertains to the target policy and is studied in the MaxEnt RL framework, though its role in EPS is distinct for promoting exploration and robustness.,515419f8908a47ca832ebc7854b6513b
policy entropy,robustness,Maximizing policy entropy in EPS increases the agent's stochasticity, thereby enhancing robustness.,515419f8908a47ca832ebc7854b6513b
environment entropy,environmental stochasticity,Maximizing environment entropy encourages the agent to prefer states with higher uncertainty.,515419f8908a47ca832ebc7854b6513b
environment entropy,policy explicability score,The first entropy term in EPS reduces the impact on the policy's explainability.,515419f8908a47ca832ebc7854b6513b
explicable policy search (eps),stochasticity,A distinguishing aspect of EPS is its focus on encouraging stochasticity in the agent's behavior for explainability purposes.,515419f8908a47ca832ebc7854b6513b
environment entropy,policy explicability score,The context suggests that the goal is to reduce the impact of environmental entropy on the policy's explainability score.,320efefa62754f17b3b91965119b55c2
agent's policy,expected policy,These two concepts are contrasted; at stochastic parts of the environment, the agent's trajectory aligns more with the human's expectation despite differences in the policies.,320efefa62754f17b3b91965119b55c2
stochastic parts of the environment,action choices,In these parts, action choices for the agent have less significance.,320efefa62754f17b3b91965119b55c2
human's expectation,trajectory,Humans provide feedback on which segment of the agent's trajectory they find more expected.,320efefa62754f17b3b91965119b55c2
expectation-based preferences,uh (state-action utility),uH is learned using a preference-based framework, where humans' preferences are modeled as a function of state-action utilities.,320efefa62754f17b3b91965119b55c2
cross entropy,feedback data,The learning process minimizes the difference between predicted and actual human preference feedback, measured in cross entropy.,320efefa62754f17b3b91965119b55c2
uncertainty-based sampling,active learning,Humans provide feedback in an active learning setting, selecting traces based on the agent's uncertainty.,320efefa62754f17b3b91965119b55c2
ta (transition dynamics),gaussian distribution,TA is modeled as a Gaussian distribution, with a neural network estimating its mean and standard deviation.,320efefa62754f17b3b91965119b55c2
agent,environment,The agent interacts with the environment to collect data for learning the transition dynamics (TA).,320efefa62754f17b3b91965119b55c2
environment,agent,The agent interacts with the environment.,4d69034c6c01405da61f1894c554b321
transition data,learning,The agent collects transition data for learning.,4d69034c6c01405da61f1894c554b321
soft actor critic (sac),policy learning,We use SAC for policy learning; other methods are also applicable.,4d69034c6c01405da61f1894c554b321
expectation preferences,prediction,Non-stationary prediction of expectation preferences during learning.,4d69034c6c01405da61f1894c554b321
data samples,relabeling,Data samples are relabeled every time uH is updated.,4d69034c6c01405da61f1894c554b321
episodic preference search (eps),algorithm,The algorithm for Episodic Preference Search is described in the appendix.,4d69034c6c01405da61f1894c554b321
continuous navigation domains,synthetic human models,Experiments conducted on domains with synthetic human models.,4d69034c6c01405da61f1894c554b321
autonomous driving domain,human subject study,A human subject study is performed in the simulated autonomous driving domain.,4d69034c6c01405da61f1894c554b321
irb approval,user study,The human subject study is IRB-approved, ensuring ethical protocol adherence.,4d69034c6c01405da61f1894c554b321
task performance,human's expectation,The user study aims to reconcile task performance with human expectations.,4d69034c6c01405da61f1894c554b321
domain 1 (d1),domain 2 (d2),Both domains share the same human belief that the agent is more likely to fall into the pit when close, although the truth is universal.,b6b7dc552ceb4971bb5302a12ac4b707
domain 3 (d3),domain 4 (d4),Domains D3 and D4 have contrasting dynamics: the human believes the agent is good on ice but can slip on sand, while the truth is that the agent is proficient on ice but gets stuck on sand in D3 and has an additional sand-handling ability in D4.,b6b7dc552ceb4971bb5302a12ac4b707
domain 1 (d1) and domain 2 (d2),domain 3 (d3) and domain 4 (d4),These four domains differ in human beliefs about the agent's capabilities, with contrasting dynamics.,b6b7dc552ceb4971bb5302a12ac4b707
human inaccurate beliefs,domain dynamics,The human's beliefs about the agent's behavior in each domain are based on incorrect assumptions about the environment.,b6b7dc552ceb4971bb5302a12ac4b707
soft actor critic (sac),deep rl from human preferences (drlhp),Baselines for comparison, both traditional RL methods without considering model differences.,b6b7dc552ceb4971bb5302a12ac4b707
policy shaping (ps),soft actor critic (sac),Also a baseline, PS shapes policies without considering human expectations, unlike SAC.,b6b7dc552ceb4971bb5302a12ac4b707
human expectations,rl methods,Our method contrasts with traditional RL approaches by accounting for human preferences in learning the agent's policy.,b6b7dc552ceb4971bb5302a12ac4b707
preference-based learning methods,domains with sparse or delayed rewards,Difficulty in dealing with / challenge for credit assignment,8210d97cdf824c0b9fa73778f8c0eaeb
deep reinforcement learning with human preferences (drlhp),poor performance,Performed poorly on all the domains,8210d97cdf824c0b9fa73778f8c0eaeb
expected policy search (eps),surrogate reward function,Uses a preference-based learning method to learn, with uncertain function leading to variability in policy learning,8210d97cdf824c0b9fa73778f8c0eaeb
policy search,human's expectation,Guided by the learned surrogate reward function, informs agent where human expects performance,8210d97cdf824c0b9fa73778f8c0eaeb
ground truth,modelled as more stochastic,Contrast between ground truth and EPS' stochastic nature,8210d97cdf824c0b9fa73778f8c0eaeb
preference-based learning,credit assignment,Challenging task in domains with sparse or delayed rewards,8210d97cdf824c0b9fa73778f8c0eaeb
baselines,performance comparison,EPS compared to other baselines in terms of return and explicability score,8210d97cdf824c0b9fa73778f8c0eaeb
domain d3,conflict between human expectations and task priorities,Task failure due to the conflict,8210d97cdf824c0b9fa73778f8c0eaeb
sampled trajectories,visual representation,Used to illustrate performance and expectations,8210d97cdf824c0b9fa73778f8c0eaeb
averaged return and explicability score,metrics for comparison,Used to evaluate performance in Table 1,8210d97cdf824c0b9fa73778f8c0eaeb
ps (preference selection),performance in d3,Performed well overall but worse in D3,8210d97cdf824c0b9fa73778f8c0eaeb
eps (expected policy search),uncertainty in learned function,Large variations in policy due to uncertain surrogate reward,8210d97cdf824c0b9fa73778f8c0eaeb
human's expectation,synthetic human model,The synthetic human model is used to compute the human's expectation in the context.,440927f9ecaa445c877cd8deb27380ec
eps agent,sac agent,EPS agent takes a detour compared to SAC agent, which always chooses the shortest path.,440927f9ecaa445c877cd8deb27380ec
pit,detour,EPS agent takes a detour to bypass the pit, making its decision more explicable.,440927f9ecaa445c877cd8deb27380ec
sandy road,difficulty in navigation,In D3, the sandy road poses a challenge for the SAC agent, causing it to choose the top path.,440927f9ecaa445c877cd8deb27380ec
top path,efficient,The top path is considered more efficient in D4.,440927f9ecaa445c877cd8deb27380ec
eps agent,human's expectation,In D3, EPS agent goes against the human's expectation by choosing the top path due to the engineered reward.,440927f9ecaa445c877cd8deb27380ec
policy shaping agent,success / failure,Policy shaping agent is successful in D4 but fails in D3 due to uninformative results from combining policies.,440927f9ecaa445c877cd8deb27380ec
λ,uninformative policy,Multiplying policies can lead to an uninformative policy, regardless of the value of λ.,440927f9ecaa445c877cd8deb27380ec
p1, p2,resulting policy,The multiplication of p1 and p2 can result in a uniform policy (e.g., p = (0.5, 0.5)).,440927f9ecaa445c877cd8deb27380ec
task performance,lower,Conformity to human expectations sometimes leads to lower task performance for the EPS agent.,440927f9ecaa445c877cd8deb27380ec
explicability,higher,EPS agent chooses to be more explicable in D4 by respecting human expectations.,440927f9ecaa445c877cd8deb27380ec
poor behaviors,eps,EPS can generate effective behaviors that reconcile human expectation and task priorities, addressing poor behaviors.,a2c509acd24340a799a130f7ce555f2c
intelligent reconciliation,human's expectation,EPS generates novel behaviors to reconcile human expectation and task priorities.,a2c509acd24340a799a130f7ce555f2c
intelligent reconciliation,task priorities,EPS ensures the generated behaviors adhere to task priorities.,a2c509acd24340a799a130f7ce555f2c
autonomous driving domain,simulated environment,The autonomous driving domain is a simulated environment used for evaluation.,a2c509acd24340a799a130f7ce555f2c
state space,position, velocity,State space includes the position and velocity of the ego-vehicle and nearby vehicles.,a2c509acd24340a799a130f7ce555f2c
action space,discrete actions,Action space consists of five discrete actions for the autonomous driving agent.,a2c509acd24340a799a130f7ce555f2c
ego-vehicle,front car,The ego-vehicle is behind a front car (blue) initially.,a2c509acd24340a799a130f7ce555f2c
availability bias,cognitive bias,Availability bias is a type of cognitive bias humans exhibit, often in driving.,a2c509acd24340a799a130f7ce555f2c
availability bias,memory,Humans tend to overestimate event likelihood based on their memory.,a2c509acd24340a799a130f7ce555f2c
driving conditions,familiar,Biases can occur due to regularly driving under familiar conditions.,a2c509acd24340a799a130f7ce555f2c
driving conditions,sleety,Sleety conditions introduce different dynamics, creating scenarios for bias testing.,a2c509acd24340a799a130f7ce555f2c
regular driving condition,sleety condition,The context describes a difference between these two conditions, where the vehicle's dynamics become more stochastic due to slippery roads.,fe0188fa8c784affb0c61102fd53628f
stochastic dynamics,slippery roads,Slippery roads cause the vehicle's dynamics to become more unpredictable or random.,fe0188fa8c784affb0c61102fd53628f
availability bias,human decision-making,Humans tend to make similar decisions under the 'similar' regular and sleety conditions, despite the actual differences.,fe0188fa8c784affb0c61102fd53628f
training phase,testing phase,The user study has two distinct phases: first for training participants and then for collecting their data.,fe0188fa8c784affb0c61102fd53628f
importance ratings,5-point likert scale,Participants provided ratings for factors affecting autonomous driving on a scale of 1 to 5.,fe0188fa8c784affb0c61102fd53628f
average speed,distance to the front car,Both are factors rated by participants, with distance to the front car being considered more important.,fe0188fa8c784affb0c61102fd53628f
engineered reward model (ra),participants' responses,Responses from the training phase were used to create the reward model, with some factors weighted based on their perceived importance.,fe0188fa8c784affb0c61102fd53628f
vehicle's braking behavior,different effectiveness,Segments showcasing varying braking effectiveness were chosen to evaluate participants' expectations.,fe0188fa8c784affb0c61102fd53628f
human data,validation,The collected human data was used to validate the availability biases in the experiment.,d745a12915e94cee8dd98a188bd56902
trajectory segments,comparison,Pairs of trajectory segments were actively selected for participants to compare.,d745a12915e94cee8dd98a188bd56902
collected data,training method,The collected data was used to train the proposed method and baseline models.,d745a12915e94cee8dd98a188bd56902
learned policy,testing phase,Rollouts of the learned policy were shown to new participants for evaluation in the testing phase.,d745a12915e94cee8dd98a188bd56902
amazon mechanical turk (mturk),data collection platform,Experiments were conducted on Amazon Mechanical Turk for recruiting participants.,d745a12915e94cee8dd98a188bd56902
sanity check demonstration,invalid response filtering,A sanity check was included to filter out invalid responses, e.g., ones indicating a preference for collisions.,d745a12915e94cee8dd98a188bd56902
ego-vehicle,availability bias,Participants' responses revealed an availability bias where they believed the ego-vehicle would slow down on a sleety day.,d745a12915e94cee8dd98a188bd56902
ego-vehicle,steering,During training, participants generally preferred braking over steering, particularly in response to distance to the front car and lane following.,d745a12915e94cee8dd98a188bd56902
eps, sac, and drlhp agents,testing phase behavior,Agent behaviors were showcased in Figure 4, with SAC agent demonstrating immediate steering upon front car slowing down.,d745a12915e94cee8dd98a188bd56902
explicable policy search,model differences between learning agent and human observer,The problem addressed in the paper focuses on addressing the issue where the agent must consider the difference in understanding between itself and its human observer.,62550d8d45fc49cda9602db445dc51c4
problem formulation,explicable policy search,The paper formulates a new problem within the context of explicable policy search, which is a part of the overall research.,62550d8d45fc49cda9602db445dc51c4
surrogate reward function,efficient solution,The paper develops an efficient solution by introducing a surrogate reward function to make the policy search more explainable.,62550d8d45fc49cda9602db445dc51c4
stochastic environments,rl setting,The study is conducted in the realm of reinforcement learning (RL), specifically dealing with stochastic environments.,62550d8d45fc49cda9602db445dc51c4
continuous state and action spaces,rl setting,The method is designed for RL scenarios where states and actions are continuous.,62550d8d45fc49cda9602db445dc51c4
evaluations,simulations and human subjects,The paper's approach is tested through simulations and involves human subject experiments for validation.,62550d8d45fc49cda9602db445dc51c4
bias in belief,vehicle's dynamics,The study discusses how participants had a biased belief about the vehicle's performance in different conditions.,62550d8d45fc49cda9602db445dc51c4
safety,agent's chosen behavior,The agent prioritizes both explainability and safety in its decision-making.,62550d8d45fc49cda9602db445dc51c4
sac agent,slippery roads,The SAC (Soft Actor-Critic) agent is tested on slippery road conditions.,62550d8d45fc49cda9602db445dc51c4
human subjects,evaluations,Human subjects were involved in the evaluation process to assess the agent's performance.,62550d8d45fc49cda9602db445dc51c4
shapiro-wilk test,normality assumption,The test checks if the data follows a normal distribution for one-way ANOVA.,62550d8d45fc49cda9602db445dc51c4
levene's test,homoscedasticity assumption,This test ensures the equality of variances across groups for the one-way ANOVA.,62550d8d45fc49cda9602db445dc51c4
one-way anova,statistical test,A statistical test used to analyze the significance among multiple groups.,62550d8d45fc49cda9602db445dc51c4
human subjects,evaluated situations,The context discusses the evaluation of an approach using human subjects as part of its assessment.,35ba8acbabc04769910d1a673bdcc16b
model differences,our approach,Our approach is said to better handle situations under model differences compared to baselines.,35ba8acbabc04769910d1a673bdcc16b
human's objective,human's belief about domain dynamics,The work assumes the human forms expectations based on their objective and belief about the domain.,35ba8acbabc04769910d1a673bdcc16b
softmax preference model,human's assumption,This refers to the specific type of preference model assumed for the human, which is part of the work's assumptions.,35ba8acbabc04769910d1a673bdcc16b
inaccurate belief,domain dynamics,The limitations mention that the human's belief about the domain dynamics may be inaccurate.,35ba8acbabc04769910d1a673bdcc16b
information asymmetries,discrepancies,Information asymmetries can lead to dynamic changes in the human's belief, which is not accounted for in the current setup.,35ba8acbabc04769910d1a673bdcc16b
future work,complex reconciliation,Potential directions for future work include more complex reconciliation of the expected return and policy explicability.,35ba8acbabc04769910d1a673bdcc16b
future work,weighted policy explicability scores,Another direction for future work involves incorporating weighted policy explicability to address varying situations.,35ba8acbabc04769910d1a673bdcc16b
nasa grant nnx17ad06g,afosr grant fa9550-18-1-0067,The context mentions that these two grants are related as they are both funding sources for the research, possibly from different agencies.,cb192c97631e479cab2f613b714fcab1
authors,anonymous reviewers,The authors express gratitude towards the anonymous reviewers for their comments and suggestions, indicating a relationship of acknowledgement or interaction.,cb192c97631e479cab2f613b714fcab1
