node_1,node_2,edge,chunk_id
abstractvideo recognition systems,adversarial examples,Adversarial examples are a concern for video recognition systems.,b35c62da7f6044ff95012d490dedee25
style transfer-based perturbations,attack efficiency,Style transfer-based perturbations enhance attack effectiveness.,b35c62da7f6044ff95012d490dedee25
patch-based unrestricted perturbations,attack efficiency,These perturbations also contribute to improved attack efficiency.,b35c62da7f6044ff95012d490dedee25
large stylized perturbations,naturalness of the video,Large perturbations reduce naturalness, making them detectable.,b35c62da7f6044ff95012d490dedee25
patch-based video attacks,limited search space,Patch-based attacks struggle with extending to targeted attacks due to the narrow search space.,b35c62da7f6044ff95012d490dedee25
video black-box setting,logostylefool,The paper focuses on the black-box setting and introduces LogoStyleFool.,b35c62da7f6044ff95012d490dedee25
logostylefool,stylized logo,LogoStyleFool involves adding a stylized logo to a clean video.,b35c62da7f6044ff95012d490dedee25
style reference selection,logostylefool stages,One of the three stages in LogoStyleFool is selecting a suitable style reference.,b35c62da7f6044ff95012d490dedee25
reinforcement-learning-based logo style transfer,logostylefool stages,Another stage is transferring the logo style using reinforcement learning.,b35c62da7f6044ff95012d490dedee25
perturbation optimization,logostylefool stages,The third stage optimizes the perturbation to ensure semantic preservation.,b35c62da7f6044ff95012d490dedee25
attack performance,logostylefool,LogoStyleFool outperforms state-of-the-art attacks in terms of attack success.,b35c62da7f6044ff95012d490dedee25
semantic preservation,logostylefool,LogoStyleFool maintains semantic integrity despite the attack.,b35c62da7f6044ff95012d490dedee25
logostylefool,existing patch-based defense methods,LogoStyleFool remains effective against certain defense mechanisms.,b35c62da7f6044ff95012d490dedee25
security community,attention,The research aims to draw more attention from the security community.,b35c62da7f6044ff95012d490dedee25
deep neural networks (dnns),adversarial examples,DNNs are vulnerable to adversarial examples, which are generated by introducing small perturbations to fool the model.,cf8bd9c0163b45319e2ad30758994b61
video recognition,video segmentation,Both video recognition and video segmentation are services improved by the extension of DNNs from images to videos.,cf8bd9c0163b45319e2ad30758994b61
video recognition,video compression,Other services improved by DNNs include video compression, which has seen significant quality improvements.,cf8bd9c0163b45319e2ad30758994b61
dnn-based detectors,adversarial videos,Attackers can manipulate videos to create adversarial examples that evade these detectors, posing security concerns.,cf8bd9c0163b45319e2ad30758994b61
security threats,machine-learning-assisted systems,The security-critical concerns arise from the increasing number of adversarial videos targeting machine-learning systems, such as video verification systems.,cf8bd9c0163b45319e2ad30758994b61
attacks against videos,imperceptible perturbations,Most attacks focus on generating imperceptible changes to the video content to remain undetected.,cf8bd9c0163b45319e2ad30758994b61
ℓp norms,attacks restricted by ℓp norms,The norm-based constraints refer to the limitations imposed on adversarial perturbations to ensure they are visually imperceptible.,cf8bd9c0163b45319e2ad30758994b61
restricted perturbations,ℓp norms,These terms are related because restricted perturbations are constrained by the norms, implying they are controlled within a specific measure.,f79f7bbdd8fd411c8260f37795dddca2
black-box setting,large number of queries,In the black-box setting, the attacker consumes a significant amount of queries to carry out the attacks.,f79f7bbdd8fd411c8260f37795dddca2
style transfer,pixel-wise unrestricted perturbations,Style transfer is used to introduce unrestricted perturbations that preserve semantic information without affecting the original content.,f79f7bbdd8fd411c8260f37795dddca2
sub-region perturbations,adversarial patches,Sub-region perturbations, like adversarial patches, are a type of targeted attack on video recognition systems.,f79f7bbdd8fd411c8260f37795dddca2
unrestricted sub-region perturbations,video recognition systems,The paper investigates the risks posed by these perturbations specifically to video recognition models.,f79f7bbdd8fd411c8260f37795dddca2
artifacts,naturalness reduction,Style transfer-based attacks can lead to artifacts due to the decrease in natural appearance.,f79f7bbdd8fd411c8260f37795dddca2
detection,easily detected,Perturbations from style transfer can be detected by defense mechanisms.,f79f7bbdd8fd411c8260f37795dddca2
reinforcement learning (rl),limited search space,RL-based patch attacks have constraints on the complexity of targeted attacks.,f79f7bbdd8fd411c8260f37795dddca2
patch-based video attacks,untargeted attacks,These attacks mainly focus on reducing the model's accuracy without a specific target.,f79f7bbdd8fd411c8260f37795dddca2
targeted attacks,higher demand,Targeted attacks are more desirable but challenging due to the limitations of patch-based methods.,f79f7bbdd8fd411c8260f37795dddca2
existing patch-based attacks,image domain,The context contrasts existing patch-based attacks in the image domain with the focus on video domain in this paper.,f79f7bbdd8fd411c8260f37795dddca2
image domain,attacks,The context discusses attacks in the image domain as a basis for discussing video attacks.,9b9936d5bb78443bb9d4e25c2ee08911
patch-based attacks,increase in data dimensionality,Patch-based attacks face difficulty due to the increased data dimensionality when transitioning from images to videos.,9b9936d5bb78443bb9d4e25c2ee08911
temporal consistency,lack of,The lack of temporal consistency is a challenge for applying patch-based attacks to videos.,9b9936d5bb78443bb9d4e25c2ee08911
style transfer-based attacks,video domain,The proposed approach combines elements of style transfer-based attacks with the video domain.,9b9936d5bb78443bb9d4e25c2ee08911
logostylefool,black-box adversarial attack,LogoStyleFool is a specific type of black-box adversarial attack against video recognition systems.,9b9936d5bb78443bb9d4e25c2ee08911
style transfer,perturbations,The attack involves transferring the style of a logo rather than imposing perturbations on all pixels.,9b9936d5bb78443bb9d4e25c2ee08911
style images,target class,Style images are chosen to carry information about the target class to improve attack efficiency.,9b9936d5bb78443bb9d4e25c2ee08911
rl (reinforcement learning),searching,RL is used to find the optimal logo, style image, and position parameters for the attack.,9b9936d5bb78443bb9d4e25c2ee08911
original video,regionally superimposed,The adversarial video is created by overlaying the stylized logo onto specific regions of the original video.,9b9936d5bb78443bb9d4e25c2ee08911
stylized logos,semantic information,Stylized logos preserve the naturalness of the video by containing meaningful visual content.,9b9936d5bb78443bb9d4e25c2ee08911
logostylefool,video adversarial attack,LogoStyleFool is a type of video adversarial attack that improves attack efficiency and considers naturalness.,072d48482e654a26ab39c4ced5fd8a55
perturbation optimization,limited search space,Perturbation optimization addresses the issue faced by existing patch/RL-based attacks, making them more versatile for targeted attacks.,072d48482e654a26ab39c4ced5fd8a55
white-box setting,black-box attacks,White-box attacks assume full model access, while black-box attacks are more practical as they only have access to the top-1 score and label.,072d48482e654a26ab39c4ced5fd8a55
white-box attacks,attacks under the white-box setting,White-box attacks include early-stage attacks where attackers have access to model architecture and parameters.,072d48482e654a26ab39c4ced5fd8a55
v-bad,black-box video adversarial attacks,V-BAD is an example of a black-box video adversarial attack introduced by Jiang et al. for duping videos.,072d48482e654a26ab39c4ced5fd8a55
semantic information,attack performance,LogoStyleFool preserves semantic information while maintaining high attack performance.,072d48482e654a26ab39c4ced5fd8a55
temporal consistency,naturalness,Both ℓ∞ and ℓ2 partial perturbations ensure the video's naturalness and temporal coherence.,072d48482e654a26ab39c4ced5fd8a55
v-bad,video recognition systems,V-BAD is proposed by Jiang et al. to deceive video recognition systems by introducing tentative perturbations.,c7a1d67bbd3b4074991a4d5d5a91bf55
perturbations (temporal and spatial),input sample,Wei et al. proposed a heuristic attack to add sparse perturbations to the input sample for adversarial purposes.,c7a1d67bbd3b4074991a4d5d5a91bf55
style transfer,video samples,Cao et al. use style transfer to add unrestricted perturbations, reducing queries while maintaining naturalness.,c7a1d67bbd3b4074991a4d5d5a91bf55
deep reinforcement learning (rl),human decision-making processes,RL is designed to learn and simulate human decision-making, receiving attention in adversarial attacks.,c7a1d67bbd3b4074991a4d5d5a91bf55
patchattack,black-box image attack method,Yang et al. proposed PatchAttack, an RL-based method for optimizing patch location and texture for adversarial images.,c7a1d67bbd3b4074991a4d5d5a91bf55
rl-based video attacks,black-box video attacks,Wei et al. were the first to apply RL to black-box video attacks by designing an agent for interactive attack and keyframe selection.,c7a1d67bbd3b4074991a4d5d5a91bf55
keyframe/region selection,perturbation optimization,RL has been used in both selecting keyframes or regions and optimizing perturbations in adversarial attacks.,c7a1d67bbd3b4074991a4d5d5a91bf55
rl,local artifacts,Perturbations in all pixels can create local artifacts that affect the naturalness of the video.,c7a1d67bbd3b4074991a4d5d5a91bf55
limited search space,reinforcement-learning-based attacks,Problem faced by reinforcement-learning-based attacks, which limits their adaptability to targeted attacks.,d5a6a5991424431eb670ce4d237d449d
adv-watermark,image domain,Proposed by Jia et al., Adv-watermark fools classifiers by adding watermarks in the context of the image domain.,d5a6a5991424431eb670ce4d237d449d
sparse-random shift (sparse-rs),random color patch method,Incorporated by Croce et al.'s framework, Sparse-RS uses a random color patch method but sacrifices naturalness.,d5a6a5991424431eb670ce4d237d449d
bullet-screen comments (bsc),video domain,First patch-based attack in the video domain by Chen et al., BSC maintains naturalness but is limited to untargeted attacks.,d5a6a5991424431eb670ce4d237d449d
spatial-temporal differential evolution framework (stde),efficient decision-based patch attack,Proposed by Jiang et al., STDE is a concurrent work that addresses targeted attacks but affects semantic information due to larger patches.,d5a6a5991424431eb670ce4d237d449d
limited search space,bsc (chen et al. 2022),BSC encounters the same problem of limited search space, restricting its ability to perform targeted attacks.,d5a6a5991424431eb670ce4d237d449d
block perturbations,style images,Block perturbations are used to search for style images in the context of reducing computational complexity.,9770ad9c3ecd4064a7e5fcecc057565c
cross-entropy loss (l),optimization,The cross-entropy loss is used to optimize the block perturbations for both targeted and untargeted attacks.,9770ad9c3ecd4064a7e5fcecc057565c
simba (guo et al. 2019),black-box attack,SimBA is a simple black-box attack employed to find the optimal block perturbations.,9770ad9c3ecd4064a7e5fcecc057565c
perturbations (δv),naturalness,The perturbations are not restricted by the ℓp norm as the focus is on generating a natural style image, not its visual quality.,9770ad9c3ecd4064a7e5fcecc057565c
initial values of xv,style set (ss),Random initialization of xv leads to multiple style images, forming the style set for the input video.,9770ad9c3ecd4064a7e5fcecc057565c
style set (ss),reinforcement learning,The style set serves as the basis for reinforcement learning to improve logo style transfer.,9770ad9c3ecd4064a7e5fcecc057565c
logo region,logo style transfer,Style transfer is specifically performed on the logo region to create more natural and concealed logos.,9770ad9c3ecd4064a7e5fcecc057565c
adversarial perturbations,concealment,Natural logo style transfer helps to conceal adversarial perturbations.,9770ad9c3ecd4064a7e5fcecc057565c
adversarial detection,difficulty increased,The process of logo style transfer makes it harder for adversarial detection.,9770ad9c3ecd4064a7e5fcecc057565c
adversarial perturbations,difficulty for adversarial detection,The process helps conceal adversarial perturbations, making it harder for detection.,fb74ee0b44c546be816d4a91f93958ef
image style transfer,gatys, ecker, and bethge (2015),Gatys' method is a traditional image style transfer technique used for this purpose.,fb74ee0b44c546be816d4a91f93958ef
gatys, ecker, and bethge (2015),justin, alexandre, and li (2016),Both methods are cited for style transfer losses, with Justin et al. providing further details.,fb74ee0b44c546be816d4a91f93958ef
style loss,total variance loss,Content loss, style loss, and total variance loss are combined in the optimization process.,fb74ee0b44c546be816d4a91f93958ef
logo set lld,sage et al. (2018),LLD is a large logo dataset by Sage et al., used for logo selection.,fb74ee0b44c546be816d4a91f93958ef
lld (sage et al. 2018),nl logos,From LLD, Nl logos are randomly selected for the logo set.,fb74ee0b44c546be816d4a91f93958ef
abnormal perturbations,transparent pixels,Logos with transparent pixels can cause irregularities after style transfer.,fb74ee0b44c546be816d4a91f93958ef
white pixels,weak concealment,White pixels in logos can weaken the concealment effect after style transfer.,fb74ee0b44c546be816d4a91f93958ef
search space,(u, v, k, lind, sind),The search space includes variables for location, logo, style, and logo dimensions.,fb74ee0b44c546be816d4a91f93958ef
theorem 1,ερpmin{k, d},Theorem 1 provides an upper bound for the ℓ∞ norm of video adversarial perturbations in the logo area, specifically, ερpmin{K, d}, where ρ is the ratio of the logo area to a frame image.,42d3e225a2da4d6fa1aa56e186025f29
ρ,ratio of the logo area to a frame image,ρ represents the proportion of the logo area within a frame.,42d3e225a2da4d6fa1aa56e186025f29
hw,square root of the ratio,HW is the square root of the value of ρ, possibly indicating a normalization factor.,42d3e225a2da4d6fa1aa56e186025f29
theorem 2,ηρpmin{k, d},Theorem 2 gives another upper bound for the ℓ2 norm of video adversarial perturbations in the logo area, using η instead of ε.,42d3e225a2da4d6fa1aa56e186025f29
dct transformation matrix a,orthogonality,The DCT matrix A is mentioned to be orthogonal, which affects the ℓ2 norm calculations.,42d3e225a2da4d6fa1aa56e186025f29
sparse matrix pm,peculiarity,The peculiarity of the DCT matrix A and the sparsity of matrix pm contribute to the upper bound extension.,42d3e225a2da4d6fa1aa56e186025f29
step size,increase,An increase in the step size leads to a decrease in other parameters (like logo size and step number).,42d3e225a2da4d6fa1aa56e186025f29
logo size,increase,Similarly, increasing the logo size also affects the step size and step number.,42d3e225a2da4d6fa1aa56e186025f29
step number,decrease,An increase in the step size or logo size reduces the step number, which is a measure of query count.,42d3e225a2da4d6fa1aa56e186025f29
attacks,restricted by ℓ2 and ℓ∞ norms,Experiments in the section involve attacks limited by both ℓ2 and ℓ∞ norms.,42d3e225a2da4d6fa1aa56e186025f29
logostylefool,three stages,LogoStyleFool consists of building a style set, selecting the optimal combination of style indices, logo indices, position, and size through RL, and creating the video overlay.,42d3e225a2da4d6fa1aa56e186025f29
style set,misclassification,The style set is constructed by finding images that can be misclassified.,42d3e225a2da4d6fa1aa56e186025f29
rl,optimal combination selection,Reinforcement Learning is used to choose the best style, logo, position, and size for the attack.,42d3e225a2da4d6fa1aa56e186025f29
attack performance,benchmarks,The context discusses the comparison of attack performance with benchmarks such as Adv-watermark, V-BAD, and StyleFool.,4f926cf188654815b15c6d0eb118898f
adv-watermark (jia et al. 2020),video attacks,Adv-watermark is extended to video attacks, indicating a type of attack method.,4f926cf188654815b15c6d0eb118898f
v-bad (jiang et al. 2019),stylefool (cao et al. 2023),Both V-BAD and StyleFool are mentioned as existing video attack methods for comparison.,4f926cf188654815b15c6d0eb118898f
query limit,3 × 105,The context specifies a common query limit for the benchmarks.,4f926cf188654815b15c6d0eb118898f
stage 3 (perturbation optimization),bullet-screen comments,Due to varying positions in BSC attack, Stage 3 is less feasible.,4f926cf188654815b15c6d0eb118898f
fooling rate (fr),first two-stage fooling rate (2fr),Metrics used to evaluate attack success, including short-term and two-stage fooling rates.,4f926cf188654815b15c6d0eb118898f
average query (aq),2aq, aq1, aq2, aq3,Multiple query-related metrics for evaluating attack efficiency.,4f926cf188654815b15c6d0eb118898f
average occluded area (aoa),temporal inconsistency (ti),Additional metrics measuring attack impact, such as occluded area and temporal consistency.,4f926cf188654815b15c6d0eb118898f
ucf-101,hmdb-51,Selected datasets for attacking models C3D and I3D.,4f926cf188654815b15c6d0eb118898f
c3d,i3d,Target models for the attack experiments, both in the context of video classification.,4f926cf188654815b15c6d0eb118898f
ground-truth labels,attack frameworks,Table 1 and Table ?? in the supplement report compare the performance of four frameworks: LogoStyleFool (with ℓ∞ and ℓ2 versions), PatchAttack, BSC, and Adv-watermark.,6c67410bce504dc2b02d128480ae59c3
logostylefool,patchattack,LogoStyleFool doesn't have a significant advantage over PatchAttack in terms of attack quality (AQ) for targeted attacks, but its false recognition (FR) increases more.,6c67410bce504dc2b02d128480ae59c3
logostylefool,bsc,BSC's attack performance is limited due to its restricted search space; even with increased batch size and iteration steps, it doesn't improve significantly.,6c67410bce504dc2b02d128480ae59c3
adv-watermark,patchattack,Adv-watermark performs worst, with a low success rate and high loss before reaching the query limit, mainly because of the dimension gap and transparency issues.,6c67410bce504dc2b02d128480ae59c3
adv-watermark,logostylefool,LogoStyleFool outperforms Adv-watermark in terms of FR, possibly due to the different attack capabilities.,6c67410bce504dc2b02d128480ae59c3
bsc,logostylefool (first two stages),The early stages of LogoStyleFool (RL in Stage 2) achieve comparable false recognition (2FR) compared to the full attack.,6c67410bce504dc2b02d128480ae59c3
score of the target class,lower difficulty of untargeted attacks,In untargeted attacks, the score of the target class is less significant, indicating that untargeted attacks are generally easier.,6c67410bce504dc2b02d128480ae59c3
logostylefool,attack method,LogoStyleFool is a method that compares favorably to PatchAttack and BSC in targeted attacks, improving fooling rate while maintaining or reducing query consumption.,0dac201c8d5345c2b93ddd6f5a4d820e
rl (stage 2),attack stage,RL refers to reinforcement learning, which is one of the stages in LogoStyleFool's attack process.,0dac201c8d5345c2b93ddd6f5a4d820e
search space,impact on fooling rate,Increasing the search space is believed to increase fooling rates, but in this case, it does not necessarily lead to significant improvement in fooling rate for LogoStyleFool.,0dac201c8d5345c2b93ddd6f5a4d820e
perturbation optimization,improvement technique,Perturbation optimization is added to LogoStyleFool after RL to address issues and enhance attack performance.,0dac201c8d5345c2b93ddd6f5a4d820e
logostylefool-ℓ∞,variant of logostylefool,LogoStyleFool-ℓ∞ is a specific version of LogoStyleFool with a particular constraint, possibly the ℓ-infinity norm.,0dac201c8d5345c2b93ddd6f5a4d820e
adv-watermark,attack type,Adv-watermark is another type of attack mentioned in the context, possibly involving watermarking or adversarial modification.,0dac201c8d5345c2b93ddd6f5a4d820e
ucf-101,dataset,UCF-101 is a dataset used for evaluating the attack performance of various methods, including LogoStyleFool.,0dac201c8d5345c2b93ddd6f5a4d820e
targeted attacks,type of attack,LogoStyleFool performs well in targeted attacks, meaning it aims to misclassify to a specific target class.,0dac201c8d5345c2b93ddd6f5a4d820e
aq (adversarial queries),metric,AQ measures the number of queries made during the attack process, and a lower value indicates better efficiency.,0dac201c8d5345c2b93ddd6f5a4d820e
ti (transferability index),metric,TI reflects the transferability of adversarial examples, with lower values indicating better transferability.,0dac201c8d5345c2b93ddd6f5a4d820e
semantic information,redaction,The context suggests that abundant semantic information is being removed or concealed.,4594eed0e5304b1c910d7c91ae0f6332
query number,black-box attack setting,These terms are related in the context of evaluating the performance of video attacks under a black-box setup.,4594eed0e5304b1c910d7c91ae0f6332
current video attacks (jiang et al. 2019; cao et al. 2023),global perturbations,These attacks require a large number of queries, specifically over 10^5, under global modifications.,4594eed0e5304b1c910d7c91ae0f6332
logostylefool (our attack),regional perturbations,Our proposed attack focuses on modifying specific regions, maintaining logo semantics.,4594eed0e5304b1c910d7c91ae0f6332
average query (aq),targeted/untargeted,AQ measures the number of queries needed, with targeted attacks aiming for a higher level of specificity.,4594eed0e5304b1c910d7c91ae0f6332
fr (false recognition rate),80%,The attack achieves an FR rate above 80% in untargeted attacks.,4594eed0e5304b1c910d7c91ae0f6332
aq (untargeted),900,In untargeted attacks, AQ is around 900, indicating effective performance with a lower query budget.,4594eed0e5304b1c910d7c91ae0f6332
grad-cam (selvaraju et al. 2017),visual evaluation tool,Used to analyze the model's focus on local regions during the attack.,4594eed0e5304b1c910d7c91ae0f6332
adversarial examples,generated by logostylefool,The attack creates examples that deceive the video classifier without necessarily scoring highly for the target class.,4594eed0e5304b1c910d7c91ae0f6332
semantic regions,original label consistency,Adding a logo can disrupt the model's focus on areas relevant to the original label.,4594eed0e5304b1c910d7c91ae0f6332
logo area,misdirection,The adversarial logo forces the model's attention away from the logo area to unrelated regions.,4594eed0e5304b1c910d7c91ae0f6332
untargeted attacks,logostylefool,Untargeted attacks have better query performance compared to LogoStyleFool due to minimal perturbation required.,a375b3031d964b039995295206c5f3b8
targeted attacks,logostylefool,For targeted attacks, LogoStyleFool has lower fooling rates due to the need for highly refined modifications, which lead to increased query count.,a375b3031d964b039995295206c5f3b8
stage 3,optimizing one pixel value per frame,In Stage 3, optimizing individual pixels without considering mutual influence results in higher queries.,a375b3031d964b039995295206c5f3b8
scenarios 1) and 5),variants of untargeted attacks,These scenarios serve as less complex alternatives to untargeted attacks in terms of query efficiency.,a375b3031d964b039995295206c5f3b8
logostylefool (original setting),higher attack efficiency for targeted attacks,The original LogostyleFool setting demonstrates improved efficiency in targeted attacks compared to untargeted ones.,a375b3031d964b039995295206c5f3b8
local gradients smoothing (lgs),defense method,LGS is a patch-based defense that smooths gradients to mitigate adversarial noise.,a375b3031d964b039995295206c5f3b8
patchcleanser (pc),defense method,PC removes adversarial patches by applying a pixel masking algorithm twice to restore correct predictions.,a375b3031d964b039995295206c5f3b8
adversarial patches,video recognition systems,The context discusses the effects of adversarial patches on video recognition systems, highlighting their potential to fool predictions.,b3858ab7401741379177736cfdaebbdb
lgs (likely a defense method, but not specified),pc (another defense method, likely 'patchdefense', inferred from context),Both LGS and PC are extended to videos and compared for their performance against adversarial patches.,b3858ab7401741379177736cfdaebbdb
adv-watermark,patchattack,These are patch-based defenses being compared in terms of fooling rate, with Adv-watermark having less defensive effect than PatchAttack.,b3858ab7401741379177736cfdaebbdb
bsc (possible another defense, bullet- screen comments),patchattack,Similar to Adv-watermark, BSC also has reduced effectiveness compared to PatchAttack.,b3858ab7401741379177736cfdaebbdb
logostylefool,other competitors (like adv-watermark, patchattack, and bsc),LogoStyleFool's performance is on par with these competitors despite considering additional perturbation optimization.,b3858ab7401741379177736cfdaebbdb
perturbation optimization,logostylefool,Perturbation optimization adds irregular perturbations, making it more challenging for defenses.,b3858ab7401741379177736cfdaebbdb
detection methods,humans in the loop,Methods with human involvement can detect the obvious perturbations added by PatchAttack and BSC.,b3858ab7401741379177736cfdaebbdb
current defenses,plausible defensive mechanism,There is a gap between current defenses and what would be an effective defense against adversarial patches in videos.,b3858ab7401741379177736cfdaebbdb
video recognition systems,vulnerability,The paper investigates the vulnerability of these systems to adversarial attacks.,b3858ab7401741379177736cfdaebbdb
logostyle-,proposed attack framework,LogoStyle- is the main contribution of the paper, a novel attack framework for targeting video recognition systems.,b3858ab7401741379177736cfdaebbdb
