node_1,node_2,edge,chunk_id
virtual reality,3d printing,The context suggests that virtual reality and 3D printing are mentioned together as emerging technologies, possibly related to the advancement or applications in the field.,c238685b5960401d8abb54dbb243a11a
3d printing,game production,Both 3D printing and game production are mentioned as industries that could benefit from the developments in single-image 3D human reconstruction.,c238685b5960401d8abb54dbb243a11a
single-image clothed human reconstruction,pixel-aligned implicit models,Pixel-aligned implicit models are a type of deep learning method used for this specific reconstruction task.,c238685b5960401d8abb54dbb243a11a
marching cubes algorithm,implicit function,The Marching Cubes algorithm is employed to extract a mesh from the learned implicit function representing the human body surface.,c238685b5960401d8abb54dbb243a11a
sampling training scheme,pixel-aligned implicit models,A sampling training scheme is crucial for training pixel-aligned implicit models, providing supervision signals through generated sample points and labels.,c238685b5960401d8abb54dbb243a11a
fss,sampling training scheme,FSS (likely referring to a proposed approach) is contrasted with existing schemes, emphasizing its ability to adapt and prioritize challenging regions in the context of sampling.,c238685b5960401d8abb54dbb243a11a
single-view human reconstruction,parametric methods,Single-view Human Reconstruction methods are broadly classified into two categories, with Parametric methods being one of them.,822f4678409946a6b554a87bca410b0e
parametric methods,smpl-x,Parametric methods, like SMPL-X (Pavlakos et al. 2019), predict parameters for a chosen human parametric model, limiting their ability to represent clothed or-haired humans.,822f4678409946a6b554a87bca410b0e
single-view human reconstruction,non-parametric methods,Non-parametric methods are another class of techniques used for single-view human reconstruction, as they don't rely on a predefined parametric model.,822f4678409946a6b554a87bca410b0e
fss (our method),pixel-aligned implicit models,FSS uses pixel-aligned implicit models to reconstruct thin body features without artefacts and offers extensions like NSP and MTL.,822f4678409946a6b554a87bca410b0e
fss,normals of sample points (nsp),An extension to FSS, NSP exploits sample point normals during training to enhance reconstruction results.,822f4678409946a6b554a87bca410b0e
fss,mesh thickness loss (mtl),MTL is another extension to FSS, enabling the model to learn body part thickness directly.,822f4678409946a6b554a87bca410b0e
existing schemes,fss (our method),FSS compares favorably to existing schemes, demonstrating better capture of thin body features without noisy artefacts.,822f4678409946a6b554a87bca410b0e
spatial sampling scheme,binary labels,During training, PIFu uses the spatial sampling scheme to generate sample points with binary labels (0 or 1). The binary labels cause issues with capturing thin body features like ears and fingers.,bb1df493e3f448baad91c950edf4fba7
spatial sampling scheme,depth-oriented sampling (dos),IntegratedPIFu addresses the limitations of the spatial sampling scheme by proposing the Depth-Oriented Sampling, which introduces continuous labels and constrains surface point displacement.,bb1df493e3f448baad91c950edf4fba7
depth-oriented sampling (dos),continuous labels,DOS scheme uses continuous labels instead of binary ones, providing clearer supervision to the implicit model.,bb1df493e3f448baad91c950edf4fba7
depth-oriented sampling (dos),constrained displacement of surface points,In DOS, surface points are displaced with constraints, which helps in better reconstruction of thin body features.,bb1df493e3f448baad91c950edf4fba7
groundtruth human mesh,sample points,Sample points are generated by displacing mesh surface points of a groundtruth human mesh with normally-distributed noise.,bb1df493e3f448baad91c950edf4fba7
groundtruth human mesh,binary labels,Sample points are assigned binary labels (0 or 1) indicating whether they are inside or outside the mesh.,bb1df493e3f448baad91c950edf4fba7
implicit model,pixel-aligned,The proposed FSS scheme in IntegratedPIFu includes a pixel-aligned implicit model that benefits from the improvements in the sampling scheme.,bb1df493e3f448baad91c950edf4fba7
surface points,mesh surface points,The context mentions that surface points are a subset of mesh surface points, specifically referring to the ones that are constrained in displacement.,e8678622cd2f487eb1118d2246f610be
continuous labels,pixel-aligned implicit model,Continuous labels provide supervision and simplify learning for a pixel-aligned implicit model during training.,e8678622cd2f487eb1118d2246f610be
constrained displacement,learning simplicity,Constrained displacement narrows down the meaning of labels, making it easier for the model to learn.,e8678622cd2f487eb1118d2246f610be
pixel-aligned implicit model,retaining thin body features,These models can reconstruct human meshes with thin features like ears and fingers due to the advantages of continuous labels and constrained displacement.,e8678622cd2f487eb1118d2246f610be
dos,flaws,The text mentions serious flaws in DOS, which will be discussed in the next section.,e8678622cd2f487eb1118d2246f610be
pifu,major building block,Many pixel-aligned implicit models, including PIFuHD, StereoPIFu, S-PIFu, and IntegratedPIFu, utilize PIFu as a fundamental component.,e8678622cd2f487eb1118d2246f610be
pifuhd,integratedpifu,Both PIFuHD and IntegratedPIFu share a similar architecture and pipeline, using predicted normal maps and the FSS scheme.,e8678622cd2f487eb1118d2246f610be
pix2pixhd network,normal map prediction,Pix2pixHD network is used to predict front and back normal maps, which are then used in the implicit model's process.,e8678622cd2f487eb1118d2246f610be
feature volume,mlp,A feature volume is produced from the concatenated normal maps and image, which is indexed by sample points and fed into a multi-layer perceptron for occupancy prediction.,e8678622cd2f487eb1118d2246f610be
fss scheme,our contributions,FSS is one of the three contributions described, which enhances the training of pixel-aligned implicit models.,e8678622cd2f487eb1118d2246f610be
mesh surface,camera direction,The sample points' labels in DOS are based on the shortest distance to the mesh surface in the camera's direction, not in all directions.,50ee0a2a4d354fac8d5fa970dac83778
dos-trained pixel-aligned implicit model,front-facing surfaces,The model is designed to identify front-facing and back-facing surfaces, but struggles with lateral surfaces due to the label determination method.,50ee0a2a4d354fac8d5fa970dac83778
dos-trained pixel-aligned implicit model,side-facing surfaces,This model has problems with high-frequency artefacts and incorrect shapes on side-facing surfaces, particularly affecting thin body features like ears and fingers.,50ee0a2a4d354fac8d5fa970dac83778
dos,fss,FSS is proposed to address the shortcomings of DOS, specifically its inability to accurately reconstruct side-facing surfaces.,50ee0a2a4d354fac8d5fa970dac83778
fss,key features,FSS has five key features that solve the issues with DOS, including twinned sample points, anchor sample points, counter sample points, and Smplx-guided sampling.,50ee0a2a4d354fac8d5fa970dac83778
twinned sample points,sample points,In FSS, each sample point has a corresponding twin, allowing for labels based on shortest distance in any direction while maintaining precise surface localization.,50ee0a2a4d354fac8d5fa970dac83778
fss,sample points,FSS has a pair of twin sample points for precise location determination.,98b7c18f02b547059b99e1eccfc95fbd
sample points,midpoint,The midpoint of twin sample points pinpoints the mesh surface location.,98b7c18f02b547059b99e1eccfc95fbd
mesh surface,thin body features,Precisely pinpointing the mesh surface is crucial for reconstructing thin features like ears or fingers.,98b7c18f02b547059b99e1eccfc95fbd
thin surfaces,ears, fingers,Sample points near thin surfaces like ears or fingers are sparse.,98b7c18f02b547059b99e1eccfc95fbd
proximity-adaptive displacement,observation,This concept is inspired by the observation that implicit models rarely encounter sample points within thin surfaces.,98b7c18f02b547059b99e1eccfc95fbd
proximity-adaptive displacement,mesh surface points,It addresses the issue by considering displaced mesh surface points with random noise.,98b7c18f02b547059b99e1eccfc95fbd
mesh surface points,thin surfaces,These terms are related because mesh surface points on thin surfaces are more likely to be displaced outside the mesh.,3dfa31a1b4c94911b130c94ed063a8cd
mesh surface points,region outside of the mesh,The displacement causes mesh surface points to end up in this region, leading to missing details in reconstructed meshes.,3dfa31a1b4c94911b130c94ed063a8cd
proximity-adaptive displacement,issue with capturing thin body features,This technique addresses the problem where regular displacement fails to accurately represent thin body parts.,3dfa31a1b4c94911b130c94ed063a8cd
thin body features,bias towards predicting 'outside',The bias occurs because the maximum label for sample points near thin body features is not close to 1.0, causing a prediction tendency towards 'outside'.,3dfa31a1b4c94911b130c94ed063a8cd
sample points' labels,[0, ∼0.60] range,The distortion of the label range indicates the challenge in accurately representing thin body features.,3dfa31a1b4c94911b130c94ed063a8cd
naive solution,increased number of sample points,This solution suggests addressing the bias by increasing the sampling density to better capture the fine details of thin body parts.,3dfa31a1b4c94911b130c94ed063a8cd
counter sample points,primary counter point,Counter sample points are paired with primary counter points, with the primary being closer to the mesh surface and having a higher label.,7e9c9f50a6e3472f91e0150e2a8670bc
primary counter point,secondary counter point,The secondary counter point is located further away in the camera direction, having a lower label than the primary counter point.,7e9c9f50a6e3472f91e0150e2a8670bc
counter sample points,secondary counter point,Secondary counter points provide clearer supervision signals by indicating the direction of decreasing label values.,7e9c9f50a6e3472f91e0150e2a8670bc
pixel-aligned implicit model,floating artefacts,Pixel-aligned models may predict floating artefacts in empty regions if not discouraged by counter points.,7e9c9f50a6e3472f91e0150e2a8670bc
human body,complex and convoluted structure,The human body's complexity requires a discrimination in sampling based on ease of reconstruction for different body parts.,7e9c9f50a6e3472f91e0150e2a8670bc
neck, lower leg, and chest,flat surfaces,These body parts are made of mostly flat surfaces, making them easier for implicit models to reconstruct.,7e9c9f50a6e3472f91e0150e2a8670bc
spatial sampling,dos (dynamic occupancy sampling),Existing sampling schemes like spatial sampling and DOS do not differentiate in assigning sample points based on reconstruction difficulty.,7e9c9f50a6e3472f91e0150e2a8670bc
smplx-guided sampling,human body parts,Smplx-guided sampling is introduced to selectively focus on specific human body features, such as ears and fingers, which are important for reconstruction.,addc7b020522454896c95c98784e2972
fss (fused shape sampling),smpl-x mesh,FSS relies on a SMPL-X mesh during training to locate areas like ears and fingers, guiding the sampling process.,addc7b020522454896c95c98784e2972
smpl-x mesh,groundtruth clothed human mesh,Used for identifying the location of body parts, particularly relevant for Smplx-guided sampling.,addc7b020522454896c95c98784e2972
sample points,normals,The normals of sample points are not utilized in existing sampling training schemes, but they could potentially be exploited for improved reconstruction.,addc7b020522454896c95c98784e2972
phorhum (predictive human occupancy regression from humans),sample points' normals,PHORHUM attempts to incorporate normals of exactly mesh-surface lying sample points, differentiating it from previous approaches.,addc7b020522454896c95c98784e2972
stacked hourglass network,pifu framework,The Stacked Hourglass Network is a part of the PIFu framework, serving as the Encoder in the architecture.,666f1d2c0fe047238b44c13dea580846
stacked hourglass network,4 stacks,In PIFu, there are originally 4 Hourglass stacks, but the context suggests that Tri-PIFu replaces 3 of these.,666f1d2c0fe047238b44c13dea580846
tri-pifu stack,hourglass stacks,Tri-PIFu stack is a novel type introduced to replace 3 out of the 4 original Hourglass stacks.,666f1d2c0fe047238b44c13dea580846
encoder,feature volume,The Encoder generates separate Feature Volumes for each stack, including the Tri-PIFu stack.,666f1d2c0fe047238b44c13dea580846
hourglass stack,feature volume (via bilinear interpolation),An Hourglass stack produces a Feature Volume accessed using bi-linear interpolation for occupancy prediction.,666f1d2c0fe047238b44c13dea580846
tri-pifu stack,feature volume (via trilinear interpolation),In contrast, Tri-PIFu stack uses trilinear interpolation to directly retrieve occupancy values without an MLP.,666f1d2c0fe047238b44c13dea580846
feature volume,implicit function of human mesh surface,Each stack's Feature Volume serves as a 3D space to model the implicit function representing the human mesh surface.,666f1d2c0fe047238b44c13dea580846
tri-pifu,implicit function of human mesh,Tri-PIFu specifically aims to represent the implicit function for a human mesh within the 3D space.,666f1d2c0fe047238b44c13dea580846
tri-pifu,implicit function,Tri-PIFu aims to model an implicit function of a human mesh surface.,c95e44101cfc47319315084fbb9e7c19
human mesh surface,3d space,The implicit function models the surface inside a 3D space.,c95e44101cfc47319315084fbb9e7c19
sigmoid activation function,feature volume,Applied to Tri-PIFu stack's outputs to ensure values fall between [0,1].,c95e44101cfc47319315084fbb9e7c19
feature volume,implicit function (predicted mesh surface),Models the implicit function, where the predicted surface lies at the 0.5 level-set.,c95e44101cfc47319315084fbb9e7c19
sample point,feature volume,Interpolates a value in the Feature Volume to get a consistent approximation of mesh thickness.,c95e44101cfc47319315084fbb9e7c19
mesh thickness plane,feature volume,Sum of the Feature Volume in the z dimension to create a 2D representation of mesh thickness.,c95e44101cfc47319315084fbb9e7c19
groundtruth mesh,groundtruth mesh thickness plane,Computed for calculating the mean squared error during training.,c95e44101cfc47319315084fbb9e7c19
mean squared error,training loss,Used as a metric to supervise the training process.,c95e44101cfc47319315084fbb9e7c19
multi-task learning (mtl),fss scheme,An extension to the FSS scheme providing additional supervision.,c95e44101cfc47319315084fbb9e7c19
1 hourglass stack,mtl,Still used in the MTL setup, although not explained further.,c95e44101cfc47319315084fbb9e7c19
training process,mtl,MTL is mentioned to be ablated later in the context, indicating a relation of being evaluated or compared within the training process.,59f30beae74049cfa8caca6a6a971f22
thuman2.0 dataset,training set,The THuman2.0 dataset is used as the training set for both models, implying a functional relationship.,59f30beae74049cfa8caca6a6a971f22
thhuman2.0 dataset,526 high-quality scans/meshes,The dataset contains 526 scans/meshes, specifying the quantity of data.,59f30beae74049cfa8caca6a6a971f22
thuman2.0 dataset,ethnic chinese human subjects,It consists of subjects from a specific ethnicity.,59f30beae74049cfa8caca6a6a971f22
training set,80-20 train-test split,A train-test split is applied to the data, indicating a data preparation step.,59f30beae74049cfa8caca6a6a971f22
rgb image,rendered from mesh,RGB images are generated from the mesh's front view.,59f30beae74049cfa8caca6a6a971f22
weak-perspective camera,used for rendering,A weak-perspective camera is employed for capturing images.,59f30beae74049cfa8caca6a6a971f22
integratedpifu,benchmark,IntegratedPIFu is a competing model, serving as a benchmark.,59f30beae74049cfa8caca6a6a971f22
s-pifu,benchmark,S-PIFu is another benchmark model.,59f30beae74049cfa8caca6a6a971f22
buff dataset,evaluation dataset, BUFF dataset is used for additional evaluation.,59f30beae74049cfa8caca6a6a971f22
buff dataset,systematic sampling,Models are evaluated using systematic sampling.,59f30beae74049cfa8caca6a6a971f22
integratedpifu,chan et al. (2022b),Reference to the paper by Chan et al. for the model.,59f30beae74049cfa8caca6a6a971f22
s-pifu,chan et al. (2022a),Another reference to Chan et al. for the model.,59f30beae74049cfa8caca6a6a971f22
single-view clothed human reconstruction,existing models,Our models are compared against these models in the context of single-view clothed human reconstruction.,426052aec05d479fa346c893b6d16f65
pifu (saito et al. 2019),pifuhd (saito et al. 2020),Both PIFu and PIFuHD are among the existing models being compared in the study.,426052aec05d479fa346c893b6d16f65
integratedpifu (chan et al. 2022b),pifu (saito et al. 2019), pifuhd (saito et al. 2020), integratedpifu (chan et al. 2022b),IntegratedPIFu is another model included in the comparison, showcasing its role as a competitor.,426052aec05d479fa346c893b6d16f65
chamfer distance (cd), point-to-surface (p2s), normal reprojection error (nml),metrics,These are the quantitative evaluation metrics used for comparing the models.,426052aec05d479fa346c893b6d16f65
s-pifu (chan et al. 2022a),methods using smpl-x meshes as priors,S-PIFu is an additional method for comparison, which uses SMPL-X as a prior.,426052aec05d479fa346c893b6d16f65
icon (xiu et al. 2022),compared qualitatively,ICON is also compared qualitatively, alongside our method.,426052aec05d479fa346c893b6d16f65
our method,fingers, hands, and ears,Our method is particularly praised for reconstructing fine details like fingers, hands, and ears.,426052aec05d479fa346c893b6d16f65
high-frequency wavy artefacts,unnatural protrusions,Our method avoids these artifacts typically seen in competing models.,426052aec05d479fa346c893b6d16f65
real internet images,shutterstock,Real images from Shutterstock are used for a more comprehensive qualitative evaluation in the arXiv version.,426052aec05d479fa346c893b6d16f65
quantitative evaluation,tab. 1,The quantitative evaluation is presented in Table 1, comparing our models (last 5 rows) with state-of-the-art (SOTA) methods.,18e1ff36cc1e402b92ea17e6f5741cc4
our models,sota methods,In Table 1, our low-resolution model 'FSS (Ours)' outperforms the existing models (first five rows) in most columns.,18e1ff36cc1e402b92ea17e6f5741cc4
fss (ours),integratedpifu,FSS without NSP and MTL is compared to IntegratedPIFu, showing better performance.,18e1ff36cc1e402b92ea17e6f5741cc4
fss (ours),fss w/o nsp,FSS without Normal Sampling Process (NSP) is a variant of FSS.,18e1ff36cc1e402b92ea17e6f5741cc4
fss (ours),fss w/o mtl,FSS without Multi-Task Learning (MTL) is another variant of FSS.,18e1ff36cc1e402b92ea17e6f5741cc4
hri,integratedpifu,High-Resolution Integrator (HRI) is proposed by IntegratedPIFu, and it's compared in the context.,18e1ff36cc1e402b92ea17e6f5741cc4
mesh thickness loss (mtl),pifu with mtl,A PIFu using MTL is compared, showing improved structural accuracy both qualitatively and quantitatively.,18e1ff36cc1e402b92ea17e6f5741cc4
fss,clothed human reconstruction,FSS is proposed for pixel-aligned implicit models specifically for reconstructing clothed humans.,18e1ff36cc1e402b92ea17e6f5741cc4
fine structured-aware sampling (fss),qualitative results,The qualitative results of FSS can be found in Fig. 9, demonstrating its effectiveness.,18e1ff36cc1e402b92ea17e6f5741cc4
sampling training scheme,pixel-aligned implicit models,The novel scheme is used to train implicit models specifically for clothed human reconstruction.,94444870787e4cdfa30f27bc86a841f0
normals of sample points (nsp),mesh thickness loss signal (mtl),Both NSP and MTL are components that contribute to improving the reconstruction results.,94444870787e4cdfa30f27bc86a841f0
fss scheme (w/o nsp w/o mtl),pifuhd,FSS without NSP and MTL still outperforms PIFuHD, highlighting the effectiveness of the proposed method.,94444870787e4cdfa30f27bc86a841f0
fss scheme (w/o nsp w/o mtl),integratedpifu,FSS without NSP and MTL also outperforms IntegratedPIFu, indicating its superiority.,94444870787e4cdfa30f27bc86a841f0
pifu trained with spatial sampling scheme,pifu trained with dos scheme,Comparison shows that FSS without NSP and MTL leads to better results than both spatial sampling and DOS.,94444870787e4cdfa30f27bc86a841f0
fss (w/o nsp w/o mtl),thin features (e.g. ears, fingers),FSS improves the ability to reconstruct thin structures without producing wavy or noisy artefacts.,94444870787e4cdfa30f27bc86a841f0
pifu,spatial sampling,A PIFu trained with FSS significantly outperforms one trained with spatial sampling.,94444870787e4cdfa30f27bc86a841f0
pifu,dos scheme,A PIFu trained with FSS outperforms one trained with the Dense Occupancy Sampling (DOS) scheme.,94444870787e4cdfa30f27bc86a841f0
thuman2.0 dataset,higher resolution input rgb image,The 'NML' metric shows PIFuHD and IntegratedPIFu's advantage due to their use of a higher resolution image.,94444870787e4cdfa30f27bc86a841f0
our high-resolution model,existing models,Our high-resolution model, with FSS, outperforms existing models across all metrics.,94444870787e4cdfa30f27bc86a841f0
ablation studies,further ablation study,Additional studies are provided in the arXiv version for deeper analysis.,94444870787e4cdfa30f27bc86a841f0
metric model-conditioned implicit representation,image-based human reconstruction,The context discusses a metric model that is designed specifically for controlling an implicit representation in the context of reconstructing humans from images.,5bee97caf0f34e64b3ff45c42cf26ad4
ieee transactions on pattern analysis and machine intelligence,publication venue,The research was published in this academic journal.,5bee97caf0f34e64b3ff45c42cf26ad4
agency for science, technology and research (a*star),funding organization,The research work is financially supported by A*STAR through their MTC Programmatic Funds, grant number M23L7b0021.,5bee97caf0f34e64b3ff45c42cf26ad4
