node_1,node_2,edge,chunk_id
abstractlane detection,autonomous driving,AbstractLane detection is a task within the broader context of autonomous driving.,1a7cd875f7dd4bdab6f00c8a6f69673d
lane detection,complex topology of lanes,The task involves understanding the intricate structure of lanes.,1a7cd875f7dd4bdab6f00c8a6f69673d
previous methods of lane detection,challenges,Previous methods have shown success but face challenges, particularly in certain scenarios.,1a7cd875f7dd4bdab6f00c8a6f69673d
global and local features,accurate detection of lanes,Global and local features contribute differently to precise lane identification.,1a7cd875f7dd4bdab6f00c8a6f69673d
hybrid global-local perception network (hglnet),global and local features,HGLNet is designed to leverage both types of features for improved lane detection.,1a7cd875f7dd4bdab6f00c8a6f69673d
global extraction head,global semantic context,The global extraction head captures context for efficient lane information aggregation.,1a7cd875f7dd4bdab6f00c8a6f69673d
multi-hierarchy feature aggregator (mfa),local features,MFA enhances local feature representation across regional and local scales.,1a7cd875f7dd4bdab6f00c8a6f69673d
hybrid architecture,global presence of lanes,The hybrid design focuses on global and local features at different depths for comprehensive lane sensing.,1a7cd875f7dd4bdab6f00c8a6f69673d
proposed method,detection accuracy,Experimental results show improvements in detection accuracy in challenging scenarios.,1a7cd875f7dd4bdab6f00c8a6f69673d
proposed method,existing methods,Our method outperforms existing approaches in handling scenarios with absent lane markings.,1a7cd875f7dd4bdab6f00c8a6f69673d
proposed method,detection accuracy,The proposed method aims to improve detection accuracy.,3826475001904ac1b5de130d4deb61f7
proposed method,state-of-the-art lane detection methods,The proposed method outperforms existing state-of-the-art techniques.,3826475001904ac1b5de130d4deb61f7
lane detection,fundamental component,Lane detection is a crucial aspect for autonomous driving systems.,3826475001904ac1b5de130d4deb61f7
deep-learning-based methods,promising results,Deep-learning methods have shown improved performance in lane detection.,3826475001904ac1b5de130d4deb61f7
challenges,faded lane lines,One challenge is detecting lanes with faded lines.,3826475001904ac1b5de130d4deb61f7
challenges,adverse illumination or weather situations,Another challenge is dealing with poor lighting or weather conditions.,3826475001904ac1b5de130d4deb61f7
challenges,occlusion of lane markings,Occlusions by objects like cars make lane detection difficult.,3826475001904ac1b5de130d4deb61f7
challenges,absence of lane markings,Detecting lanes without visible markings is a challenge.,3826475001904ac1b5de130d4deb61f7
contemporary approaches,extensive analysis,An in-depth analysis of current lane detection methods is conducted.,3826475001904ac1b5de130d4deb61f7
hard cases,lane almost occupied by cars,Illustration (a) showcases lanes heavily obstructed by cars.,3826475001904ac1b5de130d4deb61f7
hard cases,roads without lane marking,Illustration (b) shows lanes without clear markings.,3826475001904ac1b5de130d4deb61f7
hard cases,blurred lane lines (night conditions),Illustration (c) demonstrates lanes that are difficult to detect at night due to blur.,3826475001904ac1b5de130d4deb61f7
multi-hierarchical characteristics,local features,The context discusses the investigation of local features, highlighting their importance for improving lane detection accuracy.,bf393eb77d954eb784da4d76f6cd67dc
local features,accuracy of lane detection,Local features are crucial for enhancing the accuracy in challenging scenarios.,bf393eb77d954eb784da4d76f6cd67dc
robustness of the model,effective integration of local and global features,The model's robustness benefits from combining both types of features.,bf393eb77d954eb784da4d76f6cd67dc
clrnet (zheng et al. 2022),roigather model,CLRNet introduces the ROIGather model for simultaneous gathering of global and local features during parameter refinement.,bf393eb77d954eb784da4d76f6cd67dc
global features,high-level semantics,Global features are typically associated with abstract, high-level meaning.,bf393eb77d954eb784da4d76f6cd67dc
local features,low-level features,Local features are generally represented at a more basic, low-level level.,bf393eb77d954eb784da4d76f6cd67dc
hglnet (proposed in this paper),hybrid global-local perception network,HGLNet is a novel network designed to handle global and local features independently and integrate them effectively.,bf393eb77d954eb784da4d76f6cd67dc
global extraction head,higher-level global semantic context,The global extraction head focuses on capturing the essential context for lane detection in an efficient manner.,bf393eb77d954eb784da4d76f6cd67dc
global extraction head,sampling points around a lane,It selectively attends to key points for global context extraction.,bf393eb77d954eb784da4d76f6cd67dc
self-attention layers,efficient global context,Self-attention layers are used to process the sampling sequence and provide a global understanding.,bf393eb77d954eb784da4d76f6cd67dc
issue,accurately detecting lanes,The paper addresses the challenge of ensuring precise lane detection.,bf393eb77d954eb784da4d76f6cd67dc
multi-hierarchy feature aggregator (mfa),lane detection,MFA is introduced to address the issue of accurately detecting occluded and blurred lane lines in lane detection.,5a99f77537264503a020045b634ad8fa
hybrid global-local perception network (hglnet),lane detection,HGLNet is a proposed method that effectively extracts global semantic context and local features for improved lane detection.,5a99f77537264503a020045b634ad8fa
global extraction head,hglnet,The global extraction head is a part of HGLNet, combining adaptive sampling points and attention mechanism for global relationships.,5a99f77537264503a020045b634ad8fa
object hierarchy,mfa,MFA explicitly models object hierarchies at regional and local ranges, enhancing accuracy in lane location regression.,5a99f77537264503a020045b634ad8fa
deep-learning-based lane detection methods,promising prospects,These methods show great potential, indicating a shift towards advanced techniques like HGLNet and MFA.,5a99f77537264503a020045b634ad8fa
cu-lane (pan et al. 2018),lane detection benchmark,CU-Lane is one of the benchmarks where the proposed method achieves state-of-the-art results.,5a99f77537264503a020045b634ad8fa
tusimple (tusimple 2020),lane detection benchmark,Another benchmark where the proposed method excels, demonstrating its effectiveness.,5a99f77537264503a020045b634ad8fa
llamas (behrendt and soussan 2019),lane detection benchmark,LLAMAS is a third benchmark where the proposed approach sets new performance standards.,5a99f77537264503a020045b634ad8fa
deep-learning-based lane detection methods,categories,These methods can be divided into five categories.,6c39906ce3394318a334343177ea25ac
segmentation-based methods,category,Segmentation-based methods belong to the first category.,6c39906ce3394318a334343177ea25ac
per-pixel classification,approach used by segmentation-based methods,Segmentation-based methods treat lane detection as a per-pixel classification problem.,6c39906ce3394318a334343177ea25ac
scnn,example of segmentation-based method,SCNN (Pan et al. 2018) uses a message-passing mechanism.,6c39906ce3394318a334343177ea25ac
global features,obtained by scnn,SCNN obtains global features from a message-passing mechanism.,6c39906ce3394318a334343177ea25ac
lanenet,example of segmentation-based method,LaneNet (Neven et al. 2018) represents lanes as instance segmentation.,6c39906ce3394318a334343177ea25ac
instance segmentation,approach adopted by lanenet,LaneNet casts lane detection as an instance segmentation problem.,6c39906ce3394318a334343177ea25ac
resa,example of segmentation-based method,RESA (Zheng et al. 2021) improves efficiency and accuracy of message-passing.,6c39906ce3394318a334343177ea25ac
keypoint-based methods,category,Next category is keypoint-based methods.,6c39906ce3394318a334343177ea25ac
human pose estimation,inspiration for keypoint-based methods,Inspiration comes from human pose estimation.,6c39906ce3394318a334343177ea25ac
fololane,example of keypoint-based method,FOLOLane estimates lane keypoints and generates final lines.,6c39906ce3394318a334343177ea25ac
bottom-up approach,methodology of fololane,FOLOLane is a bottom-up lane detection method.,6c39906ce3394318a334343177ea25ac
global extraction head,sparse space samples,The global extraction head uses sparse space samples as input.,1fc350276ee246bebf038babec2e99f7
global semantic features,global extraction head,Global semantic features are obtained from the global extraction head.,1fc350276ee246bebf038babec2e99f7
global semantic features,ffn layers,Concatenated global and local features are passed through FFN layers.,1fc350276ee246bebf038babec2e99f7
lanes,predicted,Predicts the presence and regresses positions of lanes.,1fc350276ee246bebf038babec2e99f7
lane line continuity prior,methods,Methods like row-anchor-based and line-anchor-based utilize this property.,1fc350276ee246bebf038babec2e99f7
row-anchor-based methods,identification and classification,Row-anchor-based methods involve identifying and classifying specific on-row positions.,1fc350276ee246bebf038babec2e99f7
ufld,first row-anchor-based method,UFLD is an example of the first row-anchor-based method.,1fc350276ee246bebf038babec2e99f7
condlanenet,row-anchor-based formulation,CondLaneNet integrates conditional convolution and a row-anchor-based approach.,1fc350276ee246bebf038babec2e99f7
complex topology lane concerns,addressed by rim,RIM helps address issues with complex lane topologies in CondLaneNet.,1fc350276ee246bebf038babec2e99f7
line-anchor-based methods,region anchors,Line-anchor-based methods build on region anchors from Faster R-CNN.,1fc350276ee246bebf038babec2e99f7
line-cnn,novel line anchor representation,Line-CNN introduces a specialized line anchor representation for lane detection.,1fc350276ee246bebf038babec2e99f7
laneatt,local features,LaneATT combines local features with global features for improved accuracy.,1fc350276ee246bebf038babec2e99f7
accuracy,lane prediction,These methods achieve high accuracy in predicting lanes.,4e8d453766e04940bf6593864ac84a6b
laneatt (tabelini et al. 2021a),accuracy,proposed to improve lane prediction accuracy.,4e8d453766e04940bf6593864ac84a6b
clrnet (zheng et al. 2022),accuracy,also contributes to high accuracy through a cross-layer refinement mechanism.,4e8d453766e04940bf6593864ac84a6b
hglnet,accuracy,addresses the limitations of previous methods, enhancing accuracy.,4e8d453766e04940bf6593864ac84a6b
line anchors,accuracy,performance heavily relies on their position for accurate predictions.,4e8d453766e04940bf6593864ac84a6b
global information,accuracy,methods lack global information, which affects accuracy.,4e8d453766e04940bf6593864ac84a6b
deformable attention module,global nature,provides a global instead of local focus compared to CNNs.,4e8d453766e04940bf6593864ac84a6b
transformer,deformable detr (zhu et al. 2020),DETR is a pioneer in applying Transformers for object detection.,4e8d453766e04940bf6593864ac84a6b
multi-head attention module,computational complexities,causes slow convergence and high computational costs.,4e8d453766e04940bf6593864ac84a6b
deformable detr,multi-head attention module,proposes deformable attention to overcome quadratic complexity issue.,4e8d453766e04940bf6593864ac84a6b
deformable detr,deformable attention module,Deformable DETR proposes the deformable attention module as a solution to handle large feature map sizes.,5795469ab9a44b939eaabe00723404f6
deformable attention module,sparse spatial sampling,The deformable attention module combines the advantages of sparse sampling from deformable convolution with transformer's relation modeling.,5795469ab9a44b939eaabe00723404f6
deformable attention module,multi-scale feature maps,It can be extended naturally for multi-scale feature maps, which is inspired by PersFormer.,5795469ab9a44b939eaabe00723404f6
persformer,adaptive sampling strategy,PersFormer employs adaptive sampling for global feature extraction, which helps focus on lane regions.,5795469ab9a44b939eaabe00723404f6
global extraction head,multi-scale feature maps,The global extraction head uses resized multi-scale feature maps for effective feature aggregation.,5795469ab9a44b939eaabe00723404f6
global extraction head,attention mechanism,This head employs an attention mechanism to acquire global features.,5795469ab9a44b939eaabe00723404f6
lane line,line anchor,A lane line is represented using a line anchor, which captures the slender shape and prior information.,5795469ab9a44b939eaabe00723404f6
line anchor,shape priors,The line anchor has predefined shape priors to better localize lanes.,5795469ab9a44b939eaabe00723404f6
lane prior,2d points,The lane is represented by a sequence of 2D points, with y-coordinates uniformly sampled.,5795469ab9a44b939eaabe00723404f6
slender lane structure,computational costs,Adaptive sampling restricts feature aggregation to the region near the slender lane structure, minimizing computational expenses.,5795469ab9a44b939eaabe00723404f6
reference points,input feature map,The sampling offset of each reference point is computed relative to the input feature map at each layer.,22f30aa5b89b4fb3a80db1cc149599b8
normalized coordinates,reference point,pq represents the normalized coordinates of the reference point for each query element.,22f30aa5b89b4fb3a80db1cc149599b8
sampling offset,lth feature level,△pmlqk indexes the sampling offset of the kth sampling point in the lth feature level.,22f30aa5b89b4fb3a80db1cc149599b8
global features,normalized coordinates,The function ϕ calculates the interpolated feature for each reference point using its normalized coordinates.,22f30aa5b89b4fb3a80db1cc149599b8
global feature vectors,attention weight,Amlqk denotes the attention weight of each reference point, contributing to the computation of global feature vectors.,22f30aa5b89b4fb3a80db1cc149599b8
lane priors,global extraction head,The global extraction head focuses on a limited number of reference points around lane lines, as they are sparse and slender.,22f30aa5b89b4fb3a80db1cc149599b8
lanes,multiple hierarchies,Lanes have multiple levels of characteristics, indicating different levels of detail or abstraction.,22f30aa5b89b4fb3a80db1cc149599b8
recent studies,multi-hierarchy feature aggregator motivation,The motivation for the multi-hierarchy feature aggregator comes from recent research in lane detection.,22f30aa5b89b4fb3a80db1cc149599b8
lane markings,local hierarchy range,The local hierarchy range refers to characteristic features of lane markings, such as edges and colors, which span several pixels.,e773f2fe94a24260954d452d9fd034c1
local hierarchy range,regional range,The regional range is distinguished from the local hierarchy range by using a larger window size, typically tens of pixels, to identify lane markings.,e773f2fe94a24260954d452d9fd034c1
lane detector,detection window size,To handle partial occlusion, the lane detector adjusts the detection window size to include adjacent pixels for precise position detection.,e773f2fe94a24260954d452d9fd034c1
partial occlusion,blurred lane markings,In cases of blurred lane markings, the lane detector emphasizes local features like lane edges to improve detection accuracy.,e773f2fe94a24260954d452d9fd034c1
multi-hierarchy feature lane,predicted lane,The Multi-hierarchy feature lane is a representation that combines a lane prior and N offsets to form the final predicted lane as a sequence of points.,e773f2fe94a24260954d452d9fd034c1
lane prior,parts,A lane prior consists of front and rear background probabilities, length, and starting point coordinates with an angle.,e773f2fe94a24260954d452d9fd034c1
object detection,classification,Object detection typically includes both classification (identifying object categories) and localization (determining object positions) within an image.,e773f2fe94a24260954d452d9fd034c1
object detection,localization,As mentioned, object detection also entails localizing objects within an image.,e773f2fe94a24260954d452d9fd034c1
object detection,classification,Object detection includes both classification and localization tasks.,f241e6088b6b4ecc8bd6515a5201ff65
object detection,localization,Localization aims to accurately regress bounding boxes, often relying on local features.,f241e6088b6b4ecc8bd6515a5201ff65
bounding box regression,local features,Local features are crucial for precise bounding box localization.,f241e6088b6b4ecc8bd6515a5201ff65
object classification,global semantic context,Global context is preferred for accurate object classification, providing a broader understanding.,f241e6088b6b4ecc8bd6515a5201ff65
lane detection,global and local feature integration,Previous studies emphasize the importance of combining global and local features, like LaneATT.,f241e6088b6b4ecc8bd6515a5201ff65
laneatt,attention mechanism,LaneATT calculates attention between feature vectors to gather global and local information.,f241e6088b6b4ecc8bd6515a5201ff65
multi-head mechanism,global and local features,The multi-head mechanism focuses on global and local features separately.,f241e6088b6b4ecc8bd6515a5201ff65
lane prior head,feature pyramid network (fpn),Inspired by CLRNet, the lane prior head uses FPN for feature refinement.,f241e6088b6b4ecc8bd6515a5201ff65
feature pyramid network (fpn),cross-layer refinement,FPN refines lane priors across different levels of feature maps.,f241e6088b6b4ecc8bd6515a5201ff65
mfa (multi-scale feature aggregation),feature enhancement,MFA strengthens feature associations within local ranges at each FPN level.,f241e6088b6b4ecc8bd6515a5201ff65
mfa,cp channels,MFA outputs feature maps with Cp channels after enhancing each layer.,f241e6088b6b4ecc8bd6515a5201ff65
lane detection,culane,CULane is a large-scale lane detection dataset with 88k training images and 34k testing images.,1c397ecd60c24e469abf8b16b2e9590e
lane detection,llamas,LLAMAS is a large-scale highway lane detection dataset with over 100k images.,1c397ecd60c24e469abf8b16b2e9590e
lane detection,tusimple,We conduct experiments on three widely used benchmarks: CULane, LLAMAS, and TuSimple.,1c397ecd60c24e469abf8b16b2e9590e
training phase,auxiliary segmentation loss,Laux is an auxiliary segmentation loss used only in the training phase.,1c397ecd60c24e469abf8b16b2e9590e
evaluation metrics,f1-measure,F1-measure, based on Intersection-over-Union (IoU), is used for CULane and LLAMAS.,1c397ecd60c24e469abf8b16b2e9590e
evaluation metrics,mf1,mF1, similar to COCO, is used for comparing positioning performance.,1c397ecd60c24e469abf8b16b2e9590e
coco,metric,mF1 follows the COCO metric for better comparison.,1c397ecd60c24e469abf8b16b2e9590e
resnet,dla,Both ResNet and DLA are used as pre-trained backbones for the model.,e135bf67249e4ffbbe143bb9f8ce950f
input images,training and testing phases,Input images are resized to 320 × 800 for both training and testing.,e135bf67249e4ffbbe143bb9f8ce950f
random affine transformation,data augmentation,Data augmentation techniques include random affine transformation (like translation, rotation, and scaling).,e135bf67249e4ffbbe143bb9f8ce950f
random horizontal flips,data augmentation,Horizontal flips are another method of data augmentation.,e135bf67249e4ffbbe143bb9f8ce950f
adamw optimizer,training process,The model uses AdamW optimizer with a learning rate of 1e-3.,e135bf67249e4ffbbe143bb9f8ce950f
cosine decay learning rate strategy,training process,Cosine decay learning rate strategy with power set to 0.9 is employed.,e135bf67249e4ffbbe143bb9f8ce950f
lane prior head,number of lane prior proposals,Np = 192 lane prior proposals are used.,e135bf67249e4ffbbe143bb9f8ce950f
lane prior head,proposals' feature dimension,Cp = 64 is the feature dimension for each proposal.,e135bf67249e4ffbbe143bb9f8ce950f
lane prior head,number of points per lane prior,Each lane prior has N = 72 points.,e135bf67249e4ffbbe143bb9f8ce950f
global extraction head,resized dimensions,Hg = 10, Wg = 25 for the global extraction.,e135bf67249e4ffbbe143bb9f8ce950f
global extraction head,channel size,Cg = 192 is the channel size.,e135bf67249e4ffbbe143bb9f8ce950f
global extraction head,reference points,K = 4 reference points are used.,e135bf67249e4ffbbe143bb9f8ce950f
mha (multi-head attention),global extraction head,Dilation rate in MHA is set to d = 2.,e135bf67249e4ffbbe143bb9f8ce950f
culane,training epochs,CULane is trained for 15 epochs.,e135bf67249e4ffbbe143bb9f8ce950f
tusimple,training epochs,Tusimple is trained for 80 epochs.,e135bf67249e4ffbbe143bb9f8ce950f
llama,training epochs,LLAMA is trained for 20 epochs.,e135bf67249e4ffbbe143bb9f8ce950f
culane,tusimple,Performance comparison on CULane and TuSimple is shown in the text.,f0739a3994204b028fa7d3520599711f
culane,popular lane detection methods,The proposed method is compared with other popular lane detection methods on CULane.,f0739a3994204b028fa7d3520599711f
culane test set,our method,Our method achieves state-of-the-art results on the CULane test set.,f0739a3994204b028fa7d3520599711f
hglnet,dla34 version of clrnet,HGLNet delivers better performance with a higher efficiency trade-off (104 FPS vs 94 FPS).,f0739a3994204b028fa7d3520599711f
shadow, no line, and night,challenging scenarios,HGLNet improves detection accuracy in challenging scenarios.,f0739a3994204b028fa7d3520599711f
dazzle scenario,clrnet (resnet101),ResNet18 version of our method outperforms CLRNet (ResNet101) with a significant improvement in F1 measure.,f0739a3994204b028fa7d3520599711f
resnet18 version of our method,condlanenet (resnet18),Our method's ResNet18 version has higher F1 on the Dazzle scenario, outperforming CondLaneNet (ResNet18).,f0739a3994204b028fa7d3520599711f
backbone, clrnet,Our method improves mF1 metrics even when using the same backbone as CLRNet.,f0739a3994204b028fa7d3520599711f
qualitative results,culane dataset,Qualitative results for four scenarios on the CULane dataset are shown.,f0739a3994204b028fa7d3520599711f
hybrid global-local perception network (hglnet),global context,HGLNet proposes a global extraction head to extract global context from multi-layer feature maps to address the absence of visual evidence for lane presence.,1f837f3cf5f148308a58a4dc58b3d596
global context,local feature modeling,HGLNet efficiently extracts global context and local feature modeling simultaneously for lane detection.,1f837f3cf5f148308a58a4dc58b3d596
hybrid architecture,improves performance,The introduction of the hybrid architecture significantly improves the network's performance, especially in difficult scenarios.,1f837f3cf5f148308a58a4dc58b3d596
proposed hybrid architecture,difficult scenarios,The hybrid architecture is advantageous in handling challenging situations where accurate localization is crucial.,1f837f3cf5f148308a58a4dc58b3d596
global presence of lane lines,location regression,The network aims to sense the global presence and accurately regress the positions of lane lines.,1f837f3cf5f148308a58a4dc58b3d596
local features,existence of lane lines,Local features help judge the existence of lane lines.,1f837f3cf5f148308a58a4dc58b3d596
local features,position correction,Local features are also used to refine the positions of detected lane lines.,1f837f3cf5f148308a58a4dc58b3d596
culane,dataset for evaluation,Results are reported on the CULane dataset, showcasing the effectiveness of the proposed method.,1f837f3cf5f148308a58a4dc58b3d596
global extraction head,multi-layer feature maps,The global extraction head is used to extract context from the multi-layer feature maps.,8e32983e785448b5a68b8f3e294bbf00
global extraction head,lane detection accuracy,The global extraction head contributes to improving lane detection accuracy.,8e32983e785448b5a68b8f3e294bbf00
mfa (proposed method),hierarchy of local feature ranges,MFA is proposed to enhance the hierarchy of local feature ranges for better lane detection.,8e32983e785448b5a68b8f3e294bbf00
mfa (proposed method),lane detection,MFA improves the performance of lane detection.,8e32983e785448b5a68b8f3e294bbf00
proposed method,state-of-the-art methods,The proposed method outperforms existing state-of-the-art methods.,8e32983e785448b5a68b8f3e294bbf00
key r&d program of jiangsu province,financial support,The research was financially supported by this program.,8e32983e785448b5a68b8f3e294bbf00
key r&d program of jiangsu province,be2023352,Specific grant number for the project.,8e32983e785448b5a68b8f3e294bbf00
acknowledgments,gratitude,The authors express gratitude for the financial support received.,8e32983e785448b5a68b8f3e294bbf00
