node_1,node_2,edge,chunk_id
abstractlane detection,lane detection,The context introduces 'AbstractLane detection' as a specific type of lane detection, which is the main topic.,c986b1de04154eb2945a5ffca37489ce
precise location and shape,lane characteristics,These terms describe the objective of lane detection, focusing on the exact positioning and form.,c986b1de04154eb2945a5ffca37489ce
complexity of real-world scenarios,challenge,Real-world challenges pose a difficulty for lane detection.,c986b1de04154eb2945a5ffca37489ce
proposal-based methods,top-down approach,Proposal-based methods detect lanes using a top-down, streamlined process.,c986b1de04154eb2945a5ffca37489ce
keypoint-based methods,local descriptors,Keypoint-based methods create lanes flexibly from these descriptors, requiring post-processing.,c986b1de04154eb2945a5ffca37489ce
sketch-and-refine paradigm,methodology,This paper presents a new approach combining the strengths of proposal- and keypoint-based methods.,c986b1de04154eb2945a5ffca37489ce
local directions of lanes,simple and clear semantics,The 'Sketch' stage relies on estimating these directions for efficient proposal creation.,c986b1de04154eb2945a5ffca37489ce
lane segment association module (lsam),refinement module,LSAM optimizes proposals by enabling adaptive lane segment adjustments.,c986b1de04154eb2945a5ffca37489ce
multi-level feature integration,feature enrichment,This technique enhances lane feature representations for better detection.,c986b1de04154eb2945a5ffca37489ce
srlane,proposed detector,SRLane is the fast and effective lane detector that implements the 'Sketch-and-Refine' paradigm.,c986b1de04154eb2945a5ffca37489ce
experiments,validation,The paper supports its claims with experimental results demonstrating the effectiveness of SRLane.,c986b1de04154eb2945a5ffca37489ce
srlane,lane detector,SRLane is a type of lane detector proposed in the 'and-Refine' paradigm.,2c78ab35abc94a19b0034a93bf53ac73
lane detection,autonomous driving system,Lane detection is a core component of an autonomous driving system.,2c78ab35abc94a19b0034a93bf53ac73
convolutional neural networks (cnn),lane detection,The advancement of CNNs has contributed to the progress in lane detection.,2c78ab35abc94a19b0034a93bf53ac73
keypoint-based methods,lane detection,Keypoint-based methods are one approach to lane detection, involving discrete keypoints detection and association.,2c78ab35abc94a19b0034a93bf53ac73
proposal-based methods,lane detection,Proposal-based methods are another approach to lane detection, distinct from keypoint-based.,2c78ab35abc94a19b0034a93bf53ac73
local descriptors,integration in keypoint-based methods,Local descriptors, including semantic and geometric ones, are used to associate detected keypoints in keypoint-based lane detection.,2c78ab35abc94a19b0034a93bf53ac73
srlane,f1 score,SRLane achieves an F1 score of 78.9% which demonstrates its effectiveness.,2c78ab35abc94a19b0034a93bf53ac73
srlane,speed,SRLane runs at a fast speed of 278 FPS.,2c78ab35abc94a19b0034a93bf53ac73
srlane,source code,The source code for SRLane is available on GitHub.,2c78ab35abc94a19b0034a93bf53ac73
authors (e.g., pan et al. 2018; li et al. 2019),related work,These authors contribute to the broader context of lane detection research.,2c78ab35abc94a19b0034a93bf53ac73
qu et al. 2021,keypoint-based method,Qu et al. present a keypoint-based approach.,2c78ab35abc94a19b0034a93bf53ac73
wang et al. 2022,keypoint-based method,Wang et al. also contribute to the keypoint-based lane detection methods.,2c78ab35abc94a19b0034a93bf53ac73
feng et al. 2022,proposal-based method,Feng et al. work on proposal-based lane detection techniques.,2c78ab35abc94a19b0034a93bf53ac73
tabelini et al. 2021a,proposal-based method,Tabelini et al. are another contributor to proposal-based methods.,2c78ab35abc94a19b0034a93bf53ac73
figure 1(a),example of keypoint-based methods,Figure 1(a) illustrates the concept of keypoint-based lane detection.,2c78ab35abc94a19b0034a93bf53ac73
cent keypoints (qu et al. 2021),integration procedure,The context mentions that cent keypoints are flexible but highlights the drawback of the integration procedure - it complicates the pipeline and adds errors.,09af8d802a6141f1bc3b8d968ca4b0b9
integration procedure,additive errors,The integration procedure is responsible for causing additive errors in the lane prediction process.,09af8d802a6141f1bc3b8d968ca4b0b9
proposal-based methods,global geometry modeling,Proposal-based methods directly model the global geometry of lanes using proposals as input.,09af8d802a6141f1bc3b8d968ca4b0b9
proposal-based methods,efficiency vs adaptability dilemma,These methods struggle to balance efficiency (sparse proposals) with fitting ability (dense proposals).,09af8d802a6141f1bc3b8d968ca4b0b9
sparse proposals,computational efficiency,Sparse proposals are computationally efficient but have limited fitting capacity.,09af8d802a6141f1bc3b8d968ca4b0b9
dense proposals,better fitting ability,Dense proposals provide better fitting accuracy but are more computationally expensive.,09af8d802a6141f1bc3b8d968ca4b0b9
anchor-based methods,high redundancy and complexity,Anchor-based methods have a large number of preset anchors, leading to redundancy and hindering application on resource-constrained devices.,09af8d802a6141f1bc3b8d968ca4b0b9
anchor-based methods,trade-off between performance and inference,They aim to strike a balance between achieving good performance and maintaining efficient inference.,09af8d802a6141f1bc3b8d968ca4b0b9
resource-constrained hardware,performance,Trade-off is made between these two, as improving performance often requires more resources.,0e9aa363e69642bfa5fbcfb7dcb5f283
methods (qin, wang, and li 2020),laborious processes,These methods involve more manual work to arrange varying amounts of anchors across datasets.,0e9aa363e69642bfa5fbcfb7dcb5f283
local lane markers,global lanes,Local markers are easier to predict than global lanes due to their limited geometric variations and spatial coverage.,0e9aa363e69642bfa5fbcfb7dcb5f283
local regions,geometric consistency,Lanes exhibit consistency in lane slope within local regions, suggesting a connection between nearby points.,0e9aa363e69642bfa5fbcfb7dcb5f283
culane test set,keypoints of a lane,Keypoints of lanes are found to be consistent in the CULane dataset, implying their potential use in proposal-based methods.,0e9aa363e69642bfa5fbcfb7dcb5f283
initially,lane detection research,Research started with detecting hand-crafted low-level features before moving to deep learning methods.,0e9aa363e69642bfa5fbcfb7dcb5f283
hand-crafted low-level features,spline fitting,These traditional methods involved using low-level features to fit splines for lane localization.,0e9aa363e69642bfa5fbcfb7dcb5f283
deep learning methods,complex scenes,Deep learning methods generally outperform traditional ones in challenging environments.,0e9aa363e69642bfa5fbcfb7dcb5f283
prevailing attempts of deep learning,two categories,Deep learning in lane detection is divided into keypoint-based and proposal-based approaches.,0e9aa363e69642bfa5fbcfb7dcb5f283
keypoint-based methods,proposal-based methods,These two categories in the context refer to different approaches in lane detection using deep learning, where keypoint-based methods rely on grouping keypoints, while proposal-based methods involve generating proposals for lanes.,c56f5cf9d18645f7a527e0b51c2d3965
pinet (ko et al. 2021),keypoint-based method,PINet is an example of a keypoint-based lane detection method that uses a confidence branch, offset branch, and embedding branch for clustering keypoints.,c56f5cf9d18645f7a527e0b51c2d3965
fololane (qu et al. 2021),keypoint-based method,FOLOLane employs a confidence head and regression head to estimate horizontal offsets between pixels and form lane instances by correlating adjacent keypoints.,c56f5cf9d18645f7a527e0b51c2d3965
ganet (wang et al. 2022),keypoint-based method,GANet predicts all possible keypoints and finds corresponding lanes by adding offsets to lane line start points, inspired by the Relay Chain concept.,c56f5cf9d18645f7a527e0b51c2d3965
rclane (xu et al. 2022),keypoint-based method,RCLane creates a transfer map and recovers lane instances in a sequential chain manner, also based on keypoint ideas.,c56f5cf9d18645f7a527e0b51c2d3965
srlane (proposed method),proposal-based method,SRLane is a proposal-based lane detection method that avoids the complicated post-clustering process, unlike keypoint-based methods.,c56f5cf9d18645f7a527e0b51c2d3965
anchor-free methods,proposal-based methods,Proposal-based methods are divided into anchor-free and anchor-based subgroups, indicating two approaches within this category.,c56f5cf9d18645f7a527e0b51c2d3965
anchor-based methods,proposal-based methods,Another subgroup within proposal-based methods, anchor-based methods, contrast with anchor-free methods in their approach to generating lane proposals.,c56f5cf9d18645f7a527e0b51c2d3965
anchor-free methods,anchor-based methods,These two subgroups are categories within ods, with anchor-free methods being simpler and faster but with lower performance, while anchor-based methods, like Line-CNN, SGNet, LaneATT, and CLRNet, offer better performance through more complex architectures.,48595456fc2e4750a39e21f7a51119e1
polylanenet,anchor-free methods,PolyLaneNet is an example of an anchor-free method, which outputs proposals using simple fully-connected layers.,48595456fc2e4750a39e21f7a51119e1
bézierlane,anchor-free methods,BézierLane is another anchor-free method that uses a sparse set of proposals from column-wise Pooling to predict Bézier curves.,48595456fc2e4750a39e21f7a51119e1
line-cnn,anchor-based methods,Line-CNN is the first anchor-based method that classifies and regresses lanes using line anchors.,48595456fc2e4750a39e21f7a51119e1
sgnet,anchor-based methods,SGNet generates anchors around the vanishing point to reduce redundancy.,48595456fc2e4750a39e21f7a51119e1
laneatt,anchor-based methods,LaneATT employs anchor-based pooling for local feature sampling and attention for global information fusion, enhancing performance.,48595456fc2e4750a39e21f7a51119e1
clrnet,anchor-based methods,CLRNet improves lane prior understanding by refining them hierarchically starting from line anchors.,48595456fc2e4750a39e21f7a51119e1
coordinates of lanes,regression task,Anchor-based methods like CLRNet avoid direct regression of lane coordinates, suggesting a different approach to lane detection.,48595456fc2e4750a39e21f7a51119e1
local keypoints,lanes,Local keypoints are grouped based on their offsets to reconstruct the whole lane.,aa88a0b8fbeb4b438c511b9af6defa15
pre-defined line anchors,lane detection methods,Anchor-based methods use pre-defined line anchors to match and predict lanes.,aa88a0b8fbeb4b438c511b9af6defa15
proposed paradigm,local direction map,The proposed paradigm predicts a local direction map, indicating the approximate direction of the closest lane segment.,aa88a0b8fbeb4b438c511b9af6defa15
local direction map,lane proposals,Each point's proposal is built along its predicted direction.,aa88a0b8fbeb4b438c511b9af6defa15
srlane,lane shapes,SRLane sketches lanes quickly using local geometry descriptors and refines them for higher accuracy.,aa88a0b8fbeb4b438c511b9af6defa15
sketched lanes,higher accuracy,The sketched lanes provide a fast and relatively accurate initial location.,aa88a0b8fbeb4b438c511b9af6defa15
segment association module,lane segments,The module refines lane segments for better fitting the ground truth.,aa88a0b8fbeb4b438c511b9af6defa15
ordinal classification,performance,The performance of ordinal classification methods is negatively affected by the anchor setting.,8d76a4aa303b464dbe8cfecc6bdf0b05
anchor setting,performance of above methods,The methods' detection qualities degrade due to the reliance on the anchor setting, requiring many anchors but only a few being useful.,8d76a4aa303b464dbe8cfecc6bdf0b05
proposals,efficiency,Our method aims to improve efficiency by reducing the number of proposals while maintaining satisfactory detection.,8d76a4aa303b464dbe8cfecc6bdf0b05
srlane,lane detection process,SRLane divides the lane detection process into two stages: lane sketch and lane refinement.,8d76a4aa303b464dbe8cfecc6bdf0b05
lane detection process,srlane,SRLane's methodology involves a pipeline consisting of the lane sketch and refinement stages.,8d76a4aa303b464dbe8cfecc6bdf0b05
lane sketch,local direction map,At the lane sketch stage, SRLane generates a local direction map for proposal initialization.,8d76a4aa303b464dbe8cfecc6bdf0b05
refinement stage,roi head,The refinement stage is treated as an RoI head in a two-stage detector framework, making it adaptable for multi-task detection.,8d76a4aa303b464dbe8cfecc6bdf0b05
refinement stage,classification and regression branches,Refined features are used by these branches to produce final detection results.,8d76a4aa303b464dbe8cfecc6bdf0b05
lane sketch,proposal initialization,The context discusses the first stage as providing good proposal initialization for Lane Sketch.,2d08e8b5c7a0424ca957e5702cc58c03
first stage,three possible schemes,There are three approaches considered within the first stage: (a) predefined line anchors, (b) intermediate lane proposal network, and (c) local descriptors.,2d08e8b5c7a0424ca957e5702cc58c03
line anchors,inflexible,Option (a) mentions line anchors as inflexible for fitting lines with different curvatures.,2d08e8b5c7a0424ca957e5702cc58c03
intermediate lane proposal network,network complexity,Option (b) highlights the need for considerable network complexity to capture lanes' diverse shapes and distribution.,2d08e8b5c7a0424ca957e5702cc58c03
local descriptors,simplification,Using local descriptors simplifies the detection pipeline by eliminating post-clustering and focusing on local lane continuity.,2d08e8b5c7a0424ca957e5702cc58c03
local direction estimation,image i,Local direction estimation is performed on an input image I.,2d08e8b5c7a0424ca957e5702cc58c03
feature map,derived from image i,A feature map is obtained from the input image I.,2d08e8b5c7a0424ca957e5702cc58c03
qu et al. (2021),local descriptors,Qu et al.'s work is mentioned as a reference for using local descriptors in lane proposal construction.,2d08e8b5c7a0424ca957e5702cc58c03
image i,feature map fs,Feature map Fs is derived from the backbone of the image I.,ceb8ad90a56b49f48b7f997befadf208
feature map fs,direction map θ,Fs is further encoded to create a direction map Θ, representing local angles of lanes.,ceb8ad90a56b49f48b7f997befadf208
direction map θ,local angle,Each point in Θ has a value representing the local angle of the closest lane.,ceb8ad90a56b49f48b7f997befadf208
training phase,direction supervision,During training, direction supervision is applied to feature maps at all scales.,ceb8ad90a56b49f48b7f997befadf208
annotated lane line,ground-truth value,Lane lines are split into segments, each with ground-truth values for neighboring points.,ceb8ad90a56b49f48b7f997befadf208
point p (in direction map),proposal,Using local geometry descriptors, proposals are constructed for each point in the direction map.,ceb8ad90a56b49f48b7f997befadf208
lowest resolution feature map,inference,During inference, only results from the lowest resolution feature map are used for lane proposal initialization.,ceb8ad90a56b49f48b7f997befadf208
direction map θ,lane points,A lane is represented by a series of lane points, where each point is a specific location on the direction map.,2fb0c30ed2db4d9487bc706e4eed2f16
y-th row and x-th column of direction map θ,line point,Given a fixed yi, the xi of the line point is inferred using the angle Θxy.,2fb0c30ed2db4d9487bc706e4eed2f16
line point,proposals,We get (H × W)/(s × s) lane proposals by inferring the xi for each line point.,2fb0c30ed2db4d9487bc706e4eed2f16
number of proposals,hundreds of thousands,In other works, a large number of proposals are generated, while ours require only 40.,2fb0c30ed2db4d9487bc706e4eed2f16
our method,small number of proposals,Our method generates proposals adaptively, with a small number sufficient to cover potential lanes.,2fb0c30ed2db4d9487bc706e4eed2f16
refinement head,lane proposals,The refinement head adjusts lane proposals to accommodate complex shapes.,2fb0c30ed2db4d9487bc706e4eed2f16
refinement head,multi-level lane features,The refinement head integrates multi-level features dynamically for adaptive adjustments.,2fb0c30ed2db4d9487bc706e4eed2f16
classification branch,regression branch,The classification branch predicts the probability of a proposal being foreground, while the regression branch provides a more precise location.,596f2eee23774469a8668e299b38a94d
location of a lane,x-coordinates of lane points,The location is described by a series of x-coordinates with equal vertical intervals.,596f2eee23774469a8668e299b38a94d
location of a lane,y-coordinates,y-coordinate corresponds to xi as yi = i· H, where H is the image height.,596f2eee23774469a8668e299b38a94d
regression branch,maximum y-coordinate,Predicts the maximum y-coordinate to determine the lane's endpoints.,596f2eee23774469a8668e299b38a94d
regression branch,minimum y-coordinate,Predicts the minimum y-coordinate to determine the lane's endpoints.,596f2eee23774469a8668e299b38a94d
lane segment association module,feed forward network (ffn),FFN is used in the method, although the batch dimension is ignored.,596f2eee23774469a8668e299b38a94d
methods,state-of-the-art,Comparison with other methods like LaneAF-DLA34, FOLOLane-ERFNet, RCLane-SegB, GANet-Res18, CLRNet-Res18, CondLane-Res18, UFLDv2-Res18, and LaneATT-Res18.,596f2eee23774469a8668e299b38a94d
tusimple,test set,Experiments on the Tusimple dataset, which has 3,626 training images and 2,782 testing images.,596f2eee23774469a8668e299b38a94d
culane,dataset,Experiments also conducted on the CULane dataset, another popular lane detection benchmark.,596f2eee23774469a8668e299b38a94d
curvelanes,dataset,Experiments include the Curvelanes dataset, which contributes to the evaluation.,596f2eee23774469a8668e299b38a94d
accuracy,evaluation metric,Performance is measured using accuracy, with '↓' indicating better performance when the metric is lower.,596f2eee23774469a8668e299b38a94d
cross entropy loss,attention weights,These two concepts are related in the context of 'cross entropy loss for attention weights', indicating they are used together for a specific task.,f64bb81d11bb46bc9fe95a656b7036b7
focal loss,lane classification,Focal loss is mentioned as a technique for lane classification, implying it is a method employed in this domain.,f64bb81d11bb46bc9fe95a656b7036b7
iou loss,lane regression,IoU loss is used for lane regression, suggesting it is another type of loss function in the context.,f64bb81d11bb46bc9fe95a656b7036b7
adamw optimizer,cosine learning rate scheduler,AdamW is paired with a cosine learning rate scheduler during training, indicating they are both part of the optimization process.,f64bb81d11bb46bc9fe95a656b7036b7
learning rate,10^(-3),The initial learning rate is specified as 10^(-3), providing a numerical value for the learning rate parameter.,f64bb81d11bb46bc9fe95a656b7036b7
batch size,40,The batch size used during training is mentioned as 40.,f64bb81d11bb46bc9fe95a656b7036b7
data augmentation,random flipping, affine transformation, color jittering, jpeg compression,These are the various techniques applied for data augmentation during training.,f64bb81d11bb46bc9fe95a656b7036b7
training,inference latency,Inference latency is a measure evaluated during training, comparing different methods.,f64bb81d11bb46bc9fe95a656b7036b7
keypoint-based methods,proposal-based methods,The main results section compares two categories of methods: those based on keypoints and those based on proposals.,f64bb81d11bb46bc9fe95a656b7036b7
cutting-edge methods,comparison,The paper focuses on a comparison of the latest methods in the field.,f64bb81d11bb46bc9fe95a656b7036b7
performance comparison,different number of proposals,The figure shows a comparison of inference latency with varying numbers of proposals.,ed502aef636d418c9654ededffaf54ca
srlane,culane dataset,In Table 1, SRLane's performance on CULane is compared, demonstrating superior results with faster speed.,ed502aef636d418c9654ededffaf54ca
srlane,laneatt,SRLane has a 3.8% F1 gain over LaneATT on the CULane dataset.,ed502aef636d418c9654ededffaf54ca
srlane,bezierlane,SRLane has a 5.1% F1 gain over BezierLane on the CULane dataset.,ed502aef636d418c9654ededffaf54ca
srlane,ganet,SRLane achieves a competitive 74.7% F1 score, narrowing the gap with keypoint-based detectors like GANet.,ed502aef636d418c9654ededffaf54ca
srlane,tusimple dataset,Experiments are also conducted on the Tusimple dataset, where SRLane is 2.2 times faster than CLRNet and 11.1 times faster than FOLOLane.,ed502aef636d418c9654ededffaf54ca
srlane,clrnet,SRLane is 2.2 times faster than CLRNet on the Tusimple dataset.,ed502aef636d418c9654ededffaf54ca
srlane,fololane,SRLane is 11.1 times faster than FOLOLane on the Tusimple dataset.,ed502aef636d418c9654ededffaf54ca
qualitative results,detection results,Figure 6 provides a visualization of the detection results, showcasing the effectiveness of SRLane.,ed502aef636d418c9654ededffaf54ca
direction-based initialization method,sparse proposals,The proposed method outperforms the anchor-based approach, which requires significantly more proposals to match its performance.,5915aec7caa042f5b61dc4d67fd2270b
proposed feature sampling strategy,multi-level information,The adaptive feature sampling strategy benefits from integrating information from multiple levels, as shown in Table 4 (rows 1 vs. 2 and 3 vs. 4).,5915aec7caa042f5b61dc4d67fd2270b
feature pyramid network (fpn),proposed feature sampling strategy (baseline),For a fair comparison, FPN is used with the single-level feature sampling method to show the advantage of the proposed adaptive approach.,5915aec7caa042f5b61dc4d67fd2270b
lane segment association module (lsam),f1 score,LSAM improves the F1 score by up to 0.9%, demonstrating its effectiveness (Table 4, rows 2 vs. 4).,5915aec7caa042f5b61dc4d67fd2270b
attention map,refinement of segment features,LSAM learns to assign higher attention to the relevant lane segments, enhancing the model's focus (Fig. 7).,5915aec7caa042f5b61dc4d67fd2270b
local geometry descriptors,2d lane detection,The method presented in the paper uses local geometry descriptors to condition the rough lane sketching.,98f8f8bd65d54415b8a37c55d9af2b2f
srlane,2d lane detection task,SRLane is a novel method designed for the task of accurately and efficiently locating lanes.,98f8f8bd65d54415b8a37c55d9af2b2f
outstanding speed,srlane's performance,SRLane demonstrates exceptional speed in various scenarios.,98f8f8bd65d54415b8a37c55d9af2b2f
accuracy,srlane's performance,SRLane exhibits high accuracy in lane detection.,98f8f8bd65d54415b8a37c55d9af2b2f
robustness,srlane's performance,SRLane is robust against diverse scenarios.,98f8f8bd65d54415b8a37c55d9af2b2f
3d lane detection,transferable design,The design of SRLane is believed to be applicable to 3D lane detection.,98f8f8bd65d54415b8a37c55d9af2b2f
proposal-based detectors,comparison,SRLane outperforms proposal-based detectors in curve scenarios.,98f8f8bd65d54415b8a37c55d9af2b2f
keypoint-based detectors,comparison,SRLane falls behind keypoint-based detectors, suggesting room for improvement.,98f8f8bd65d54415b8a37c55d9af2b2f
national key r&d program of china,funding,The work is supported by a national research program.,98f8f8bd65d54415b8a37c55d9af2b2f
national natural science foundation of china,funding,Additional funding comes from the national science foundation.,98f8f8bd65d54415b8a37c55d9af2b2f
fundamental research funds for the central universities,funding,Support also includes university research grants.,98f8f8bd65d54415b8a37c55d9af2b2f
