node_1,node_2,edge,chunk_id
few-shot learning,meta-learning,Recent studies in few-shot learning have employed meta-learning methods to improve performance.,ea906cd68b9649348c9a3e0edc1b8079
few-shot learning,transfer learning,Simple transfer learning methods have also contributed to promising results in few-shot learning.,ea906cd68b9649348c9a3e0edc1b8079
feature extractor,upstream dataset,The feature extractor is pre-trained using an upstream dataset, which might neglect crucial features for downstream tasks.,ea906cd68b9649348c9a3e0edc1b8079
human learning,few-shot tasks,Our method, FeatWalk, is inspired by the human approach of observing both global and local views in few-shot tasks.,ea906cd68b9649348c9a3e0edc1b8079
global view,local view,Humans use both global and local views for a comprehensive understanding of detailed features.,ea906cd68b9649348c9a3e0edc1b8079
featwalk,few-shot learning method,FeatWalk addresses the issue of insufficient local information extraction from pre-trained feature extractors.,ea906cd68b9649348c9a3e0edc1b8079
featwalk,enhancing few-shot learning performance,FeatWalk can be easily combined with existing methods to boost performance.,ea906cd68b9649348c9a3e0edc1b8079
convolutional neural networks (cnns),computer vision tasks,CNNs have demonstrated exceptional performance in various computer vision tasks.,ea906cd68b9649348c9a3e0edc1b8079
training samples,performance of cnns,The success of CNNs heavily depends on having adequate training samples.,ea906cd68b9649348c9a3e0edc1b8079
source code,featwalk,The source code for FeatWalk is available at https://github.com/exceefind/FeatWalk.,ea906cd68b9649348c9a3e0edc1b8079
adequate training samples,model parameters,The success of optimizing relies on having enough training samples to effectively tune a large number of model parameters.,e3aaa270723848c9a169e1231954dc01
limited training samples,overfitting,Deep neural networks face overfitting when there are insufficient training samples, causing performance degradation.,e3aaa270723848c9a169e1231954dc01
few-shot learning (fsl),research interest,FSL attracts strong research interest because it aims to achieve high model performance with minimal training data.,e3aaa270723848c9a169e1231954dc01
meta-learning,fsl approach,Meta-learning is one strategy proposed to address the challenges of few-shot learning, training models to adapt to similar scenarios.,e3aaa270723848c9a169e1231954dc01
good-embed (tian et al. 2020),visual attentions,Good-Embed demonstrates its ability to learn effective visual attentions, while our method improves upon this by leveraging local image patch features.,e3aaa270723848c9a169e1231954dc01
limited training data,target downstream task,The context discusses the need to enhance a model's ability to learn from limited training data and then fine-tune it for quick adaptation to various target tasks.,caf8145307fb4fd48bd79c7b63f23858
meta-learning,episodic training,Meta-learning often requires extensive episodic training to perform few-shot learning tasks.,caf8145307fb4fd48bd79c7b63f23858
transfer learning,pre-trained models,Transfer learning is more desirable because it allows simple pre-trained models to be directly applied to a wide range of target tasks.,caf8145307fb4fd48bd79c7b63f23858
self-distillation,enhanced embeddings,Recent studies have improved transfer learning by incorporating self-distillation and enhanced embeddings to boost performance in few-shot learning.,caf8145307fb4fd48bd79c7b63f23858
discriminative features,neglected features,Models in meta-learning or transfer learning might overlook important features that are crucial for downstream tasks.,caf8145307fb4fd48bd79c7b63f23858
upstream tasks,downstream tasks,The context highlights the potential challenge of transferring learned features from upstream tasks to downstream tasks where different features might be more important.,caf8145307fb4fd48bd79c7b63f23858
figure 1 (middle column),visual illustration,This refers to an image or diagram demonstrating the issue with prioritizing certain features in the context of few-shot learning.,caf8145307fb4fd48bd79c7b63f23858
feature extractor,whole image (global view),The feature extractor extracts features from the whole image, which the model attends to for partial features.,979a33317fa042e18f8cfc88712a8ba6
feature extractor,local image regions (local view),Inspired by human learning, the method involves sampling local views for a more comprehensive understanding of detailed features.,979a33317fa042e18f8cfc88712a8ba6
proposed method,featwalk module,FeatWalk module is designed to adaptively fuse features from multiple local views and the global view for each class.,979a33317fa042e18f8cfc88712a8ba6
limited training samples,downstream few-shot learning (fsl) task,The method aims to learn from very limited training data in the FSL task.,979a33317fa042e18f8cfc88712a8ba6
miniimagenet,tieredimagenet,Both miniImageNet and tieredImageNet are standard FSL benchmark datasets where the method achieves new state-of-the-art performance.,979a33317fa042e18f8cfc88712a8ba6
meta-learning fsl methods,pre-training fsl methods,The proposed method can be flexibly combined with existing meta-learning and pre-training approaches without altering their original stages.,979a33317fa042e18f8cfc88712a8ba6
human learning process,few-shot tasks,The method draws inspiration from the way humans learn in few-shot scenarios, combining global and local perspectives.,979a33317fa042e18f8cfc88712a8ba6
standard fls benchmark datasets,miniimagenet,miniImageNet is a specific dataset within the standard FLS benchmark.,a890425a6fd04e5c974d90cfd5397af5
miniimagenet,tieredimagenet,Both miniImageNet and tieredImageNet are mentioned as part of the standard FLS benchmark datasets, indicating they are related as alternative benchmarks.,a890425a6fd04e5c974d90cfd5397af5
miniimagenet,cub,CUB (Caltech-UCSD Birds) is another dataset mentioned alongside miniImageNet, forming part of the standard FLS benchmark collection.,a890425a6fd04e5c974d90cfd5397af5
main contributions,simple yet effective fsl method,The main contributions center around a proposed method that is both simple and effective for few-shot learning.,a890425a6fd04e5c974d90cfd5397af5
simple yet effective fsl method,featwalk module,The FeatWalk module is a component of the proposed FSL method, demonstrating its integration within the overall approach.,a890425a6fd04e5c974d90cfd5397af5
featwalk module,existing fsl methods,FeatWalk module is designed to be flexible and can be seamlessly integrated with existing few-shot learning methods.,a890425a6fd04e5c974d90cfd5397af5
few-shot classification,meta-learning,Few-shot classification is a subfield of meta-learning, which focuses on adapting models to new classes with limited data.,a890425a6fd04e5c974d90cfd5397af5
meta-learning,episodic training,Meta-learning employs episodic training to prepare models for few-shot tasks by simulating real-world scenarios.,a890425a6fd04e5c974d90cfd5397af5
n-way m-shot setting,feature extractor,This setting involves training the feature extractor to quickly adapt to new classes with only a few examples (n-way, m-shot).,a890425a6fd04e5c974d90cfd5397af5
meta-learning methods,n-way m-shot setting,Most meta-learning methods are developed and evaluated under the standardized n-way m-shot setup.,a890425a6fd04e5c974d90cfd5397af5
feature extractors,representation capabilities,Feature extractors have exceptional representation capabilities, which are obtained through episodic training in meta-learning or pre-training on large datasets.,f4426cad5ad94a66a962f7d61f46b179
few-shot learning tasks,scarcity of samples,The lack of samples in few-shot learning hinders the model from fully grasping task-relevant information.,f4426cad5ad94a66a962f7d61f46b179
humans,cognitive process,Humans use a cognitive process where they shift attention to local details after initial global observation, which helps them discover useful information for the task.,f4426cad5ad94a66a962f7d61f46b179
feature extractor,global view of images,The feature extractor focuses on the global view, which can lead to prioritizing weakly related information instead of task-specific details.,f4426cad5ad94a66a962f7d61f46b179
local perspectives,class prototypes,Our method leverages local perspectives and class prototypes to extract task-relevant information and exclude irrelevant details.,f4426cad5ad94a66a962f7d61f46b179
limited training samples,potentially useful information,By revealing useful information within the limited samples, the model can make more informed decisions.,f4426cad5ad94a66a962f7d61f46b179
model,overfitting,Without additional samples, the model may overfit to minor details, overlooking crucial task-specific information.,f4426cad5ad94a66a962f7d61f46b179
global view,local views,The global view is fused with weighted multiple local views, where the local views contribute class-relevant features while suppressing class-irrelevant information.,834b79b9e1714497bffb56df8565bdaa
fused representation zk,global representation zg,Fusion process (Equation 4) involves combining zg with ωj,k weighted local views, making zk more class-relevant when x belongs to the k-th class.,834b79b9e1714497bffb56df8565bdaa
fused representation zk,local representations,FeatWalk is the fusion process where fused feature vectors zn are generated for each local representation zl_j.,834b79b9e1714497bffb56df8565bdaa
n-way-m-shot learning task,sample x,For this task, each sample x leads to n fused feature vectors after the FeatWalk module.,834b79b9e1714497bffb56df8565bdaa
local views,prototype of the k-th class,If x is not from the k-th class, local views are more likely dissimilar to the prototype, affecting the fusion process.,834b79b9e1714497bffb56df8565bdaa
featwalk module,fused feature vectors (z1, z2, ..., zn),The FeatWalk module produces n fused feature vectors as its output.,69831817718e4ebd9c8d842d06ddab18
fused feature vectors (z1, z2, ..., zn),special classifier head,A classifier head is designed to utilize all n fused representations for classification.,69831817718e4ebd9c8d842d06ddab18
classifier head,learnable weight vector (wk),wk represents the learnable weights specific to each class in the classifier.,69831817718e4ebd9c8d842d06ddab18
classifier head,bias parameter (bk),bk is the bias associated with each class in the classifier's computation of logits.,69831817718e4ebd9c8d842d06ddab18
logits (u1, u2, ..., un),softmax operator,Logits are transformed into probabilities using the softmax operator for classification.,69831817718e4ebd9c8d842d06ddab18
prototype representation (ck),global representations of training samples,ck is initially obtained from the global representations of all class samples.,69831817718e4ebd9c8d842d06ddab18
prototype representation (ck),fused representations (zk),ck is iteratively updated using the fused representations during training.,69831817718e4ebd9c8d842d06ddab18
training samples,collection of samples (dk),Dk contains m training samples for each class, used for updating prototypes.,69831817718e4ebd9c8d842d06ddab18
training,iterative updating of prototypes and classifier head,During training, prototypes and the classifier head are jointly updated.,69831817718e4ebd9c8d842d06ddab18
prototypes,model inference,Prototypes are fixed during inference for testing images.,69831817718e4ebd9c8d842d06ddab18
test image,featwalk,FeatWalk is applied to test images with the fixed prototypes.,69831817718e4ebd9c8d842d06ddab18
featwalk,final output,After FeatWalk, the classifier head provides the final classification result.,69831817718e4ebd9c8d842d06ddab18
miniimagenet,ilsvrc-12 dataset,MiniImageNet is a subset of the ILSVRC-12 dataset, commonly used for few-shot learning.,14d65c92721f4fb08a61b09043a3c279
tieredimagenet,ilsvrc-12 dataset,TieredImageNet is a larger dataset based on the ILSVRC-12 dataset.,14d65c92721f4fb08a61b09043a3c279
cub,fine-grained few-shot benchmark,CUB is a specific type of fine-grained few-shot benchmark.,14d65c92721f4fb08a61b09043a3c279
cub,birds,CUB includes 200 classes of birds, making it a benchmark for this category.,14d65c92721f4fb08a61b09043a3c279
resnet-12,deep network structure,ResNet-12 is a backbone used for evaluations, enabling comparison with previous methods.,14d65c92721f4fb08a61b09043a3c279
resnet-18,deep network structure,ResNet-18 is another backbone used for evaluations, alongside ResNet-12.,14d65c92721f4fb08a61b09043a3c279
resnet-12,input resolution,For ResNet-12, the input image resolution was set to 84×84 pixels.,14d65c92721f4fb08a61b09043a3c279
miniimagenet dataset,tieredimagenet dataset,These are two datasets being compared in the context of evaluating few-shot learning methods.,1c7887bc870940a48b1456f4514fe8f6
method,feat (ye et al. 2020b),FEAT is mentioned as one of the recently proposed methods in the comparison.,1c7887bc870940a48b1456f4514fe8f6
method,protonet (snell, swersky, and zemel 2017),Another method being compared is ProtoNet, which is also a few-shot learning approach.,1c7887bc870940a48b1456f4514fe8f6
method,deepemd v2 (zhang et al. 2022),DeepEMD v2 is another recent method included in the performance evaluation.,1c7887bc870940a48b1456f4514fe8f6
method,fgm (cheng et al. 2023),FGM is listed as a competing method, showcasing its results alongside others.,1c7887bc870940a48b1456f4514fe8f6
method,renet-ventral (dong, zhai, and zha 2023),This is another method whose performance is presented in the table.,1c7887bc870940a48b1456f4514fe8f6
baseline++ (dhillon et al. 2020),methods compared,Baseline++ serves as a reference point for the performance of other methods.,1c7887bc870940a48b1456f4514fe8f6
adm (li et al. 2020),methods compared,ADM is another competing method in the context of few-shot learning.,1c7887bc870940a48b1456f4514fe8f6
covnet (wertheimer and hariharan 2019),methods compared,CovNet is a method that contributes to the benchmark for few-shot learning.,1c7887bc870940a48b1456f4514fe8f6
frn (wertheimer, tang, and hariharan 2021),methods compared,FRN is also part of the comparison, showing its results on the datasets.,1c7887bc870940a48b1456f4514fe8f6
good-embed (tian et al. 2020),methods compared,Good-Embed is one of the methods under consideration in the study.,1c7887bc870940a48b1456f4514fe8f6
deepbdc (xie et al. 2022),pre-training method,DeepBDC is used for pre-training the feature extractor in the described approach.,1c7887bc870940a48b1456f4514fe8f6
training set,base set for meta-learning,The training set serves as the foundation for meta-learning or pre-training the backbone models.,1c7887bc870940a48b1456f4514fe8f6
classifier head,adaptation learning,During FSL evaluation, the classifier head undergoes AdamW optimizer-based adaptation for improved performance.,1c7887bc870940a48b1456f4514fe8f6
training of the classifier head,adamw optimizer,uses,836efb58814c4798958d3559ee1b5a10
learning rate,1e-3,has learning rate,836efb58814c4798958d3559ee1b5a10
local views,20% sized patch of the image,consists of,836efb58814c4798958d3559ee1b5a10
temperature parameter,τ,is set to,836efb58814c4798958d3559ee1b5a10
α,0.5,is set to,836efb58814c4798958d3559ee1b5a10
fsl test set,novel set of meta-testing,referred to as,836efb58814c4798958d3559ee1b5a10
5-way 1-shot classification task,5-way 5-shot classification task,comparison with,836efb58814c4798958d3559ee1b5a10
miniimagenet,tieredimagenet,compared on,836efb58814c4798958d3559ee1b5a10
our method,renet-ventral,outperforms,836efb58814c4798958d3559ee1b5a10
our method,fgm,surpasses,836efb58814c4798958d3559ee1b5a10
5-way 1-shot setting,fgm,Our method surpasses FGM by 1.37% under the 5-way 1-shot setting.,254cbb2fc56d467d8b0d9dee69adbc1c
5-way 5-shot setting,state-of-the-art performance,On tieredImageNet, our method improves accuracy by 0.92% over the state-of-the-art under the 5-way 5-shot setting.,254cbb2fc56d467d8b0d9dee69adbc1c
fine-grained categorization,cub dataset,The evaluation was done on the fine-grained categorization task based on the CUB dataset.,254cbb2fc56d467d8b0d9dee69adbc1c
previous studies,afrasiyabi, lalonde, and gagné 2020; xie et al. 2022,These studies were referenced for fine-grained categorization.,254cbb2fc56d467d8b0d9dee69adbc1c
featwalk,transfer learning strategy,FeatWalk is proposed as a simple transfer learning strategy to enhance few-shot learning performance.,254cbb2fc56d467d8b0d9dee69adbc1c
cross-domain evaluation,miniimagenet,A cross-domain experiment was conducted on miniImageNet to confirm the superior transfer learning ability.,254cbb2fc56d467d8b0d9dee69adbc1c
cross-domain evaluation,cub,Another cross-domain experiment was on CUB, comparing the performance of baselines with our method.,254cbb2fc56d467d8b0d9dee69adbc1c
baseline++bml,frn,Performance comparison shows combinations with our method (Baseline++BML vs FRN).,254cbb2fc56d467d8b0d9dee69adbc1c
deepbdc,ours,Our method uses the DeepBDC-pretrained feature extractor.,254cbb2fc56d467d8b0d9dee69adbc1c
resnet-12,backbone,ResNet-12 serves as the backbone for some methods.,254cbb2fc56d467d8b0d9dee69adbc1c
5-way 1-shot and 5-shot settings,accuracy improvement,Performance is measured under these settings, with improvements noted for each method.,254cbb2fc56d467d8b0d9dee69adbc1c
featwalk,similarity metrics,FeatWalk compares and evaluates different similarity metrics used for comparing local and global representations.,410b362dad2747d788b8d3a7c18c7a60
final classifier head,stability,The stability of the method is analyzed with respect to the final classifier head.,410b362dad2747d788b8d3a7c18c7a60
number of local view samples,stability,The stability is examined in relation to the number of local view samples.,410b362dad2747d788b8d3a7c18c7a60
fusion coefficient (α),stability,Fusion coefficient α influences the balance between global and local representations in the method.,410b362dad2747d788b8d3a7c18c7a60
local views,effect,Ablation study on local views explores the impact of varying their size.,410b362dad2747d788b8d3a7c18c7a60
featwalk module,ablation study,The performance of FeatWalk is compared without the module in an ablation study (Table 4).,410b362dad2747d788b8d3a7c18c7a60
classifier head,performance,Different classifier heads and similarity measurements affect the overall performance (Tables 4 and 5).,410b362dad2747d788b8d3a7c18c7a60
featwalk operation,feature visualization,Features are visualized before and after applying the FeatWalk operation on miniImageNet and CUB (Figure 7).,410b362dad2747d788b8d3a7c18c7a60
baseline method,featwalk,The baseline method excludes the FeatWalk module, demonstrating its contribution to the overall performance.,410b362dad2747d788b8d3a7c18c7a60
ablation study,featwalk module,The context discusses an ablation study examining the impact of excluding FeatWalk from the overall method, comparing its performance to the baseline.,799605eb57354bd98e126310deee3610
baseline method,fully connected layer (fc),The baseline uses a fully connected layer as the classifier head, with results consistent with the original paper.,799605eb57354bd98e126310deee3610
random local sampling,data augmentation,Random local sampling is compared to data augmentation, suggesting a similar concept but with limited improvement.,799605eb57354bd98e126310deee3610
featwalk module,local views,FeatWalk involves estimating the importance of different local views in relation to the global view.,799605eb57354bd98e126310deee3610
weights (ωj,k),reducing irrelevant information,Weights help in minimizing the impact of irrelevant information during the FeatWalk process.,799605eb57354bd98e126310deee3610
featwalk module with equal importance,proposed method,The proposed method outperforms FeatWalk when all local views have equal importance, highlighting the need for weighted representation.,799605eb57354bd98e126310deee3610
cosine similarity,importance of local representations,Cosine similarity is used to assess the relevance of local representations within the FeatWalk module.,799605eb57354bd98e126310deee3610
linear transformation,classifier head (traditional fc layers),A linear transformation, like fully connected layers, is employed as the classifier head.,799605eb57354bd98e126310deee3610
euclidean distance,logistic regression (lr) classifier head,Alternative similarity measure compared to FC-based classifier head,501c24d4e2f64d6eb88b41f4211f65d3
fc-based classifier head,lr classifier head,Performance comparison in 5-way 1-shot and 5-shot settings on miniImageNet and CUB,501c24d4e2f64d6eb88b41f4211f65d3
lr classifier head,fc-based head,Similar performance with slight difference in effectiveness,501c24d4e2f64d6eb88b41f4211f65d3
5-way 1-shot task,5-shot task,Examination of sensitivity in both settings on miniImageNet,501c24d4e2f64d6eb88b41f4211f65d3
number of local view samples,few-shot learning performance,Stability of performance when increasing sample number,501c24d4e2f64d6eb88b41f4211f65d3
featwalk module,local view utilization,Ability to improve performance with sufficient local views,501c24d4e2f64d6eb88b41f4211f65d3
hyperparameter α,model performance,Sensitivity analysis showing optimal range for fusion coefficient,501c24d4e2f64d6eb88b41f4211f65d3
global representation,local representation,Fusion in FeatWalk module (α represents the fusion coefficient),501c24d4e2f64d6eb88b41f4211f65d3
baseline method,proposed method,Consistent improvement over the baseline,501c24d4e2f64d6eb88b41f4211f65d3
