node_1,node_2,edge,chunk_id
message passing neural networks (mpnns),graph neural networks (gnns),MPNNs are a dominant flavor of GNNs, indicating a subclass or specialization relationship.,c56048c203174dddb478788a7d004eb5
1-dimensional weisfeiler-leman (1-wl) test,graph isomorphism testing framework,MPNNs are limited to the power of the 1-WL test, suggesting a benchmark or constraint in distinguishing graphs.,c56048c203174dddb478788a7d004eb5
k-wl hierarchy,more expressive gnns,Researchers draw inspiration from k-WL to create more expressive models, aiming to overcome MPNNs' limitations.,c56048c203174dddb478788a7d004eb5
current k-wl-equivalent gnns,practicality for small k values,These GNNs are not practical due to combinatorial complexity increasing with k.,c56048c203174dddb478788a7d004eb5
empirical success,graph learning tasks,Some works find success without highly expressive models, suggesting simplicity may be sufficient for practical tasks.,c56048c203174dddb478788a7d004eb5
fine-grained ruler of expressiveness,expressiveness-complexity tradeoff,Desire for a model that gradually increases expressiveness, offering a nuanced understanding.,c56048c203174dddb478788a7d004eb5
(k, c)-setwl hierarchy,k-wl,A more practical alternative with reduced complexity compared to k-WL.,c56048c203174dddb478788a7d004eb5
(k, c)-setgnn,(k, c)-setwl,Concretization of the (k, c)-SETWL hierarchy, achieving the same expressiveness.,c56048c203174dddb478788a7d004eb5
progressively-expressive model,proposed model,The model introduced in the paper aims to strike a balance between expressiveness and practicality.,c56048c203174dddb478788a7d004eb5
higher-order gnns,k-wl hierarchy,These models are inspired by the k-WL hierarchy, which serves as a source of inspiration for their increased expressiveness.,1af2b13423ba4f1aa9b35af4a7c98bba
higher-order models,1-wl,The key limitation of higher-order models beyond 1-WL is their poor scalability due to the combinatorial growth in complexity.,1af2b13423ba4f1aa9b35af4a7c98bba
higher-order models,small graphs,These models can only be applied to small graphs because of practical constraints with large k values.,1af2b13423ba4f1aa9b35af4a7c98bba
open question,practical graph learning tasks,There is an open question about the necessity of highly expressive GNNs for real-world tasks.,1af2b13423ba4f1aa9b35af4a7c98bba
1-wl,n nodes,Babai et al. showed that almost all graphs with n nodes can be distinguished by 1-WL, suggesting its expressive power.,1af2b13423ba4f1aa9b35af4a7c98bba
ga-mlp models,mpnns,GA-MLPs have shown superior generalization performance despite being less expressive than MPNNs.,1af2b13423ba4f1aa9b35af4a7c98bba
model complexity,overfitting and generalization,Increased model complexity can lead to negative effects on generalization, warranting a reevaluation of the pursuit of maximally expressive models.,1af2b13423ba4f1aa9b35af4a7c98bba
k-wl hierarchy,ruler of expressiveness,The current 'ruler' of expressiveness (k) is considered impractical beyond k>3, necessitating a more fine-grained approach.,1af2b13423ba4f1aa9b35af4a7c98bba
fine-grained hierarchy,more expressive models,The fine-grained hierarchy aims to enable the gradual construction of more expressive models, allowing for better scalability and preventing overfitting.,788626923b8c43bba81dc72f940f18ba
proposed hierarchy,(k, c)-setgnn,In this paper, the authors propose a practical hierarchy, specifically the (k, c)-SETGNN model, which has tunable expressiveness through k and c.,788626923b8c43bba81dc72f940f18ba
k-wl,k-multisets,The design of (k, c)-SETGNN simplifies k-WL by moving from k-tuples to k-multisets, reducing the number of nodes without losing expressiveness.,788626923b8c43bba81dc72f940f18ba
k-multisets,k(c)-sets,Further simplification occurs when transitioning from k-multisets to k(c)-sets, which helps to drastically reduce the number of nodes while maintaining expressivity.,788626923b8c43bba81dc72f940f18ba
input graph sparsity,c connected components,Considering the sparsity of the input graph reduces the scope to only k connected nodes with c components, resulting in fewer nodes and improved practicality.,788626923b8c43bba81dc72f940f18ba
super-graph architecture,sequence of k(c)-sets,The model uses a bidirectional message-passing architecture where the super-graph is composed of a sequence of k(c)-sets.,788626923b8c43bba81dc72f940f18ba
super-graph architecture,k,-sets,The super-graph architecture consists of a sequence of k,-sets, forming a fundamental building block.,d09c40947f9346ffb0363d24ef1c9d29
bidirectional message passing,k,-sets,These k,-sets use bidirectional message passing for learning embeddings.,d09c40947f9346ffb0363d24ef1c9d29
final graph embedding,k,-sets' embeddings,The embeddings from k,-sets are pooled to create a single graph embedding.,d09c40947f9346ffb0363d24ef1c9d29
k,-setgnn,existing state-of-the-art gnns,k,-SETGNN outperforms existing methods on graph-level tasks.,d09c40947f9346ffb0363d24ef1c9d29
simulated expressiveness,zinc-12k,k,-SETGNN achieves new best results on substructure counting and ZINC-12K dataset.,d09c40947f9346ffb0363d24ef1c9d29
expressiveness,k and c,Increasing expressiveness is observed with larger values of k and c.,d09c40947f9346ffb0363d24ef1c9d29
scalability,practical running time and memory requirements,Proposed designs allow for practical training with larger values like k=10 and c=3.,d09c40947f9346ffb0363d24ef1c9d29
mpnns (message passing neural networks),1-wl upper-bound,MPNNs are limited by the 1-WL test in expressiveness.,d09c40947f9346ffb0363d24ef1c9d29
mpnns limitations,counting induced connected substructures,Chen et al. showed that MPNNs can't count subgraphs with 3 or more nodes.,d09c40947f9346ffb0363d24ef1c9d29
mpnns limitations,star-shaped patterns,Arvind et al. and Loukas showed that MPNNs can only count star patterns.,d09c40947f9346ffb0363d24ef1c9d29
loukas's work,decision problems on graphs,Loukas's research explores MPNNs' inability to solve graph decision problems.,d09c40947f9346ffb0363d24ef1c9d29
mpnns,problems,MPNNs cannot solve these problems unless strict conditions of depth and width are met.,49478648dd244aaea042a176f16548aa
mpnns,longest/shortest cycles, diameters, existence of cliques,Garg et al. [22] showed that many standard MPNNs cannot compute properties such as these.,49478648dd244aaea042a176f16548aa
loukas's work,universality of mpnns,Loukas [38] showed that MPNNs can be universal approximators when nodes are sufficiently distinguishable.,49478648dd244aaea042a176f16548aa
sato et al.'s work,minimum dominating set, maximum matching,Sato et al. [53] show that injecting random features improves MPNNs' ability to solve these problems.,49478648dd244aaea042a176f16548aa
you et al.'s work,cycle counts,You et al. [63] motivate injecting cycle counts as node features due to MPNNs' inability to count cycles.,49478648dd244aaea042a176f16548aa
positional features,distinguishing nodes,Earlier work by You et al. [62] adds positional features to address this limitation.,49478648dd244aaea042a176f16548aa
subgraph isomorphism counting,empowering mpnns with substructure information,Others proposed using subgraph isomorphism for more expressive power.,49478648dd244aaea042a176f16548aa
zhang et al.'s work,subgraph variants of wl test,Zhang et al. [65] propose subgraph WL test variants, which are at least as powerful as 3-WL.,49478648dd244aaea042a176f16548aa
zhao et al.'s work,subgraph wl test,Zhao et al. [68] also contribute to subgraph-based WL tests.,49478648dd244aaea042a176f16548aa
bevilacqua et al.'s work,subgraph wl test,Bevilacqua et al. [8] propose subgraph WL test variants with similar strength.,49478648dd244aaea042a176f16548aa
1-wl rooted subgraph extension,bounded by 3-wl,[21] shows this extension is bounded by 3-WL.,49478648dd244aaea042a176f16548aa
community exploration,ongoing research,The community is still actively exploring various approaches to enhance MPNNs.,49478648dd244aaea042a176f16548aa
1-wl,3-wl,The context mentions that the based extension is bounded by 3-WL, indicating that 3-WL has a higher expressive power than 1-WL.,46a886e0b279420295b3a4bd4c7a0e4e
relational pooling mechanism,1-wl,Murphy et al. propose a mechanism to achieve above-1-WL expressiveness, suggesting that this mechanism improves upon the basic 1-WL.,46a886e0b279420295b3a4bd4c7a0e4e
spectral mpnns,1-wl,Balcilar et al. show that spectral MPNNs are more powerful than 1-WL, implying that they surpass the expressivity of 1-WL.,46a886e0b279420295b3a4bd4c7a0e4e
k-wl,practical graphs,k-WL does not scale well to practical graphs, especially when k is large, like k=3.,46a886e0b279420295b3a4bd4c7a0e4e
k-igns,k-wl expressivity,Maron et al.'s k-IGNs have exact k-WL expressivity but are not scalable.,46a886e0b279420295b3a4bd4c7a0e4e
k-lwl,k-wl,k-LWL is a variant of k-WL that considers only k-sets, making it weaker but more practical than the full k-WL.,46a886e0b279420295b3a4bd4c7a0e4e
k-gnn,k-wl,Similar to k-LWL, k-GNN is another k-WL variant, designed to be more practical.,46a886e0b279420295b3a4bd4c7a0e4e
-k-wl-gnn,k-wl,-k-WL-GNN is a variation of k-WL that aims to make it more practical.,46a886e0b279420295b3a4bd4c7a0e4e
k-sets,additional designs,k-sets are used in conjunction with additional designs to maintain expressivity and practicality,d1deb05830204a42826267221ce41667
k-wl-gnn,locality,k-WL-GNN considers sparsity by focusing on local connections among k-tuples,d1deb05830204a42826267221ce41667
k-tuple,subgraph network,Qian et al. extend k-tuple to subgraph network, but both face scalability issues,d1deb05830204a42826267221ce41667
qian et al.'s extension,speqnet,Both propose to reduce tuple complexity by limiting connected components, an idea explored in Sec.3.4 of the paper,d1deb05830204a42826267221ce41667
morris et al.'s variants,k > 3,Morris et al.'s methods are not scalable beyond k=3, while the paper achieves k=10,d1deb05830204a42826267221ce41667
graph transformer,k-ign,Graph transformer is linked to k-IGN, with better or equal expressivity but lacking scalability,d1deb05830204a42826267221ce41667
(k, c)-setwl,practical progressively-expressive isomorphism test,The paper introduces a method called (k, c)-SETWL for GI testing, focusing on practicality and expressivity,d1deb05830204a42826267221ce41667
k-wl,notation and background,Section 3.1 provides notation and background for k-WL,d1deb05830204a42826267221ce41667
node ordering,removal for practicality,Section 3.2 discusses removing node ordering to enhance practicality without compromising expressivity,d1deb05830204a42826267221ce41667
node repetitions,elimination,Section 3.3 addresses removing node repetitions for improved practicality,d1deb05830204a42826267221ce41667
graph sparsity,leveraging,Section 3.4 highlights using graph sparsity to enhance practicality,d1deb05830204a42826267221ce41667
complexity analysis,sec. 3.5,Section 3.5 delves into the complexity analysis of the method,d1deb05830204a42826267221ce41667
k-weisfeiler-leman (k-wl) graph isomorphism test,1-dimensional weisfeiler-leman (1-wl) test,The 1-WL test is a precursor or a simpler version of k-WL, which is discussed in the context of determining graph isomorphism.,601418532065451c80df626859d4ec67
preliminaries,k-weisfeiler-leman (k-wl),The section introduces k-WL as a main topic within the preliminary discussion.,601418532065451c80df626859d4ec67
graph (g = v(g), e(g), lg),color-labeling function (lg),A graph is defined by its nodes, edges, and a color-labeling function that assigns colors to the nodes.,601418532065451c80df626859d4ec67
undirected graph,directed graph,The context specifically mentions undirected graphs, implying a distinction from directed graphs.,601418532065451c80df626859d4ec67
isomorphism between graphs,graph g ⇠= g0,Two graphs are isomorphic if there exists a bijection preserving node structure and labels.,601418532065451c80df626859d4ec67
induced subgraph (g[!v], g[˜v], g[ˆv]),nodes (v(g)),Induced subgraphs are formed by selecting a subset of nodes from the original graph while maintaining connections.,601418532065451c80df626859d4ec67
multiset (!v),set (˜v),Both multisets and sets are used to represent node selections, with multisets allowing repetition.,601418532065451c80df626859d4ec67
k-multisetwl,k-wl,k-MULTISETWL is upper bounded by k-WL in distinguishing graphs and node groups.,df69fa4faf934294b343dac4e205857d
k-multisetwl,(k-1)-wl,k-MULTISETWL is no less powerful than (k-1)-WL in distinguishing graphs, demonstrating its increased expressive power.,df69fa4faf934294b343dac4e205857d
k-multisetwl,cfi graphs,A variant of CFI graphs serves as a counterexample to prove Theorem 2, showing the challenge in distinguishing k-WL-identifiable graphs with k-MULTISETWL.,df69fa4faf934294b343dac4e205857d
super-graph,sk-mwl(g),The super-graph is defined by k-MULTISETWL, with V (Sk-mwl(G)) playing a role in the graph level encoding.,df69fa4faf934294b343dac4e205857d
multiset,g, ˜v,k-MULTISETWL distinguishes multisets G and ˜v at each iteration.,df69fa4faf934294b343dac4e205857d
iteration,t,The theorems refer to the t-th iteration of k-MULTISETWL.,df69fa4faf934294b343dac4e205857d
graph level encoding,gmwl(t),gmwl(t) represents the encoding of the graph at the t-th level.,df69fa4faf934294b343dac4e205857d
p(˜v),˜v,p(˜v) is possibly a projection or transformation of ˜v, affecting the evaluation of k (G, ˜v).,df69fa4faf934294b343dac4e205857d
k-multisetwl,doubly bijective k-pebble game,The theorem implies that k-MULTISETWL is equivalent to the doubly bijective k-pebble game, which is used in the proof of Theorem 2.,7d0e6aac5b144dfea001235caebd3768
k-multisetwl,theorem 2,The proof of Theorem 2 relies on the doubly bijective k-pebble game characterization of k-MULTISETWL.,7d0e6aac5b144dfea001235caebd3768
k-multisetwl,theorem 3,k-MULTISETWL has the same expressivity as the doubly bijective k-pebble game, which is stated in Theorem 3.,7d0e6aac5b144dfea001235caebd3768
k-multisetwl,k-setwl,k-MULTISETWL is transformed into k-SETWL by removing repetition inside k-multisets.,7d0e6aac5b144dfea001235caebd3768
k-multiset ˜v,m-set ˆv,A k-multiset ˜v is transformed into an m-set ˆv by removing repetition, where m represents the number of distinct elements.,7d0e6aac5b144dfea001235caebd3768
k-multiset ˜v,f (s(˜v), r(˜v)),There's an injective mapping between k-multiset ˜v and the tuple (s(˜v), r(˜v)), where f is the inverse mapping.,7d0e6aac5b144dfea001235caebd3768
m1-set ˆv,m2-set ˆu,A m1-set ˆv is connected to a m2-set ˆu based on a specific relationship, where m1 and m2 are integers.,7d0e6aac5b144dfea001235caebd3768
k-multisetwl,expressivity,k-MULTISETWL is extended to define the expressivity of m-sets by comparing their ability to separate node sets and graphs.,6b3c9b87ddd04dc1825d316a5d271eef
k-multisetwl,k-setwl,k-MULTISETWL is at least as expressive as k-SETWL in terms of separating node sets and graphs.,6b3c9b87ddd04dc1825d316a5d271eef
k-multisetwl,computational cost,k-MULTISETWL reduces computational cost by using m-sets instead of k-sets.,6b3c9b87ddd04dc1825d316a5d271eef
k-multisetwl,(k, c)-setwl,From k-MULTISETWL, the proposal is to move to (k, c)-SETWL to account for sparsity in graphs.,6b3c9b87ddd04dc1825d316a5d271eef
sparse graphs,accounting,The proposed method addresses the sparsity of a graph to improve representation.,6b3c9b87ddd04dc1825d316a5d271eef
color refinement algorithm,super-graph,The complexity of color refinement algorithms is linear to the number of supernodes and edges in the super-graph at each iteration.,be1b39c293db4114a1f57894c35d2eb9
k-wl,sk-wl(g),For k-WL, there are n*k supernodes and approximately kn*(k+1)/2 edges, where G is the input graph with n nodes and average degree d.,be1b39c293db4114a1f57894c35d2eb9
m-sets,sk-wl(g),In k-WL, Sk-wl(G) has supernodes with 1)-sets and m-sets, which are reconstructed from bipartite connections among them.,be1b39c293db4114a1f57894c35d2eb9
number of supernodes,complexity analysis,The analysis compares the exact number of supernodes for different algorithms, ignoring constant factors.,be1b39c293db4114a1f57894c35d2eb9
graph family,scalability measurement,Directly analyzing savings by restricting the number of components is challenging without assuming a specific graph family.,be1b39c293db4114a1f57894c35d2eb9
(k, c)-setgnn,scalability,The scalability of (k, c)-SETGNN is discussed in Sec. 5.3 for different numbers of k.,be1b39c293db4114a1f57894c35d2eb9
k-fwl,k-wl,k-FWL is a stronger algorithm than k-WL, having the same expressivity as k+1-WL.,2db2369f1c7843faa9210db9653eda50
k-fwl,setfwl,k-FWL is extended to k-SETFWL, which updates colors using a similar process as SETWL.,2db2369f1c7843faa9210db9653eda50
k-setfwl,k-wl,k-SETFWL is an extension of k-WL, with the same initialization and iterative update rule.,2db2369f1c7843faa9210db9653eda50
k-setfwl,setwl,k-SETFWL is a variant of SETWL, potentially with better expressivity than its base algorithm.,2db2369f1c7843faa9210db9653eda50
(k, c)-setgnn,sparse graphs,The scalability of (k, c)-SETGNN is measured on sparse graphs.,2db2369f1c7843faa9210db9653eda50
(k, c)-setgnn,(k, c)-setwl,Both (k, c)-SETGNN and (k, c)-SETWL share similar scalability.,2db2369f1c7843faa9210db9653eda50
k-tuple,color assignment,Colors are assigned to k-tuples during the k-FWL algorithm.,2db2369f1c7843faa9210db9653eda50
m-set,color assignment,Colors are assigned to m-sets during the k-SETFWL algorithm.,2db2369f1c7843faa9210db9653eda50
hash function,gnn model,In (k, c)-SETWL, the HASH function is replaced by a GNN model in a practical transformation.,2db2369f1c7843faa9210db9653eda50
graph neural network (gnn),deepset,GNN is transformed into GNN by replacing the HASH function with a combination of MLP and DeepSet, as they are universal function approximators for vectors and sets.,1e657e881677473aa696f15b9818b72c
supernode (ˆv),sk,c-swl (super-graph),ˆv represents a supernode in the Sk,c-swl, which is a constructed graph for the (k, c)(-) SETWL algorithm.,1e657e881677473aa696f15b9818b72c
k, c)(-) setwl,k, c)(-) setgnnr,The original SETWL algorithm is improved to SETGNNR by incorporating additional improvements in Section 4.2 and Section 4.3.,1e657e881677473aa696f15b9818b72c
m-sets,(mk,c(g, ˆu)1)-sets,The connection among m-sets is reconstructed from the bipartite graph formed by m-sets and (mk,c(G, ˆu)1)-sets.,1e657e881677473aa696f15b9818b72c
h(t)(ˆv) (vector representation),supernode representation at t-th iteration,h(t)(ˆv) denotes the vector representation of a supernode in the (k, c)(-) SETGNN model at the t-th iteration.,1e657e881677473aa696f15b9818b72c
progressively-expressive,expressivity,Increasing k and c leads to higher progressive expressivity of -SETGNN.,57e4b0b3a76c4426b7b25d7e1118de3c
bidirectional sequential message passing,bidirectional blockwise sequential message passing,Proposed alternative to traditional sequential message passing in -SETGNN, called (k, c)-SETGNN斯特.,57e4b0b3a76c4426b7b25d7e1118de3c
(k, c)-setgnn斯特,(k, c)-setgnn,A more memory-efficient version of -SETGNN, loading only one bipartite graph at a time, making it suitable for limited-size GPUs.,57e4b0b3a76c4426b7b25d7e1118de3c
memory usage,limited-size gpus,-SETGNN斯特 has lower memory usage due to its efficient loading of graphs for GPUs with limited capacity.,57e4b0b3a76c4426b7b25d7e1118de3c
expressivity,efficiency,-SETGNN斯特 is more expressive and efficient compared to its parallel counterpart.,57e4b0b3a76c4426b7b25d7e1118de3c
(k, c)-setgnn,parallel message passing,Both parallel and sequential message passing versions are provided in the official repository, but (k, c)-SETGNN斯特 is reported due to its efficiency.,57e4b0b3a76c4426b7b25d7e1118de3c
setgnn,theorem 7,Theorem 7 states that SETGNN is more expressive than the t-layer SETGNN for large 't' as N approaches infinity.,d18ead9f72df4b1c96bc416581ff35c8
t-layer (k, c),setgnn,The t-layer (k, c) of SETGNN is compared to SETGNN, with SETGNN being as expressive when c is not specified.,d18ead9f72df4b1c96bc416581ff35c8
supernode initialization,eq. (9),Supernode initialization is improved to reduce computational and memory overhead for c > 1, avoiding loss of expressivity.,d18ead9f72df4b1c96bc416581ff35c8
graph with c components,connected components c1, ..., cc,A graph's structure can be seen as a set of connected components, which are isomorphic to C 01, ..., C 0c.,d18ead9f72df4b1c96bc416581ff35c8
theorem 8,graph isomorphism,Theorem 8 explains that two graphs G and G0 with c connected components are isomorphic under specific conditions.,d18ead9f72df4b1c96bc416581ff35c8
algorithm for building connections,single components ˆu1, ..., ˆuc,An algorithm is provided to establish connections between supernodes with multiple components using DeepSet without induced subgraph computations.,d18ead9f72df4b1c96bc416581ff35c8
simulation data performances,method exp, acc, mae,Table 1 compares the performance of SETGNN⇤ and different (k, c) values, including accuracy and mean absolute squared error metrics.,d18ead9f72df4b1c96bc416581ff35c8
expressive gnns,sota (state-of-the-art),Question 1 compares the performance of SETGNN⇤ against SOTA expressive GNNs.,a13cdd89e94f4813b5f821e1c5b4b856
k,c,In Question 2, the effect of increasing values for k and c on generalization performance is explored.,a13cdd89e94f4813b5f821e1c5b4b856
(k, c),computational requirements,Question 3 examines the feasibility of SETGNN in terms of running time and memory usage with respect to k and c.,a13cdd89e94f4813b5f821e1c5b4b856
exp dataset,1-wl and 2-wl failed graphs,The EXP dataset consists of 600 pairs of graphs that fail 1-WL and 2-WL tests, used for classification.,a13cdd89e94f4813b5f821e1c5b4b856
sr25 dataset,strongly regular graphs,SR25 contains 15 3-WL failed graphs with 25 nodes each, used for a 15-class classification task.,a13cdd89e94f4813b5f821e1c5b4b856
substructure counting tasks,triangle, tailed triangle, star, 4-cycle,These tasks involve counting specific subgraph patterns on random graphs for evaluation.,a13cdd89e94f4813b5f821e1c5b4b856
graph property regression tasks,connectedness, diameter, radius,Regression tasks assess performance on properties like connectivity and structural characteristics.,a13cdd89e94f4813b5f821e1c5b4b856
zinc-12k,real-world graph learning task,ZINC-12K is a dataset used to evaluate performance on a chemical compound graph learning problem.,a13cdd89e94f4813b5f821e1c5b4b856
qm9,real-world graph learning task,QM9 is another real-world dataset for molecular graph analysis, assessing performance on quantum chemistry properties.,a13cdd89e94f4813b5f821e1c5b4b856
zinc-12k,real world graph learning tasks,ZINC-12K is one of the two real-world graph learning tasks mentioned in the context, where performance is evaluated.,22d4e846fd1d458f81e53762058d6971
qm9,real world graph learning tasks,QM9 is another real-world graph learning task compared alongside ZINC-12K.,22d4e846fd1d458f81e53762058d6971
cfi(k),graph,CFI(k) graphs are a specific type of graph discussed in the context, related to the expressivity of (k, c)-SETGNN.,22d4e846fd1d458f81e53762058d6971
gcn,baselines,GCN is a baseline method used for comparison in the context, showing underperformance on certain tasks.,22d4e846fd1d458f81e53762058d6971
gin,baselines,GIN is another baseline method, also mentioned as underperforming on EXP and SR25 tasks.,22d4e846fd1d458f81e53762058d6971
pna⇤,baselines,PNA⇤ is a baseline that performs better on EXP but not as well as (k, c)-SETGNN on SR25.,22d4e846fd1d458f81e53762058d6971
ppgn,baselines,PPGN, being 3-WL equivalent, stands out for its performance on EXP but not on all tasks.,22d4e846fd1d458f81e53762058d6971
(k, c)-setgnn⇤,baselines,(k, c)-SETGNN⇤ outperforms other baselines, demonstrating high discriminating power on various tasks.,22d4e846fd1d458f81e53762058d6971
cin,reference,CIN is directly referenced for comparison on ZINC-12K, likely another graph learning approach.,22d4e846fd1d458f81e53762058d6971
gnn-ak,baselines,GNN-AK is among the baselines whose results are sourced from [68].,22d4e846fd1d458f81e53762058d6971
gine,comparison,GINE is a competing model on QM9, showcasing different performance.,22d4e846fd1d458f81e53762058d6971
exp,tasks,EXP is a specific task within the simulation datasets where models' performances are compared.,22d4e846fd1d458f81e53762058d6971
sr25,tasks,SR25 is another task in the simulation datasets, distinct from EXP.,22d4e846fd1d458f81e53762058d6971
setgnn⇤,baselines,outperforms on substructure counting tasks and graph property prediction tasks,e8ffb7440a6848fb9e7348d37487a3f3
substructure counting tasks,graph property prediction tasks,evaluated for individual values of k and c,e8ffb7440a6848fb9e7348d37487a3f3
k,c,effect on performance, improves with increasing k and vice versa,e8ffb7440a6848fb9e7348d37487a3f3
triangle tasks,4-cycle task,large magnitude drop in test error observed for k=4,e8ffb7440a6848fb9e7348d37487a3f3
k=2 to 3,improvement in test error,orders of magnitude improvement for triangle tasks,e8ffb7440a6848fb9e7348d37487a3f3
zinc-12k,state-of-the-art performance,new best MAE of 0.0750 achieved with SETGNN⇤,e8ffb7440a6848fb9e7348d37487a3f3
k,c,effect on ZINC-12K performance, MAE and training loss trends,e8ffb7440a6848fb9e7348d37487a3f3
qm9,gine performances,comparison for different layer configurations (4 and 6 layers),e8ffb7440a6848fb9e7348d37487a3f3
computational requirements,memory consumption,The context discusses how computational requirements increase, specifically memory consumption, as parameters k and c are increased.,aaf7a1a13f7947cbb60c8f76da75d5a5
runtime,seconds per epoch,The passage also mentions an increase in runtime as a result of changes in k and c.,aaf7a1a13f7947cbb60c8f76da75d5a5
k,c,k and c are parameters that affect both memory consumption and runtime in the (k, c)-SETGNN⇤ model.,aaf7a1a13f7947cbb60c8f76da75d5a5
model's expressivity,practical realization,Suitable choices for k and c balance expressivity, allowing the model to be practical on commodity hardware.,aaf7a1a13f7947cbb60c8f76da75d5a5
commodity hardware,practical implementation,The model can be executed on standard hardware with appropriate parameter values.,aaf7a1a13f7947cbb60c8f76da75d5a5
message passing,sets of k nodes,With c=1, messages are passed between sets containing k nodes, such as 10.,aaf7a1a13f7947cbb60c8f76da75d5a5
runtime (seconds per epoch),expressive models,Increased runtime is observed as the model becomes more expressive.,aaf7a1a13f7947cbb60c8f76da75d5a5
