node_1,node_2,edge,chunk_id
diffusion model,3d neural scenes,The diffusion model functions as a critic to refine the 3D neural scenes, particularly those represented by Neural Radiance Field (NeRF).,65219750e4074c63a5e7db768c6c928a
neural radiance field (nerf),3d neural scenes,NeRF is an example of an explicit neural network used to represent 3D neural scenes.,65219750e4074c63a5e7db768c6c928a
score function,rendered images,The score function ensures that rendered images align with a photo-realistic image distribution given a text prompt.,65219750e4074c63a5e7db768c6c928a
neural scene degeneration,3d neural scenes,Neural scenes can get stuck in local optima, resulting in unnatural scenes, which is the focus of the work.,65219750e4074c63a5e7db768c6c928a
prior knowledge networks,quality and realism of 3d neural scenes,The challenge of scene degeneration hinders effective utilization of prior knowledge networks to enhance these aspects.,65219750e4074c63a5e7db768c6c928a
discriminator,neural scene degeneration,A discriminator is introduced to address the issue of scene degeneration, improving the quality of generated scenes.,65219750e4074c63a5e7db768c6c928a
real3d,text-to-3d generation model,Real3D is a dual-renderer model combining implicit and explicit techniques, aiming to outperform existing methods.,65219750e4074c63a5e7db768c6c928a
real3d,state-of-the-art text-to-3d generation methods,Experimental results show that Real3D surpasses existing approaches in performance.,65219750e4074c63a5e7db768c6c928a
state-of-the-art text-to-3d generation methods,learning-based 3d scene generation approaches,Our work relates to existing methods in the field, contributing to the development of these approaches.,44a1da495e5e4ddfae32140772c20ac0
diffusion models,text-to-image generation,Diffusion models have significantly advanced text-to-image generation, integrating semantic concepts from text.,44a1da495e5e4ddfae32140772c20ac0
diffusion models (balaji et al. 2022; ramesh et al. 2022),high-resolution image generation,These models use super-resolution techniques or latent space sampling to produce detailed images.,44a1da495e5e4ddfae32140772c20ac0
state-of-the-art models,sampling strategy,High-resolution models employ cascades of super-resolution models or a multi-stage sampling process.,44a1da495e5e4ddfae32140772c20ac0
rombach et al. (2022),latent space decoding,Their approach involves decoding lower-resolution latent space into high-resolution images.,44a1da495e5e4ddfae32140772c20ac0
language description,3d properties,Controlling 3D properties like camera viewpoints is a challenge in text-guided 3D generation.,44a1da495e5e4ddfae32140772c20ac0
real3d,implicit and explicit rendering methods,Real3D combines these rendering techniques and uses a text-to-image diffusion model with a discriminator.,44a1da495e5e4ddfae32140772c20ac0
text prompts,high-fidelity 3d models,The method generates high-quality 3D models based on user input text prompts.,44a1da495e5e4ddfae32140772c20ac0
images,research problem,images are a challenging research topic,c02b26f4849d44e4931230792aed533a
voxels,research problem,voxels are part of the research problem and have shown no performance decline,c02b26f4849d44e4931230792aed533a
voxels,easier to query,Voxels are simpler to query compared to neural networks,c02b26f4849d44e4931230792aed533a
3d neural scene representation,research area,3D generative modeling is an extensively researched field,c02b26f4849d44e4931230792aed533a
voxel grids,3d representation,Voxel grids are one type of 3D representation,c02b26f4849d44e4931230792aed533a
point clouds,3d representation,Point clouds are another 3D representation,c02b26f4849d44e4931230792aed533a
meshes,3d representation,Meshes are also a 3D representation,c02b26f4849d44e4931230792aed533a
implicit representations,3d representation,Implicit representations are a type of 3D representation,c02b26f4849d44e4931230792aed533a
octree representations,3d representation,Octree representations are a method in 3D modeling,c02b26f4849d44e4931230792aed533a
neural volume rendering,influence,Recent studies are inspired by neural volume rendering's success,c02b26f4849d44e4931230792aed533a
3d-aware image synthesis,growing interest,Growing interest in image synthesis with 3D awareness,c02b26f4849d44e4931230792aed533a
neural radiance fields (nerf),advancements,NeRF has made notable advancements in multi-view 3D reconstruction,c02b26f4849d44e4931230792aed533a
inverse rendering,nerf technique,NeRF focuses on inverse rendering, especially for surface geometry and view synthesis,c02b26f4849d44e4931230792aed533a
dense grid of rgb colors,nerf representation,NeRF uses a dense grid for color and density information,c02b26f4849d44e4931230792aed533a
nerf,3d asset,NeRF represents a 3D asset using a dense grid of RGB colors and spatial density.,be535c0f5a434b549aa80f90248a73cb
nerf,voxel nerf,Voxel NeRF serves as an alternative to NeRF, storing the volume more efficiently but still requiring computationally expensive queries.,be535c0f5a434b549aa80f90248a73cb
voxel nerf,computationally expensive 3d queries,Voxel NeRF reduces the need for these expensive queries compared to the original NeRF approach.,be535c0f5a434b549aa80f90248a73cb
text-to-3d scene creation,recent advancements,There has been notable progress in text-to-3D generation, driving interest within the ML community.,be535c0f5a434b549aa80f90248a73cb
clip-forge,normalizing flow model,CLIP-forge uses a flow model to generate shape embeddings from text, requiring voxel-represented 3D assets during training.,be535c0f5a434b549aa80f90248a73cb
dreamfield,clip-mesh,Both DreamField and CLIP-mesh utilize a pre-trained image-text model to optimize 3D representations without relying on 3D training data.,be535c0f5a434b549aa80f90248a73cb
dreamfield,pre-trained image-text model,DreamField optimizes 3D representations for text-image alignment without costly 3D data.,be535c0f5a434b549aa80f90248a73cb
clip-mesh,pre-trained image-text model,CLIP-mesh also leverages a pre-trained model for optimizing 3D mesh representations.,be535c0f5a434b549aa80f90248a73cb
image-text models,costly 3d training data,Relying on pre-trained models avoids the need for extensive 3D training data in 3D synthesis.,be535c0f5a434b549aa80f90248a73cb
data density,marginals,The context explains that obtaining smoothed versions of the data distribution involves computing marginals by integrating out the data density.,c2b2cb6cf3264c4893e9c7e93493750d
forward process,gaussian,The forward process starts with a low variance (σ0 ∼ 0) and becomes Gaussian towards the end (σT ∼ 1).,c2b2cb6cf3264c4893e9c7e93493750d
αt,σt,αt and σt coefficients are chosen to preserve variance, with α2t mentioned.,c2b2cb6cf3264c4893e9c7e93493750d
latent variable model,weighted evidence lower bound (elbo),Training the generative model using ELBO simplifies to a weighted denoising score matching objective.,c2b2cb6cf3264c4893e9c7e93493750d
score function,noisier versions of the data,Diffusion model training learns a sequence of score functions representing progressively noisier versions of the original data.,c2b2cb6cf3264c4893e9c7e93493750d
text-to-image diffusion models,conditioning on text embeddings,These models can condition the score function on text embeddings to incorporate text information.,c2b2cb6cf3264c4893e9c7e93493750d
score function,sϕ(zt; t),sϕ(zt; t) denotes the approximate marginal distribution's score function, which is the negative ratio of ϵϕ(zt; t) to σt.,c2b2cb6cf3264c4893e9c7e93493750d
pϕ(zt; t),score function,pϕ(zt; t) represents the approximate marginal distribution, and its score function is sϕ(zt; t).,c2b2cb6cf3264c4893e9c7e93493750d
sohl-dickstein et al. (2015),latent-variable model,This reference suggests that diffusion models can be seen as latent-variable models.,c2b2cb6cf3264c4893e9c7e93493750d
vincent (2011),sequence of score functions,Vincent's work connects diffusion models to learning score functions for noisy data.,c2b2cb6cf3264c4893e9c7e93493750d
song and ermon (2019),sequence of score functions,This reference also contributes to the understanding of diffusion models as score-based methods.,c2b2cb6cf3264c4893e9c7e93493750d
song et al. (2020),diffusion models, score matching,This work further develops the connection between diffusion models and score matching.,c2b2cb6cf3264c4893e9c7e93493750d
text embeddings,diffusion models,Text embeddings are used as conditioning inputs in diffusion models, as mentioned in Saharia et al., Ramesh et al., and Nichol et al.,a1581f9161a84c1f8e8c2719cca209ed
score distillation sampling,diffusion model (pϕ),Score distillation sampling is employed as a loss function in text-to-3D generation, optimizing the neural scene parameters (θ) to resemble samples from the frozen diffusion model.,a1581f9161a84c1f8e8c2719cca209ed
neural scene degeneration,text-to-3d generation paradigm,Neural scene degeneration is a problem that arises within the text-to-3D generation process, where the discriminator plays a role in addressing it.,a1581f9161a84c1f8e8c2719cca209ed
differential image parameterization (dip),rendering,Differential renderer 'g' is used to transform neural scenes parameterized by θ into rendered images (x').,a1581f9161a84c1f8e8c2719cca209ed
denoising function (ϵϕ),diffusion model,The denoising function ϵϕ is part of the diffusion model, predicting noise given a noisy image and text embedding for guiding the optimization of scene parameters.,a1581f9161a84c1f8e8c2719cca209ed
real3d,optimization direction,Real3D uses 'pϕ' for searching a rich point during optimization, where 'pϕ' represents the optimization direction.,9be6e95019df40db9f485804fb59e382
initial position,black dot,The initial position is marked by a black dot in the context, which is part of the search process.,9be6e95019df40db9f485804fb59e382
poor point,gray dot,A gray dot indicates a poor point in the context, which contrasts with the rich point.,9be6e95019df40db9f485804fb59e382
rich point,green dot,A green dot represents a rich point, the target of the search.,9be6e95019df40db9f485804fb59e382
pϕ,black solid line,pϕ is represented by a black solid line that defines the boundary between rich and poor areas.,9be6e95019df40db9f485804fb59e382
score distillation sampling,eq. 1,Score distillation sampling relies on Eq. 1 to guide the model towards the desired distribution.,9be6e95019df40db9f485804fb59e382
pϕ,pdata,pϕ aims to approach pdata, reflecting prior knowledge-based generative models.,9be6e95019df40db9f485804fb59e382
generative models,pdata,In generative models, gθ is expected to converge to pdata, leading to realistic samples.,9be6e95019df40db9f485804fb59e382
neural scene degeneration,underlying issue,The lack of flawlessness in pϕ is a key factor contributing to neural scene degeneration.,9be6e95019df40db9f485804fb59e382
diffusion model,large volume of data,The diffusion model is trained with a large dataset, but this doesn't guarantee perfect results.,9be6e95019df40db9f485804fb59e382
pϕ,good samples,Not all images sampled from pϕ are considered good, some can be outliers or of lower quality.,9be6e95019df40db9f485804fb59e382
suboptimal synthetic images,erroneous inputs,Suboptimal images can result from inappropriate random seeds, parameters, or incorrect input data.,9be6e95019df40db9f485804fb59e382
erroneous inputs,suboptimal synthetic images,The presence of erroneous inputs leads to the generation of suboptimal synthetic images.,0ceacae7372841f98e2cfebe5744d073
score function,rich points, poor points,The score function fails to distinguish between rich and poor points, which are sampled from pϕ.,0ceacae7372841f98e2cfebe5744d073
initial stages of optimization,poor points,During the initial stages, x′ often falls into the category of poor points, causing problems for gradient-based updates.,0ceacae7372841f98e2cfebe5744d073
gradient obtained in eq. 2,updating θ,The gradient is not effective in updating θ when x′ is a poor point.,0ceacae7372841f98e2cfebe5744d073
neural scene degeneration,unsolvable problem,Neural scene degeneration becomes an unsolvable problem when models encounter poor points due to ineffective gradient updates.,0ceacae7372841f98e2cfebe5744d073
prior-knowledge-based text-to-3d methods,scene degeneration problems,Most existing text-to-3D methods suffer from severe scene degeneration issues.,0ceacae7372841f98e2cfebe5744d073
loss function,prior knowledge network,Enhancing loss functions and incorporating stronger prior knowledge networks are central to these approaches.,0ceacae7372841f98e2cfebe5744d073
initial points,rich points,Core objective is to guide the model to transition directly from initial points towards rich ones.,0ceacae7372841f98e2cfebe5744d073
unintentional encounters,poor points,Inefficient when models encounter poor points due to sub-optimal initialization or unfavorable prompts.,0ceacae7372841f98e2cfebe5744d073
adversarial training,ineffective,These techniques prove ineffective when dealing with poor points.,0ceacae7372841f98e2cfebe5744d073
neural scene collapses,score function,The score function fails to differentiate between rich and poor points in pϕ, causing neural scene collapses.,1a59fb82fe994ef8ab1eaa11f88d79a1
neural scene degeneration,gradient calculation methods,To overcome the challenge of neural scene degeneration, alternative gradient calculation methods are proposed.,1a59fb82fe994ef8ab1eaa11f88d79a1
score function,discriminator,A discriminator is used to address the issue where the score function causes degradation.,1a59fb82fe994ef8ab1eaa11f88d79a1
high-quality 3d models,critical,Generating high-quality 3D models is crucial.,1a59fb82fe994ef8ab1eaa11f88d79a1
real3d,text-to-3d generative model,Real3D is a proposed text-to-3D model designed to generate high-quality models.,1a59fb82fe994ef8ab1eaa11f88d79a1
real3d,dual-renderer approach,Real3D uses a dual-renderer method that combines implicit and explicit renderers.,1a59fb82fe994ef8ab1eaa11f88d79a1
implicit renderer,nerf (neural radiance field),Real3D adapts NeRF as its implicit renderer, specifically gξ_θ.,1a59fb82fe994ef8ab1eaa11f88d79a1
nerf (neural radiance field),mildenhall et al. (2021b),NeRF is a technique by Mildenhall et al., originally introduced.,1a59fb82fe994ef8ab1eaa11f88d79a1
explicit renderer,gζ_e,Real3D also uses an explicit renderer, represented by gζ_E.,1a59fb82fe994ef8ab1eaa11f88d79a1
explicit representation,e,E refers to the explicit representation used in the explicit renderer gζ.,1a59fb82fe994ef8ab1eaa11f88d79a1
magic3d,two-stage coarse-to-fine framework,Magic3D adopts a different approach, contrasting with Real3D's simultaneous rendering.,1a59fb82fe994ef8ab1eaa11f88d79a1
nerf,implicit renderer,NeRF is a type of implicit renderer, specifically gξ as mentioned in the context.,942eec6f987640699d3db35f837e2758
nerf,multilayer perceptron (mlp),NeRF incorporates an MLP for processing 3D point samples along rays.,942eec6f987640699d3db35f837e2758
ray tracing,implicit renderer gξ,The implicit renderer gξ uses ray tracing as a key component for generating images.,942eec6f987640699d3db35f837e2758
real3d,two renderers,Real3D employs both an implicit (gξ) and an explicit renderer.,942eec6f987640699d3db35f837e2758
explicit renderer,gζe,One of the explicit renderers is gζE, which samples around the mesh surface.,942eec6f987640699d3db35f837e2758
stable diffusion model,pϕ,A frozen stable diffusion model pϕ is used in conjunction with the explicit renderer.,942eec6f987640699d3db35f837e2758
discriminator d,gθ,The discriminator network D guides the optimization of gθ, the implicit neural scene.,942eec6f987640699d3db35f837e2758
equation 4,prior knowledge,Equation 4 ensures adherence to prior knowledge while optimizing the neural scene.,942eec6f987640699d3db35f837e2758
richer areas,prior knowledge of the network,The context suggests that richer areas are not guaranteed to adhere strictly to the prior knowledge of the network.,aec8b332ac424202b9db1af526480798
neural scene degeneration,adversarial training,The text proposes that adversarial training helps to alleviate neural scene degeneration.,aec8b332ac424202b9db1af526480798
score distillation sampling,adversarial training,Both techniques are needed for generating high-quality 3D scenes, but they need to be balanced.,aec8b332ac424202b9db1af526480798
neural scene,rendered images,The discriminator ensures that rendered images x' = gθ(v) resemble rich points.,aec8b332ac424202b9db1af526480798
3d scenes,quality,The main goal is to generate high-quality 3D scenes.,aec8b332ac424202b9db1af526480798
volumetric density,rgb color,In the representation, a 3D point has both a volumetric density (opacity) and an RGB color.,aec8b332ac424202b9db1af526480798
implicit rendering (nerf),3d scene generation,The approach of rendering images directly from implicit structures like NeRF offers greater flexibility in creating 3D scene content but struggles with focusing on object surfaces, resulting in blurry outputs. Adversarial training helps to make the scenes more realistic, as seen in Figure 6(b).,cc7beb19738f47d699fe9cd02bbc3e9a
adversarial training,more realistic scenes,Adversarial training improves the quality of 3D scenes generated by NeRF, making them less blurry and more visually appealing, as demonstrated in Figure 6(b).,cc7beb19738f47d699fe9cd02bbc3e9a
rasterizing,high-resolution images with clear details,Rendering images directly from the mesh surface via rasterization provides clear visibility of contours and fine details, as evident in Figure 5.,cc7beb19738f47d699fe9cd02bbc3e9a
mesh,surface-based image generation,Methods that generate images from a mesh's surface offer higher realism and clarity, but may lack the flexibility of implicit methods like NeRF.,cc7beb19738f47d699fe9cd02bbc3e9a
our real3d,baseline with discriminator and explicit rendering,Real3D combines the benefits of using a discriminator for improved realism (like in Figure 6(b)) and explicit rendering for clarity, achieving both clear details and realism, as depicted in Figure 6(d).,cc7beb19738f47d699fe9cd02bbc3e9a
implementation details,adan optimizer,The context mentions Adan optimizer is used with an initial learning rate of 5 × 10^-3.,c8954272d72f44f49d258f2675916c5b
adan optimizer,cosine annealing learning rate scheduler,An annealing scheduler with a minimum learning rate of 1 × 10^-6 is applied.,c8954272d72f44f49d258f2675916c5b
learning rate,minimum learning rate,The learning rate has a minimum value of 1 × 10^-6 during the process.,c8954272d72f44f49d258f2675916c5b
λsds,λadv,Both λSDS and λadv have values, with λSDS set to 1 and λadv set to 1 × 10^-2.,c8954272d72f44f49d258f2675916c5b
geometry regularization,poole et al.,Geometry regularization, as described in Poole et al., is also applied.,c8954272d72f44f49d258f2675916c5b
3d scene generation,random seed values,Experiments involve multiple sets of random seed values for improved results.,c8954272d72f44f49d258f2675916c5b
sdf threshold,ε,The SDF threshold ε is set to 0.1 for generating 3D scenes.,c8954272d72f44f49d258f2675916c5b
prompt embeddings,positional prompt embedding,Prompt embeddings are enhanced with positional information for better results.,c8954272d72f44f49d258f2675916c5b
viewpoint information,text descriptions,Viewpoint information is converted into text and added to prompts, as suggested in Poole et al.,c8954272d72f44f49d258f2675916c5b
magic3d,sjc,Performance metrics are compared in a user preference study, with Magic3D and SJC percentages provided.,c8954272d72f44f49d258f2675916c5b
real3d,magic3d, sjc,Real3D is another metric compared alongside Magic3D and SJC in the user study.,c8954272d72f44f49d258f2675916c5b
upper four rows,user preference study,The first four rows of the table represent the results of a user study.,c8954272d72f44f49d258f2675916c5b
neural scene updates,speed,The context discusses the evaluation of the speed at which the neural scene updates occur.,9eab0c14ae1947649713cbe06ec5c14e
iterations,neural scene updates,The process involves 10,000 iterations for updating the neural scene.,9eab0c14ae1947649713cbe06ec5c14e
batch size,iterations,Each iteration includes a batch size of 2, combining an implicitly rendered image and an explicitly rendered image.,9eab0c14ae1947649713cbe06ec5c14e
first few thousand iterations,primary content determination,The primary content is determined early on in the process.,9eab0c14ae1947649713cbe06ec5c14e
subsequent iterations,minor details optimization,After the initial content, iterations focus on refining minor details.,9eab0c14ae1947649713cbe06ec5c14e
a100 gpu,execution platform,The entire process is conducted on a single A100 GPU.,9eab0c14ae1947649713cbe06ec5c14e
25 minutes,completion time,The process takes approximately 25 minutes to finish.,9eab0c14ae1947649713cbe06ec5c14e
qualitative comparisons,real3d performance,This section compares Real3D's outputs qualitatively with other methods.,9eab0c14ae1947649713cbe06ec5c14e
fig. 7,qualitative comparisons,Visual examples can be found in Figure 7.,9eab0c14ae1947649713cbe06ec5c14e
real3d,more realistic and intricate 3d models,Real3D generates models with higher realism and complexity.,9eab0c14ae1947649713cbe06ec5c14e
tab. 2,quantitative evaluation,Quantitative comparisons are presented in Table 2 using the CLIP model.,9eab0c14ae1947649713cbe06ec5c14e
image-text similarity,real3d performance,Similarity scores are calculated to assess Real3D's consistency.,9eab0c14ae1947649713cbe06ec5c14e
smallest variance,real3d performance,Real3D has the smallest variance in similarity scores, indicating consistent high quality.,9eab0c14ae1947649713cbe06ec5c14e
failure cases,real3d limitations,Section 8 shows some failure cases where Real3D does not generate satisfactory results.,9eab0c14ae1947649713cbe06ec5c14e
multi-face issues,failure cases,Multi-face problems are among the observed issues.,9eab0c14ae1947649713cbe06ec5c14e
failure cases,poor generation results,The main problem in the context is that failure cases are specifically referring to the scenes with poor generation results.,1196b677fc3f4bb7a066c82b617b42cd
multi-face,repetitive structures,Multi-face refers to the phenomenon where generated scenes have repetitive structures that make the overall model illogical.,1196b677fc3f4bb7a066c82b617b42cd
multi-face,multiple faces,Multiple faces are an example of the multi-face issue, appearing in animal or plush toy generation.,1196b677fc3f4bb7a066c82b617b42cd
image-text similarity,3d scene-text matching,Image-text similarity measures the match between 3D scenes and text, but it lacks subjective evaluation.,1196b677fc3f4bb7a066c82b617b42cd
user studies,evaluating method effectiveness,User studies were conducted to assess the effectiveness of different methods based on user preferences for realism and detail.,1196b677fc3f4bb7a066c82b617b42cd
real3d,3d models generated by real3d,Real3D's 3D models were preferred by the majority of users, with over 50% rating it as having the best quality.,1196b677fc3f4bb7a066c82b617b42cd
user preferences,realism and level of detail,Users ranked the videos based on their preferences for realism and level of detail when evaluating the 3D models.,1196b677fc3f4bb7a066c82b617b42cd
fig. 1,results of user studies,The results of the user studies are presented visually in Figure 1.,1196b677fc3f4bb7a066c82b617b42cd
limitations,context,The passage discusses the limitations of the method, indicating areas for improvement.,1196b677fc3f4bb7a066c82b617b42cd
latent stable diffusion,prior knowledge network,The limitations section discusses that the method adopts latent stable diffusion as a prior knowledge network, which has been shown to suffer from multi-face issues in generated scenes.,46f61d0f174c47e2b080147de90f3838
multi-face issue,challenging prompts,Multi-face issue is related to some challenging prompts, indicating that certain prompts can trigger this problem in the generated scenes.,46f61d0f174c47e2b080147de90f3838
rendering two views,increased field of view,To alleviate the multi-face issue, rendering two views with an angle offset helps to expand the field of view, reducing the frequency of encountering multi-faces.,46f61d0f174c47e2b080147de90f3838
adversarial training,distillation sampling,The proposed method combines adversarial training and distillation sampling to address the neural scene degeneration issue.,46f61d0f174c47e2b080147de90f3838
real3d,explicit and implicit rendering methods,Real3D integrates the strengths of both explicit and implicit rendering methods to achieve promising results.,46f61d0f174c47e2b080147de90f3838
performance of real3d,quality of prior knowledge networks,The performance of Real3D is influenced by the quality of the prior knowledge network, suggesting that better networks could lead to higher-quality scene generation.,46f61d0f174c47e2b080147de90f3838
real3d,high-quality scenes,The method's ability to generate high-quality scenes is limited by the quality of the prior knowledge network.,46f61d0f174c47e2b080147de90f3838
ethics statement,highest ethical standards,The authors emphasize that their work adheres to the highest ethical standards, ensuring integrity and transparency throughout the research process.,46f61d0f174c47e2b080147de90f3838
real3d methodology,3d models from text prompts,The Real3D methodology is capable of generating 3D models from text prompts.,2e307e9e18584781930608be2c7eac35
real3d methodology,harmful, illegal, or unethical content,The methodology is not designed or intended for producing harmful, illegal, or unethical content.,2e307e9e18584781930608be2c7eac35
misuse of this technology,real3d methodology,We acknowledge the potential for misuse, referring to the technology.,2e307e9e18584781930608be2c7eac35
intellectual property rights,principles,We respect and uphold the principles of intellectual property rights.,2e307e9e18584781930608be2c7eac35
text prompts,public domain,The text prompts were either created by us or sourced from the public domain.,2e307e9e18584781930608be2c7eac35
text prompts,copyrights or trademarks,We ensure that generated 3D models do not infringe on copyrights or trademarks.,2e307e9e18584781930608be2c7eac35
our research,field of 3d modeling,Our research aims to contribute positively to the field of 3D modeling.,2e307e9e18584781930608be2c7eac35
technology,society,We believe technology should serve society.,2e307e9e18584781930608be2c7eac35
work,belief,Our work reflects the belief that technology should serve society.,2e307e9e18584781930608be2c7eac35
