node_1,node_2,edge,chunk_id
group re-identification (g-reid),cross-camera sample labeling,Supervised approaches face challenges due to the high cost of labeling samples captured by different cameras.,536052b3e1db49a8a47de8a26c559cee
unsupervised methods,clustering,Unsupervised methods aim to avoid sample labeling but struggle with member variations, leading to unstable clustering and incorrect pseudo-labels.,536052b3e1db49a8a47de8a26c559cee
adaptive clustering-driven progressive learning (acpl),group adaptive clustering (gac),ACPL is composed of GAC and GDPU modules to address the limitations of existing methods.,536052b3e1db49a8a47de8a26c559cee
gac (group adaptive clustering),quasi-distance between groups,GAC utilizes individual-level and holistic information within groups by designing a distance metric to minimize noise.,536052b3e1db49a8a47de8a26c559cee
gac,non-discriminative features,In cases of great uncertainty, GAC reduces the impact of non-discriminative features to improve pseudo-labels.,536052b3e1db49a8a47de8a26c559cee
global dynamic prototype update (gdpu),dynamic weight update,GDPU dynamically adjusts prototypes to mine hard samples with complex member variations, enhancing model robustness.,536052b3e1db49a8a47de8a26c559cee
acpl,state-of-the-art performance,ACPL demonstrates superior performance on unsupervised G-ReID compared to existing methods.,536052b3e1db49a8a47de8a26c559cee
acpl,comparison with supervised approaches,ACPL performs competitively even without full supervision, showing its effectiveness.,536052b3e1db49a8a47de8a26c559cee
popular g-reid datasets,performance benchmark,Experiments conducted on four well-known datasets validate the method's effectiveness.,536052b3e1db49a8a47de8a26c559cee
group members,clustering,Group members are explored efficiently for better classification of hard samples. Clustering is designed based on Hausdorff Distance.,c0c2993eb7844e8da1bf1cc07fc9248a
hausdorff distance,quasi-distance vector,Inspired by Hausdorff Distance, a quasi-distance vector is designed to efficiently process non-discriminative member features.,c0c2993eb7844e8da1bf1cc07fc9248a
quasi-distance vector,group,The quasi-distance vector is used to compare and update group relationships.,c0c2993eb7844e8da1bf1cc07fc9248a
global dynamic prototype update (gdpu),training iteration process,GDPU is employed throughout the training process to adaptively update prototypes based on pseudo-labels.,c0c2993eb7844e8da1bf1cc07fc9248a
hard samples,gdpu,GDPU helps in learning from hard samples by dynamically revising prototypes and enhancing model robustness.,c0c2993eb7844e8da1bf1cc07fc9248a
unsupervised g-reid,adaptive clustering-driven progressive learning,The method presents a novel approach for unsupervised G-ReID that addresses member variations with adaptive clustering.,c0c2993eb7844e8da1bf1cc07fc9248a
member variations,gac (group adaptive clustering),GAC is proposed to handle non-discriminative member features, addressing the challenge of member variations.,c0c2993eb7844e8da1bf1cc07fc9248a
state-of-the-art (sota) performance,unsupervised g-reid method,Experiments show that the method achieves SOTA results on four datasets for unsupervised G-ReID.,c0c2993eb7844e8da1bf1cc07fc9248a
group layout,membership changes,These terms are related as they describe challenges being addressed in the context of managing people's grouping and belonging within a scene.,2e678c36758a435c8b3fae237919c73f
fully supervised methods,fine-grained labeling,Fully supervised methods require detailed labeling for both group identification and member assignment.,2e678c36758a435c8b3fae237919c73f
coarse-grained labeling,methods,Proposed to alleviate the need for precise pedestrian labeling, these methods are less demanding in terms of manual annotation.,2e678c36758a435c8b3fae237919c73f
coarse-grained labeling,xiao et al. 2018,This is an example of a method that falls under this category.,2e678c36758a435c8b3fae237919c73f
coarse-grained labeling,zhu et al. 2020,Another example of a study in this area.,2e678c36758a435c8b3fae237919c73f
coarse-grained labeling,huang et al. 2019a,Yet another contribution within the same line of research.,2e678c36758a435c8b3fae237919c73f
domain adaptation,representation transfer,Some methods leverage existing labeled ReID datasets to adapt to the G-ReID domain without identity labels.,2e678c36758a435c8b3fae237919c73f
huang et al. 2019b, 2020,yu et al. 2023,These are examples of methods that follow a domain adaptation approach.,2e678c36758a435c8b3fae237919c73f
unsupervised person reid,unsupervised domain adaptation (uda),UDA methods aim to transfer knowledge from labeled data to unlabeled target data.,2e678c36758a435c8b3fae237919c73f
unsupervised person reid,pure unsupervised learning (usl),These are two categories within unsupervised ReID, with UDA requiring a source domain and USL operating without one.,2e678c36758a435c8b3fae237919c73f
mmfa (lin et al. 2018),uda,An example of an unsupervised domain adaptation method.,2e678c36758a435c8b3fae237919c73f
tjaidl (wang et al. 2018),uda,Another unsupervised domain adaptation technique.,2e678c36758a435c8b3fae237919c73f
invariance matters (zhong et al. 2019),uda,A method focusing on invariant representations.,2e678c36758a435c8b3fae237919c73f
dmg-net (bai et al. 2021),uda,A recent UDA method for person ReID.,2e678c36758a435c8b3fae237919c73f
cluster contrast (dai et al. 2022),strong baseline,An iterative clustering-based deep learning method that serves as a competitive starting point.,2e678c36758a435c8b3fae237919c73f
generating pseudo-labels,deep neural networks,Key components of unsupervised ReID pipelines, where models learn from unlabeled data by creating artificial labels.,2e678c36758a435c8b3fae237919c73f
cluster contrast,baseline,Cluster Contrast is a strong baseline proposed by Dai et al. (2022) for deep learning methods.,ed9d5010bec844bc85a39086da0aab4e
cluster contrast,pplr,PPLR (Cho et al. 2022), ISE (Zhang et al. 2022c), and Puriﬁcation (Lan et al. 2023) use Cluster Contrast in their training process.,ed9d5010bec844bc85a39086da0aab4e
momentum updates,methods like pplr, ise, and puriﬁcation,These recent methods rely on momentum updates, which are a common technique in their training.,ed9d5010bec844bc85a39086da0aab4e
global prototypes,proposed method,Our method utilizes information from global prototypes to improve learning from hard samples.,ed9d5010bec844bc85a39086da0aab4e
group adaptive clustering (gac),unsupervised g-reid,GAC is designed to handle member variation in unsupervised G-ReID by generating accurate pseudo-labels for groups.,ed9d5010bec844bc85a39086da0aab4e
gac,pedestrian features,Each group (Gi) consists of pedestrian features extracted from a single image.,ed9d5010bec844bc85a39086da0aab4e
universal group set (u),training set,The universal group set contains all N groups from the training data.,ed9d5010bec844bc85a39086da0aab4e
global dynamic prototype update (gdpu),proposed method,GDPU is part of our approach, which includes initialization of memory and updating the model.,ed9d5010bec844bc85a39086da0aab4e
hausdorff distance,person-to-group distance,The Hausdorff Distance is a measure of similarity used, and it inspires the definition of the one-way distance d(pm; Gi) from a person (pm) to a group (Gi) based on the minimum distance between the person's feature and any member of the group.,2c58ef6d7a364638bf2f21e474a94c20
pedestrian feature (pm),group (gi),The distance d(pm; Gi) is calculated using the pedestrian feature of the group other than Gi, with the Euclidean norm being the distance metric.,2c58ef6d7a364638bf2f21e474a94c20
euclidean norm (k),distance calculation,The symbol k (cid:1) k denotes the Euclidean norm used to compute the distance between vectors in the context.,2c58ef6d7a364638bf2f21e474a94c20
quasi-distance vector (~d(gi; gk)),group comparison,For a group Gi, a quasi-distance vector is obtained by calculating the distances between its members and another group Gk, including the group average features.,2c58ef6d7a364638bf2f21e474a94c20
group average feature (giave, gkave),quasi-distance vector,These vectors are calculated for each member in a group and then used to represent the group's centroid, facilitating differentiation between groups.,2c58ef6d7a364638bf2f21e474a94c20
sorted quasi-distance vectors,cluster formation,The vectors associated with each group are sorted in ascending order to separate them into clusters, with vectors closer to the origin indicating similar groups.,2c58ef6d7a364638bf2f21e474a94c20
query instance features set qp,query instance features set qg,relation: Both Qp and Qg are sets of query features used for cluster-wise contrastive loss in one iteration.,fb32bc92b3c44f3cb15b6e629a727b8a
cluster-wise contrastive loss,temperature,relation: The loss is computed using a temperature parameter for adjusting similarity between positive cluster representations.,fb32bc92b3c44f3cb15b6e629a727b8a
positive cluster representations,query features qp (qp) and qg (qg),relation: qp and qg serve as inputs for computing positive cluster representations.,fb32bc92b3c44f3cb15b6e629a727b8a
dynamic weights (cid:24)p,query features qp,relation: Dynamic weights for qp are calculated using its similarity with prototype information.,fb32bc92b3c44f3cb15b6e629a727b8a
dynamic weights (cid:24)g,query features qg,relation: Similar calculation for qg, using its pseudo-label and prototype information.,fb32bc92b3c44f3cb15b6e629a727b8a
pseudo-labels kp and kg,query features qp and qg,relation: Pseudo-labels are assigned to qp and qg for updating cluster representations.,fb32bc92b3c44f3cb15b6e629a727b8a
cluster representations (cid:30)p,cluster representations (cid:30)g,relation: Both (cid:30)p and (cid:30)g are updated using dynamic weights based on their respective pseudo-labels.,fb32bc92b3c44f3cb15b6e629a727b8a
person-level cluster,group-level cluster,The context describes a clustering approach where p(kp) and g(kg) are updated using equations, with Pkp containing person feature vectors in person-level clusters and Gkg containing group feature vectors in group-level clusters.,94be313e80514ef28c02df48e0571890
g-reid datasets,csg,The proposed method is evaluated on the CSG dataset, which has 3,839 images and 1,558 group classes.,94be313e80514ef28c02df48e0571890
g-reid datasets,roadgroup,Evaluation also includes the RoadGroup dataset with 324 monitor images and 162 group classes, following a specific train-test split.,94be313e80514ef28c02df48e0571890
g-reid datasets,i-lids mcts,i-LIDS MCTS dataset is another evaluation set with 274 monitor images and 64 group classes.,94be313e80514ef28c02df48e0571890
g-reid datasets,sysu-group,The last dataset is SYSU-Group, containing 7,071 group images and 208 groups, split randomly for training and testing.,94be313e80514ef28c02df48e0571890
method,hard sample adaptation,The method adaptively updates weights for hard samples to improve learning.,94be313e80514ef28c02df48e0571890
evaluation,datasets,The proposed method is tested on multiple datasets to demonstrate its effectiveness.,94be313e80514ef28c02df48e0571890
zhang et al. (2022b),dataset division,References are made to the work by Zhang et al. for the division of datasets in the experiments.,94be313e80514ef28c02df48e0571890
fully supervised methods,coarse-grained labeling methods,The table is divided into two sections, with fully supervised methods requiring both group and pedestrian identity labeling above the dividing line, and coarse-grained labeling methods needing only group identity labeling (indicated by *) below.,5baabde8bae94f55a9ef4de260dd5f2a
fully supervised methods,unsupervised methods,The upper section consists of methods that require labels, while the lower section includes unsupervised methods that do not need any labels.,5baabde8bae94f55a9ef4de260dd5f2a
supervised methods under coarse-grained labeling,unsupervised methods,Our method, ACPL, is compared with methods in both categories (coarse-grained labeled and unsupervised) in Table 2.,5baabde8bae94f55a9ef4de260dd5f2a
earlier pure unsupervised methods,c-bro, covariance, and pref,These methods, based on hand-crafted features, are less effective compared to ACPL.,5baabde8bae94f55a9ef4de260dd5f2a
global features,problems such as member changes,Global features are insufficient to handle situations where group members change.,5baabde8bae94f55a9ef4de260dd5f2a
methods like dotgnn and dotscn,additional person reid datasets,Some methods leverage extra datasets to create new groups for improved performance.,5baabde8bae94f55a9ef4de260dd5f2a
performance,methods,comparison, showing that GAC outperforms spectral and K-means clustering when the number of clusters is accurate,bd809caf2b7f4530873529b9a2db58ff
gac,spectral clustering,relation as competitors, both compared in the context of being sensitive to cluster specification,bd809caf2b7f4530873529b9a2db58ff
gac,k-means clustering,relation as competitors, both compared in the context of being sensitive to cluster specification,bd809caf2b7f4530873529b9a2db58ff
spectral clustering,k-means clustering,comparison, both perform well with the correct number of clusters,bd809caf2b7f4530873529b9a2db58ff
gac,dbscan,comparison, GAC improves clustering performance over DBSCAN,bd809caf2b7f4530873529b9a2db58ff
gac,dbscan+,comparison, GAC's quasi-distance vector enhances DBSCAN's performance,bd809caf2b7f4530873529b9a2db58ff
dbscan,dbscan+,relation, DBSCAN+ is an improved version of DBSCAN with GAC's adaptations,bd809caf2b7f4530873529b9a2db58ff
gac,g-reid task,application, GAC is used for improving pseudo-label quality in G-ReID,bd809caf2b7f4530873529b9a2db58ff
gac,i-lids mcts dataset,context, visual analysis is conducted on this dataset to demonstrate GAC's effectiveness,bd809caf2b7f4530873529b9a2db58ff
gac,groups with member variations,effect, GAC handles variations and improves clustering for uncertain groups,bd809caf2b7f4530873529b9a2db58ff
gac,dbscan (visual analysis),comparison, GAC adjusts MMB better than DBSCAN for diverse group structures,bd809caf2b7f4530873529b9a2db58ff
dbscan,gac,GAC is mentioned as a contrasting method to DBSCAN, highlighting its ability to handle fine-grained distinctions and improve clustering quality, particularly in the G-ReID task.,3dbd69d4161e48cebfd9d8d846b7fb87
g-reid,person reid task (p),G-ReID is a more specific task within the broader context of person ReID, focusing on group clustering.,3dbd69d4161e48cebfd9d8d846b7fb87
gdpu,momentum update method (mu),GDPU and MU are compared for their effect on clustering quality in the first 25 epochs, with GAC outperforming both in the last 25 epochs.,3dbd69d4161e48cebfd9d8d846b7fb87
gac,dbscan,GAC's performance is contrasted with DBSCAN's, showing a steady improvement in clustering quality for GAC while deteriorating for DBSCAN.,3dbd69d4161e48cebfd9d8d846b7fb87
quasi-distance vector,label optimization,The quasi-distance vector is a component of GAC that contributes to refining data distribution and reducing noise in pseudo-labels.,3dbd69d4161e48cebfd9d8d846b7fb87
noise,pseudo-labels from groups with high uncertainty,GAC addresses noise in labels by optimizing them, especially for groups with uncertain membership.,3dbd69d4161e48cebfd9d8d846b7fb87
ablation studies,effect of quasi-distance vector,An ablation study focuses on examining the impact of the quasi-distance vector in GAC.,3dbd69d4161e48cebfd9d8d846b7fb87
noise reduction,pseudo-labels,The context discusses reducing noise in pseudo-labels, implying that the goal is to improve the quality of these labels.,7c72c1f742864917932ed78be6ee68cc
quasi-distance vector,feature distance,The text compares different methods for measuring distance, including using individual features (IF), overall feature (OF), and feature distance of the most similar person (SF).,7c72c1f742864917932ed78be6ee68cc
overall feature (of),reliable fine-grained information,OF is found to be the least effective because it considers only global features, lacking the necessary granularity for accurate G-ReID.,7c72c1f742864917932ed78be6ee68cc
individual features (if),person reid task,Using only individual features can cause the model to focus too much on person-specific details, potentially neglecting the group aspect of G-ReID.,7c72c1f742864917932ed78be6ee68cc
group-level features,association and member changes,The context highlights that capturing group-level dynamics, such as associations and changes, is crucial for the G-ReID task.,7c72c1f742864917932ed78be6ee68cc
g-reid,gac (proposed method),GAC refers to the method that combines individual and holistic features for improved performance in the G-ReID task.,7c72c1f742864917932ed78be6ee68cc
top five retrieval results,visualization,The visualization is used to demonstrate the effectiveness of the proposed method by showing retrieval results.,7c72c1f742864917932ed78be6ee68cc
g-reid task,performance,The context discusses the improvement in handling the G-ReID task, with GAC (IF+OF) achieving the best performance.,de3e4b03acf64ac9bd7377b3bfddcce8
gac (if+of),best performance,GAC, which combines IF and OF, delivers the top-notch performance in the G-ReID task.,de3e4b03acf64ac9bd7377b3bfddcce8
visual retrieval example,quasi-distance,The example illustrates different dimensions of the quasi-distance used in visual retrieval.,de3e4b03acf64ac9bd7377b3bfddcce8
of,group member changes,OF has difficulty addressing the issue of changes in group members, as seen in the retrieval results.,de3e4b03acf64ac9bd7377b3bfddcce8
if,similarity between groups,IF solely relies on the most similar pedestrian, potentially ignoring overall group information.,de3e4b03acf64ac9bd7377b3bfddcce8
gdpu (our method),prototype update method,GDPU is compared to MU (momentum update method), showing superiority in person ReID and G-ReID.,de3e4b03acf64ac9bd7377b3bfddcce8
gdpu,mu (momentum update method),GDPU consistently outperforms MU during both the first and last 25 epochs.,de3e4b03acf64ac9bd7377b3bfddcce8
person reid,dbscan (clustering method),For fairness, DBSCAN is used uniformly in the Cluster-Contrast method for person ReID.,de3e4b03acf64ac9bd7377b3bfddcce8
cluster contrast,person reid,Cluster-Contrast applies its clustering method to person ReID experiments.,de3e4b03acf64ac9bd7377b3bfddcce8
group prototypes,dynamic adjusting,The model's GDPU strategy involves dynamically adjusting the update parameters of group prototypes to improve learning.,acced91572bc4fc586c3dfc99af36022
gdpu (group dynamic prototype update),unsupervised g-learning,GDPU is part of the proposed ACPL (Adaptive Clustering-driven Progressive Learning) approach for unsupervised G-learning.,acced91572bc4fc586c3dfc99af36022
acpl (adaptive clustering-driven progressive learning),model robustness,ACPL enhances model robustness by adapting to diverse groups and understanding a wider range of data distributions.,acced91572bc4fc586c3dfc99af36022
hard samples,pseudo-label prototype,GDPU improves the model's ability to learn discriminative features from complex groups by updating the pseudo-label prototype with hard samples.,acced91572bc4fc586c3dfc99af36022
memory bank,hardest sample in a mini-batch (mu-h),GDPU compares favorably with MU-H, where MU-H updates the memory bank using the hardest sample in each mini-batch.,acced91572bc4fc586c3dfc99af36022
final performance,person-level and group-level,Experimental results demonstrate GDPU's better final performance at both person and group levels compared to MU.,acced91572bc4fc586c3dfc99af36022
person-level performance,group-level performance,GDPU consistently outperforms MU in both person-level and group-level evaluations.,acced91572bc4fc586c3dfc99af36022
