node_1,node_2,edge,chunk_id
mri reconstruction,interpretability,Interpretability has been a critical issue in MRI reconstruction, where the employment of deep unfolding networks (DUNs) has significantly improved interpretability.,1c163bb2f3ac4157b5cd81746ccd9bf0
deep unfolding networks (duns),inconsistencies,Current methods using DUNs still suffer from inconsistencies and produce inferior anatomical structures.,1c163bb2f3ac4157b5cd81746ccd9bf0
multi-contrast scenes,imaging protocols,Different imaging protocols exacerbate the inconsistency issue in multi-contrast MRI.,1c163bb2f3ac4157b5cd81746ccd9bf0
range-null decomposition-assisted dun architecture,consistency,The proposed architecture aims to ensure consistency while maintaining interpretability.,1c163bb2f3ac4157b5cd81746ccd9bf0
null-space component,proximal mapping,The null-space component is fed into proximal mapping to relieve inconsistency analytically.,1c163bb2f3ac4157b5cd81746ccd9bf0
correlation decoupling scheme,multi-contrast fusion,The scheme narrows the information gap for effective fusion of multi-contrast images.,1c163bb2f3ac4157b5cd81746ccd9bf0
isotropy encoder,anisotropy encoder,These encoders learn contrast-shared and contrast-specific features separately.,1c163bb2f3ac4157b5cd81746ccd9bf0
quantitative results,qualitative results,Both quantitative and qualitative results demonstrate the superiority of the proposed method over state-of-the-art methods.,1c163bb2f3ac4157b5cd81746ccd9bf0
auxiliary modalities,imaging protocols,relation: Differences exist due to the use of different imaging protocols within the same patient.,72e1fbd58d474169adc24e5b3366a01f
contrast-specific (anisotropic) part,modality-specific features,relation: Both contain pathological details and texture information specific to their respective contrasts.,72e1fbd58d474169adc24e5b3366a01f
contrast-shared (isotropic) one,shared features,relation: These features exhibit similar edges and structures, facilitating cross-modality fusion.,72e1fbd58d474169adc24e5b3366a01f
correlation decoupling learning block (cdlb),dual-branch structure,relation: CDLB has an isotropy encoder for shared features and an anisotropy encoder for contrast-specific information.,72e1fbd58d474169adc24e5b3366a01f
anisotropy encoder,contrast-specific information,relation: Designed to transmit unique information from each contrast.,72e1fbd58d474169adc24e5b3366a01f
isotropy encoder,contrast-shared features,relation: Crafted to learn common features across modalities.,72e1fbd58d474169adc24e5b3366a01f
reconstruction fidelity,modality-specific features,relation: Preserving modality-specific features to improve reconstruction quality.,72e1fbd58d474169adc24e5b3366a01f
reconstruction quality,shared information,relation: Enhanced by jointly considering the complementary information provided by both branches.,72e1fbd58d474169adc24e5b3366a01f
reconstruction quality,shared information,enhanced by jointly considering,d8cf40a92d3544ed8dc43d2b09ffcf5c
performance,iterative shrinkage thresholding algorithm (ista),validated on a naive unfolding network,d8cf40a92d3544ed8dc43d2b09ffcf5c
acceleration factors,sampling patterns,extensive experiments on,d8cf40a92d3544ed8dc43d2b09ffcf5c
our method,previously reported sota methods,outperforms,d8cf40a92d3544ed8dc43d2b09ffcf5c
sharp texture structures,original ista,clearly enriches high-frequency information,d8cf40a92d3544ed8dc43d2b09ffcf5c
mri acceleration,compressed sensing,widely employed acceleration technique,d8cf40a92d3544ed8dc43d2b09ffcf5c
mri acceleration,deep learning,most widely employed,d8cf40a92d3544ed8dc43d2b09ffcf5c
mri images,clinical practice,hinders widespread use due to computational complexity,d8cf40a92d3544ed8dc43d2b09ffcf5c
mri,non-invasive medical technique,diagnosing diseases and monitoring treatment outcomes,d8cf40a92d3544ed8dc43d2b09ffcf5c
mri,compressed sensing,aim to reduce the amount of data,d8cf40a92d3544ed8dc43d2b09ffcf5c
compressed sensing,mri scans,Compressed sensing aims to reduce data acquired during MRI scans.,d6619189d98d4ab4a823cd6aec0221da
compressed sensing techniques,sparse regularization,Sparse regularization is a type of compressed sensing technique.,d6619189d98d4ab4a823cd6aec0221da
compressed sensing techniques,edge-based sketching,Edge-based sketching is another compressed sensing technique.,d6619189d98d4ab4a823cd6aec0221da
compressed sensing techniques,dictionary learning,Dictionary learning is a part of compressed sensing methods.,d6619189d98d4ab4a823cd6aec0221da
hand-designed methods,massive iteration steps,Hand-designed methods often require many iteration steps.,d6619189d98d4ab4a823cd6aec0221da
hand-designed methods,poor generalization,Hand-designed methods suffer from poor generalization due to strong prior information.,d6619189d98d4ab4a823cd6aec0221da
deep learning methods,promising results,Deep learning methods show promise in improving MRI reconstruction speeds.,d6619189d98d4ab4a823cd6aec0221da
convolutional neural networks (cnns),mri image reconstruction,CNNs are used to reconstruct MRI images from undersampled data.,d6619189d98d4ab4a823cd6aec0221da
cnns,high-quality results,CNNs achieve high-quality reconstructions at fast speeds.,d6619189d98d4ab4a823cd6aec0221da
deep cascade of cnn,dynamic mr image reconstruction,Deep cascade CNN by Schlemper et al. outperforms compressed sensing.,d6619189d98d4ab4a823cd6aec0221da
miccan,cascaded channel-wise attention,MICCAN uses attention mechanism for high-quality MR detail recovery.,d6619189d98d4ab4a823cd6aec0221da
deepcomplexmri,complex values,DeepcomplexMRI operates directly on complex values for improved preservation.,d6619189d98d4ab4a823cd6aec0221da
admm technique,ct denoising,The context describes a method that presents an ADMM technique specifically designed for CT denoising.,187fafa543ed49108e0b3f72f1c64505
fast mri reconstruction,target image,The main goal of fast MRI reconstruction is to recover the target image from undersampled measurements.,187fafa543ed49108e0b3f72f1c64505
target image,k-space undersampled measurement,The recovery process involves minimizing the distance between the target image and the undersampled k-space data.,187fafa543ed49108e0b3f72f1c64505
optimization framework,trade-off parameter λ,The framework includes a trade-off parameter λ to balance data fidelity and prior information.,187fafa543ed49108e0b3f72f1c64505
regularization term,p(x t ),P(X T ) represents the regularization term used in the optimization problem.,187fafa543ed49108e0b3f72f1c64505
multi-contrast reconstruction,single-contrast mri,Multi-contrast reconstruction aims to improve upon the advancements in single-contrast MRI by leveraging complementary information.,187fafa543ed49108e0b3f72f1c64505
eq. (2),reference image x r,In the multi-contrast case, Eq. (2) includes a reference image X R, usually full-sampled, for better reconstruction.,187fafa543ed49108e0b3f72f1c64505
ista framework,gradient descent,The iterative solution method follows the ISTA (Iterative Shrinkage-Thresholding Algorithm) framework, involving gradient descent steps.,187fafa543ed49108e0b3f72f1c64505
proximal mapping steps,eq. (3a),The algorithm alternates between gradient descent and proximal mapping steps in its iterations.,187fafa543ed49108e0b3f72f1c64505
encoder block,feature extraction,The Encoder block's primary function is to extract features from target and reference inputs.,feb90c18fff744bb905f24945f5c2cb0
feature extraction,information aggregation,Feature extraction is a part of the three modules, and it contributes to information aggregation.,feb90c18fff744bb905f24945f5c2cb0
decoder,image generation,The decoder module generates images based on the extracted features.,feb90c18fff744bb905f24945f5c2cb0
decoupling and fusion segment,information aggregation,This segment is responsible for aggregating complementary information.,feb90c18fff744bb905f24945f5c2cb0
isotropic features,low-frequency long-range information,Isotropic features correspond to low-frequency long-range information, which is consistent across modalities.,feb90c18fff744bb905f24945f5c2cb0
anisotropic features,high-frequency local details,Anisotropic features are the high-frequency local details that exhibit discrepancies between modalities.,feb90c18fff744bb905f24945f5c2cb0
isotropic features,auxiliary contrast,During reconstruction, isotropic features borrow correlated information from the auxiliary contrast.,feb90c18fff744bb905f24945f5c2cb0
discarding modality-specific details,reconstruction process,The goal of discarding modality-specific details is to ensure better consistency in the reconstructed images.,feb90c18fff744bb905f24945f5c2cb0
encoder block,target input,The main role of the Encoder block is to extract features from the target input.,b3b9e4aff0cd45c8a3f85e81c39e9b5e
encoder block,reference input,The Encoder block also extracts features from the reference input, using a similar process.,b3b9e4aff0cd45c8a3f85e81c39e9b5e
input projection,3×3 convolutional layer,Both target and reference inputs undergo a 3×3 convolutional layer as part of the input projection.,b3b9e4aff0cd45c8a3f85e81c39e9b5e
isotropy encoder,transformer architecture,The Isotropy Encoder dynamically captures low-frequency structure using the transformer architecture to recognize long-range dependencies.,b3b9e4aff0cd45c8a3f85e81c39e9b5e
discrete wavelet transform,discrete fourier transform,These are mentioned as pre-defined operators for extracting low-frequency isotropy features.,b3b9e4aff0cd45c8a3f85e81c39e9b5e
isotropy feature,target mri,The isotropy feature R is obtained from the target MRI.,b3b9e4aff0cd45c8a3f85e81c39e9b5e
isotropy feature,reference mri,Similarly, the isotropy feature T is obtained from the reference MRI.,b3b9e4aff0cd45c8a3f85e81c39e9b5e
original transformer,o(n2) complexity,The original transformer has a computational complexity of O(n2), but this is addressed by the dynamic approach in the Isotropy Encoder.,b3b9e4aff0cd45c8a3f85e81c39e9b5e
information,weight w,The weight W is allocated from information.,1be474df193d46d48a405af599bedfbc
weights wu and wd,1×1 convolutional layers,WU and WD are different weights from separate 1×1 convolutional layers.,1be474df193d46d48a405af599bedfbc
expert-aggregated feature,learned expert feature,The expert-aggregated feature is dynamically learned from the learned expert feature.,1be474df193d46d48a405af599bedfbc
expert-aggregated feature,overall expert number m,M represents the number of experts for the feature.,1be474df193d46d48a405af599bedfbc
low-frequency parts,multi-contrast data,Visualization of Fourier spectrum shows low-frequency components for multi-contrast data.,1be474df193d46d48a405af599bedfbc
high-frequency parts,multi-contrast data,Visualization of Fourier spectrum also shows high-frequency components for multi-contrast data.,1be474df193d46d48a405af599bedfbc
tensor f,q and v,Obtained using convolution operations, Q and V are derived from tensor F.,1be474df193d46d48a405af599bedfbc
local features,convolutions,Convolutions capture local features in image domain.,1be474df193d46d48a405af599bedfbc
global attention map af f t,frequency domain,Global attention is learned using FFT, enhancing global structure.,1be474df193d46d48a405af599bedfbc
enriched features,f + h1×1(af f tv),Enriched features are produced by adding the original feature with the attention-weighted feature.,1be474df193d46d48a405af599bedfbc
naive feed-forward network (ffn),lkffn,LKFFN improves the FFN by introducing a gated mechanism and enhancing local detail perception.,1be474df193d46d48a405af599bedfbc
encoder,hin and e(·),HO(·) and D(·) share the same operations as HIN and E(·), indicating they are functionally similar or part of the same process.,781929156f9441ca8b97b52280f60baa
ixi dataset,fastmri dataset,Both datasets are employed for performance evaluation, suggesting they are used for comparative analysis.,781929156f9441ca8b97b52280f60baa
ixi dataset,pdwi and t2wi volumes,IXI consists of paired PDWI and T2WI volumes, indicating these are the image types within the dataset.,781929156f9441ca8b97b52280f60baa
fastmri dataset,multi-contrast images,FastMRI is paired with multi-contrast images, implying it has a broader range of contrasts compared to IXI.,781929156f9441ca8b97b52280f60baa
pdwi and fs-pdwi knee images,240 pairs,240 pairs of PDWI and FS-PDWI knee images are sifted out for experiments, denoting a subset for evaluation.,781929156f9441ca8b97b52280f60baa
psnr,ssim,PSNR and SSIM are metrics used to measure reconstruction quality, implying they are complementary evaluation criteria.,781929156f9441ca8b97b52280f60baa
rnu,pytorch implementation,RNU is implemented using PyTorch, indicating the programming framework for the model.,781929156f9441ca8b97b52280f60baa
nvidia 3090 gpu,model training,Training is conducted on an NVIDIA 3090 GPU, emphasizing the hardware used for computation.,781929156f9441ca8b97b52280f60baa
adam optimizer,model training,The Adam optimizer is utilized for optimization during training.,781929156f9441ca8b97b52280f60baa
learning rate,lr = 10^(-4),Initial learning rate is set to 10^(-4), which decreases over time.,781929156f9441ca8b97b52280f60baa
epochs,50 epochs,The model is trained for 50 epochs.,781929156f9441ca8b97b52280f60baa
batch size,4,Batch size is set to 4 for training.,781929156f9441ca8b97b52280f60baa
data augmentation,flipping, rotation,Data is randomly augmented for better generalization.,781929156f9441ca8b97b52280f60baa
l1 loss,optimization,L1 loss is used as the objective function for optimizing the network.,781929156f9441ca8b97b52280f60baa
acceleration rate,4×, 8×,Results are presented at 4× and 8× acceleration rates, showing different levels of compression.,781929156f9441ca8b97b52280f60baa
random mask,gaussian sampling,Three masks (random, radial, and Gaussian) are tested.,781929156f9441ca8b97b52280f60baa
stage number k,8,The value K is set to 8 for the proposed method.,781929156f9441ca8b97b52280f60baa
competing approaches,fair comparison,All competing methods are trained with finely tuned settings for a fair comparison.,781929156f9441ca8b97b52280f60baa
quality enhancement,data fidelity,The improvement in quality can be attributed to the employment of consistency guarantee in data fidelity.,e34a9b3d2f684ed99a3653b3b7f309cf
data fidelity,proximal mapping,Consistency in data fidelity and proximal mapping are both employed for enhancement.,e34a9b3d2f684ed99a3653b3b7f309cf
multi-contrast data,refinement of ultimate outcomes,Comprehensive exploitation of supplementary features from multi-contrast data contributes to better results.,e34a9b3d2f684ed99a3653b3b7f309cf
model performance,iterations,Increasing the number of iterations from 4 to 12 consistently improves model performance.,e34a9b3d2f684ed99a3653b3b7f309cf
model performance,computational load,Performance improvements come at the cost of increased computational load.,e34a9b3d2f684ed99a3653b3b7f309cf
rnu (our model),competitors,RNU significantly outperforms other competitors when K = 8.,e34a9b3d2f684ed99a3653b3b7f309cf
rnu,ista (original method),RNU with rang-null decomposition consistently outperforms the original ISTA.,e34a9b3d2f684ed99a3653b3b7f309cf
rang-null decomposition,information correction,The null space in rang-null decomposition holds more potential for information correction.,e34a9b3d2f684ed99a3653b3b7f309cf
rang-null decomposition,noise removal,Employing rang-null decomposition leads to better noise removal.,e34a9b3d2f684ed99a3653b3b7f309cf
range-null decomposition,unfolding network (rnu),RNU is a proposed method in the paper, where Range-Null decomposition is a key component enabling fast multi-contrast MR imaging.,2851155f8a104ef4af9278f829790ce3
fast multi-contrast mr imaging,consistency,The main goal of RNU is to ensure better consistency in the reconstructed images.,2851155f8a104ef4af9278f829790ce3
isotropy encoder,anisotropy encoder,These encoders have different roles - Isotropy encoder focuses on low-frequency details, while Anisotropy encoder handles high-frequency characteristics.,2851155f8a104ef4af9278f829790ce3
spectral analysis,error,The error between the reconstructed image and the ground truth can be observed through spectral analysis in the Fourier domain.,2851155f8a104ef4af9278f829790ce3
multi-contrast fusion,ablation study,Ablation study in Table 4 evaluates the impact of multi-contrast fusion on the IXI dataset.,2851155f8a104ef4af9278f829790ce3
ixi dataset,random acceleration mask,The study is conducted on the IXI dataset with varying acceleration rates, such as ×4.,2851155f8a104ef4af9278f829790ce3
multi-contrast mr imaging,reconstructed mris,The context discusses RNU's analysis and focus on coherence in reconstructing multi-contrast MRIs.,7a918cac51eb4d8b817781aab83cfb0c
rnu model,conventional unfolding architecture,RNU model integrates dual mechanisms into the conventional architecture for MRI acceleration.,7a918cac51eb4d8b817781aab83cfb0c
mri acceleration,previous leading approaches,RNU's method outperforms previous state-of-the-art techniques in MRI acceleration experiments.,7a918cac51eb4d8b817781aab83cfb0c
zhejiang province, china,key program of natural science foundation,The study was partially funded by the Key Program in Zhejiang Province's natural science foundation.,7a918cac51eb4d8b817781aab83cfb0c
national natural science foundation of china,grant 62276232,Additional funding was provided by the National Natural Science Foundation of China under a specific grant number.,7a918cac51eb4d8b817781aab83cfb0c
acknowledgments,valuable insights,The work concludes with expressions of gratitude and hopes to contribute valuable insights to the MRI reconstruction community.,7a918cac51eb4d8b817781aab83cfb0c
