node_1,node_2,edge,chunk_id
3d scene stylization,vision and graphics,3D scene stylization is an important editing task within the broader field of vision and graphics.,a10bcbdbbea541539b6fff4fabb49242
3d scene stylization,style image,The task involves transforming a 3D scene's appearance to match a given style image.,a10bcbdbbea541539b6fff4fabb49242
3d scene stylization,3d consistency,The goal is to maintain consistency across different viewpoints while stylizing the scene.,a10bcbdbbea541539b6fff4fabb49242
existing methods,sota (state-of-the-art) methods,These methods have achieved impressive results but require re-training for each new scene.,a10bcbdbbea541539b6fff4fabb49242
proposed framework,arbitrary style,The proposed framework allows transferring an arbitrary style to any scene without re-training.,a10bcbdbbea541539b6fff4fabb49242
proposed framework,arbitrary scene,It generalizes to any 3D scene, decoupling geometry and appearance for better adaptability.,a10bcbdbbea541539b6fff4fabb49242
2d style pattern space,geometry and appearance disentanglement,This space separates the two aspects, enabling the model's generalization.,a10bcbdbbea541539b6fff4fabb49242
2d stylization algorithm,styling in the 2d pattern space,Used to manipulate the appearance of the 3D scene in the 2D space.,a10bcbdbbea541539b6fff4fabb49242
proposed framework,experimental results,Experimental results show the superiority in visual quality and generalization compared to state-of-the-art methods.,a10bcbdbbea541539b6fff4fabb49242
3d scene disentanglement,uv mapping,UV mapping is a part of 3D scene disentanglement, where a network projects 3D coordinates to a 2D style pattern space.,de3fefc3ec824da9a5d30e4fff477c63
3d scene disentanglement,appearance mapping,Appearance mapping is another part of 3D scene disentanglement, responsible for reconstructing the scene's original appearance and applying style patterns.,de3fefc3ec824da9a5d30e4fff477c63
uv mapping,voxel-grid representation,The UV mapping uses voxel-grid representation for faster training compared to MLPs, providing efficient geometry projection.,de3fefc3ec824da9a5d30e4fff477c63
uv mapping,stylization network,A stylization network is employed instead of manual operations to change the appearance, working in the unified style pattern space.,de3fefc3ec824da9a5d30e4fff477c63
appearance mapping,mlp,An MLP is used to map the projected style pattern coordinates to radiance colors, reconstructing the scene appearance.,de3fefc3ec824da9a5d30e4fff477c63
3d scene stylization,prompt-based stylization mapping,Prompt-based stylization mapping is the method used for actual scene stylization, utilizing a 2D stylization network like SANet.,de3fefc3ec824da9a5d30e4fff477c63
2d style patterns,3d scenes,2D style patterns are generated for arbitrary style images but need to consider geometry when applied to 3D scenes to avoid disorganized results.,de3fefc3ec824da9a5d30e4fff477c63
3d scene stylization,2d stylization network,The method integrates a visual prompt into the 2D network's bottleneck layer to adapt style patterns for 3D scene geometry.,d56d5ecd874144a8ae5e7127707034ba
visual prompt,bottleneck layer,The prompt is integrated into the bottleneck layer of the pre-trained 2D stylization network for adaptation.,d56d5ecd874144a8ae5e7127707034ba
scene-related adaptor,single 3d scene training,When trained on a single scene, the prompt acts as an adapter to make the 2D style patterns aware of specific geometry.,d56d5ecd874144a8ae5e7127707034ba
scene-agnostic adaptor,multiple 3d scenes training,For universal geometry awareness, the prompt can adapt to diverse geometric variations when trained on multiple scenes.,d56d5ecd874144a8ae5e7127707034ba
pnesm (proposed method),3d scene stylization framework,PNeSM is a novel framework that separates geometry and appearance for complete control over 3D scene stylization.,d56d5ecd874144a8ae5e7127707034ba
geometry-disentangled representation,3d scenes,PNeSM maps the appearance of 3D scenes into a 2D space to separate their geometry and appearance.,d56d5ecd874144a8ae5e7127707034ba
generalization to unseen scenes,few-shot scenes (e.g., 3),The prompt shows good generalization when trained on just a few examples, enabling stylization on unseen scenes.,d56d5ecd874144a8ae5e7127707034ba
quality of stylization,experimental results,Experiments demonstrate the high-quality stylization achieved by the proposed method.,d56d5ecd874144a8ae5e7127707034ba
effectiveness and superiority,proposed method,The method's effectiveness and superiority are shown through comprehensive experiments.,d56d5ecd874144a8ae5e7127707034ba
arbitrary 3d scene stylization,scene-agnostic prompt,The ability to handle any 3D scene without prior knowledge of their geometry.,d56d5ecd874144a8ae5e7127707034ba
3d scene stylization,2d style pattern space,The geometry and appearance of 3D scenes are mapped into a 2D style pattern space for stylization, making the process independent and unified.,5a243e2d9b19458b89f3aeeb40021f9f
3d scene stylization,pre-trained 2d stylization network,Our method adapts the pre-trained 2D stylization network using prompt learning for 3D scene stylization, improving visual quality.,5a243e2d9b19458b89f3aeeb40021f9f
image/video style transfer,3d scene stylization,Image style transfer is mentioned as a related field, but our work focuses on the first exploration of applying it to 3D scenes.,5a243e2d9b19458b89f3aeeb40021f9f
optimization-based style transfer,image style transfer,Gatys et al. (2016) introduced an optimization-based method, which is a type of image style transfer technique.,5a243e2d9b19458b89f3aeeb40021f9f
feedforward networks,video style transfer,Several approaches, including feedforward networks, have been developed for faster video style transfer, enabling real-time artistic generation.,5a243e2d9b19458b89f3aeeb40021f9f
prompt learning,3d scene stylization,Prompt learning is used in our method to adapt the pre-trained 2D stylization network, distinguishing our approach.,5a243e2d9b19458b89f3aeeb40021f9f
stylizing-3d-scene (chiang et al. 2022),nerf,Stylizing-3D-Scene is the first to introduce NeRF for 3D scene style transfer.,e1d799cec3744c27bf1b8ac9adabe757
stylizednerf (huang et al. 2022),mutual learning,StylizedNeRF proposes a mutual learning strategy to reduce GPU memory requirements.,e1d799cec3744c27bf1b8ac9adabe757
stylizednerf (huang et al. 2022),alternate training,StylizedNeRF also employs an alternate training strategy for memory efficiency.,e1d799cec3744c27bf1b8ac9adabe757
arf (zhang et al. 2022),single style image,ARF focuses on improving style details using a single style image.,e1d799cec3744c27bf1b8ac9adabe757
arf (zhang et al. 2022),deferred back-propagation,ARF uses a deferred back-propagation strategy for optimizing full-resolution images.,e1d799cec3744c27bf1b8ac9adabe757
ins (fan et al. 2022),interpolation between styles,INS proposes interpolating between different styles for mixed styles generation.,e1d799cec3744c27bf1b8ac9adabe757
stylerf (liu et al. 2023),feature space of a radiance field,StyleRF performs stylization within the feature space of a radiance field.,e1d799cec3744c27bf1b8ac9adabe757
stylerf (liu et al. 2023),sampling-invariant content transformation,StyleRF maintains multi-view consistency with sampling-invariant content transformation.,e1d799cec3744c27bf1b8ac9adabe757
our method,arbitrary styles,Our method focuses on transferring arbitrary styles and stylizing arbitrary 3D scenes.,e1d799cec3744c27bf1b8ac9adabe757
our method,3d scene stylization,Our method aims to stylize scenes with only one stylized model, unlike previous methods needing re-training.,e1d799cec3744c27bf1b8ac9adabe757
prompt learning,natural language process (nlp),Prompt learning is a technique in NLP to adapt pre-trained models for downstream tasks.,e1d799cec3744c27bf1b8ac9adabe757
prompt learning,large language models,Prompt learning works by reformulating input text for frozen pre-trained large language models.,e1d799cec3744c27bf1b8ac9adabe757
downstream image recognition,prompt learning,VPT (Jia et al. 2022) and VP (Bahng et al. 2022) explore prompting with images, showing that prompt learning has great potential in the visual domain.,f55a7671a7a048a48dda958d2d6d351d
vit (dosovitskiy et al. 2021),vpt,VPT prepends tunable parameters to ViT in each Transformer encoder layer, improving performance and reducing storage cost compared to full fine-tuning.,f55a7671a7a048a48dda958d2d6d351d
vit (dosovitskiy et al. 2021),vp,VP adds prompts as image perturbations in pixel space, demonstrating the applicability of prompt learning to the visual domain.,f55a7671a7a048a48dda958d2d6d351d
visual prompt,style transfer field,Motivated by visual prompt, the method introduces prompt learning to the feature level for 3D scene stylization.,f55a7671a7a048a48dda958d2d6d351d
prompt-based neural style mapping (pnesm),uv mapping,PNeSM consists of three main parts, including an UV mapping that projects 3D coordinates into a 2D style pattern space.,f55a7671a7a048a48dda958d2d6d351d
uv mapping,appearance mapping,Followed by an appearance mapping that maps UV style patterns to radiance colors, representing original scene appearance.,f55a7671a7a048a48dda958d2d6d351d
uv mapping,stylization mapping,Lastly, a prompt-based stylization mapping stylizes the scene in the 2D pattern space to achieve the final stylized result.,f55a7671a7a048a48dda958d2d6d351d
disentanglement stage,reconstruction,The training strategy first involves a disentanglement stage where UV and appearance mappings work together to reconstruct the scene.,f55a7671a7a048a48dda958d2d6d351d
stylistization stage,stylistization mapping,The second stage focuses on training the stylization mapping specifically for scene stylization without reconstruction.,f55a7671a7a048a48dda958d2d6d351d
nerf,3d scene representation,NeRF is a method that encodes a 3D scene as a function, mapping 3D coordinates and view directions to volume density and radiance color.,f4a214bcb0844bf2aef6c3f0dd6f694b
volume rendering,nerf,During NeRF's volume rendering, rays cast from the camera pass through the scene, sampling points to calculate pixel colors based on density and radiance.,f4a214bcb0844bf2aef6c3f0dd6f694b
3d coordinate,2d pixel,The cycle mapping process converts 3D coordinates to 2D pixel coordinates, enabling the cycle loss to maintain a bijection between the two spaces.,f4a214bcb0844bf2aef6c3f0dd6f694b
cycle loss,bijective mapping,The cycle loss encourages a one-to-one correspondence between real-world 3D coordinates and the corresponding 2D pixel space.,f4a214bcb0844bf2aef6c3f0dd6f694b
disentanglement stage,appearance from geometry,This stage separates appearance from geometry in the scene representation.,f4a214bcb0844bf2aef6c3f0dd6f694b
stylization stage,prompt-based stylization mapping,At this stage, the focus is on training a mapping specifically for scene stylization.,f4a214bcb0844bf2aef6c3f0dd6f694b
real-world 3d coordinate,2d style pattern coordinate,The UV mapping network projects real-world 3D coordinates into a 2D space to explicitly disentangle appearance from geometry.,702c5ad93b4843c188ec9f93066957bc
neural radiance fields (nerf),geometry,NeRF models radiance color using 3D coordinates and view directions, but they entangle appearance and geometry.,702c5ad93b4843c188ec9f93066957bc
neural radiance fields (nerf),appearance,The goal of 3D scene stylization is to stylize appearance while keeping the geometry intact; NeRF's black-box nature prevents direct editing of appearance.,702c5ad93b4843c188ec9f93066957bc
appearance mapping (mlp),radiance color (cr),During the disentanglement stage, an appearance mapping MLP maps UV style pattern coordinates and view directions to radiance color, representing scene appearance.,702c5ad93b4843c188ec9f93066957bc
disentanglement stage,style pattern space,All scenes share a common style pattern space, which is created during the disentanglement process.,702c5ad93b4843c188ec9f93066957bc
neutex (neural texture mapping),inspiration for appearance-geometry disentanglement,Inspiration for the approach comes from NeuTex, which also separates appearance and geometry.,702c5ad93b4843c188ec9f93066957bc
uv style pattern coordinate,radiance color cr,The UV style pattern coordinate is mapped to the radiance color cr, representing the scene's original appearance.,ddfff845c5774764afd82f274847b84c
uv style pattern space,2d style pattern,Each UV style pattern coordinate in the space corresponds to a specific point in the 2D style pattern via sphere-to-cubemap retrieval.,ddfff845c5774764afd82f274847b84c
voxel-grid representation,uv mapping network,Used to model the UV mapping network, speeding up training compared to MLP.,ddfff845c5774764afd82f274847b84c
voxel-grid representation,density,Models the modality of density to simplify the network.,ddfff845c5774764afd82f274847b84c
cycle loss,style pattern space,Employed to ensure the uniqueness of mapping, preventing multiple reality points from mapping to the same style pattern point.,ddfff845c5774764afd82f274847b84c
inverse mapping network,reality space,Trains to project the style pattern coordinate back to the reality space, focusing on maintaining accurate mappings for significant sample points.,ddfff845c5774764afd82f274847b84c
neutex (xiang et al. 2021),appearance-geometry disentanglement,Our approach builds upon NeuTex but uses voxel-grid representation instead of MLP for the UV mapping network.,ddfff845c5774764afd82f274847b84c
voxel-grid representation,mlp,The context explains that voxel-grid representation is used by Sun, Sun, and Chen (2022) to speed up training compared to the MLP approach by Xiang et al. (2021).,0ddb6c96b0e54b8a825c8509620f3957
disentanglement stage,2d style pattern space,Following the disentanglement, the 2D style pattern space is used for intuitive appearance stylization of the scene.,0ddb6c96b0e54b8a825c8509620f3957
2d style pattern space,style image,The 2D style patterns are learned from a reference style image, where texture information is extracted.,0ddb6c96b0e54b8a825c8509620f3957
2d stylization approaches,content input (noise image),Noise images are used as content inputs to separate style patterns from the style image content.,0ddb6c96b0e54b8a825c8509620f3957
pre-trained 2d stylization approaches,geometry information,These approaches, like Gatys, Ecker, and Bethge (2016) and Li et al. (2017), do not consider geometry when stylizing, which is addressed in the prompt-based stylization.,0ddb6c96b0e54b8a825c8509620f3957
prompt-based stylization,scene's geometry,The prompt-based stylization introduced in the text addresses this limitation by being aware of the geometry of the scene.,0ddb6c96b0e54b8a825c8509620f3957
scene's geometry,disorganized results,lack of consideration on scene's geometry leads to disorganized stylization outcomes,4dbc46ded8dc413f8da14bddee8ebb72
satisfactory stylized scene,pleasant style patterns, scene geometry harmony,a satisfactory scene combines both aesthetically pleasing patterns and seamless integration with geometry,4dbc46ded8dc413f8da14bddee8ebb72
3d scene stylization,geometric awareness,geometric awareness is crucial for achieving high-quality 3D stylization,4dbc46ded8dc413f8da14bddee8ebb72
decoder of a 2d stylization network,geometry-aware stylization loss lgas,the decoder is fine-tuned with a loss function that integrates geometry information,4dbc46ded8dc413f8da14bddee8ebb72
our method,stylizednerf, arf, ins, stylerf,comparison in qualitative results on the LLFF dataset, showcasing our method's performance against competitors,4dbc46ded8dc413f8da14bddee8ebb72
visual prompt,arbitrary image stylization network,our method is not tied to a specific network and can transfer any style, making the prompt flexible,4dbc46ded8dc413f8da14bddee8ebb72
parameter θ,p in our method,θ represents the trainable parameters for style integration during stylization stage,4dbc46ded8dc413f8da14bddee8ebb72
stylerf,limited to a specific 2d stylization network,contrast, our method has the ability to transfer arbitrary styles without network restrictions,4dbc46ded8dc413f8da14bddee8ebb72
arbitrary image stylization network,visual prompt,The visual prompt is embedded within the arbitrary image stylization network, indicating its integration.,53a63a9f6f804ece817c186893946542
visual prompt,rendered image,Given the fine-tuned 2D stylization network, the visual prompt generates the rendered image (IR(θ)).,53a63a9f6f804ece817c186893946542
rendered image,scene,The style patterns consider the geometry information of the scene as the network renders images based on the scene's information.,53a63a9f6f804ece817c186893946542
fine-tuning,cumbersome and time-consuming,Fine-tuning the decoder of a pre-trained 2D stylization network is considered inconvenient due to its time and resource requirements.,53a63a9f6f804ece817c186893946542
prompt learning,fast and flexible adaptation,Prompt learning is introduced to address the issue of inflexibility in adapting the network quickly and efficiently.,53a63a9f6f804ece817c186893946542
visual prompt,style transformation module,The visual prompt is added to the output feature maps of the style transformation module in the 2D stylization network.,53a63a9f6f804ece817c186893946542
lgas,training,Lgas is used to train the visual prompt for generating harmonious style patterns during stylization.,53a63a9f6f804ece817c186893946542
parameters of image,image stylization network,The visual prompt learning does not affect the main network parameters, keeping them separate.,53a63a9f6f804ece817c186893946542
lgas,harmonious style patterns,Lgas is used to generate more harmonious style patterns during stylization.,000ade7efd4c478c902c800711b0f990
image stylization network,frozen parameters,The parameters of the image stylization network are frozen.,000ade7efd4c478c902c800711b0f990
dvgo (sun, sun, and chen 2022),disentanglement stage,Our model is implemented during the disentanglement stage on top of DVGO.,000ade7efd4c478c902c800711b0f990
feature grid,grid designed for style pattern space,The feature grid is replaced with a new grid designed for style pattern space.,000ade7efd4c478c902c800711b0f990
adam optimizer,learning rate,Adam optimizer with a learning rate of 0.1 is used for all voxels.,000ade7efd4c478c902c800711b0f990
λrec,λcycle,λrec and λcycle are set to 1.,000ade7efd4c478c902c800711b0f990
sanet (park and lee 2019),image style transfer network,SANet is adopted for image style transfer during stylization.,000ade7efd4c478c902c800711b0f990
visual prompt,trained for 5k iterations,The visual prompt is trained using an Adam optimizer with a learning rate of 0.1 for 5k iterations.,000ade7efd4c478c902c800711b0f990
relu1 1, relu2 1, relu3 1, relu4 1 layers,loss calculation,These layers in VGG-19 are used to calculate the loss in Eq. 7.,000ade7efd4c478c902c800711b0f990
appearance-geometry disentanglement,scene-related,Appearance-geometry disentanglement is specific to individual scenes.,000ade7efd4c478c902c800711b0f990
prompt-based appearance stylization,scene-agnostic,Prompt-based stylization is independent of the test scene.,000ade7efd4c478c902c800711b0f990
arbitrary test scenes,appearance and geometry disentanglement,Before stylization, test scenes need to have their appearance and geometry disentangled.,000ade7efd4c478c902c800711b0f990
nvidia rtx a6000 (48g) gpu,experimental platform,All experiments are conducted on this GPU.,000ade7efd4c478c902c800711b0f990
wikiart (karayev et al. 2013),style dataset,WikiArt is used as the source of style images.,000ade7efd4c478c902c800711b0f990
a6000 (48g) gpu,datasets,A6000 GPU is used as a computational resource for processing datasets, specifically WikiArt.,26a8b53fde2e44039428b4190f99b386
wikiart,style dataset,WikiArt is mentioned as a style dataset for image stylization methods.,26a8b53fde2e44039428b4190f99b386
llff (mildenhall et al. 2019),training set,LLFF is a dataset with forward-facing scenes used for training in the context of NeRF-based methods.,26a8b53fde2e44039428b4190f99b386
llff (mildenhall et al. 2019),evaluation set,LLFF is also used as an evaluation set, with specific scenes like Horns, Leaves, Flower, Orchids for training and Fern, Trex for testing.,26a8b53fde2e44039428b4190f99b386
tanks and temples dataset (knapitsch et al. 2017),training set,This dataset is used for training, with Playground, Horse, and Francis as examples.,26a8b53fde2e44039428b4190f99b386
tanks and temples dataset (knapitsch et al. 2017),evaluation set,It is also used for evaluation, with a focus on Truck scenes.,26a8b53fde2e44039428b4190f99b386
lsnv (huang et al. 2021),baseline,LSNV is a baseline method compared in the context, using point cloud scene representation.,26a8b53fde2e44039428b4190f99b386
stylizing-3d-scene (chiang et al. 2022),baseline,Another baseline method for 3D scene stylization, competing with LSNV.,26a8b53fde2e44039428b4190f99b386
arf (zhang et al. 2022),baselines,ARF is a baseline method for both LLFF and Tanks and Temples dataset comparisons, showcasing image stylization approaches.,26a8b53fde2e44039428b4190f99b386
ins (fan et al. 2022),baseline,INS is another method compared on the LLFF dataset, demonstrating a competing approach.,26a8b53fde2e44039428b4190f99b386
stylerf (liu et al. 2023),baseline,StyleRF is a baseline method on the LLFF dataset, indicating a recent advancement in the field.,26a8b53fde2e44039428b4190f99b386
prompt-based neural style mapping (pnesm),3d scenes,PNeSM is designed to transfer arbitrary styles to 3D scenes.,f47a93ab38da4be18be9d97689160714
neural radiance fields (nerf),reconstruction capability,PNeSM leverages NeRF's powerful reconstruction capabilities.,f47a93ab38da4be18be9d97689160714
2d style pattern space,appearance,Appearance is mapped into a 2D style pattern space for disentanglement.,f47a93ab38da4be18be9d97689160714
2d stylization network,texture information extraction,PNeSM extracts texture information using a pre-trained 2D stylization network.,f47a93ab38da4be18be9d97689160714
visual prompt,geometry information,The visual prompt helps adapt style patterns to consider geometry, resulting in more harmonious stylization.,f47a93ab38da4be18be9d97689160714
visual prompt,disorganized results,Without a visual prompt, the results are disorganized and lack harmony.,f47a93ab38da4be18be9d97689160714
visual prompt,improved visual quality,The visual prompt contributes to better visual quality.,f47a93ab38da4be18be9d97689160714
experimental results,effectiveness and superiority,Extensive experiments demonstrate the method's effectiveness and superiority over other approaches.,f47a93ab38da4be18be9d97689160714
scene,2d style pattern space,The context describes a scene within the context of a 2D style pattern space.,521635552bab4fba9e0263fdd89b8329
method,effectiveness and superiority,The method is shown to be effective and superior, indicating a positive evaluation.,521635552bab4fba9e0263fdd89b8329
work,acknowledgements,The acknowledgments section follows the description of the work.,521635552bab4fba9e0263fdd89b8329
zhejiang province program,2022c01222, 2023c03201, 2019007, 2021009,These are specific funding codes supporting the work.,521635552bab4fba9e0263fdd89b8329
national program of china,62172365, 2021yff0900604, 19zda197,Additional national-level funding sources for the project.,521635552bab4fba9e0263fdd89b8329
ningbo program,2022z167,Another regional program supporting the research.,521635552bab4fba9e0263fdd89b8329
moe frontier science center,for brain science & brain-machine integration,A center at Zhejiang University focused on brain science and integration.,521635552bab4fba9e0263fdd89b8329
zhejiang university,moe frontier science center,The center is affiliated with Zhejiang University.,521635552bab4fba9e0263fdd89b8329
