node_1,node_2,edge,chunk_id
ood detection,autonomous driving,OOD detection is a crucial ability for autonomous driving systems to ensure safety and differentiate between known classes and unexpected situations.,e39daaab5f3e4bcf9bd46b8351e03a91
ood detection,intelligent healthcare applications,In healthcare, accurate OOD detection helps to identify new data as normal or requiring special attention, improving patient care.,e39daaab5f3e4bcf9bd46b8351e03a91
ood samples,id data,OOD samples are data that are not part of the initial training data (ID), and the model must distinguish them from known classes.,e39daaab5f3e4bcf9bd46b8351e03a91
overconfidence,ai model,Overconfidence occurs when AI models assign high confidence to unseen OOD data, which can lead to incorrect predictions.,e39daaab5f3e4bcf9bd46b8351e03a91
ood data,training data,Models trained only on ID data may struggle with OOD data if they lack exposure during the training process.,e39daaab5f3e4bcf9bd46b8351e03a91
ood data acquisition,real-world applications,Obtaining OOD data can be challenging in real-world scenarios due to time constraints or costs.,e39daaab5f3e4bcf9bd46b8351e03a91
researchers,ood detection methods,Researchers develop methods to address OOD detection, often incorporating OOD samples during training to improve model performance.,e39daaab5f3e4bcf9bd46b8351e03a91
generative adversarial networks (gans),ood samples,GANs are used to generate fake OOD samples based on ID data.,2a39902851e2484cb3534cb442adaffd
gans,stable training,GANs often face challenges in stable training, making it difficult to generate realistic OOD samples.,2a39902851e2484cb3534cb442adaffd
gans,realistic ood samples,Generating realistic OOD samples from only ID samples is a challenge for GANs.,2a39902851e2484cb3534cb442adaffd
vos (virtual ood sampling),ood features,VOS synthesizes virtual OOD features from low likelihood regions of ID data in the feature space.,2a39902851e2484cb3534cb442adaffd
vos (virtual ood sampling),gaussian distribution,VOS assumes a strict Gaussian distribution for ID data, which may not always be realistic.,2a39902851e2484cb3534cb442adaffd
clip (contrastive language-image pre-training),ood detection,CLIP is used for OOD detection because it has learned a lot of knowledge, including OOD knowledge.,2a39902851e2484cb3534cb442adaffd
clip,pre-trained large vision-language model,Its effectiveness in OOD detection comes from its pre-training on a vast amount of vision and language data.,2a39902851e2484cb3534cb442adaffd
clip model,ood data,The CLIP model is used for OOD detection, but this approach requires unrealistic OOD data labels.,ee8671b32c0541e3be536d15ebd79713
clip model,pre-trained visual encoder,The pre-trained visual encoder is necessary for OOD detection, but it needs to be trained alongside the CLIP-based textual guidance.,ee8671b32c0541e3be536d15ebd79713
tagfog,clip-based textual guidance,TagFog proposes a framework that uses CLIP's textual embeddings of ID knowledge for contrastive learning during OOD detection.,ee8671b32c0541e3be536d15ebd79713
tagfog,fake ood generation,TagFog generates fake OOD data through Jigsaw transformations, which serve as a training tool for the visual model.,ee8671b32c0541e3be536d15ebd79713
jigsaw transformations,fake ood data,Jigsaw transformations create semantically shifted images that mimic ID data for challenging OOD sample generation.,ee8671b32c0541e3be536d15ebd79713
chatgpt,textual description of id classes,ChatGPT provides richer information than just class names, enhancing the textual guidance for the model.,ee8671b32c0541e3be536d15ebd79713
clip's textual embeddings,id knowledge,These embeddings serve as anchors for guiding the image encoder's training with contrastive learning.,ee8671b32c0541e3be536d15ebd79713
image encoder,ood discrimination,The image encoder is trained to better discriminate between ID and real OOD data using the TagFog framework.,ee8671b32c0541e3be536d15ebd79713
training data,id classes,The training data is generated based on K ID classes.,e3c01135bda54564ab824f17b7633175
chatgpt,descriptive text generation,ChatGPT is used to generate text for each ID class, which is then used to create semantic embeddings.,e3c01135bda54564ab824f17b7633175
chatgpt's text encoder,semantic embedding,The Text Encoder creates embeddings for ID classes using the generated text.,e3c01135bda54564ab824f17b7633175
image encoder,feature representation,The Image Encoder learns to generate compact ID feature representations.,e3c01135bda54564ab824f17b7633175
supervised contrast learning (supcon),contrastive learning,SupCon is utilized for supervised contrastive learning on ID and fake OOD embedding vectors.,e3c01135bda54564ab824f17b7633175
fake ood data,ood detection,Fake OOD data is used during training to improve OOD detection performance.,e3c01135bda54564ab824f17b7633175
ood detection methods,hendrycks (reference),Most OOD detection methods, including those by Hendrycks, use OOD data for training.,e3c01135bda54564ab824f17b7633175
classifier,ood separation,The classifier is trained to separate ID data from fake OOD data in the feature space.,e3c01135bda54564ab824f17b7633175
ood detection methods,classifier training,Most OOD detection methods train classifiers based on ID data without considering OOD data.,48d5757167434206a93aac96a27beb07
hendrycks and gimpel (2016),liang, li, and srikant (2017),Both are examples of OOD detection methods mentioned in the context.,48d5757167434206a93aac96a27beb07
ming et al. (2023),ood detection methods,Mentioned as another method that trains a classifier on ID data without OOD knowledge.,48d5757167434206a93aac96a27beb07
fake ood data generation,classifier training,Proposed method uses fake OOD data alongside ID data to improve the classifier's performance.,48d5757167434206a93aac96a27beb07
jigsaw technique,fake ood data generation,The Jigsaw technique is employed to create synthetic OOD data for the model.,48d5757167434206a93aac96a27beb07
image encoder f,classifier head h,Both components form the proposed learning framework, TagFog, for OOD detection.,48d5757167434206a93aac96a27beb07
chatgpt,text encoder,Pretrained CLIP's Text Encoder is fed descriptions of ID classes obtained from ChatGPT.,48d5757167434206a93aac96a27beb07
projected visual embedding,id image,The projected visual embedding zn is derived from the input ID image xn.,40a13dd5f0e54bde9d57719a327dbf30
image encoder (f),projected visual embedding (zn),The image encoder f generates the projected visual embedding zn through a series of transformations.,40a13dd5f0e54bde9d57719a327dbf30
projection module (g),projected visual embedding (zn),The projection module g processes the output of the image encoder f, refining the visual embedding.,40a13dd5f0e54bde9d57719a327dbf30
anchor,projected visual embedding (zn),During training, the visual embeddings of the same ID class are encouraged to be close to their associated anchor.,40a13dd5f0e54bde9d57719a327dbf30
supervised contrastive loss (lsc),fake ood images,LSC helps differentiate fake OOD images from anchor-guided ID images by contrasting their similarity scores.,40a13dd5f0e54bde9d57719a327dbf30
image encoder (f),classifier head (h),The image encoder f and classifier head h work together for classification tasks.,40a13dd5f0e54bde9d57719a327dbf30
loss function (l),image encoder (f),The combined loss L is minimized during training, affecting the performance of the image encoder.,40a13dd5f0e54bde9d57719a327dbf30
loss function (l),projection module (g),The projection module g is also influenced by the loss function L during training.,40a13dd5f0e54bde9d57719a327dbf30
temperature scaling factor (τ),loss functions (lci, lsc),Both LCI and LSC use temperature scaling factors τ and τ' for calculating similarity scores.,40a13dd5f0e54bde9d57719a327dbf30
model inference,trained model,During model inference, a well-trained model is used for OOD detection.,d507def6a804413280bf28afdc9860ee
model inference,ood detection strategy,Our method focuses on model training and employs a post-hoc method, ReAct, for detecting OOD during inference.,d507def6a804413280bf28afdc9860ee
react,post-hoc ood detection method,ReAct is a recently proposed method for OOD detection, which calculates scores using logit values of ID classes.,d507def6a804413280bf28afdc9860ee
training,model training,The context discusses the process of training a model for OOD detection.,d507def6a804413280bf28afdc9860ee
cifar10,cifar100,Both datasets are used as ID sets in the CIFAR benchmarks for OOD detection evaluation.,d507def6a804413280bf28afdc9860ee
cifar10/cifar100,ood test sets,Six datasets like Textures, SVHN, iSUN, Places365, LSUN-C, and LSUN-R serve as OOD test sets for CIFAR benchmarks.,d507def6a804413280bf28afdc9860ee
imagenet100-i,imagenet100-ii,Two different subsets of ImageNet are used as ID sets in the large-scale ImageNet benchmarks.,d507def6a804413280bf28afdc9860ee
imagenet100-i/ii,ood test datasets,Four datasets, Places, are used as OOD test sets for the large-scale ImageNet benchmarks.,d507def6a804413280bf28afdc9860ee
ood test datasets,places,Places is an example of an OOD dataset mentioned in the context.,0f78bf42b92b42c69ac346b3c34f2124
ood test datasets,textures,Another OOD dataset mentioned is Textures.,0f78bf42b92b42c69ac346b3c34f2124
ood test datasets,inaturalist,iNaturalist is also part of the OOD datasets for evaluation.,0f78bf42b92b42c69ac346b3c34f2124
ood test datasets,sun,SUN is the fourth OOD dataset referenced.,0f78bf42b92b42c69ac346b3c34f2124
cifar benchmarks,resnet18,ResNet18 is used as a model backbone for CIFAR benchmarks.,0f78bf42b92b42c69ac346b3c34f2124
cifar benchmarks,resnet34,ResNet34 is another model backbone for CIFAR benchmarks.,0f78bf42b92b42c69ac346b3c34f2124
imagenet100 benchmarks,resnet50,ResNet50 is used for ImageNet100 benchmarks.,0f78bf42b92b42c69ac346b3c34f2124
imagenet100 benchmarks,resnet101,ResNet101 is another model used for ImageNet100.,0f78bf42b92b42c69ac346b3c34f2124
fake ood data,cifar images (jigsaw),CIFAR images are divided into patches and rearranged to create fake OOD data.,0f78bf42b92b42c69ac346b3c34f2124
fake ood data,imagenet100 images (jigsaw),ImageNet100 images are also divided into patches and rearranged for fake OOD data.,0f78bf42b92b42c69ac346b3c34f2124
clip's text encoder,clip-l/14,CLIP-L/14 is a specific version of the Text Encoder, based on ViT-L/14.,0f78bf42b92b42c69ac346b3c34f2124
projection module,fully connected layers,The projection module consists of two fully connected layers with a specific architecture.,0f78bf42b92b42c69ac346b3c34f2124
projection module,image resizing,The projection module uses images that are resized to 32x32 for CIFAR sets and 224x224 for ImageNet100.,e8a058d12da94896b07fa7659b963c06
image resizing,aspect ratio,During resizing, the aspect ratio is maintained within a scale range of 0.2 to 1.,e8a058d12da94896b07fa7659b963c06
image resizing,random horizontal flipping,Additional image transformations include random horizontal flipping.,e8a058d12da94896b07fa7659b963c06
image resizing,color jittering,Color jittering is also performed on the images.,e8a058d12da94896b07fa7659b963c06
image resizing,grayscale transformation,Grayscale transformation is another applied transformation.,e8a058d12da94896b07fa7659b963c06
training,stochastic gradient descent,The model is trained using stochastic gradient descent with momentum 0.9.,e8a058d12da94896b07fa7659b963c06
training,weight decay,A weight decay of 1e-4 is used during training.,e8a058d12da94896b07fa7659b963c06
learning rate,initial learning rate,The initial learning rate is 0.05, which is warmed up from 0.01.,e8a058d12da94896b07fa7659b963c06
batch size,cifar,The batch size is 512 for CIFAR datasets.,e8a058d12da94896b07fa7659b963c06
batch size,imagenet100,The batch size is 128 for ImageNet100.,e8a058d12da94896b07fa7659b963c06
temperature,τ,Temperature τ is set to 0.1.,e8a058d12da94896b07fa7659b963c06
temperature,τ',Temperature τ' is also set to 0.1.,e8a058d12da94896b07fa7659b963c06
testing,center cropping,During testing, center cropping is applied to test images.,e8a058d12da94896b07fa7659b963c06
ood datasets,isuna,iSUNA is one of the OOD datasets used for evaluation.,e8a058d12da94896b07fa7659b963c06
ood datasets,cifar10,CIFAR10 is another OOD dataset.,e8a058d12da94896b07fa7659b963c06
ood datasets,cifar100,CIFAR100 is also an OOD dataset.,e8a058d12da94896b07fa7659b963c06
ood datasets,textures,Textures is a part of the OOD dataset evaluation.,e8a058d12da94896b07fa7659b963c06
ood datasets,places365,Places365 is another OOD dataset, and its AUROC is used for evaluation.,e8a058d12da94896b07fa7659b963c06
operating characteristic curve (a: auroc),ood datasets,The context discusses the operating characteristic curve (AUROC) in the context of Out-of-Distribution (OOD) datasets, comparing various methods for detecting OOD samples.,35267abee4aa4dd4a92b3dda34f63155
ood datasets,cifar10,CIFAR10 is one of the OOD datasets benchmarked in the table.,35267abee4aa4dd4a92b3dda34f63155
ood datasets,cifar100,CIFAR100 is another OOD dataset mentioned alongside CIFAR10 in the context.,35267abee4aa4dd4a92b3dda34f63155
ood datasets,f↓isuna↑,F↓iSUNA↑ is listed as an OOD dataset, but the specific relationship is not further explained.,35267abee4aa4dd4a92b3dda34f63155
ood datasets,places365,Places365 is also an OOD dataset, mentioned as having a high performance.,35267abee4aa4dd4a92b3dda34f63155
mspmahalanobis id datasetmethod,ood detection,MSP (Mahalanobis) and other methods like MSPMahalanobis ID DatasetMethod are discussed in the context of OOD detection techniques.,35267abee4aa4dd4a92b3dda34f63155
model backbone,resnet18,ResNet18 is the backbone model used for evaluating the performance of OOD detection methods.,35267abee4aa4dd4a92b3dda34f63155
dice+react,ood performance,DICE+ReAct is a competing method with performance metrics listed in the table.,35267abee4aa4dd4a92b3dda34f63155
featurenorm odin,ood performance,FeatureNorm and ODIN are other methods evaluated for their OOD detection capabilities.,35267abee4aa4dd4a92b3dda34f63155
react average,ood performance,ReAct Average is another performance metric in the context.,35267abee4aa4dd4a92b3dda34f63155
tagfog (ours),ood performance,TagFog is the proposed method, which achieves the best overall performance across the datasets.,35267abee4aa4dd4a92b3dda34f63155
vos efficacy,method evaluation,VOS (Voilà Outlier Score) is a method requiring model retraining, and its efficacy is part of the evaluation.,35267abee4aa4dd4a92b3dda34f63155
logitnorm,model retraining,Methods like LogitNorm require model retraining, contrasting with post-hoc methods.,35267abee4aa4dd4a92b3dda34f63155
cider,model training,CIDER is another method that necessitates model training for OOD detection.,35267abee4aa4dd4a92b3dda34f63155
ood datasets,average performance,Our method's performance is evaluated on OOD datasets, with a focus on the state-of-the-art average performance.,5c346fb8104e47efae41bc5755d34722
our method,vos,Our method significantly outperforms VOS on CIFAR10, with lower FPR95 (10.41% vs. 33.04%) and higher AUROC (97.99% vs. 92.99%).,5c346fb8104e47efae41bc5755d34722
our method,cider,On CIFAR100 benchmark, our method has better FPR95 (44.33% vs. 58.66%) and AUROC (90.47% vs. 85.03%).,5c346fb8104e47efae41bc5755d34722
model backbone,resnet34,Results with ResNet34 are in the Supplementary Section D, showing our method's superiority.,5c346fb8104e47efae41bc5755d34722
our method,wideresnet28-10,Performance with WideResNet28-10 is also reported, maintaining state-of-the-art.,5c346fb8104e47efae41bc5755d34722
imagenet100 benchmarks,knn,Additional comparison includes KNN, alongside baselines whose performance is reported on ImageNet100 benchmarks.,5c346fb8104e47efae41bc5755d34722
imagenet100 benchmarks,gradnorm,Both model backbones achieve state-of-the-art performance against GradNorm on the ImageNet100 benchmarks.,5c346fb8104e47efae41bc5755d34722
proposed learning framework,ablation study,The proposed learning framework is studied through an ablation study in Table 5.,7ac3c538e05645e783d3f23220512a28
cifar10,cifar100,The study compares performance on both CIFAR10 and CIFAR100 benchmarks.,7ac3c538e05645e783d3f23220512a28
proposed text-guided learning (chatgpt),ablated versions,The proposed text-guided learning outperforms its two ablated versions, as shown in Figure 3.,7ac3c538e05645e783d3f23220512a28
fake ood data,lci and lsc,The performance improvement is attributed to the combination of fake OOD data and the two loss terms LCI and LSC.,7ac3c538e05645e783d3f23220512a28
cifar100 benchmark,best baseline,The proposed method surpasses the best baseline (AUROC 89.57%-89.82%) on the CIFAR100 benchmark.,7ac3c538e05645e783d3f23220512a28
text-guided learning (chatgpt),traditional simple description (standard),A comparison is made between the proposed ChatGPT-generated description and the standard simple descriptions in Figure 4.,7ac3c538e05645e783d3f23220512a28
hyper-parameters τ and τ′, λ1 and λ2,number of fake ood data,Sensitivity of the method to these hyper-parameters and the number of fake OOD data is investigated in Figure 4.,7ac3c538e05645e783d3f23220512a28
cifar100 benchmark,resnet18 model backbone,The context discusses using ResNet18 as the base model for evaluating performance on the CIFAR100 dataset.,020564403cf14a6fa8a0f3df404aa8e0
best baseline,performance,The dashed line shows the performance of the best available method being surpassed by the proposed approach.,020564403cf14a6fa8a0f3df404aa8e0
ood detection,chatgpt's textual description,ChatGPT's text is found to be helpful for improving OOD detection.,020564403cf14a6fa8a0f3df404aa8e0
ood detection,clip's textual embeddings,CLIP's textual embeddings also contribute to better OOD detection.,020564403cf14a6fa8a0f3df404aa8e0
imagenet100 benchmark,supplementary figure 2,Similar results on OOD detection performance are presented in the supplementary material, specifically in Figure 2.,020564403cf14a6fa8a0f3df404aa8e0
proposed learning framework,hyper-parameters,The framework is insensitive to a wide range of hyper-parameters, including τ, τ', λ1, λ2, and the number of fake OOD data.,020564403cf14a6fa8a0f3df404aa8e0
temperature factors (τ, τ'),weighting coefficients (λ1, λ2),These parameters influence the model's training without significantly affecting its performance.,020564403cf14a6fa8a0f3df404aa8e0
number of fake ood data,model training,The quantity of synthetic out-of-distribution data used impacts the model's ability to generalize.,020564403cf14a6fa8a0f3df404aa8e0
visual representations,proposed learning framework,The framework learns more compact visual representations for improved understanding.,020564403cf14a6fa8a0f3df404aa8e0
ood data,id images,The context discusses the relationship between OOD (out-of-distribution) data and ID (in-distribution) images, where the model performs stably on varying amounts of fake OOD data per ID image.,bb59ab8f34464bd49ceb7a722f649084
model performance,hyper-parameters,The stability of the model's performance is shown in relation to the different hyper-parameters, as indicated by the standard deviation.,bb59ab8f34464bd49ceb7a722f649084
proposed learning framework,existing post-hoc ood detection methods,The learning framework is flexible and can be fused with existing post-hoc techniques to improve OOD detection.,bb59ab8f34464bd49ceb7a722f649084
our learning framework,react,In Table 6, the fusion of our framework with ReAct leads to improved AUROC and FPR95 on the CIFAR100 benchmark.,bb59ab8f34464bd49ceb7a722f649084
our learning framework,energy,Similar improvements are observed when fused with Energy, as seen in Table 6 for the ImageNet100-I Benchmark.,bb59ab8f34464bd49ceb7a722f649084
our learning framework,other post-hoc methods (energy, 57.97/38.89, etc.),The fusion consistently enhances the performance of various post-hoc methods across multiple benchmarks.,bb59ab8f34464bd49ceb7a722f649084
scores from post-hoc methods,ood detection,These scores are used for OOD detection after the model has been trained with the proposed learning framework.,bb59ab8f34464bd49ceb7a722f649084
ood detection performance,original methods,The fusion with our framework often leads to better OOD detection performance compared to the original methods, as shown in Tables 6 and 7.,bb59ab8f34464bd49ceb7a722f649084
anomaly degree,input data,The context describes how the 'anomaly degree' is measured using a divisor/dividend structure for the input data.,e1b3a141ee474b7e88b79ca631806196
cider,prototype construction,CIDER employs prototype construction during training to achieve better performance on CIFAR10 benchmarks.,e1b3a141ee474b7e88b79ca631806196
our approach,semantically rich clip text embeddings,Our approach utilizes CLIP text embeddings as prototypes for improved performance.,e1b3a141ee474b7e88b79ca631806196
post-hoc methods,ood scores,Post-hoc methods design OOD scores based on various network components, like softmax outputs, logits, gradients, feature embeddings, and model weights.,e1b3a141ee474b7e88b79ca631806196
react score,energy score,ReAct score improves the energy score by pruning high-activation feature components.,e1b3a141ee474b7e88b79ca631806196
ood detection,additional ood data,Performance improvement in OOD detection is often observed with access to extra real or fake OOD data.,e1b3a141ee474b7e88b79ca631806196
ood data,real ood data,Improve performance of OOD detection with access to additional OOD data.,5d600822a9c24f658909649d3eb81b40
ood data,fake ood data,Alternative solution to acquiring real OOD data, generated for OOD detection.,5d600822a9c24f658909649d3eb81b40
gans,synthetic ood data,Used for generating fake OOD data, but faces challenges with complex image generation and unstable training.,5d600822a9c24f658909649d3eb81b40
vos,synthetic outliers,Uses Gaussian-like feature distributions to synthesize outliers for OOD detection.,5d600822a9c24f658909649d3eb81b40
featurenorm,input-level fakes,Utilizes input-level fake data to identify layers with large feature norm differences for OOD score design.,5d600822a9c24f658909649d3eb81b40
jigsaw strategy,challenging ood data,Proposes a simple method to generate data locally similar to ID but globally different, avoiding complex generation.,5d600822a9c24f658909649d3eb81b40
extra-modality models,clip,Large vision-language models, like CLIP, enable advancements in cross-modal studies.,5d600822a9c24f658909649d3eb81b40
extra-modality models,align,Also refers to ALIGN, another large vision-language model, with limited use for OOD detection.,5d600822a9c24f658909649d3eb81b40
extra ood text,auxiliary tool for ood detection,Fort et al. use extra OOD text in their approach.,5d600822a9c24f658909649d3eb81b40
