node_1,node_2,edge,chunk_id
empirical rigor,deep reinforcement learning research,The lack of rigorous experimental design is a challenge for deep reinforcement learning research.,1b09297073364e87a93dadcc1d1659aa
deep reinforcement learning research,super-human level performance,Deep reinforcement learning has achieved super-human performance in various applications.,1b09297073364e87a93dadcc1d1659aa
rigorous experimental design,evaluations,Rigorous experimental design is essential for conducting evaluations in deep reinforcement learning.,1b09297073364e87a93dadcc1d1659aa
lack of rigorous experimental design,misleading conclusions,Lack of rigorous design can lead researchers to draw incorrect conclusions about DRL methods.,1b09297073364e87a93dadcc1d1659aa
factors contributing to success,methods,Understanding what factors contribute to a method's success is crucial.,1b09297073364e87a93dadcc1d1659aa
reproducibility,method's results,Reproducibility is important to ensure the reliability of research findings.,1b09297073364e87a93dadcc1d1659aa
real world complexities,control tasks,Real-world tasks introduce complexities, such as multiple instances of the same task.,1b09297073364e87a93dadcc1d1659aa
traffic signal control task,intersection,An example of a complex control task is designing a signal control strategy for an intersection.,1b09297073364e87a93dadcc1d1659aa
drl method,solving tasks,Determining if a DRL method can solve one or multiple tasks is a key evaluation.,1b09297073364e87a93dadcc1d1659aa
traffic signal control problem,drl method,The main focus is on designing a signal control strategy for an intersection, where the reliability of a DRL method is being assessed to solve this problem.,e2aa6c20597340ac954bb8962709f1e4
drl method,algorithmic generalization,To demonstrate effective generalization, the proposed DRL method must perform well across a variety of signalized intersection instances, not just a few commonly used ones.,e2aa6c20597340ac954bb8962709f1e4
algorithmic generalization,evaluation overfitting,Overfitting occurs when DRL methods appear to perform well on specific instances, potentially leading to misleading results and negative implications when deployed in the real world.,e2aa6c20597340ac954bb8962709f1e4
real-world applications,drl trickling in,As DRL technology moves towards practical implementation, the need for evaluating its generalization in various tasks, including traffic signal control, becomes increasingly important.,e2aa6c20597340ac954bb8962709f1e4
intersection instances,overspecialization,Some studies using a limited number of intersection instances risk overspecializing the DRL method, which could lead to poor performance in unseen scenarios.,e2aa6c20597340ac954bb8962709f1e4
critical use cases,drl implementation,Deploying DRL without proper generalization evaluation can have severe consequences, impacting the quality of methods employed and overall effectiveness.,e2aa6c20597340ac954bb8962709f1e4
traffic signal control task,mdp,The traffic signal control task is typically represented as a single MDP, with the task being underspecified and capable of representation as a family of MDPs.,8cb9dd39592d45e29af123bfb571707b
default mdp,family of mdps,A single MDP represents the default scenario, while a family of MDPs encompasses variations specified by parameters like lane numbers, turn configurations, and traffic inflow levels.,8cb9dd39592d45e29af123bfb571707b
point mdp,implicit family of mdps,Standard evaluations use a single point MDP for assessing algorithmic generalization, but these can be arbitrary or simplify the task within the broader family.,8cb9dd39592d45e29af123bfb571707b
point mdp-based evaluations,error in true performance,The coupling of arbitrary point MDP selection and DRL method sensitivity can lead to an inaccurate estimation of DRL method performance across the entire implicit MDP.,8cb9dd39592d45e29af123bfb571707b
traditional traffic signal control methods,mdps,MDPs outperform traditional methods but significantly underperform when used for evaluation, affecting method rankings.,30d538d5704e4415be8f12e28cf3623e
mdps,domain,In real-world applications, the number of MDPs in a task is determined by the domain, unlike benchmark suites.,30d538d5704e4415be8f12e28cf3623e
mdps,thousands of point mdps,A task can have a large number of MDP instances, posing computational challenges for DRL method evaluation.,30d538d5704e4415be8f12e28cf3623e
mdps (point mdps),evaluating drl methods,Evaluating DRL methods on point MDPs requires addressing statistical power and sensitivity due to the current state of algorithms.,30d538d5704e4415be8f12e28cf3623e
algorithmic generalization,task families,This work does not focus on algorithmic generalization across different task families, which is a common practice in standard DRL evaluations.,30d538d5704e4415be8f12e28cf3623e
policy generalization,task family,It also doesn't address policy generalization within a task family, another aspect of DRL evaluation.,30d538d5704e4415be8f12e28cf3623e
point mdp-based evaluations,algorithmic generalization of drl methods,In the context, point MDP-based evaluations are used to assess the algorithmic generalization of DRL methods within a task.,c4b63f55c9b34ce0ae6d190608fa5e7b
popular drl benchmarks,three control tasks (pendulum, quad, swimmer),The experiment is derived from these popular benchmarks, which serve as examples of underspecified tasks.,c4b63f55c9b34ce0ae6d190608fa5e7b
tasks (pendulum, quad, swimmer),task families,Each task is augmented to create a family of MDPs, showcasing the shortcomings of point MDPs.,c4b63f55c9b34ce0ae6d190608fa5e7b
mdp augmentations, underspecification,The modifications to the tasks induce a family of MDPs, highlighting the lack of specificity in point MDP evaluations.,c4b63f55c9b34ce0ae6d190608fa5e7b
drl algorithms,ppo, trpo, td3,These algorithms (PPO, TRPO, and TD3) are evaluated on the modified tasks to demonstrate the limitations of point MDPs.,c4b63f55c9b34ce0ae6d190608fa5e7b
algorithmic generalization,multi-task learning (in robotics),The context contrasts single-agent multi-task learning, which is not the focus of this work.,c4b63f55c9b34ce0ae6d190608fa5e7b
generic cancer progression model,chemotherapy designing agent,The context discusses using a generic cancer progression model for training a specific agent designed to create chemotherapy.,7505d02f23394678a1bc3ece329a0daa
simplified mdp,mdp (markov decision process),A simplified MDP is a type of MDP that simplifies the modeling process, such as by assuming zero-error instrument modeling in the context of chemical reaction optimization.,7505d02f23394678a1bc3ece329a0daa
mdp family,child mdps,In the context, child MDPs are considered possible random variations within an MDP family, where each family member is a specific instance.,7505d02f23394678a1bc3ece329a0daa
parametric mean mdp,generic mdp,The generic MDP is the average or baseline MDP of a set, representing the common characteristics of all other MDPs in the family.,7505d02f23394678a1bc3ece329a0daa
simplified mdp,easiest mdp,The simpliﬁed MDP is chosen as the easiest variant, having the simplest transition dynamics compared to other MDPs in the family.,7505d02f23394678a1bc3ece329a0daa
point mdp-based evaluations,control tasks,These evaluations assess the performance of DRL methods on specific point MDPs for tasks like Quadcopter control, pendulum balancing, and swimmer navigation.,7505d02f23394678a1bc3ece329a0daa
quad task,quadcopter,The Quad task involves controlling a quadcopter, with performance measured by normalized distance traveled before crashing or reaching the goal.,7505d02f23394678a1bc3ece329a0daa
pendulum task,pendulum,The Pendulum task is about swinging the pendulum upright, with performance measured by the time taken to achieve this.,7505d02f23394678a1bc3ece329a0daa
swimmer task,swimmer,The Swimmer task focuses on guiding a swimmer to reach a goal, with performance measured by the time taken to complete the task.,7505d02f23394678a1bc3ece329a0daa
performance under different point mdps,mdp families,The context discusses the variability of performance based on different point MDPs within various families, such as Quad, Pendulum, and Swimmer.,8826602d1750471e92c20b276e101bb3
simplified mdps,other point mdps,Simpliﬁed MDPs are generally better performing compared to other MDPs within the same family.,8826602d1750471e92c20b276e101bb3
point mdp (0,6),ppo and trpo,Under point MDP (0,6), PPO and TRPO are equally well-performing.,8826602d1750471e92c20b276e101bb3
point mdp (0.5,3),ppo vs trpo,At point MDP (0.5,3), PPO outperforms TRPO with a significant difference.,8826602d1750471e92c20b276e101bb3
drl methods,point mdp-based evaluations,Evaluations using point MDPs can lead to conflicting conclusions about relative method performance.,8826602d1750471e92c20b276e101bb3
drl training,underlying mdp,DRL training is sensitive to the specific MDP properties, which can affect generalization across different MDPs.,8826602d1750471e92c20b276e101bb3
quad,pendulum,Both are tasks in the context, showcasing different performance patterns across point MDPs.,8826602d1750471e92c20b276e101bb3
quad,swimmer,Both are tasks in the context, illustrating the variability of performance across different MDP configurations.,8826602d1750471e92c20b276e101bb3
training progress,figure 3,Training progress is visualized in Figure 3 for each task across different point MDPs.,8826602d1750471e92c20b276e101bb3
sequential decision-making task,reinforcement learning method,A reinforcement learning method (R) is to be evaluated in the context of a sequential decision-making task (T).,a044a343b2de40189d58948ca9729f55
point mdps,mdp family,There are M possible point MDPs within the larger family of MDPs.,a044a343b2de40189d58948ca9729f55
mdps,point mdps,The setting involves MDPs, with a focus on point MDPs as a subset.,a044a343b2de40189d58948ca9729f55
mdp designers,mdp design,MDP designers create or customize MDPs, potentially overfitting to specific point MDPs.,a044a343b2de40189d58948ca9729f55
training process,point mdps,The training process can be harder for point MDPs with complexities like narrower paths or specific reward functions.,a044a343b2de40189d58948ca9729f55
narrower paths,training difficulty,Narrower paths in point MDPs make the exploration and training process more challenging for DRL agents.,a044a343b2de40189d58948ca9729f55
pendulum,reward function,In the pendulum example, the reward function is designed with specific weighting values that may not generalize to all point MDPs.,a044a343b2de40189d58948ca9729f55
mdp family,point mdp distribution,The point MDP distribution is derived from the MDP family, representing the probability distribution P(YT) for a given MDP.,44fe84362929419ca516752c62c64abb
task t,performance etr,The overall performance of a DRL method is defined as the expected return ETR, which is the average of the product of performance scores sR,i and importance scores pT,i across all point MDPs.,44fe84362929419ca516752c62c64abb
drl method r,estimated performance ˆetr,Due to budget constraints, the actual ETR cannot always be obtained. The estimated performance ˆETR is calculated by evaluating the method on a selected subset of point MDPs.,44fe84362929419ca516752c62c64abb
point mdps,subset v,A potential solution involves selecting a subset V of point MDPs to evaluate the method, considering their contribution to the overall evaluation.,44fe84362929419ca516752c62c64abb
contribution ci,point mdp i,Contribution ci is determined by the product of the performance score sR,i and importance score pT,i, with the aim to find the set of point MDPs maximizing the overall evaluation.,44fe84362929419ca516752c62c64abb
cloud service providers,users,Cloud service providers charge users based on the time they use the services, indicating a provider-user relationship.,44fe84362929419ca516752c62c64abb
time usage,billing,The cost for cloud services is primarily determined by the time users spend using them, leading to a billing system.,44fe84362929419ca516752c62c64abb
pricing budget,training time for one model,The context suggests that the average number of models that can be trained is determined by the available budget, which is influenced by how long it takes to train a single model.,38d5a6614be845029e9232164ce121df
point mdp,chicken-and-egg problem,The passage discusses a challenge where assessing performance (ETR) creates a dilemma, as evaluating the overall performance depends on approximated contributions, which in turn rely on the initial point MDP estimation.,38d5a6614be845029e9232164ce121df
approximation techniques,subset v identification,Approximation techniques are proposed to identify a subset of MDPs, which helps address the chicken-and-egg problem in the context of resource allocation.,38d5a6614be845029e9232164ce121df
traffic signal control,implicit family of mdps,The traffic signal control task serves as a case study for evaluating reinforcement learning methods, as it represents a family of MDPs due to varying intersection geometries and vehicle flow levels.,38d5a6614be845029e9232164ce121df
resco benchmark,drl methods (idqn, ippo, mplight, etc.),The RESCO benchmark is used to assess the performance of six different deep reinforcement learning algorithms in the traffic signal control task.,38d5a6614be845029e9232164ce121df
importance score (pt,i),intersection geometry and vehicle flow,Importance scores are based on the frequency of intersections and their normalized impact on vehicle delay, considering both geographical prevalence and performance.,38d5a6614be845029e9232164ce121df
performance score (sr,i),normalized average delay per vehicle,Performance scores represent the efficiency of controllers, with normalization based on a baseline fixed time controller's performance.,38d5a6614be845029e9232164ce121df
fixed time controller,underperforming method,The fixed time controller is described as an underperforming method according to the previously reported results.,32df22229cb5479d97874a4d4a2ab25b
performance,significant variations,There are significant variations in performance observed across different point MDPs.,32df22229cb5479d97874a4d4a2ab25b
drl methods,significant variation,DRL methods demonstrate a significant variation in performance.,32df22229cb5479d97874a4d4a2ab25b
non-drl methods,comparatively low variation,Non-DRL methods show lower but noticeable variations in performance.,32df22229cb5479d97874a4d4a2ab25b
idqn,overestimated performance,The IDQN performance is reported as overestimated.,32df22229cb5479d97874a4d4a2ab25b
ippo,overestimated performance,The IPPO performance is also overestimated.,32df22229cb5479d97874a4d4a2ab25b
mplight,overestimated performance,The MPLight performance is found to be overestimated.,32df22229cb5479d97874a4d4a2ab25b
point mdps,164 unique,164 unique point MDPs were considered for evaluating the methods.,32df22229cb5479d97874a4d4a2ab25b
figure 4,method performance comparison,Figure 4 shows the performance of various methods on these 164 unique point MDPs.,32df22229cb5479d97874a4d4a2ab25b
ingolstadt single intersection,previous reported results,Re-evaluation of methods on Ingolstadt intersection led to a significant change in reported performance.,32df22229cb5479d97874a4d4a2ab25b
point mdp-based evaluations,shortcomings,Section 2, 4, and 5 discuss the limitations of using point MDPs for performance assessment.,5b0fa0c9d02a43b5b38bea5df9df3b78
common benchmark suites,reported performance,Performance of DRL methods is measured by training and evaluating on these standardized benchmarks.,5b0fa0c9d02a43b5b38bea5df9df3b78
drl methods,cartpole,Figure 6a shows significant performance discrepancies in the cartpole environment, where all reported methods achieve the best score but rankings change when considering overall performance.,5b0fa0c9d02a43b5b38bea5df9df3b78
drl methods,pendulum,In Figure 6b, pendulum also exhibits performance variations, revealing different rankings compared to the reported scores.,5b0fa0c9d02a43b5b38bea5df9df3b78
drl methods,half cheetah,Figure 6c highlights discrepancies in half cheetah, where rankings change based on overall performance compared to the reported results.,5b0fa0c9d02a43b5b38bea5df9df3b78
overall performance,algorithmic generalization,The analysis focuses on the difference between reported and overall performance to assess the algorithms' ability to generalize within the tasks.,5b0fa0c9d02a43b5b38bea5df9df3b78
mdp family-based evaluations,challenges,The context discusses the challenges that arise specifically due to MDP family-based evaluations.,26357ef8110244588a36ddc34567ac85
challenges,recommendations,Following the challenges, the text provides initial recommendations to address them.,26357ef8110244588a36ddc34567ac85
benchmarks,lack of,One challenge mentioned is the lack of standardized benchmarks for MDP families.,26357ef8110244588a36ddc34567ac85
computational budgets,limited,The text suggests dealing with large families of MDPs with limited computational resources.,26357ef8110244588a36ddc34567ac85
recommendations,create benchmarks,A recommendation is to create benchmarks that represent MDP families and publish datasets.,26357ef8110244588a36ddc34567ac85
performance approximations,computational budget,Using techniques like clustering and random sampling is advised to manage computational costs.,26357ef8110244588a36ddc34567ac85
selected point-mdps,standardize evaluations,Making selected point-MDPs public is part of the effort to standardize evaluations.,26357ef8110244588a36ddc34567ac85
all point-mdp performances,lack of emphasis,There's a need to consider the performance across all point-MDPs, not just focusing on one.,26357ef8110244588a36ddc34567ac85
performance profiles,detail view,Performance profiles are suggested to show a comprehensive view of performance variations.,26357ef8110244588a36ddc34567ac85
rl methods,benchmark datasets,Benchmark datasets are well-established in supervised learning, and a similar approach is encouraged for RL.,26357ef8110244588a36ddc34567ac85
computer vision,natural language processing,The context discusses the use of computer vision and biological data as stepping stones to natural language processing, showing a progression or connection between these fields.,ef1081210b944b3e91ec2623202facf7
standard datasets,evaluations of deep learning methods,Standard datasets are employed for evaluating the performance of deep learning methods in both computer vision and natural language processing.,ef1081210b944b3e91ec2623202facf7
drl (deep reinforcement learning),task-specific benchmark suites,Researchers use standardized benchmark suites like RESCO and Vinitsky et al.'s work for assessing algorithmic generalization in DRL, focusing on specific tasks.,ef1081210b944b3e91ec2623202facf7
resco (research standardized control suite),traffic signal control,RESCO is an example of a benchmark suite designed for traffic signal control, demonstrating the application of DRL in a specific domain.,ef1081210b944b3e91ec2623202facf7
mixed autonomy traffic,vinitsky et al.'s work,Vinitsky et al.'s study contributes to mixed autonomy traffic, another area where DRL methods are evaluated.,ef1081210b944b3e91ec2623202facf7
current state-of-the-art benchmarks,mdp families,The limitation of current benchmarks is that they lack variety, only providing limited MDPs, which could lead to unrealistic evaluation scenarios.,ef1081210b944b3e91ec2623202facf7
mdp families,real-world applications,Real-world applications often involve a family of MDPs, necessitating the consideration of a broader range in DRL evaluations.,ef1081210b944b3e91ec2623202facf7
recommendation,incorporating a family of mdps in drl benchmark suites,One of the recommended changes is to create DRL benchmark suites that account for the diversity of MDPs found in real-world problems.,ef1081210b944b3e91ec2623202facf7
k-means clustering,probability mass assignment,k-means uses centroids to assign probability mass to point MDPs belonging to the same cluster.,92aad5d58073446da2193222cfb40870
point mdps,cluster,Point MDPs are grouped into clusters using k-means.,92aad5d58073446da2193222cfb40870
approximate evaluations,idqn,Approximate evaluations of IDQN, IPPO, and fixed time methods are compared in Figure 7.,92aad5d58073446da2193222cfb40870
approximate evaluations,ippo,Comparison includes IPPO among the methods in Figure 7.,92aad5d58073446da2193222cfb40870
approximate evaluations,fixed time methods,Fixed time methods are also part of the comparison in Figure 7.,92aad5d58073446da2193222cfb40870
figure 7,traffic signal control,Performance evaluations of different methods are shown in the context of traffic signal control.,92aad5d58073446da2193222cfb40870
budget size,standard deviation,k-means clustering has smaller standard deviations compared to other techniques.,92aad5d58073446da2193222cfb40870
budget size,performance estimates,With half the total MDP family size, k-means provides reasonably accurate performance estimates.,92aad5d58073446da2193222cfb40870
selection of point mdps,reproducibility,Publishing selected point MDPs promotes reproducibility of evaluations.,92aad5d58073446da2193222cfb40870
selection of point mdps,standardization,It also contributes to standardization of evaluations.,92aad5d58073446da2193222cfb40870
point mdp distribution,sensitivity analysis,A sensitivity analysis is conducted on the proposed techniques with respect to the distribution of point MDPs.,92aad5d58073446da2193222cfb40870
hyperparameter tuning,computational budget,Hyperparameter tuning is another factor considered when allocating computational resources.,92aad5d58073446da2193222cfb40870
training,multiple random seeds,Training involves using multiple random seeds within each point MDP for improved results.,92aad5d58073446da2193222cfb40870
hyperparameter tuning,training,These terms are related because they both pertain to the process of optimizing and learning in the context of machine learning algorithms.,6d314b080ed244778fe5d7c252358325
hyperparameter tuning,multiple random seeds,Hyperparameter tuning often involves training with multiple seed values to ensure consistency and reduce variability.,6d314b080ed244778fe5d7c252358325
mdp,computational budget,In the context, MDPs are discussed in relation to the computational resources allocated for solving tasks, addressing the underspecification issue.,6d314b080ed244778fe5d7c252358325
mdp family,point mdp performance,The performance profile refers to evaluating a method across a range of MDPs rather than just a single point MDP.,6d314b080ed244778fe5d7c252358325
performance profile,drl method,Performance profiles are used for evaluating deep reinforcement learning (DRL) methods to provide a more comprehensive assessment.,6d314b080ed244778fe5d7c252358325
k-means clustering,performance approximation,K-means clustering is mentioned as a technique for approximating performance in the traffic signal control task.,6d314b080ed244778fe5d7c252358325
traffic signal control task,budget size,The task specifies a budget of 80 models for performance evaluation.,6d314b080ed244778fe5d7c252358325
performance proﬁle,cumulative performance curve,Cumulative performance curves are used to compare the relative dominance of different methods.,6d314b080ed244778fe5d7c252358325
stochastic dominance,method comparison,A method stochastically dominates another if its cumulative performance is consistently lower, indicating better overall performance.,6d314b080ed244778fe5d7c252358325
method a,method b,stochastically dominates - lower score indicates better performance,4bf0a179fa2e451a86ef7de90864fa53
point mdps,limitations and strengths,originates from - provides visibility into method performance,4bf0a179fa2e451a86ef7de90864fa53
performance profile,k-means clustering,example used to illustrate performance approximation,4bf0a179fa2e451a86ef7de90864fa53
budget size,80 models,used in traffic signal control task,4bf0a179fa2e451a86ef7de90864fa53
deep reinforcement learning algorithms,reliability, reproducibility issues,characteristics of - high variance, affects real-world application,4bf0a179fa2e451a86ef7de90864fa53
overfitting,design to a selected problem instance,identified concern by Falkenauer [18],4bf0a179fa2e451a86ef7de90864fa53
overfitting,reinforcement learning,argued by Whiteson et al. [45],4bf0a179fa2e451a86ef7de90864fa53
algorithmic generalization,drl methods,investigated in the context of task-specific requirements,4bf0a179fa2e451a86ef7de90864fa53
problem instances,combinatorial auctions,used in - for generalization,4bf0a179fa2e451a86ef7de90864fa53
problem instances,reinforcement learning,MDP families used for better generalization,4bf0a179fa2e451a86ef7de90864fa53
family of problem instances,generalization in drl,Benjamins et al. [6] argue against lack of formalization,4bf0a179fa2e451a86ef7de90864fa53
carl,benchmark suite,example of existing benchmark suite,4bf0a179fa2e451a86ef7de90864fa53
lack of problem formalization,benchmarks suites,The issue arises due to the lack of formalization, which leads to the proposal of benchmark suites like CARL for studying generalization in MDPs.,4191840c6af642c499a68253b849140c
carl,mdp families,CARL is a proposed benchmark suite that utilizes MDP families to analyze generalization in reinforcement learning problems.,4191840c6af642c499a68253b849140c
mdp families,contextual markov decision processes (cmdp),cMDP is the most recent and general method to model MDP families, where transition and reward functions can vary across members.,4191840c6af642c499a68253b849140c
cmdp,hidden parameter mdps,Hidden Parameter MDPs are a specific type of cMDP with a fixed reward function and varying transition functions.,4191840c6af642c499a68253b849140c
hidden parameter mdps,epistemic pomdps,Epistemic POMDPs are a subset of cMDPs where context is unobservable, demonstrating implicit partial observability in generalization.,4191840c6af642c499a68253b849140c
epistemic pomdps,fully observed mdps,Even fully observable MDPs can become partially observable when facing generalization to unseen conditions.,4191840c6af642c499a68253b849140c
task underspecification,drl evaluations,The main focus of this work is the issue of task underspecification in deep reinforcement learning evaluations, which relies on single MDP instances.,4191840c6af642c499a68253b849140c
drl evaluations,select point mdps,Outcomes in DRL evaluations often depend on a limited number of specific MDPs, which can lead to misleading conclusions.,4191840c6af642c499a68253b849140c
future work,domain of the task,Future work will explore more flexibility in defining which components of an MDP can change during evaluations, adapting to the task's specific requirements.,4191840c6af642c499a68253b849140c
mdp family,select mdps,The context highlights that evaluating MDP families can yield different relative rankings compared to evaluating specific MDPs, suggesting a contrast in evaluation results.,9abd4cea15dd4fddad2b693c37f4622d
mdp family,algorithmic generalization of drl methods,It mentions that evaluating MDP families might have shortcomings similar to evaluating algorithmic generalization in the context of deep reinforcement learning (DRL).,9abd4cea15dd4fddad2b693c37f4622d
task underspecification,empirical rigor of drl,The article discusses task underspecification as a factor impacting the reliability of DRL evaluations, aiming to improve the discipline in the field.,9abd4cea15dd4fddad2b693c37f4622d
responsible machine learning,institute for ethical ai & machine learning,The broader impact discussion refers to the institute's principles, particularly practical accuracy, as a guideline for responsible ML system development.,9abd4cea15dd4fddad2b693c37f4622d
practical accuracy,accuracy and cost metric functions,Practical accuracy principle emphasizes the alignment of metrics with domain-specific applications.,9abd4cea15dd4fddad2b693c37f4622d
accuracy,cost metric functions,are aligned to,092b04ca16fd49b1b15c436a6d8af847
accuracy,domain-specific applications,related to,092b04ca16fd49b1b15c436a6d8af847
complex downstream decision,rl method,whether to adopt,092b04ca16fd49b1b15c436a6d8af847
standard rl research practices,limitations,highlighting some,092b04ca16fd49b1b15c436a6d8af847
family of mdps,complex decision,constitutes,092b04ca16fd49b1b15c436a6d8af847
empirically rigorous ml practices,subjective aspects of the task distribution,still present,092b04ca16fd49b1b15c436a6d8af847
rl-based evaluations,importance to not over-index,remains,092b04ca16fd49b1b15c436a6d8af847
work,mit amazon science hub,supported by,092b04ca16fd49b1b15c436a6d8af847
work,us dot's federal highway administration,supported by,092b04ca16fd49b1b15c436a6d8af847
work,utah department of transportation,supported by,092b04ca16fd49b1b15c436a6d8af847
project number f-st99(783),project,under,092b04ca16fd49b1b15c436a6d8af847
mit-ibm watson ai lab,gift,from,092b04ca16fd49b1b15c436a6d8af847
national science foundation (nsf),grant,under grant number,092b04ca16fd49b1b15c436a6d8af847
computational resources,mit supercloud,providing,092b04ca16fd49b1b15c436a6d8af847
computational resources,lincoln laboratory supercomputing center,providing,092b04ca16fd49b1b15c436a6d8af847
authors,jiaqi zhang,insightful discussions with,092b04ca16fd49b1b15c436a6d8af847
anonymous reviewers,constructive suggestions,from,092b04ca16fd49b1b15c436a6d8af847
