node_1,node_2,edge,chunk_id
transformers,vision tasks,Existing approaches utilize Transformers for diverse vision tasks.,42a412ed3d17435286061a5eb299c69b
vision transformers,model architecture designs,Existing approaches focus on optimizing internal model architecture designs.,42a412ed3d17435286061a5eb299c69b
decision stream calibration,boosts performance,The proposed Decision Stream Calibration enhances the performance of Vision Transformers.,42a412ed3d17435286061a5eb299c69b
information propagation mechanism,learning procedure,Decision Stream Calibration explores correlation between tokens and relevance coefficients in the learning process.,42a412ed3d17435286061a5eb299c69b
foreground targets,tokens,Tokens of foreground targets play a significant role in the final decision.,42a412ed3d17435286061a5eb299c69b
token features,background area,Token features of background area are gradually eliminated during forward propagation.,42a412ed3d17435286061a5eb299c69b
category,sparse dimensions,Each category corresponds to specific sparse dimensions in the class token.,42a412ed3d17435286061a5eb299c69b
vit-calibrator,two-stage calibration scheme,Proposed approach includes token propagation and dimension propagation calibration stages.,42a412ed3d17435286061a5eb299c69b
vit-calibrator,promising results,Extensive experiments demonstrate the effectiveness of ViT-Calibrator on common datasets.,42a412ed3d17435286061a5eb299c69b
image classification,research area,Image classification is a crucial research area.,42a412ed3d17435286061a5eb299c69b
dynamic feedback loop mechanism,interaction between high-level and shallow-level semantic information,The feedback loop enables the exchange of information between these two levels.,3c42b8c39fab45e2817288d1f8b6f339
sparse dimensions of deep features,transformer,Deep features' specific dimensions are closely related to the Transformer model.,3c42b8c39fab45e2817288d1f8b6f339
classification performance,irrelevant dimensions,Irrelevant dimensions can negatively impact classification accuracy.,3c42b8c39fab45e2817288d1f8b6f339
two-stage information propagation calibration mechanism,defects at token and dimension levels,The mechanism aims to address issues at both the token and feature level.,3c42b8c39fab45e2817288d1f8b6f339
token calibration stage,feedback input layer,This stage includes an input layer that captures and provides relevant semantic information.,3c42b8c39fab45e2817288d1f8b6f339
token calibration stage,shallow network,The shallow network extracts basic visual information and receives feedback from the deep features.,3c42b8c39fab45e2817288d1f8b6f339
proportion of deep feature feedback,similarity measurement between deep and shallow networks,Determines the balance of feedback based on the degree of similarity.,3c42b8c39fab45e2817288d1f8b6f339
fusion tuning,attention and token features,Fusion tuning is applied to enhance the feedback of advantageous deep features.,3c42b8c39fab45e2817288d1f8b6f339
second stage,class assignment vector,The second stage focuses on refining the class assignments using the information from the first stage.,3c42b8c39fab45e2817288d1f8b6f339
attention,token features,In the feedback mechanism, attention is used as a relevance gauge for token features.,e3ce1cccde8f42b8b24539ad4834aefc
token features,anticipated class assignment vector,The anticipated class assignment vector reflects the interrelation between token features and target categories.,e3ce1cccde8f42b8b24539ad4834aefc
anticipated class assignment vector,relevance metrics,Aggregated relevance metrics are calculated for samples of the same category based on dimension-specific classification tokens.,e3ce1cccde8f42b8b24539ad4834aefc
relevance metrics,criteria for calibrating erroneous samples,These metrics serve as a criterion for identifying and adjusting incorrect samples during calibration.,e3ce1cccde8f42b8b24539ad4834aefc
vit-calibrator,decision stream calibration technique for vision transformer,ViT-Calibrator is a novel calibration method specifically designed for vision transformers.,e3ce1cccde8f42b8b24539ad4834aefc
vit-calibrator,token feedback,One perspective is the token feedback mechanism, which optimizes the model's performance.,e3ce1cccde8f42b8b24539ad4834aefc
vit-calibrator,dimension constraints,Another perspective is dimension constraints, which refine the association between dimensions and categories.,e3ce1cccde8f42b8b24539ad4834aefc
transformer model,performance improvement,ViT-Calibrator improves the Transformer model's performance by calibrating erroneous feature streams.,e3ce1cccde8f42b8b24539ad4834aefc
vit-calibrator,original network,Based on the original network, it requires only fine-tuning, minimizing time costs.,e3ce1cccde8f42b8b24539ad4834aefc
transformer-based classification,natural language processing (nlp),Transformer最初在自然语言处理领域取得巨大成功.,e3ce1cccde8f42b8b24539ad4834aefc
transformer-based classification,devlin et al. (2018),References to Devlin et al.'s work demonstrate the influence on classification tasks.,e3ce1cccde8f42b8b24539ad4834aefc
transformer-based classification,radford et al.,Radford et al. also contribute to the development of Transformers in NLP.,e3ce1cccde8f42b8b24539ad4834aefc
transformer,natural language processing,Transformer is inspired by its success in NLP tasks (Devlin et al. 2018; Radford et al. 2018).,a4490b5efbd64f26ac7a7f6d030266e0
transformer,computer vision,Transformer has been widely used in computer vision to enhance receptive field and global dependency.,a4490b5efbd64f26ac7a7f6d030266e0
vit (vit),image classification,ViT was first proposed for image classification and outperformed convolutional neural networks.,a4490b5efbd64f26ac7a7f6d030266e0
vit,cnns,Some works enhanced ViT with CNN's spatial inductive bias, like ConViT (d'Ascoli et al. 2021).,a4490b5efbd64f26ac7a7f6d030266e0
convit,cnn and transformer,ConViT combines CNN and Transformer for improved efficiency and classification performance.,a4490b5efbd64f26ac7a7f6d030266e0
coatnet,lightweight visual transformer,Dai et al. (2021) designed CoAtNet for effective feature extraction and interaction using multi-resolution input.,a4490b5efbd64f26ac7a7f6d030266e0
swin transformer,local attention mechanism,Swin Transformer introduces a local attention mechanism to focus on adjacent elements.,a4490b5efbd64f26ac7a7f6d030266e0
swin transformer,global and boundary features,Swin models both global and boundary features by sliding windows along the spatial dimension.,a4490b5efbd64f26ac7a7f6d030266e0
vit,fixed-resolution pillar structure,ViT faces limitations in fine-grained feature extraction and high computational cost due to this structure.,a4490b5efbd64f26ac7a7f6d030266e0
t2t-vit,vit's paradigm improvement,Yuan et al. (2021) proposed T2T-ViT to address the drawbacks of ViT by introducing a new approach.,a4490b5efbd64f26ac7a7f6d030266e0
transformer layer,hierarchical transformers,T2T-ViT introduced the hierarchical Transformers paradigm.,afb384168d4841b5a74bda7848c155f3
hierarchical transformers,overlapping unfold operations,Used for downsampling in T2T-ViT but has heavy costs.,afb384168d4841b5a74bda7848c155f3
overlapping unfold operations,memory and computational costs,Causes high memory and computational requirements.,afb384168d4841b5a74bda7848c155f3
t2t-vit,non-overlapping patch partitioning,PVT by Wang et al. uses non-overlapping partitioning for reduced feature size.,afb384168d4841b5a74bda7848c155f3
pvt,model architecture,Proposed by Wang et al. to address T2T-ViT's limitations.,afb384168d4841b5a74bda7848c155f3
cait,cross-scale attention mechanism,Proposed by Touvron et al. to consider global and local info for improved performance.,afb384168d4841b5a74bda7848c155f3
vit,self-supervised learning,Subject to various self-supervised learning schemes, e.g., Bao et al. and Caron et al.,afb384168d4841b5a74bda7848c155f3
bao et al. (2021),self-supervised learning,Contributed a generative/discriminative scheme for ViT.,afb384168d4841b5a74bda7848c155f3
caron et al. (2021),self-supervised learning,Also contributed a self-supervised learning approach for ViT.,afb384168d4841b5a74bda7848c155f3
model diagnosis,operational mechanism,Lacks interpretability and transparency, making debugging challenging.,afb384168d4841b5a74bda7848c155f3
model interpretation techniques,model debugging,Developed to improve comprehensibility and reliability of machine learning models.,afb384168d4841b5a74bda7848c155f3
cadamuro et al. (2016),model debugging,Proposed a debugging method using optimization techniques.,afb384168d4841b5a74bda7848c155f3
brooks et al. (2015),interactive visualization,Related work on interactive model analysis.,afb384168d4841b5a74bda7848c155f3
krause et al. (2016),interactive model analysis,Also contributes to interactive model understanding.,afb384168d4841b5a74bda7848c155f3
kulesza et al. (2010),interactive model analysis,Work focused on interactive analysis.,afb384168d4841b5a74bda7848c155f3
machine learning models,interactive visualization analysis,The context discusses works that focus on interactive visualization for understanding and debugging machine learning models.,98098d2bbb61472b97f7f5463b353234
black box machine learning models,traditional machine learning models,These models require human-machine interaction and are distinct from deep models.,98098d2bbb61472b97f7f5463b353234
deep learning models,symbolic regression,Bastani et al. (2017) propose using symbolic regression to explain deep models.,98098d2bbb61472b97f7f5463b353234
interpretable random forests,approximating black box models,Lei et al. (2018) employ interpretable random forests as a method to understand deep models.,98098d2bbb61472b97f7f5463b353234
model-independent explanation and diagnostic methods,visualization analysis technology,These methods support explanation, debugging, and comparison of machine learning models.,98098d2bbb61472b97f7f5463b353234
feng et al. (2022),gradient-constrained convolutional neural networks,They propose a method that optimizes CNNs using gradient constraints.,98098d2bbb61472b97f7f5463b353234
transformer models,diagnostic results,Our work focuses on automatically processing Transformer models based on diagnostic outcomes.,98098d2bbb61472b97f7f5463b353234
interpretability in computer vision,explanation of predictions,The broader topic is the interpretability of computer vision models' specific predictions.,98098d2bbb61472b97f7f5463b353234
interpretability of computer vision,predictions,The interpretability refers to explaining why a model makes specific predictions.,3783ff197bc2411b865be394b77d921b
interpretability of computer vision,heatmap,Heatmaps describe the correlation between image locations and prediction results.,3783ff197bc2411b865be394b77d921b
perturbation-based methods,fong, patrick, and vedaldi (2019),Perturbation-based methods, such as Fong and Vedaldi's work, contribute to interpretability.,3783ff197bc2411b865be394b77d921b
backpropagation-based methods,zhang et al. (2018a),Backpropagation-based methods, like Zhang et al., are another approach.,3783ff197bc2411b865be394b77d921b
saliency map-based methods,dabkowski and gal (2017),Saliency maps, like Dabkowski and Gal's work, highlight important features.,3783ff197bc2411b865be394b77d921b
lrp (layer-wise relevance propagation),bach et al. (2015),LRP is an outstanding interpretability model by Bach et al., allocating relevance across layers.,3783ff197bc2411b865be394b77d921b
interpretability of transformer models,attention mechanisms,Research on Transformer models focuses on understanding attention mechanisms.,3783ff197bc2411b865be394b77d921b
attention scores across layers,abnar and zuidema (2020),Abnar and Zuidema propose a method combining attention scores.,3783ff197bc2411b865be394b77d921b
chefer, gur, and wolf (2021) method,information propagation within transformer components,Chefer et al.'s method addresses interpretability by propagating information within the model.,3783ff197bc2411b865be394b77d921b
decision-making process,model interpretability,The context discusses how model interpretability methods are used to analyze decision-making mechanisms within the model.,10ffd8fdfeb4465b8dd1cf9174336485
model interpretability methods,failure cases,These methods are employed to understand specific failure cases of the deep model.,10ffd8fdfeb4465b8dd1cf9174336485
model interpretability methods,decision-making mechanism,They help explain the decision-making process of the deep model.,10ffd8fdfeb4465b8dd1cf9174336485
decision stream mechanism,vit (vision transformer),This mechanism is specifically analyzed for the Vision Transformer (ViT) architecture.,10ffd8fdfeb4465b8dd1cf9174336485
information propagation,attention mechanism,The passage delves into the role of attention in propagating information throughout the model.,10ffd8fdfeb4465b8dd1cf9174336485
tokens of foreground targets,decision contribution,Tokens of foreground targets significantly contribute to the final decision.,10ffd8fdfeb4465b8dd1cf9174336485
background tokens,elimination in forward propagation,Background tokens are gradually eliminated as they are deemed less relevant.,10ffd8fdfeb4465b8dd1cf9174336485
attention rollout,analyzing information flow,Attention rollout is used to study the flow of information across layers.,10ffd8fdfeb4465b8dd1cf9174336485
attention rollout,input layer,The attention rollout is used to measure the information flow from the input layer to other layers in Transformers.,b70885e2312c4fdfa40612991614a9e5
input layer,different output layers,The information flow is recursively multiplied through all attention weight matrices, starting from the input layer.,b70885e2312c4fdfa40612991614a9e5
deit (touvron et al. 2021a),imagenet-1k dataset,The example demonstrates the information flow on a correctly classified image from the ImageNet-1K dataset.,b70885e2312c4fdfa40612991614a9e5
information flow,image category,As the information propagates, the model's focus shifts to the foreground, which is semantically relevant to the image category.,b70885e2312c4fdfa40612991614a9e5
foreground information,classification results,Foreground tokens have a significant impact on the classification outcomes.,b70885e2312c4fdfa40612991614a9e5
category,specific dimension,Each category is associated with a specific dimension in the class token; irrelevant dimensions can interfere with the prediction.,b70885e2312c4fdfa40612991614a9e5
class token,prediction results,Irrelevant dimensions in the class token can affect the model's prediction accuracy.,b70885e2312c4fdfa40612991614a9e5
relevance propagation technique,lrp (bach et al. 2015),The LRP technique is a method used to attribute the vision Transformer's classification results, which is employed by Bach et al. in their work.,3c5449e3ad674beca1a2bd7121df104e
vision transformer,classification results,The paragraph discusses the attribution of classification results obtained from a vision Transformer using the relevance propagation technique.,3c5449e3ad674beca1a2bd7121df104e
lrp rule,decomposition of relevance coefficients,The LRP rule is used to decompose the relevance scores from the previous layer into the current layer, allocating responsibility for the final prediction.,3c5449e3ad674beca1a2bd7121df104e
neuron i within the current layer l,localization,During the propagation process, the relevance score for neuron i is determined by its localized preactivation values.,3c5449e3ad674beca1a2bd7121df104e
localized preactivation zij,aggregated pre-activation zj,zij is the product of the input xi and the learned weights wij, while zj represents the aggregation of these values within a layer.,3c5449e3ad674beca1a2bd7121df104e
total sum of relevance coefficients,equality constraint,In the propagation mechanism, the sum of relevance coefficients across all layers must remain constant to maintain consistency with the final prediction result.,3c5449e3ad674beca1a2bd7121df104e
final prediction result,f(x),f(x) signifies the overall prediction outcome, and the relevance coefficients must sum up to this value.,3c5449e3ad674beca1a2bd7121df104e
d-th dimension of the n-th token's output,relevance coefficient,The technique also applies to individual dimensions in the output of tokens, assigning relevance scores to each.,3c5449e3ad674beca1a2bd7121df104e
attribution technique,relevance coefficient,The relevance coefficient is derived from the attribution technique to measure the correlation between the target category and specific dimensions.,54d543497d674f5183b9fb1bc8adbb2b
d-th dimension,n-th token's output,Each dimension of the output in layer l corresponds to the n-th token's representation.,54d543497d674f5183b9fb1bc8adbb2b
rln)d,function f(x),The relevance coefficient (Rln)d is calculated using a function f(x) for a given input.,54d543497d674f5183b9fb1bc8adbb2b
(rlcls)d,target category,(Rlcls)d represents the correlation between the target category and a specific dimension in the class token.,54d543497d674f5183b9fb1bc8adbb2b
deit (touvron et al. 2021a),imagenet-1k dataset,DeiT is used to analyze the statistical correlation between class token dimensions and ImageNet-1K categories.,54d543497d674f5183b9fb1bc8adbb2b
class token dimensions,category,Each category in ImageNet-1K has specific dimensions that are correlated with its content.,54d543497d674f5183b9fb1bc8adbb2b
accuracy,relevant dimensions,Setting irrelevant dimensions to zero improves accuracy, showing their impact on classification.,54d543497d674f5183b9fb1bc8adbb2b
irrelevant dimensions,classification performance,Irrelevant dimensions interfere with the network's ability to accurately classify images.,54d543497d674f5183b9fb1bc8adbb2b
deep network,dimensional consistency,The deep network exhibits more consistent dimensional patterns across high-confidence images within a category.,54d543497d674f5183b9fb1bc8adbb2b
foreground features,final classification result,Foreground features contribute more to the final classification outcome, as per Discovery 1.,89c483e43467433ba2c1a4bd20845530
transformer model,calibration method,The proposed two-stage optimization method calibrates the Transformer's classification decision stream.,89c483e43467433ba2c1a4bd20845530
first stage calibration,dominant features,Greater weights are assigned to dominant features by comparing token similarities.,89c483e43467433ba2c1a4bd20845530
deep features,shallow features,Deep features guide and fuse with shallow features using a feedback module.,89c483e43467433ba2c1a4bd20845530
second stage calibration,deep-dimensional features,Correlation between deep-dimensional features and predicted category is accumulated and used for distillation.,89c483e43467433ba2c1a4bd20845530
dominant features,interfering features,Interfering features are constrained to retain more dominant ones during calibration.,89c483e43467433ba2c1a4bd20845530
token-level decision stream calibration,feedback mode,Inspired by Discovery 1, shallow features are guided by deep advantageous features.,89c483e43467433ba2c1a4bd20845530
l-th layer of transformer block,output vectors,xl for shallow layers and xL for deep layers represent the output vectors.,89c483e43467433ba2c1a4bd20845530
feedback modes,layer feedback,The context describes adjusting layer feedback by applying a function that combines self-attention and a scaling factor (sl).,e068f367a63041398afe297cdfd733fe
self-attention,query feature,In the equation for hl, self-attention is used with 'hlij' representing the key feature and 'Ql[j]' representing the query feature.,e068f367a63041398afe297cdfd733fe
layer,feedback,Each layer has its own feedback (exil+1), which is influenced by the corresponding layer's self-attention.,e068f367a63041398afe297cdfd733fe
dimension-level decision stream calibration,target class,This process involves accumulating the correlation between the dimension of class tokens and the target class to make decisions.,e068f367a63041398afe297cdfd733fe
class token,correlation,The correlation distribution (Rlcls) measures the relationship between class tokens and their respective class.,e068f367a63041398afe297cdfd733fe
high-contribution dimensions,specific class,Dimensions are partitioned based on their correlation with the target class, and a mask is generated to identify dimensions important for a particular class.,e068f367a63041398afe297cdfd733fe
mask,important dimensions,The mask helps filter out dimensions that don't significantly contribute to a specific class, using a self-distillation method.,e068f367a63041398afe297cdfd733fe
teacher model,student model,A self-distillation method is employed where the teacher model guides the student model, as depicted in Figure 3.,e068f367a63041398afe297cdfd733fe
self-distillation method,teacher model,The teacher model guides the student model in fine-tuning using a mask to remove interfering features.,1bce2838148743088fe224656291eaec
teacher model,student model,The teacher model's latent representations at different layers (Z_l_teacher) are compared with the student model's (Z_l_student) for knowledge transfer.,1bce2838148743088fe224656291eaec
training loss l,cross-entropy loss lce,The total loss L includes the normal cross-entropy loss and the distillation loss (LM SE).,1bce2838148743088fe224656291eaec
training loss l,distillation loss lm se,The balance between the two losses is controlled by the parameter λ.,1bce2838148743088fe224656291eaec
latent representation z_l,softmax and mlp function,Z_L is the predicted representation by the student model, processed through a softmax and MLP function.,1bce2838148743088fe224656291eaec
classifier,vit, deit, flexivit, eva,Four mainstream classification network architectures are used, including ViT, DeiT, FlexiVIT, and Eva.,1bce2838148743088fe224656291eaec
datasets,cifar-100, imagenet-1k, imagenet-real,Experiments are conducted on CIFAR-100, ImageNet-1K, and ImageNet-Real datasets.,1bce2838148743088fe224656291eaec
token-based methods,ori. + token, all,Experiments involve using tokens and various combinations for representation in the models.,1bce2838148743088fe224656291eaec
feedback output layer,top-1 accuracy,The context discusses the effect of setting the starting feedback output layer on accuracy, specifically mentioning Top-1 Accuracy for when it's set to 3.,c5a843715e984d4fa232d8a6ac2c37a5
feedback output layer,top-5 accuracy,The context also mentions Top-5 Accuracy, which is another measure of performance when the feedback output layer is set to 3.,c5a843715e984d4fa232d8a6ac2c37a5
model output layer index,ablation study,An ablation study is conducted on the model's output layer index, with the focus on the impact of different layer choices.,c5a843715e984d4fa232d8a6ac2c37a5
two stage calibration,accuracy increase,The text describes an increase in accuracy for each category with the application of two-stage calibration.,c5a843715e984d4fa232d8a6ac2c37a5
cifar-100,imagenet-1k,These are mentioned as datasets used in the experiments, showing they are related in the context of evaluating performance.,c5a843715e984d4fa232d8a6ac2c37a5
imagenet-1k,imagenet-real,Both are image datasets, and their relationship is that they are part of the same family of benchmarks.,c5a843715e984d4fa232d8a6ac2c37a5
vision transformer calibrator,classification performance,The calibrator is designed to improve the classification performance of the Vision Transformer model.,c5a843715e984d4fa232d8a6ac2c37a5
timm library,pre-training weights,The text refers to pre-training weights available in the timm library for the ImageNet dataset.,c5a843715e984d4fa232d8a6ac2c37a5
random seed,experiment stability,Fixing the random seed ensures the consistency and stability of the experimental results.,c5a843715e984d4fa232d8a6ac2c37a5
attention,image foreground,The proportion of attention increases significantly towards the image foreground after calibration.,825be801bfaa4013b5073bdb6e958c62
calibration,attention region,Before calibration, the model's attention region remains unchanged up to the third layer. After calibration, more information is directed towards the image foreground starting from the fourth layer.,825be801bfaa4013b5073bdb6e958c62
feedback module,fourth layer,The feedback module's starting layer is set to the fourth layer, which affects the model's attention distribution after calibration.,825be801bfaa4013b5073bdb6e958c62
feedback target layer,model accuracy,Setting the feedback target layer to the starting layer leads to lower accuracy, as high-level semantics might interfere with basic visual information.,825be801bfaa4013b5073bdb6e958c62
feedback target layer,middle layers,As the feedback target layer moves deeper into middle layers, the model's performance improves because it captures relevant semantic information.,825be801bfaa4013b5073bdb6e958c62
dynamic feedback layers,total,The study explores the impact of the total number of dynamic feedback layers, denoted by 'n'.,825be801bfaa4013b5073bdb6e958c62
deit-t,imagenet-1k,Ablation studies are conducted on the DeiT-T model using the ImageNet-1K dataset.,825be801bfaa4013b5073bdb6e958c62
vit-calibrator,performance,The context discusses that ViT-Calibrator has limited performance improvements, particularly for large-parameter models.,028b7d535c0d4ca79a20457744f09749
large-parameter models,benefit of token calibration,As the number of heads increases, the benefit of token calibration decreases due to excessive attention heads disrupting token feedback.,028b7d535c0d4ca79a20457744f09749
excessive attention heads,disruption of token feedback,The excessive attention heads contribute to the diminishing returns of token calibration.,028b7d535c0d4ca79a20457744f09749
feedback module design,training and inference overhead,The feedback module adds extra overhead during both training and inference, which is a future challenge.,028b7d535c0d4ca79a20457744f09749
dimension calibration stage,classification performance,Dimension calibration led to a 10%-20% improvement in classification, but practical performance was lower.,028b7d535c0d4ca79a20457744f09749
category-aware dimensions,future work,Future work aims to enhance model performance by learning more precise category-aware dimensions.,028b7d535c0d4ca79a20457744f09749
vision transformers,decision stream calibration,The article introduces a new paradigm called Decision Stream Calibration, which enhances the performance of Vision Transformers.,a9ba1e8914074c7a9d96c81537c9bc51
vit-calibrator,classification networks,ViT-Calibrator has shown effectiveness in improving classification network performance.,a9ba1e8914074c7a9d96c81537c9bc51
vit-calibrator,segmentation and object detection,ViT-Calibrator provides insights for tasks like segmentation and object detection, leading to better results.,a9ba1e8914074c7a9d96c81537c9bc51
decision stream calibration,information propagation mechanism,The method explores the correlation between tokens and the relevance coefficient of dimensions during the learning process.,a9ba1e8914074c7a9d96c81537c9bc51
attention mechanisms,transformer network,Research on Transformers typically starts with attention mechanisms, but they represent only one aspect.,a9ba1e8914074c7a9d96c81537c9bc51
token-level decision stream calibration,token feedback,One proposed direction is to improve interpretability through token-level calibration using feedback.,a9ba1e8914074c7a9d96c81537c9bc51
dimension-level decision stream calibration,model performance,This method increases interpretability and enhances model performance.,a9ba1e8914074c7a9d96c81537c9bc51
national natural science foundation of china,funding,The work is funded by various national grants.,a9ba1e8914074c7a9d96c81537c9bc51
zhejiang province high-level talents special support program,funding,It also receives support from provincial talent programs.,a9ba1e8914074c7a9d96c81537c9bc51
ningbo natural science foundation,funding,Ningbo Natural Science Foundation contributes to the project.,a9ba1e8914074c7a9d96c81537c9bc51
