node_1,node_2,edge,chunk_id
vanishing point detection,previous works,previous works commonly relied on techniques for vanishing point detection,a56cf34d27454227aaa98d7dfb6d66ba
vpdetr,end-to-end framework,VPDETR is a proposed novel end-to-end framework for vanishing point detection,a56cf34d27454227aaa98d7dfb6d66ba
vpdetr,manhattan and non-manhattan world datasets,VPDETR is applicable to both types of datasets,a56cf34d27454227aaa98d7dfb6d66ba
transformer decoders,positional embedding of anchor points,Transformer decoders use positional embedding of anchor points as queries,a56cf34d27454227aaa98d7dfb6d66ba
vanishing points,parallel lines in the 3d world,Vanishing points are intersection points of parallel lines projected onto the 2D image,a56cf34d27454227aaa98d7dfb6d66ba
vanishing point detection,fundamental problem,Vanishing point detection is a fundamental problem in 3D vision,a56cf34d27454227aaa98d7dfb6d66ba
accurate vanishing point detection algorithm,tasks like camera calibration,An accurate detection algorithm benefits tasks such as camera calibration,a56cf34d27454227aaa98d7dfb6d66ba
vpdetr,state-of-the-art methods,VPDETR achieves competitive performance compared to existing state-of-the-art methods,a56cf34d27454227aaa98d7dfb6d66ba
orthogonal loss,cross-prediction loss,Both losses are introduced to improve accuracy on Manhattan world datasets,a56cf34d27454227aaa98d7dfb6d66ba
vanishing point detection,traditional methods,traditional vanishing point detection methods include line/contour detection, line clustering/classification, and vanishing point regression,8903b72e3936427289919b45dfafd35e
deep learning approaches,vanishing point detection,deep learning has shown great potential in vanishing point detection tasks,8903b72e3936427289919b45dfafd35e
neurvps,inference speed issue,NeurVPS needs to sample a large number of candidate points, which is slow during inference,8903b72e3936427289919b45dfafd35e
lin et al. (2022),inference speed issue,similar to NeurVPS, Lin et al. (2022) also need to sample a large number of candidate points, impacting inference speed,8903b72e3936427289919b45dfafd35e
tlc,transformer,TLC uses Transformer to classify straight lines into four categories,8903b72e3936427289919b45dfafd35e
tong et al. (2022),additional line category,TLC requires additional line category classification,8903b72e3936427289919b45dfafd35e
tlc,transformer,TLC uses Transformer for line classification.,1ed37dc5f94345398723b3cd16319448
tlc,additional line category annotations,TLC requires extra annotations for line categories.,1ed37dc5f94345398723b3cd16319448
post-processing,enhance performance,Post-processing is needed to boost performance in TLC.,1ed37dc5f94345398723b3cd16319448
detr,object detection,DETR is a work focusing on end-to-end object detection.,1ed37dc5f94345398723b3cd16319448
detr,transformer encoder-decoder architecture,DETR employs a transformer-based architecture for detection.,1ed37dc5f94345398723b3cd16319448
object queries,learnable queries,In DETR, object queries act as learnable parameters for prediction.,1ed37dc5f94345398723b3cd16319448
set loss function,object permutation,DETR's set loss handles object permutation issues.,1ed37dc5f94345398723b3cd16319448
nms,hand-designed components,DETR eliminates NMS, a hand-designed component in object detection.,1ed37dc5f94345398723b3cd16319448
deformable detr,convergence,Deformable DETR aims to improve the convergence of DETR.,1ed37dc5f94345398723b3cd16319448
dab-detr,performance,DAB-DETR focuses on enhancing the performance of DETR.,1ed37dc5f94345398723b3cd16319448
detr,other applications,DETR has been adapted for various applications in follow-up works.,1ed37dc5f94345398723b3cd16319448
vpdetr,vanishing point detection,VPDETR is proposed for end-to-end vanishing point detection.,1ed37dc5f94345398723b3cd16319448
vanishing point detection,vpdetr,VPDETR is an end-to-end framework proposed for vanishing point detection.,5390dda5921442b0aa14245cc1e881ab
vpdetr,decoder part,The modification in VPDETR focuses on the decoder part.,5390dda5921442b0aa14245cc1e881ab
anchor vanishing point positional encoding,vpdetr,VPDETR utilizes anchor vanishing point positional encoding as queries.,5390dda5921442b0aa14245cc1e881ab
set prediction,vpdetr,VPDETR is based on set prediction, overcoming limitations of Manhattan world assumption.,5390dda5921442b0aa14245cc1e881ab
manhattan world assumption,vanishing points,The Manhattan world assumption deals with three orthogonal vanishing points in each image.,5390dda5921442b0aa14245cc1e881ab
cross-prediction loss,manhattan world assumption,For the Manhattan world assumption, cross-prediction loss is proposed to improve accuracy.,5390dda5921442b0aa14245cc1e881ab
orthogonal loss,manhattan world assumption,Orthogonal loss is also introduced for the Manhattan world assumption to enhance accuracy.,5390dda5921442b0aa14245cc1e881ab
vpdetr,state-of-the-art (sota) method (zhou et al. 2019a),VPDETR outperforms the SOTA method in terms of inference speed.,5390dda5921442b0aa14245cc1e881ab
inference speed,vpdetr,VPDETR achieves an inference speed of 16 FPS.,5390dda5921442b0aa14245cc1e881ab
manhattan world datasets,non-manhattan world datasets,VPDETR handles both Manhattan and non-Manhattan world datasets.,5390dda5921442b0aa14245cc1e881ab
manhattan world assumption,cross-prediction loss,The cross-prediction loss is proposed to improve accuracy under the Manhattan world assumption.,83144a6a229b41f699a1aee35b20c85d
cross-prediction loss,orthogonal loss,Both cross-prediction loss and orthogonal loss contribute to enhancing accuracy.,83144a6a229b41f699a1aee35b20c85d
vpdetr,state-of-the-art models,VPDETR achieves a balance of accuracy and inference speed similar to state-of-the-art models.,83144a6a229b41f699a1aee35b20c85d
vanishing point detection,line detection,Line detection is a step in the process of vanishing point detection.,83144a6a229b41f699a1aee35b20c85d
vanishing point detection,contour detection,Contour detection is another method used in conjunction with line detection for vanishing point detection.,83144a6a229b41f699a1aee35b20c85d
ransac,line clustering,RANSAC is one of the algorithms used to cluster parametric lines in vanishing point detection.,83144a6a229b41f699a1aee35b20c85d
hough transform,line clustering,The Hough transform is also utilized for line clustering in the context of vanishing point detection.,83144a6a229b41f699a1aee35b20c85d
learning-based methods,vanishing point detection,Learning-based methods have proven effective in recent years for vanishing point detection.,83144a6a229b41f699a1aee35b20c85d
neurvps,zhou et al.,NeurVPS is a vanishing point estimation method introduced by Zhou et al.,183386271c8a416597dacdb037bc50ec
liu et al.,vapid,Liu et al. propose an efficient conic convolution in VaPiD.,183386271c8a416597dacdb037bc50ec
lin et al.,hough transform,Lin et al. incorporate the Hough transform into deep neural networks.,183386271c8a416597dacdb037bc50ec
tong et al.,transformer,TLC (Tong et al.) is the first to apply Transformer to vanishing point detection.,183386271c8a416597dacdb037bc50ec
detr,carion et al.,DETR, a Transformer-based object detector, was introduced by Carion et al.,183386271c8a416597dacdb037bc50ec
deformable detr,zhu et al.,Deformable DETR, with its deformable attention mechanism, is attributed to Zhu et al.,183386271c8a416597dacdb037bc50ec
efficient detr,yao et al.,Efficient DETR, which selects the top K positions, is developed by Yao et al.,183386271c8a416597dacdb037bc50ec
detr,efficient detr,Efficient DETR is a variant of DETR that improves decoder queries.,1f1ec0b56b794e7d800cb7fee06cc326
efficient detr,yao et al. (2021),Efficient DETR is proposed by Yao et al. in 2021.,1f1ec0b56b794e7d800cb7fee06cc326
dab-detr,liu et al. (2022),DAB-DETR is introduced by Liu et al. in 2022, extending queries from 2D to 4D coordinates.,1f1ec0b56b794e7d800cb7fee06cc326
dn-detr,li et al. (2022),DN-DETR, proposed by Li et al. in 2022, uses a denoising training method for faster DETR training.,1f1ec0b56b794e7d800cb7fee06cc326
dino,zhang et al. (2022),DINO, introduced by Zhang et al. in 2022, improves DETR performance with three tricks.,1f1ec0b56b794e7d800cb7fee06cc326
detr,line segment detection,DETR has been adapted for line segment detection.,1f1ec0b56b794e7d800cb7fee06cc326
detr,3d object detection,DETR has also been applied to 3D object detection.,1f1ec0b56b794e7d800cb7fee06cc326
detr,instance segmentation,DETR is used for instance segmentation as well.,1f1ec0b56b794e7d800cb7fee06cc326
vpdetr,vanishing point detection,VPDETR is a modified DETR designed for vanishing point detection tasks.,1f1ec0b56b794e7d800cb7fee06cc326
cnn,image features extraction,A CNN extracts features from an image in VPDETR.,1f1ec0b56b794e7d800cb7fee06cc326
transformer encoders,backbone,The backbone is refined by the Transformer encoders.,f3ccfeabb4e143f195514d3bbef0c63e
decoder,dual queries,The decoder uses dual queries for determining vanishing points.,f3ccfeabb4e143f195514d3bbef0c63e
positional queries,anchor points,Positional queries (anchor points) are determined by the decoder.,f3ccfeabb4e143f195514d3bbef0c63e
content queries,decoder embeddings,Content queries are decoder embeddings in dual queries.,f3ccfeabb4e143f195514d3bbef0c63e
vanishing points,anchor points,Vanishing points correspond to the anchor points.,f3ccfeabb4e143f195514d3bbef0c63e
dual queries,iterative refinement,Dual queries are iteratively refined across multiple layers.,f3ccfeabb4e143f195514d3bbef0c63e
final decoder layer,confidence scores,The final decoder layer predicts confidence scores.,f3ccfeabb4e143f195514d3bbef0c63e
final decoder layer,vanishing points,The final decoder layer also predicts vanishing points.,f3ccfeabb4e143f195514d3bbef0c63e
bipartite graph matching,loss calculation,Bipartite graph matching is used to calculate the loss.,f3ccfeabb4e143f195514d3bbef0c63e
anchor points,(liu et al. 2022),The learning of anchor points is inspired by (Liu et al. 2022).,f3ccfeabb4e143f195514d3bbef0c63e
gaussian sphere representation,vanishing point,The vanishing point is represented using a Gaussian sphere.,f3ccfeabb4e143f195514d3bbef0c63e
pq,mlpp,The positional query Pq is obtained through an MLPp.,f3ccfeabb4e143f195514d3bbef0c63e
cat,concatenate,Cat refers to the concatenation operation in obtaining Pq.,f3ccfeabb4e143f195514d3bbef0c63e
pe,sinusoidal positional encoding,PE signifies sinusoidal positional encoding.,f3ccfeabb4e143f195514d3bbef0c63e
pe,vector,PE maps a float to a vector with D/2 dimensions,502a7d94e3054a788cd291d31d4f5045
mlpp,vector,MLPp projects a 3D/2 dimensional vector into D dimensions,502a7d94e3054a788cd291d31d4f5045
mlps,content query cq,MLPs is learned conditional on the content query Cq,502a7d94e3054a788cd291d31d4f5045
˜pq,pq,˜Pq is obtained by multiplying Pq with the scaled MLPs output,502a7d94e3054a788cd291d31d4f5045
queries,self-attention module,queries are formed in the self-attention module,502a7d94e3054a788cd291d31d4f5045
vq,cq,Vq is formed using Cq in queries,502a7d94e3054a788cd291d31d4f5045
kq,cq,Kq is also formed using Cq in queries,502a7d94e3054a788cd291d31d4f5045
deformable detr,cross-attention operations,Deformable DETR performs cross-attention operations,502a7d94e3054a788cd291d31d4f5045
el_i,score branch,El_i is fed into the score branch for confidence scores,502a7d94e3054a788cd291d31d4f5045
el_i,prediction branch,El_i is also used in the prediction branch for residuals,502a7d94e3054a788cd291d31d4f5045
score_l_i,prediction quality,score_l_i represents the prediction quality,502a7d94e3054a788cd291d31d4f5045
∆xl, ∆yl_i,residuals of vanishing points,MLPpred computes residuals of vanishing points,502a7d94e3054a788cd291d31d4f5045
prediction quality,angle,The smaller the angle between the prediction and the ground truth, the higher the prediction quality.,2a8015154831448da9b147b4507627d8
vpdetr,vanishing points,VPDETR predicts a set of N vanishing points.,2a8015154831448da9b147b4507627d8
vanishing points,ground-truth targets,A bipartite matching is conducted between predicted vanishing points and ground-truth targets.,2a8015154831448da9b147b4507627d8
bipartite matching,permutation function σ(·),A bipartite matching objective is optimized using a permutation function σ(·).,2a8015154831448da9b147b4507627d8
l1 distance,vectors,d(·, ·) represents the L1 distance between vectors.,2a8015154831448da9b147b4507627d8
angle,vectors,a(·, ·) represents the angle between vectors.,2a8015154831448da9b147b4507627d8
indicator function,1{·},1{·} is an indicator function used in the optimization process.,2a8015154831448da9b147b4507627d8
hungarian algorithm,optimal permutation σ∗,The optimal permutation σ∗ is computed using a Hungarian algorithm.,2a8015154831448da9b147b4507627d8
optimal permutation σ∗,losses,Losses are computed based on the optimal permutation σ∗ from the bipartite matching.,2a8015154831448da9b147b4507627d8
regression loss,l1 distance loss,Regression loss uses a simple L1 distance loss as a baseline.,a11a88778d8a4c71aa05383e737a7a59
cross-prediction loss,manhattan world assumption,Cross-prediction loss is designed for datasets fitting the Manhattan world assumption.,a11a88778d8a4c71aa05383e737a7a59
cross-prediction loss,vanishing point,The loss involves predicted and ground-truth vanishing points.,a11a88778d8a4c71aa05383e737a7a59
vanishing point,cross product,In the Manhattan world, two predicted vanishing points can obtain another via cross product.,a11a88778d8a4c71aa05383e737a7a59
orthogonal loss,manhattan world,Orthogonal loss is proposed specifically for datasets in the Manhattan world.,a11a88778d8a4c71aa05383e737a7a59
orthogonal loss,vanishing point,This loss relates to the orthogonality of vanishing points.,a11a88778d8a4c71aa05383e737a7a59
dist(a, b),min(d(a, b), d(-a, b)),Equation 13 solves the wrong direction problem caused by the cross product.,a11a88778d8a4c71aa05383e737a7a59
orthogonal loss,vanishing points,The orthogonal loss ensures that the predicted vanishing points are orthogonal to each other, with a larger inner product resulting in a higher loss value.,e19f28a2e34e498f87cd7c003924967b
classification loss,binary cross-entropy loss (bce),The classification loss is based on BCE, determining by the angle between predicted vanishing points and ground-truth.,e19f28a2e34e498f87cd7c003924967b
score prediction,angle between predicted vanishing points and ground-truth,Scores are predicted based on the minimum angle with the predicted vanishing point compared to the ground-truth.,e19f28a2e34e498f87cd7c003924967b
ltotal,regularization loss (lreg), classification loss (lcls), orthogonal loss (lorth), cross-loss (lcross),The total loss function, Ltotal, is a combination of regularization, classification, orthogonal, and cross-loss components, with weights λreg, λcls, λorth, and λcross.,e19f28a2e34e498f87cd7c003924967b
manhattan world datasets,non-manhattan world dataset,The method can be applied to both types of datasets, including SU3, ScanNet, YUD, SVVP (Manhattan world), and NYU Depth (non-Manhattan world).,e19f28a2e34e498f87cd7c003924967b
nyu depth,dataset,NYU Depth is a dataset mentioned in the context.,29495eba524a4930aaaffc9f9957f53c
su3 dataset,synthetic outdoor images,The SU3 dataset consists of synthetic outdoor images.,29495eba524a4930aaaffc9f9957f53c
scannet dataset,rgb-d images,ScanNet contains RGB-D images of real-world indoor scenes.,29495eba524a4930aaaffc9f9957f53c
vanishing points,cad models,Vanishing points in the SU3 dataset are computed from CAD models.,29495eba524a4930aaaffc9f9957f53c
scannet,vanishing points,Vanishing points in ScanNet are estimated using surface normals.,29495eba524a4930aaaffc9f9957f53c
yud,dataset,YUD is another dataset mentioned, containing images of indoor and outdoor scenes.,29495eba524a4930aaaffc9f9957f53c
svvp,real-world street view dataset,SVVP is a real-world street view dataset with 500 images.,29495eba524a4930aaaffc9f9957f53c
methodj-linkage,tardif (2009),MethodJ-linkage is attributed to Tardif (2009).,29495eba524a4930aaaffc9f9957f53c
simon et al. (2018),wu et al. (2021),Both Simon et al. (2018) and Wu et al. (2021) are mentioned in the context.,29495eba524a4930aaaffc9f9957f53c
consac,kluger et al. (2020),CONSAC is a method associated with Kluger et al. (2020).,29495eba524a4930aaaffc9f9957f53c
neurvps,zhou et al. (2019a),NeurVPS is a technique credited to Zhou et al. (2019a).,29495eba524a4930aaaffc9f9957f53c
ours,end-to-end trainable,Ours is an end-to-end trainable method, indicated with an asterisk (*) in the context.,29495eba524a4930aaaffc9f9957f53c
simon et al.,2018,Publication Year,ff9e3edece2149b28534967263dd6c0c
wu et al.,2021,Publication Year,ff9e3edece2149b28534967263dd6c0c
lu et al.,2017,Publication Year,ff9e3edece2149b28534967263dd6c0c
li et al.,2019b,Publication Year,ff9e3edece2149b28534967263dd6c0c
consac,kluger et al.,Developed By,ff9e3edece2149b28534967263dd6c0c
tlc,tong et al.,Developed By,ff9e3edece2149b28534967263dd6c0c
neurvps,zhou et al.,Developed By,ff9e3edece2149b28534967263dd6c0c
lin et al.,2022,Publication Year,ff9e3edece2149b28534967263dd6c0c
ours*svvp,tong et al.,Related Work,ff9e3edece2149b28534967263dd6c0c
su3.world dataset,nyu depth,Pre-training Dataset,ff9e3edece2149b28534967263dd6c0c
silberman et al.,2012,Publication Year,ff9e3edece2149b28534967263dd6c0c
zhou et al.,2019a,Citation,ff9e3edece2149b28534967263dd6c0c
liu, zhou, and zhao,2021,Citation,ff9e3edece2149b28534967263dd6c0c
scannet,500 images,Evaluation Data,ff9e3edece2149b28534967263dd6c0c
svvp,su3,Evaluation Datasets,ff9e3edece2149b28534967263dd6c0c
yud,svvp,Evaluation Datasets,ff9e3edece2149b28534967263dd6c0c
angle accuracy (aa),threshold,Evaluation Metric,ff9e3edece2149b28534967263dd6c0c
nyu depth dataset,kluger et al.,Citation,ff9e3edece2149b28534967263dd6c0c
lin et al.,2022,Citation,ff9e3edece2149b28534967263dd6c0c
bipartite matching,angular errors,Method,ff9e3edece2149b28534967263dd6c0c
recall curve,area under the curve (auc),Evaluation Measure,ff9e3edece2149b28534967263dd6c0c
prediction,confidence threshold,predictions with confidence above a certain threshold are selected as output for the general dataset.,431a1d4d0d3f475c980a87a1b0381573
manhattan world dataset,highest score,For the Manhattan World dataset, the prediction with the highest score is chosen as the first result.,431a1d4d0d3f475c980a87a1b0381573
predicted value,existing results,Predicted values are compared with existing results to select additional outputs based on inner product threshold.,431a1d4d0d3f475c980a87a1b0381573
vanishing points,final output,Up to three vanishing points are selected as the final output when their inner product is below a certain threshold.,431a1d4d0d3f475c980a87a1b0381573
ours∗,400 queries,Ours∗ uses 400 queries for prediction and bipartite graph matching for selection.,431a1d4d0d3f475c980a87a1b0381573
nvidia rtx2080ti,implementation platform,The model is implemented on Nvidia RTX2080Ti for inference speed comparison.,431a1d4d0d3f475c980a87a1b0381573
λreg,λcross,Both λreg and λcross are set to 5 in the equations.,431a1d4d0d3f475c980a87a1b0381573
λcls,λorth,λcls and λorth are set to 1.,431a1d4d0d3f475c980a87a1b0381573
resnet-50,backbone,ResNet-50, pre-trained on ImageNet, serves as the backbone of the model.,431a1d4d0d3f475c980a87a1b0381573
transformer,c3 layer,The C3 layer of the multi-scale feature map is used as input to the Transformer.,431a1d4d0d3f475c980a87a1b0381573
queries,number,The number of queries is set to 20.,431a1d4d0d3f475c980a87a1b0381573
training epochs,learning rate decay,Models are trained for 220 epochs with learning rate decay at the 200th epoch.,431a1d4d0d3f475c980a87a1b0381573
adamw optimizer,learning rate,Training uses the AdamW optimizer with a base learning rate of 5 × 10^-5.,431a1d4d0d3f475c980a87a1b0381573
j-linkage,si-mon et al.,Our model is compared with state-of-the-art methods including J-Linkage and Simon et al.,431a1d4d0d3f475c980a87a1b0381573
wu et al.,comparison,Our model is also compared with Wu et al.'s method.,431a1d4d0d3f475c980a87a1b0381573
our model,j-linkage,comparison during evaluation,dd97823ca1024349b083578fbe314342
our model,simon et al.,comparison during evaluation,dd97823ca1024349b083578fbe314342
our model,wu et al.,comparison during evaluation,dd97823ca1024349b083578fbe314342
our model,lu et al.,comparison during evaluation,dd97823ca1024349b083578fbe314342
our model,li et al.,comparison during evaluation,dd97823ca1024349b083578fbe314342
our model,consac+dlsd,comparison during evaluation,dd97823ca1024349b083578fbe314342
our model,neurvps,comparison during evaluation,dd97823ca1024349b083578fbe314342
our model,tlc,comparison during evaluation,dd97823ca1024349b083578fbe314342
our model,lin et al.,comparison during evaluation,dd97823ca1024349b083578fbe314342
j-linkage,not learning-based method,method classification,dd97823ca1024349b083578fbe314342
t-linkage,not learning-based method,method classification,dd97823ca1024349b083578fbe314342
contrario-vp,not learning-based method,method classification,dd97823ca1024349b083578fbe314342
quasi-vp,not learning-based method,method classification,dd97823ca1024349b083578fbe314342
tlc,learning-based method,method classification, relies on line segment detection,dd97823ca1024349b083578fbe314342
consac,needs line segments as inputs,input requirement,dd97823ca1024349b083578fbe314342
neurvps,end-to-end trainable,method characteristic,dd97823ca1024349b083578fbe314342
lin et al.,end-to-end trainable,method characteristic,dd97823ca1024349b083578fbe314342
our method,truly end-to-end,method characteristic,dd97823ca1024349b083578fbe314342
nyu depth,non-manhattan dataset,dataset description,dd97823ca1024349b083578fbe314342
su3,dataset for evaluation,dataset usage,dd97823ca1024349b083578fbe314342
scannet,dataset for evaluation,dataset usage,dd97823ca1024349b083578fbe314342
svvp,dataset for evaluation,dataset usage,dd97823ca1024349b083578fbe314342
yud,dataset for evaluation,dataset usage,dd97823ca1024349b083578fbe314342
top-k,#pred,evaluation criteria,dd97823ca1024349b083578fbe314342
top-k,#gt,evaluation criteria,dd97823ca1024349b083578fbe314342
method,vanishing points,method is for classifying candidate points as vanishing points,f9123988f3154578ad88156b359ea3e1
our method,end-to-end,our method is truly end-to-end, directly returning vanishing points,f9123988f3154578ad88156b359ea3e1
our methods,sota methods,comparison shows our methods achieve comparable or better performance,f9123988f3154578ad88156b359ea3e1
su3 benchmark,zhou et al. 2019b,SU3 benchmark is referenced along with authors,f9123988f3154578ad88156b359ea3e1
scannet benchmark,dai et al. 2017,ScanNet benchmark is referenced along with authors,f9123988f3154578ad88156b359ea3e1
svvp benchmark,tong et al. 2022,SVVP benchmark is referenced along with authors,f9123988f3154578ad88156b359ea3e1
nyu depth benchmark,silberman et al. 2012,NYU Depth benchmark is referenced along with authors,f9123988f3154578ad88156b359ea3e1
inference speed,16 fps,refers to the inference speed of the method,f9123988f3154578ad88156b359ea3e1
vpdetr,vanilla detr,VPDETR is compared with vanilla DETR in an ablation study,f9123988f3154578ad88156b359ea3e1
orthogonal loss,cross-prediction loss,both losses improve the performance of the model,f9123988f3154578ad88156b359ea3e1
su3 dataset,ablation experiments,ablation study is conducted on the SU3 dataset,f9123988f3154578ad88156b359ea3e1
model,detr,DETR is a type of model.,577a2ea1f296465bb114334ec377b3f4
vpdetr,model,VPDETR is another variant of the model.,577a2ea1f296465bb114334ec377b3f4
c3 level of features,predicting vanishing points,C3 level features are ideal for predicting vanishing points due to their balance of semantic and geometric information.,577a2ea1f296465bb114334ec377b3f4
c5 level,geometric information,C5 level has a low resolution leading to loss of geometric information.,577a2ea1f296465bb114334ec377b3f4
c4 level,geometric information,C4 level also loses geometric information due to its low resolution.,577a2ea1f296465bb114334ec377b3f4
multi-scale features,accuracy improvement,Using multi-scale features does not enhance the model's accuracy.,577a2ea1f296465bb114334ec377b3f4
gradient norm,final prediction,Gradient norm indicates the influence of each pixel on the model's final prediction.,577a2ea1f296465bb114334ec377b3f4
input image,vanishing point detection,The model focuses on specific regions of the input image for predicting vanishing points.,577a2ea1f296465bb114334ec377b3f4
svvp,vanishing point detection dataset,SVVP is a dataset used for evaluating vanishing point detection.,577a2ea1f296465bb114334ec377b3f4
su3,vanishing point detection dataset,SU3 is another dataset for vanishing point detection evaluation.,577a2ea1f296465bb114334ec377b3f4
scannet,vanishing point detection dataset,ScanNet is a third dataset utilized for testing vanishing point detection performance.,577a2ea1f296465bb114334ec377b3f4
c5,resnet-50,C5 refers to the last layer feature map of ResNet-50.,577a2ea1f296465bb114334ec377b3f4
c4,resnet-50,C4 is the penultimate layer in ResNet-50.,577a2ea1f296465bb114334ec377b3f4
resnet-50,c5,C5 is the last layer feature map of ResNet-50,dda09beb051f4e188265cb2b6820d4fb
resnet-50,c4,C4 is the penultimate layer of ResNet-50,dda09beb051f4e188265cb2b6820d4fb
resnet-50,c3,C3 is the third to last layer of ResNet-50,dda09beb051f4e188265cb2b6820d4fb
vanishing points,straight line information,Model pays more attention to places rich in straight line information for predicting vanishing points,dda09beb051f4e188265cb2b6820d4fb
traditional methods,straight line,Traditional methods use straight line clues to infer vanishing points,dda09beb051f4e188265cb2b6820d4fb
vpdetr,end-to-end framework,VPDETR is a novel end-to-end framework for vanishing point detection,dda09beb051f4e188265cb2b6820d4fb
vpdetr,manhattan world datasets,VPDETR is capable of handling Manhattan and non-Manhattan world datasets,dda09beb051f4e188265cb2b6820d4fb
orthogonal loss,manhattan world datasets,Orthogonal loss improves model accuracy for Manhattan world datasets,dda09beb051f4e188265cb2b6820d4fb
cross-prediction loss,manhattan world datasets,Cross-prediction loss is introduced for improving model accuracy in Manhattan world datasets,dda09beb051f4e188265cb2b6820d4fb
our method,accuracy and inference,Our method achieves a good balance of accuracy and inference speed,dda09beb051f4e188265cb2b6820d4fb
orthogonal loss,cross-prediction loss,Both are types of losses used in the described method for achieving a balance between accuracy and inference speed.,a84f2a3132af489c8c8a46edaa56b932
accuracy,inference speed,The method aims to achieve a good balance between these two factors in vanishing point detection.,a84f2a3132af489c8c8a46edaa56b932
yud dataset,domain gap problem,The general performance on the YUD dataset is affected by the domain gap problem, which is a limitation of the method.,a84f2a3132af489c8c8a46edaa56b932
vanishing point detection,end-to-end inference,The method serves as a new paradigm for detecting vanishing points in images in an end-to-end manner.,a84f2a3132af489c8c8a46edaa56b932
national natural science foundation of china (nsfc),funding source,The work was supported by NSFC, indicating it is the funding agency for the research.,a84f2a3132af489c8c8a46edaa56b932
no. 62371009,no. (nsfc grant numbers),These numbers refer to specific grant awards from the National Natural Science Foundation of China.,a84f2a3132af489c8c8a46edaa56b932
