node_1,node_2,edge,chunk_id
deep learning,stochastic gradient descent,deep learning relies on Stochastic Gradient Descent for training improvement,6b52d2bf797441a5a437e810b9a231c0
stochastic gradient descent,performance,SGD impacts the performance and stability of artificial neural networks,6b52d2bf797441a5a437e810b9a231c0
second order information,loss landscape,second order information relates to the curvature of the loss landscape,6b52d2bf797441a5a437e810b9a231c0
chaotic dynamics,optimization,chaotic dynamics are studied in the context of optimization in neural network training,6b52d2bf797441a5a437e810b9a231c0
curvature of the loss landscape,chaotic dynamics,there is a theoretical connection between loss landscape curvature and chaotic dynamics,6b52d2bf797441a5a437e810b9a231c0
modified sgd,non-chaotic training dynamics,a modified SGD is proposed to ensure non-chaotic training,6b52d2bf797441a5a437e810b9a231c0
negative eigenspectrum,local chaos,the negative eigenspectrum is connected to directions of local chaos in SGD,6b52d2bf797441a5a437e810b9a231c0
long-term chaos dynamics,convergence,long-term chaos dynamics challenge the understanding of convergence in parameter space,6b52d2bf797441a5a437e810b9a231c0
initial training phase,chaotic network behavior,chaotic behavior is mostly confined to the initial training phase,6b52d2bf797441a5a437e810b9a231c0
models perturbed upon initialization,divergence,perturbed models can diverge even after achieving top training performance,6b52d2bf797441a5a437e810b9a231c0
random walk,linear divergence,divergence of perturbed models can be modeled through a combination of random walk and linear divergence,6b52d2bf797441a5a437e810b9a231c0
deep learning,stochastic gradient descent (sgd),Deep Learning has led to the use of SGD as the primary optimization method.,8c48466a4f8c4e979c425a5124151b52
sgd,descendants (duchi et al., 2011; kingma and ba, 2017),SGD has evolved into advanced variants like those mentioned.,8c48466a4f8c4e979c425a5124151b52
second order dynamics,artificial neural network (ann) training,Both second order dynamics and chaotic dynamics of ANNs are difficult to investigate.,8c48466a4f8c4e979c425a5124151b52
ann training,chaotic dynamics,ANN training is known for its chaotic behavior.,8c48466a4f8c4e979c425a5124151b52
experiments,small-sized models,Experiments were conducted on small models to study training dynamics.,8c48466a4f8c4e979c425a5124151b52
experiments,natural datasets,These experiments used natural datasets for training.,8c48466a4f8c4e979c425a5124151b52
modified sgd algorithm,non-chaotic training dynamics,A modified SGD algorithm is proposed to ensure non-chaotic training.,8c48466a4f8c4e979c425a5124151b52
modified sgd algorithm,non-chaotic training dynamics,ensures non-chaotic dynamics in the training of ANNs,f66702f8620a4159b174aa5e6e29e721
negative curvature,local chaos,negative curvature is associated with local chaos in ANN training,f66702f8620a4159b174aa5e6e29e721
network dynamics,exponential divergence,network dynamics initially diverge exponentially during training,f66702f8620a4159b174aa5e6e29e721
exponential divergence,polynomial behavior,eventually transitions to polynomial behavior as model performance converges,f66702f8620a4159b174aa5e6e29e721
model training,convergence,model training converges over time,f66702f8620a4159b174aa5e6e29e721
similarly initialized models,distance growth,even after convergence, distance between similar models continues to grow,f66702f8620a4159b174aa5e6e29e721
distance growth,linear divergence,growing distance can be modeled as a combination of linear divergence and random walk,f66702f8620a4159b174aa5e6e29e721
chaos,dynamical system,chaos characterizes certain dynamical systems,f66702f8620a4159b174aa5e6e29e721
sensitive to initial conditions,chaotic system,sensitivity to initial conditions is a key feature of chaotic systems in model optimization,f66702f8620a4159b174aa5e6e29e721
model optimization,parameter state,model's sensitivity to changes in its parameter state during optimization,0b92438ecbcf41348d276fef10de5c0d
chaotic,sensitivity to initial conditions,chaotic refers to how sensitive a model is to slight variations in its starting conditions,0b92438ecbcf41348d276fef10de5c0d
lyapunov exponents,characterization of chaos,Lyapunov exponents are used to analyze the chaotic behavior of a system,0b92438ecbcf41348d276fef10de5c0d
dynamical system,system state,a dynamical system involves the evolution of a system state over time,0b92438ecbcf41348d276fef10de5c0d
dynamics function,system evolves over time,the dynamics function defines how a system evolves through time,0b92438ecbcf41348d276fef10de5c0d
tangent map,displacement vector,the tangent map describes the evolution of displacement vectors over time,0b92438ecbcf41348d276fef10de5c0d
jacobian,dynamics function,the Jacobian is the derivative of the dynamics function with respect to the state,0b92438ecbcf41348d276fef10de5c0d
lyapunov exponents,eigenvalues (lyapunov spectrum),Lyapunov exponents are the eigenvalues of the Jacobian matrix in the context of dynamic systems,0b92438ecbcf41348d276fef10de5c0d
perturbation,initial perturbation,perturbation refers to an initial disturbance, specifically in the context of a neural network's training process.,d6a2ee396e3242c582a58f9f09ebb9da
eigenpair,direction,an eigenpair determines the behavior along a specific direction in the context of the neural network's dynamics.,d6a2ee396e3242c582a58f9f09ebb9da
training process,time step,the training process of a neural network progresses through discrete time steps.,d6a2ee396e3242c582a58f9f09ebb9da
sgd,learning rate,Stochastic Gradient Descent (SGD) is a training algorithm that involves a learning rate parameter.,d6a2ee396e3242c582a58f9f09ebb9da
sgd,data batches,SGD uses data batches at each time step to update the model.,d6a2ee396e3242c582a58f9f09ebb9da
tangent map,evolution,the tangent map describes the evolution of the neural network's parameters.,d6a2ee396e3242c582a58f9f09ebb9da
momentum,sgd,momentum is a variant of SGD that incorporates past gradients into the update.,d6a2ee396e3242c582a58f9f09ebb9da
hessian,curvature,the Hessian matrix represents the curvature of the loss landscape in neural network optimization.,d6a2ee396e3242c582a58f9f09ebb9da
chaotic dynamics,hessian,chaotic behavior in the training depends on the Hessian's properties.,d6a2ee396e3242c582a58f9f09ebb9da
second-order curvature information,training performance,using curvature information can potentially improve the efficiency of SGD.,d6a2ee396e3242c582a58f9f09ebb9da
negative hessian eigenvalue spectrum,local chaos,a negative Hessian eigenvalue spectrum can lead to chaotic behavior locally in the training.,d6a2ee396e3242c582a58f9f09ebb9da
chaos,neural network training,chaos is considered detrimental/beneficial for the training of neural networks,56473fc2fa6b45088cf23159243fbbd9
lyapunov matrix,chaotic evolution,the Lyapunov matrix indicates chaotic behavior of the system after training,56473fc2fa6b45088cf23159243fbbd9
greedy approach,finite-time lyapunov matrix,a greedy approach uses the finite-time Lyapunov matrix to assess chaos at each time step,56473fc2fa6b45088cf23159243fbbd9
local lyapunov exponents (lle),time step t,LLEs represent local chaos at a specific time step t during training,56473fc2fa6b45088cf23159243fbbd9
hessian,local chaotic dynamics,the eigenspectrum of the Hessian relates to local chaotic dynamics in neural network training,56473fc2fa6b45088cf23159243fbbd9
stochastic gradient descent (sgd),learning rate,training uses SGD with a specific learning rate,56473fc2fa6b45088cf23159243fbbd9
eigenpairs,hessian's eigenpairs,eigenpairs refer to the eigenvalues and eigenvectors of the Hessian,56473fc2fa6b45088cf23159243fbbd9
negative eigenvalue,locally chaotic training behavior,if an eigenvalue is negative, the training behavior is locally chaotic according to Theorem 2.1,56473fc2fa6b45088cf23159243fbbd9
positive eigenvalues,locally chaotic training behaviour,Sufficiently large positive eigenvalues in SGD imply locally chaotic training.,df78d864fbc94a6ca63fbec2ed34b9fc
negative eigenvalues,locally chaotic training behaviour,Negative eigenvalues automatically lead to locally chaotic training behaviour.,df78d864fbc94a6ca63fbec2ed34b9fc
lles (locally linear embeddings),eigenpairs,LLEs consist of eigenpairs (λ_i, v_i) which determine chaotic directions.,df78d864fbc94a6ca63fbec2ed34b9fc
chaotic eigenpairs,projection,Chaotic directions in parameter updates can be removed via projection onto non-chaotic eigenvectors.,df78d864fbc94a6ca63fbec2ed34b9fc
neural network,hessian h (t),A neural network has a Hessian H (t) associated with it.,df78d864fbc94a6ca63fbec2ed34b9fc
eigenpairs,(λ(t), v(t)),Eigenpairs are denoted as (λ(t), v(t)).,df78d864fbc94a6ca63fbec2ed34b9fc
chaotic components,projection,Projection removes chaotic components from gradient updates.,df78d864fbc94a6ca63fbec2ed34b9fc
sgd (stochastic gradient descent),modified update vector,SGD undergoes a modification to its update vector through projection.,df78d864fbc94a6ca63fbec2ed34b9fc
v (t),non-locally-chaotic eigenvectors,V (t) represents the matrix of non-locally-chaotic eigenvectors.,df78d864fbc94a6ca63fbec2ed34b9fc
training dynamics,exponentially diverging orbits,For small parameter variations, the system is guaranteed not to have exponentially diverging orbits.,df78d864fbc94a6ca63fbec2ed34b9fc
previous work,lyapunov eigenspectrum calculation,Previous work analyzed the Lyapunov eigenspectrum, which is computationally expensive.,df78d864fbc94a6ca63fbec2ed34b9fc
chaotic dynamics,small networks,chaotic dynamics has mostly been studied in small networks,5b997e34744441239c7f09cfa84215a1
chaotic dynamics,largest mlce,largest maximum Lyapunov exponent (mLCE) has been investigated,5b997e34744441239c7f09cfa84215a1
feedforward anns,sensitivity,feedforward ANNs' focus is on output sensitivity to inputs,5b997e34744441239c7f09cfa84215a1
rnns,lyapunov exponents,Vogt et al. (2020) calculated Lyapunov exponents in RNNs,5b997e34744441239c7f09cfa84215a1
better generalization,lower validation loss,better generalization is correlated with lower validation loss,5b997e34744441239c7f09cfa84215a1
sasdelli et al. (2021),ann training by sgd,Sasdelli et al. investigated chaos dynamics in SGD-trained ANNs,5b997e34744441239c7f09cfa84215a1
time-continuous dynamical system,time-discrete dynamical system,Sasdelli et al. modeled ANN training as time-continuous, not time-discrete,5b997e34744441239c7f09cfa84215a1
biggest lyapunov exponent,most negative eigenpair of network hessian,theoretical work connects the biggest exponent to the negative eigenpair,5b997e34744441239c7f09cfa84215a1
positive eigenpairs,chaos,positive eigenpairs indicate chaos, but not considered in Sasdelli's work,5b997e34744441239c7f09cfa84215a1
chaotic evolution,negative curvature,directions of chaotic evolution and negative curvature are related,5b997e34744441239c7f09cfa84215a1
chaotic evolution,negative curvature,Both affect the training process in artificial neural networks.,9403bc9e336c49ff87e319b889708633
artificial neural networks (anns),hessian,The eigenvalue spectra of ANNs' Hessians are studied in the context.,9403bc9e336c49ff87e319b889708633
sagun et al. (2017),small 784-2-10 mlp,They analyzed the eigenvalue spectrum of a specific MLP for MNIST classification.,9403bc9e336c49ff87e319b889708633
eigenvalues,two-phase distribution,Eigenvalues in ANNs' Hessians exhibit a two-phase distribution with a bulk around zero.,9403bc9e336c49ff87e319b889708633
negative eigenvalues,improvement of the loss,Negative eigenvalues, on average, lead to the greatest loss improvement in neural networks.,9403bc9e336c49ff87e319b889708633
alain et al. (2019),optimization algorithms,They found current algorithms are not efficient in optimizing negative curvature directions.,9403bc9e336c49ff87e319b889708633
gur-ari et al. (2018),gradient of the hessian,They discovered the gradient mostly lies in the space of top eigenvectors, not the negative ones.,9403bc9e336c49ff87e319b889708633
time-discrete modelling,sgd (stochastic gradient descent),This is used to derive predictions on how curvature impacts chaotic dynamics in training.,9403bc9e336c49ff87e319b889708633
curvature,chaotic dynamics,The study explores the effect of curvature on the dynamics of training with SGD.,9403bc9e336c49ff87e319b889708633
sgd,predictions,SGD is used to derive predictions about chaotic dynamics.,7ac0d55d18da434dabe8b1022ac669d2
curvature,chaotic dynamics,Curvature affects the chaotic dynamics in training.,7ac0d55d18da434dabe8b1022ac669d2
hessian spectrum,training step,The full Hessian spectrum is considered at every training step.,7ac0d55d18da434dabe8b1022ac669d2
chaotic training dynamics,training performance,A novel connection exists between chaotic dynamics and training performance.,7ac0d55d18da434dabe8b1022ac669d2
negative eigenvalues,training steps,Negative eigenvalues are present in all training steps.,7ac0d55d18da434dabe8b1022ac669d2
mlp,feedforward anns,MLP for MNIST is a model for Feedforward ANNs.,7ac0d55d18da434dabe8b1022ac669d2
positive lles,training steps,Positive LLEs can be expected at every training step in ANNs.,7ac0d55d18da434dabe8b1022ac669d2
positive top eigenvalues,chaotic behavior,Positive top eigenvalues determine chaotic behavior under certain conditions.,7ac0d55d18da434dabe8b1022ac669d2
negative eigenspectrum,training performance,The effect of the negative eigenspectrum on training performance needs verification.,7ac0d55d18da434dabe8b1022ac669d2
python,pytorch framework,Experiments' code is written in Python using the Pytorch framework.,7ac0d55d18da434dabe8b1022ac669d2
o2grad,pytorch,O2Grad is a package built on top of Pytorch for faster Hessian calculation.,a602eee1844a494db48c62cee3379f8d
usps,fashionmnist,Both USPS and FashionMNIST are used as datasets for the study.,a602eee1844a494db48c62cee3379f8d
16x16 pixels,usps,Images from USPS are subsampled to 16x16 pixels.,a602eee1844a494db48c62cee3379f8d
16x16 pixels,fashionmnist,Images from FashionMNIST are also subsampled to 16x16 pixels.,a602eee1844a494db48c62cee3379f8d
784-20-10 mlp,small 2d cnn,Both models, a 784-20-10 MLP and a small 2D CNN, are used for Hessian calculation.,a602eee1844a494db48c62cee3379f8d
sgd,cgd (chaos-sensitive gradient descent),CGD is an altered version of the Pytorch implementation of SGD.,a602eee1844a494db48c62cee3379f8d
amd ryzen threadripper 1950x processor,nvidia geforce rtx 2080 ti gpus,These components form part of the first system's hardware configuration.,a602eee1844a494db48c62cee3379f8d
intel(r) core(tm) i5-8600k,nvidia geforce gtx 1080 ti,These components form part of the second system's hardware configuration.,a602eee1844a494db48c62cee3379f8d
cgd,chaotic direction pruning,CGD is modified to filter different components, including chaotic direction pruning.,a602eee1844a494db48c62cee3379f8d
training performance,chaotic direction pruning,The impact of chaotic direction pruning on training performance is investigated.,a602eee1844a494db48c62cee3379f8d
cgd,training performance,CGD (Consensus Gradient Descent) affects the training performance of models.,a5934bdf3fb64c10b44a6b11fdc04f03
chaotic eigenpairs,filter,CGD is equipped to filter chaotic eigenpairs during training.,a5934bdf3fb64c10b44a6b11fdc04f03
negative eigenpairs,filter,CGD can also filter only negative eigenpairs.,a5934bdf3fb64c10b44a6b11fdc04f03
positive eigenpairs,filter,CGD has the ability to filter only positive eigenpairs as well.,a5934bdf3fb64c10b44a6b11fdc04f03
k largest eigenpairs,absolute value,CGD can filter the k largest eigenpairs by absolute value.,a5934bdf3fb64c10b44a6b11fdc04f03
k random eigenpairs,prune,CGD can also randomly prune k eigenpairs.,a5934bdf3fb64c10b44a6b11fdc04f03
models,sgd,Models trained without pruning use regular SGD.,a5934bdf3fb64c10b44a6b11fdc04f03
training accuracies,training losses,Training accuracies and losses are discussed in relation to model performance.,a5934bdf3fb64c10b44a6b11fdc04f03
validation losses,validation accuracies,Validation losses and accuracies exhibit similar phenomena as training ones.,a5934bdf3fb64c10b44a6b11fdc04f03
locally chaotic training behavior,ann training,Locally chaotic training behavior is essential for the training of ANNs.,a5934bdf3fb64c10b44a6b11fdc04f03
reasonable training performance,generalization,Chaotic behavior contributes to achieving reasonable training performance and generalization in ANNs.,a5934bdf3fb64c10b44a6b11fdc04f03
mlp,usps dataset,An MLP (Multi-Layer Perceptron) is trained on the USPS dataset.,a5934bdf3fb64c10b44a6b11fdc04f03
2d cnn,fashionmnist,The same phenomenon is observed for a 2D Convolutional Neural Network and the FashionMNIST dataset.,a5934bdf3fb64c10b44a6b11fdc04f03
positive spectrum,training performance,positive spectrum has a small effect on training performance,a0086a076f214918b4798be45046c8b6
negative pruning,network's ability to learn,negative pruning strongly limits the network's ability to learn,a0086a076f214918b4798be45046c8b6
chaotic pruning,network's ability to learn,chaotic pruning strongly limits the network's ability to learn,a0086a076f214918b4798be45046c8b6
mlp,usps dataset,MLP is trained on the USPS dataset,a0086a076f214918b4798be45046c8b6
sigmoid activation,convergence,sigmoid activation slows down convergence,a0086a076f214918b4798be45046c8b6
cgd,pruning,CGD uses pruning of the full chaotic Hessian spectrum,a0086a076f214918b4798be45046c8b6
local averaging,accuracy and loss curves,local averaging (window size 50) smooths the accuracy and loss curves,a0086a076f214918b4798be45046c8b6
pruning,onset of pruning,pruning starts after the onset of pruning (2k, 5k, 10k time steps),a0086a076f214918b4798be45046c8b6
sgd,locally chaotic directions,SGD relies on locally chaotic directions for training,a0086a076f214918b4798be45046c8b6
negative hessian eigenspectrum,training by sgd,negative Hessian eigenspectrum drives training by SGD,a0086a076f214918b4798be45046c8b6
chaotic eigenvalues,hessian,chaotic eigenvalues are part of the Hessian matrix,3917cf2036564d24ab17dbed24580713
training,neural networks,training refers to the process for neural networks,3917cf2036564d24ab17dbed24580713
negative eigenpairs,hessian,negative eigenpairs belong to the Hessian,3917cf2036564d24ab17dbed24580713
pruning,negative eigenvalues,pruning involves removing negative eigenvalues of the Hessian,3917cf2036564d24ab17dbed24580713
alain et al. (2019),previous belief,Alain et al.'s work is mentioned in the context of previous beliefs about the Hessian,3917cf2036564d24ab17dbed24580713
negative eigenspectrum,training dynamics,the negative eigenspectrum affects the training dynamics of neural networks,3917cf2036564d24ab17dbed24580713
positive eigenspectrum,hessian,the positive eigenspectrum is another part of the Hessian,3917cf2036564d24ab17dbed24580713
pruning,positive eigenspectrum,pruning can also be applied to the positive eigenspectrum,3917cf2036564d24ab17dbed24580713
models,sgd,models are trained using Stochastic Gradient Descent (SGD),3917cf2036564d24ab17dbed24580713
negative pruning,models,models trained with pruning of the negative eigenspectrum have lower performance,3917cf2036564d24ab17dbed24580713
positive pruning,training performance,positive pruning has a smaller impact on the training performance,3917cf2036564d24ab17dbed24580713
anns,positive pruning,Artificial Neural Networks (ANNs) trained with positive pruning fare better,3917cf2036564d24ab17dbed24580713
datasets,training,different datasets are used for evaluating the training performance,3917cf2036564d24ab17dbed24580713
negative pruning,counterparts,comparing optimization methods,a944572fe3b141b298adb18bd049e879
negative eigenvalue spectrum,hessian,contains important information about optimization problem,a944572fe3b141b298adb18bd049e879
positive eigenvalue spectrum,hessian,contains less important information about optimization,a944572fe3b141b298adb18bd049e879
negative eigenspectrum,locally chaotic training dynamics,induces chaotic dynamics in SGD,a944572fe3b141b298adb18bd049e879
sgd,training performance,impact on training performance,a944572fe3b141b298adb18bd049e879
gur-ari et al. (2018),positive eigenpairs of the hessian,observe gradient overlap,a944572fe3b141b298adb18bd049e879
negative curvature,future loss improvement,indicates potential for improvement,a944572fe3b141b298adb18bd049e879
positive curvature,local minimum,indicates proximity to a local minimum,a944572fe3b141b298adb18bd049e879
negative components of the hessian,gradient,eliminates possibilities for big future improvements,a944572fe3b141b298adb18bd049e879
hessian,gradient,The negative components of the Hessian are derived from the gradient.,dd853f26cd234cf6ace77ad1cc99d4e8
negative eigenspectrum,loss,Pruning the negative eigenspectrum affects the rate of loss decrease.,dd853f26cd234cf6ace77ad1cc99d4e8
training,negative/positive hessian eigenvalues,The count of negative/positive eigenvalues changes during training.,dd853f26cd234cf6ace77ad1cc99d4e8
gradient overlap,axes of positive/negative curvature,Gradient overlap is greater with axes of positive curvature, but both can coexist.,dd853f26cd234cf6ace77ad1cc99d4e8
initial discovery phase,negative curvature,Negative curvature is important in the initial phase of learning.,dd853f26cd234cf6ace77ad1cc99d4e8
subsequent exploitation phase,positive curvature,Positive curvature becomes significant in the later phase of learning.,dd853f26cd234cf6ace77ad1cc99d4e8
global chaos investigation,finite-time lyapunov exponents,Global chaos is investigated using finite-time Lyapunov exponents for longer timespans.,dd853f26cd234cf6ace77ad1cc99d4e8
tangent maps,equation (8),Tangent maps are calculated based on equation (8) at each time step.,dd853f26cd234cf6ace77ad1cc99d4e8
finite-time lyapunov matrix,eigenvalue decomposition,Eigenvalue decomposition is applied to the finite-time Lyapunov matrix to find the eigenspectrum.,dd853f26cd234cf6ace77ad1cc99d4e8
lyapunov exponents,training,Lyapunov exponents are initially above 0 at the start of training.,dd853f26cd234cf6ace77ad1cc99d4e8
lyapunov eigenspectrum,lyapunov exponents,The Lyapunov exponents are part of the Lyapunov eigenspectrum and relate to the convergence during training.,2d0b0e4fc4a04947add65e27408ffe38
training,convergence,Training of the models leads to convergence of the Lyapunov exponents towards 0.,2d0b0e4fc4a04947add65e27408ffe38
chaotic,edge-chaotic,The evolution is described as initially chaotic and edge-chaotic in the time limits.,2d0b0e4fc4a04947add65e27408ffe38
models,initializations,Models with similar initializations continue diverging even after reaching top performance.,2d0b0e4fc4a04947add65e27408ffe38
perturbation analysis,lyapunov eigenspace,Perturbation analysis explores divergence behavior using the Lyapunov eigenspace.,2d0b0e4fc4a04947add65e27408ffe38
model a,models b1, ..., bn,Model A serves as the base for applying perturbations to models B1, ..., Bn which share the same random seed.,2d0b0e4fc4a04947add65e27408ffe38
lyapunov eigenpairs,perturbation axes,Lyapunov eigenpairs determine the perturbation axes for models B1, ..., Bn.,2d0b0e4fc4a04947add65e27408ffe38
perturbation strategies,(1) top eigenvector, (2) bottom eigenvector, (3) vchaotic(n ), (4) vnon-chaotic(t),There are four perturbation strategies involving different eigenvectors and subspaces.,2d0b0e4fc4a04947add65e27408ffe38
linear combination,vectors,linear combination is formed using vectors sampled from chaotic and non-chaotic directions.,93c6a6a4735442fcacc71a2fb50902fb
vchaotic(n ),random chaotic directions,Vchaotic(N ) describes random chaotic directions.,93c6a6a4735442fcacc71a2fb50902fb
vnon-chaotic(n ),random non-chaotic directions,Vnon-chaotic(N ) represents random non-chaotic directions.,93c6a6a4735442fcacc71a2fb50902fb
initial parameters,perturbed,Initial parameters are altered along specific directions.,93c6a6a4735442fcacc71a2fb50902fb
perturbation magnitudes,locality,Perturbation magnitudes must align with the locality required by theoretical preliminaries.,93c6a6a4735442fcacc71a2fb50902fb
loss landscape,local minimum,The loss landscape near a local minimum is almost flat.,93c6a6a4735442fcacc71a2fb50902fb
finite-time lyapunov matrix,time point t = tconv,The finite-time Lyapunov matrix is used at a converged time point t = Tconv.,93c6a6a4735442fcacc71a2fb50902fb
tangent map y (t),eigenspace,The tangent map's eigenspace remains stable after a certain time step.,93c6a6a4735442fcacc71a2fb50902fb
hessian eigenspectrum,full convergence,The Hessian eigenspectrum does not fully converge to zero.,93c6a6a4735442fcacc71a2fb50902fb
chaotic eigenvectors,non-chaotic eigenvectors,Both chaotic and non-chaotic eigenvectors stabilize during training.,93c6a6a4735442fcacc71a2fb50902fb
distance evolution,mlp without momentum,Distance evolution is shown for an MLP without momentum on USPS dataset.,93c6a6a4735442fcacc71a2fb50902fb
fashionmnist,model architectures,FashionMNIST is compared with different model architectures for analysis.,b2392eec13684aa996553329c757143b
momentum,analysis,Momentum is a subject of analysis in the context of model architectures.,b2392eec13684aa996553329c757143b
maximal divergence,expected distance,The maximal divergence is discussed in the range of expected distance for models.,b2392eec13684aa996553329c757143b
pytorch,lecun et al., 2012,Pytorch is referenced alongside a citation from LeCun et al., 2012.,b2392eec13684aa996553329c757143b
distances,performance,Distances don't saturate during experiments, impacting the performance.,b2392eec13684aa996553329c757143b
perturbations,drop in performance,Significant drop in performance is noticed with certain perturbation magnitudes.,b2392eec13684aa996553329c757143b
distance evolution,linear divergence,Observed distance evolution can be explained by linear divergence and a random walk.,b2392eec13684aa996553329c757143b
gradients,distance components,Gradients have distance components contributing to the evolution.,b2392eec13684aa996553329c757143b
noise components,random walk,Noise components are associated with the random walk behavior in the gradients' evolution.,b2392eec13684aa996553329c757143b
time (t),linear divergence,For larger time, the linear divergence term dominates over the random walk effect.,b2392eec13684aa996553329c757143b
term,t,term 't' is referred to as a variable in the context of mathematical expression.,590328b53b57465a882ac559a36f7cdc
↵t2,linear divergence,The ↵t2 term is associated with linear divergence in the context of time evolution.,590328b53b57465a882ac559a36f7cdc
perturbation,initial perturbations,Perturbations refer to initial changes applied to a model, specifically in the context of computing perturbations with a norm of 0.1.,590328b53b57465a882ac559a36f7cdc
mlp,sgd (stochastic gradient descent),MLP (Multi-Layer Perceptron) is trained using SGD without momentum in the described scenario.,590328b53b57465a882ac559a36f7cdc
usps,fashionmnist,Both USPS and FashionMNIST are datasets used for evaluating model divergence in the study.,590328b53b57465a882ac559a36f7cdc
euclidean distance,model divergence,Euclidean distance is used as a measure of the divergence between two models.,590328b53b57465a882ac559a36f7cdc
bounded loss valley,unbounded loss valley,These terms describe different scenarios regarding the limits of model divergence; a bounded one restricts divergence while an unbounded one allows for unlimited divergence.,590328b53b57465a882ac559a36f7cdc
lyapunov eigenspace,perturbation directions,The Lyapunov eigenspace guides the computation of initial perturbation directions for the models.,590328b53b57465a882ac559a36f7cdc
lce (lyapunov characteristic exponent),theoretical bounds,LCE is used to calculate maximum/minimum values (λ1(t)/λN(t)) which serve as theoretical bounds for the observed divergence.,590328b53b57465a882ac559a36f7cdc
analysis,further studies,required for deeper understanding,4139d00bea8544bcba580f46c9742246
training dynamics,chaotic to edge-chaotic,evolution in parameter domain,4139d00bea8544bcba580f46c9742246
anns,unchaotic to chaotic,transition in input domain,4139d00bea8544bcba580f46c9742246
perturbation length,0.1,chosen value for experiments,4139d00bea8544bcba580f46c9742246
smaller perturbation lengths,random behavior,caused by noise or numerical error,4139d00bea8544bcba580f46c9742246
theoretical bounds,maximal and minimal lce,derived from equation (5),4139d00bea8544bcba580f46c9742246
upper bound,measure of maximal divergence,indicates single training run divergence,4139d00bea8544bcba580f46c9742246
lyapunov-vector-product,hessian-vector-product,realization for computational efficiency,4139d00bea8544bcba580f46c9742246
lyapunov-vector-product,hessian-vector-product,Lyapunov-vector-product can be realized through Hessian-vector-product.,4a7f50a0fa6245d7b7953d2f702f01ab
faster algorithms,hessian-vector-product,Faster algorithms exist for Hessian-vector-product, as mentioned by Pearlmutter (1994).,4a7f50a0fa6245d7b7953d2f702f01ab
pruning experiments,common datasets,Pruning experiments were performed on common datasets and model architectures.,4a7f50a0fa6245d7b7953d2f702f01ab
high-dimensional datasets,models,Experiments are challenging to extend to higher-dimensional datasets and models due to computational expenses.,4a7f50a0fa6245d7b7953d2f702f01ab
batchnorm,skip connections,BatchNorm and skip connections were not studied in this work, but are intended for future investigation.,4a7f50a0fa6245d7b7953d2f702f01ab
computational cost,training time,High computational cost limits the training time used in the analysis.,4a7f50a0fa6245d7b7953d2f702f01ab
perturbed network divergence,model,The model for perturbed network divergence was analyzed.,4a7f50a0fa6245d7b7953d2f702f01ab
edge-chaotic dynamics,overfitting,A connection between edge-chaotic dynamics during training and overfitting could be investigated.,4a7f50a0fa6245d7b7953d2f702f01ab
chaotic dynamics,negative curvature,Chaotic dynamics of ANNs trained by SGD are linked to negative curvature.,4a7f50a0fa6245d7b7953d2f702f01ab
negative curvature information,training,Negative curvature information is essential for training ANNs.,4a7f50a0fa6245d7b7953d2f702f01ab
chaotic behavior,sgd training,Chaotic behavior is inherent to training via Stochastic Gradient Descent (SGD).,4a7f50a0fa6245d7b7953d2f702f01ab
chaotic behaviour,training by sgd,chaotic behaviour is inherent to training performed using Stochastic Gradient Descent (SGD),e49111a94f494518a3b8b5b8e5e4e9c1
globally chaotic dynamics,beginning of the training,globally chaotic dynamics are mostly observed at the start of the training process,e49111a94f494518a3b8b5b8e5e4e9c1
models with slightly different initializations,linear divergence in parameter space,models initialized differently continue to diverge linearly in parameter space during training,e49111a94f494518a3b8b5b8e5e4e9c1
chaos in ann training,advancing understanding,work aims to provide a foundation for further studies to understand chaos in Artificial Neural Network (ANN) training,e49111a94f494518a3b8b5b8e5e4e9c1
divergence of trajectories,end of the training,investigating the divergence of training paths at the conclusion of the process is suggested,e49111a94f494518a3b8b5b8e5e4e9c1
chaos in the input,chaos in the parameter domain,relation between chaos present in input data and parameters is recommended for exploration,e49111a94f494518a3b8b5b8e5e4e9c1
julius upmeier zu belzen,roland eils,both individuals are from the Berlin Institute of Health and supported the main author,e49111a94f494518a3b8b5b8e5e4e9c1
leon sixt,biorobotics lab,Leon Sixt is associated with the Biorobotics Lab and provided advice,e49111a94f494518a3b8b5b8e5e4e9c1
martin aleksandrov,dahlem center for machine learning and robotics,Martin Aleksandrov is from the Dahlem Center and offered guidance,e49111a94f494518a3b8b5b8e5e4e9c1
maximilian granz,elsa-neumann-scholarship,Maximilian Granz was supported by the Elsa-Neumann-Scholarship from the state of Berlin,e49111a94f494518a3b8b5b8e5e4e9c1
nvidia,titan xp gpu,Nvidia provided a Titan Xp graphics processing unit for the research,e49111a94f494518a3b8b5b8e5e4e9c1
zedat,hpc system,ZEDAT granted access to their High-Performance Computing system,e49111a94f494518a3b8b5b8e5e4e9c1
anonymous reviewers,paper review,reviewers provided feedback on the paper anonymously,e49111a94f494518a3b8b5b8e5e4e9c1
hpc system,reviewers,The HPC system is the subject of review by anonymous reviewers.,165da97240b443f8856ebff4a2e56182
reviewers,paper,The reviewers are reviewing the authors' paper.,165da97240b443f8856ebff4a2e56182
reviewers,interesting points of discussion,The reviewers provided interesting points to discuss in relation to the paper.,165da97240b443f8856ebff4a2e56182
