node_1,node_2,edge,chunk_id
depth map super-resolution (dsr),3d vision,DSR is crucial for enhancing 3D vision,df5c75144cc94c45b5610bd45fb3782c
high-resolution (hr) depth maps,low-resolution (lr) depth maps,Both HR and LR depth maps share the same intrinsic phase,df5c75144cc94c45b5610bd45fb3782c
rgb,depth maps,The spectral phase of RGB includes the phase information of depth maps,df5c75144cc94c45b5610bd45fb3782c
intrinsic phase-preserving dsr paradigm,ippnet,IPPNet is a proposed method based on the intrinsic phase-preserving paradigm for DSR,df5c75144cc94c45b5610bd45fb3782c
phase-preserving filtering module (ppfm),ippnet,PPFM is a key component of IPPNet used to generate dynamic filters,df5c75144cc94c45b5610bd45fb3782c
ppfm,rgb signal,PPFM modulates the phase-preserved RGB signal for depth enhancement,df5c75144cc94c45b5610bd45fb3782c
depth sensors,edge devices,Depth sensors are commonly found in edge devices like mobile phones and VR/AR glasses,df5c75144cc94c45b5610bd45fb3782c
visual slam,gesture recognition,Both are applications enabled by depth sensors in edge devices,df5c75144cc94c45b5610bd45fb3782c
acquired depth map,cost,Limited cost and sensor capability result in low-resolution depth maps,df5c75144cc94c45b5610bd45fb3782c
nyu v2,rgb-d-d,Both are benchmark datasets used for extensive experiments,df5c75144cc94c45b5610bd45fb3782c
ippnet,sota performance,IPPNet achieves state-of-the-art performance on benchmark datasets,df5c75144cc94c45b5610bd45fb3782c
visual slam,gesture recognition,related techniques in the context,50e6ab8e54714c67b36f6ce03ca78d30
depth map,low-resolution (lr),LR depth maps are commonly acquired due to cost and sensor limitations,50e6ab8e54714c67b36f6ce03ca78d30
apple,huawei,examples of companies with specific LR depth map resolutions,50e6ab8e54714c67b36f6ce03ca78d30
dsr,promising solutions,Depth map super-resolution (DSR) is seen as a potential solution,50e6ab8e54714c67b36f6ce03ca78d30
high-resolution (hr) color image,rgb image,RGB images are often associated with HR depth maps,50e6ab8e54714c67b36f6ce03ca78d30
rgb guided dsr,recovering the hr depth map,RGB images are used to help restore depth map resolution,50e6ab8e54714c67b36f6ce03ca78d30
phase preserving filtering scheme,selectively preserve desired geometric patterns,Proposed method to address artifacts in DSR,50e6ab8e54714c67b36f6ce03ca78d30
existing dsr frameworks,two categories,DSR approaches can be classified into two main groups,50e6ab8e54714c67b36f6ce03ca78d30
dsr frameworks,single depth map super-resolution (sdsr),SDSR is a category of DSR frameworks that utilizes insufficient information, typically depth map only.,832e91dd3fa14a2bbf87cd04d848e5fb
dsr frameworks,rgb-guided depth map super-resolution (gdsr),GDSR is another category of DSR frameworks that focuses on utilizing corresponding RGB images for performance improvement.,832e91dd3fa14a2bbf87cd04d848e5fb
gdsr methods,joint filtering,Joint filtering is a type of cooperative guidance scheme used in GDSR methods.,832e91dd3fa14a2bbf87cd04d848e5fb
gdsr methods,progressive feature aggregation,Progressive feature aggregation is another type of cooperative guidance scheme employed in GDSR methods.,832e91dd3fa14a2bbf87cd04d848e5fb
rgb information,over-texture artifacts,Unrestricted RGB information can lead to over-texture artifacts, causing performance degradation in DSR.,832e91dd3fa14a2bbf87cd04d848e5fb
edge information in rgb images,dsr,Various works have focused on better exploiting edge information in RGB images for enhancing DSR performance.,832e91dd3fa14a2bbf87cd04d848e5fb
edges in rgb images,over-textured predictions,Edges in RGB images, especially non-object outlines, can result in over-textured predictions, negatively impacting DSR performance.,832e91dd3fa14a2bbf87cd04d848e5fb
discrete fourier transform (dft),spectrum analysis,DFT is an example of spectrum analysis used to examine data.,f8ac2085ef5f4268b3bb300e84fe883d
depth maps,rgb images,Depth maps and RGB images exhibit significant differences in frequency domain.,f8ac2085ef5f4268b3bb300e84fe883d
intrinsinc phase,spokes,The intrinsic phase refers to the phase of spokes in the frequency domain representing principal geometric patterns.,f8ac2085ef5f4268b3bb300e84fe883d
spectral components,principal texture patterns,Spectral components along the spokes correspond to principal texture patterns of original depth maps and RGB images.,f8ac2085ef5f4268b3bb300e84fe883d
depth map,rgb image,Depth maps generally have fewer spokes than RGB images, indicating loss of specific-phase components.,f8ac2085ef5f4268b3bb300e84fe883d
noise,vanishing components,The vanishing components in the depth map are considered noise compared to the RGB image.,f8ac2085ef5f4268b3bb300e84fe883d
phase-aware filter,noisy texture pruning,A phase-aware filter is suggested for removing noisy textures during guided depth super-resolution.,f8ac2085ef5f4268b3bb300e84fe883d
ippnet,phase-preserving filtering module (ppfm),IPPNet includes a PPFM for cross-content collaboration between depth map and color image features.,f8ac2085ef5f4268b3bb300e84fe883d
rgb and depth map,gdsr (guided depth super-resolution),IPPNet facilitates efficient cooperation of RGB and depth map for GDSR.,f8ac2085ef5f4268b3bb300e84fe883d
ppfm,cross-content guided collaborative filtering,PPFM is a method used for cross-content filtering between depth map and color image features.,c710b2eb193247169dff91e6cefdbba1
phase-aware filtering stream,ppfm,One of the two information streams in PPFM, responsible for generating phase-specific filters/masks.,c710b2eb193247169dff91e6cefdbba1
modulation stream,ppfm,The other stream in PPFM, tasked with enhancing depth map features using phase-aligned RGB features.,c710b2eb193247169dff91e6cefdbba1
rgb features,depth map features,Both types of features are processed by PPFM for collaboration and improved performance.,c710b2eb193247169dff91e6cefdbba1
ippnet,ppfm,IPPNet is the proposed framework that incorporates PPFM for depth map super-resolution.,c710b2eb193247169dff91e6cefdbba1
nyu v2 dataset,performance evaluation,IPPNet's performance is benchmarked against state-of-the-art on the NYU v2 dataset.,c710b2eb193247169dff91e6cefdbba1
middlebury dataset,performance evaluation,IPPNet's performance is also evaluated on the Middlebury dataset.,c710b2eb193247169dff91e6cefdbba1
rgb-d-d dataset,real-world branch,IPPNet outperforms existing methods specifically on the real-world branch of the RGB-D-D dataset.,c710b2eb193247169dff91e6cefdbba1
depth map super-resolution (dsr),related work,DSR methods are mentioned in the context as a field related to the proposed IPPNet.,c710b2eb193247169dff91e6cefdbba1
scheme,unidirectional schemes,scheme outperforms existing unidirectional schemes,fd772eed586b47b391b2715be8b3e62a
depth map super-resolution (dsr),lr depth map,DSR methods leverage only LR depth map for accurate HR depth map recovery,fd772eed586b47b391b2715be8b3e62a
gdsr methods,rgb modality,GDSR methods utilize RGB modality as guidance for depth map reconstruction,fd772eed586b47b391b2715be8b3e62a
heuristic rules,early works,Early works based on heuristic rules to transfer fine-grained structures,fd772eed586b47b391b2715be8b3e62a
cnns,data-driven approaches,Data-driven approaches like DJF and DG use CNNs for feature extraction and regression,fd772eed586b47b391b2715be8b3e62a
dkn,spatially-variant kernels,DKN proposes to learn spatially-variant kernels for each pixel,fd772eed586b47b391b2715be8b3e62a
jiif,graph attention mechanism,JIIF uses graph attention mechanism to learn interpolation weights,fd772eed586b47b391b2715be8b3e62a
ppfm,phase-aligned rgb features,PPFM strengthens depth features with phase-aligned RGB features,fd772eed586b47b391b2715be8b3e62a
rgb information,over-texture artifacts,Former works using RGB information can result in over-texture artifacts,fd772eed586b47b391b2715be8b3e62a
ppfm,depth features,PPFM strengthens depth features with phase-aligned RGB features for improved fusion quality.,009292c6521f462898a35924338d45d5
guided depth completion,dual-branch framework,Several methods use a dual-branch framework to separately extract features of sparse depth and color images.,009292c6521f462898a35924338d45d5
sparse depth,color images,These methods fuse features of sparse depth and color images for final depth predictions.,009292c6521f462898a35924338d45d5
phase-preserving filter mechanism,rgb features,A phase-preserving filter mechanism is designed to selectively exploit RGB features for depth enhancement.,009292c6521f462898a35924338d45d5
phase-preserving filtering module,lr and hr depth maps,The module exploits the homogeneous spectral properties of LR and HR depth maps for precise fusion.,009292c6521f462898a35924338d45d5
gdsr task,lr depth image,In GDSR, a low-resolution (LR) depth image and its high-resolution (HR) RGB guidance are given.,009292c6521f462898a35924338d45d5
hr rgb guidance,corresponding hr image,The HR RGB guidance corresponds to the HR image for depth enhancement.,009292c6521f462898a35924338d45d5
gdsr task,lr depth image,In GDSR task, a LR depth image is involved.,730371a47f474eb6b70ab2953cbc2403
lr depth image,hr rgb guidance,The LR depth image has a corresponding HR RGB guidance.,730371a47f474eb6b70ab2953cbc2403
scaling factor,hr depth target,The scaling factor 's' relates to the up-sampling of the LR depth image to match the HR depth target.,730371a47f474eb6b70ab2953cbc2403
bicubic interpolation,lr depth image,Bicubic interpolation is applied to the LR depth image to create an up-sampled initialization.,730371a47f474eb6b70ab2953cbc2403
up-sampled initialization,hr depth target,The up-sampled initialization serves as a basis for recovering the HR depth target.,730371a47f474eb6b70ab2953cbc2403
neural network f,rgbd pair,The neural network F processes the RGBD pair to recover residual details.,730371a47f474eb6b70ab2953cbc2403
phase power spectrum,dft,The Phase Power Spectrum is analyzed using the Discrete Fourier Transform (DFT).,730371a47f474eb6b70ab2953cbc2403
dft,rgb image,DFT computes the spectral representation for both RGB images and depth maps.,730371a47f474eb6b70ab2953cbc2403
dft,depth map,DFT is also applied to depth maps to analyze their spectral properties.,730371a47f474eb6b70ab2953cbc2403
anisotropic filters,lr depth map,Anisotropic filters can be derived from the LR depth map for specific purposes.,730371a47f474eb6b70ab2953cbc2403
lr depth map,rgb image,LR depth map is used to derive anisotropic filters for suppressing chaos in the RGB image.,e73192d056ca4b4eb0607c3c8d26760d
ˆg,consistent component,ˆG represents the component consistent with the spectral phase of the depth signal.,e73192d056ca4b4eb0607c3c8d26760d
n,undesirable noise,n denotes textured details which are considered as noise for the depth map.,e73192d056ca4b4eb0607c3c8d26760d
cross-modality guided phase-preserving filtering module (ppfm),depth map features,PPFM achieves phase-aware filtering between depth map features and color image features.,e73192d056ca4b4eb0607c3c8d26760d
ppfm,color image features,PPFM also works with color image features for filtering purposes.,e73192d056ca4b4eb0607c3c8d26760d
phase-aware filtering stream,depth map features,The phase-aware filtering stream generates filters from depth map features to eliminate texture components in RGB features.,e73192d056ca4b4eb0607c3c8d26760d
modulation stream,depth map features,The modulation stream strengthens depth map features using purified RGB features.,e73192d056ca4b4eb0607c3c8d26760d
filter prediction block (fpblock),spatial kernel generator,In the implementation, FPblock is used as the spatial kernel generator.,e73192d056ca4b4eb0607c3c8d26760d
∗ (convolution),modulation ratio (λ),Convolution operation is involved, and λ调节着特征的调制比例.,e73192d056ca4b4eb0607c3c8d26760d
fpblock,two layers block,FPblock is composed of two layers as depicted in the figure.,2b0f246d43a848a38836107db77e41b2
*,convolution,* symbol represents convolution operation.,2b0f246d43a848a38836107db77e41b2
λ,modulation ratio,λ is the fixed modulation ratio, set to 1 in the implementation.,2b0f246d43a848a38836107db77e41b2
ψi,depth features,Ψi generates phase-aware filters based on depth features.,2b0f246d43a848a38836107db77e41b2
ψi,filtered rgb features,Ψi also uses filtered RGB features for phase-aware filtering.,2b0f246d43a848a38836107db77e41b2
ψi (noise filtering),rgb features,Ψi is designed to filter noise from RGB features.,2b0f246d43a848a38836107db77e41b2
ψi (strengthening),depth map,Ψi strengthens the depth map using cleaned RGB information.,2b0f246d43a848a38836107db77e41b2
phase-preserving filtering module,dft (discrete fourier transform),The module's filtering process is analyzed using DFT.,2b0f246d43a848a38836107db77e41b2
ψi,phase integration,Ψi adjusts via phase integration over spectra with phase φ.,2b0f246d43a848a38836107db77e41b2
phase power spectrum,measuring component intensity,Phase power spectrum quantifies the ability to filter specific phase components.,2b0f246d43a848a38836107db77e41b2
phase-preserving module,gdsr methods,Previous GDSR methods employ heuristic joint filtering schemes.,2b0f246d43a848a38836107db77e41b2
rgb guidance,depth flow,RGB guidance is directly transferred to depth flow through filtering schemes.,4f1142e15aff44fbb8d75ed4a874b3c3
rgb,extra textures,RGB contains extra textures which are not suitable for depth maps.,4f1142e15aff44fbb8d75ed4a874b3c3
extra textures,error noise,Extra textures correspond to surface details and act as erroneous noise for depth maps.,4f1142e15aff44fbb8d75ed4a874b3c3
noise patterns,erroneous structure details,Noise patterns need to be eliminated to avoid propagating erroneous structure details.,4f1142e15aff44fbb8d75ed4a874b3c3
lr depth map,hr depth map,LR depth map is produced from HR depth map via a specific degradation process.,4f1142e15aff44fbb8d75ed4a874b3c3
amplification factor,k,Amplification factor K is used to relate LR and HR depth maps.,4f1142e15aff44fbb8d75ed4a874b3c3
eq. 4,eq. 5,Equation 4 is rewritten as Equation 5 in the process of decomposition.,4f1142e15aff44fbb8d75ed4a874b3c3
dft,decomposition,DFT is used to decompose the equation for analysis.,4f1142e15aff44fbb8d75ed4a874b3c3
f(k · xi),f(ni),F(K · xi) and F(ni) are components in the DFT results expressed in polar form.,4f1142e15aff44fbb8d75ed4a874b3c3
dft,phase,The DFT results are expressed in polar form with φ representing the phase.,9b1720a77051459c96664f23d6122154
phase,depth map,The intrinsic phase of the depth map relates to the behavior of the DFT.,9b1720a77051459c96664f23d6122154
denoise,rgb,The module can achieve precise denoise for RGB signals.,9b1720a77051459c96664f23d6122154
feature embedding,neighborhood information,Feature embedding encodes the features of a patch region, integrating neighborhood information.,9b1720a77051459c96664f23d6122154
filters,kernel size,The kernel size of filters is reduced to 1 for flexibility and efficiency.,9b1720a77051459c96664f23d6122154
pixel-wise multiplication,modulation,Pixel-wise multiplication is mentioned in the context of modulation techniques.,9b1720a77051459c96664f23d6122154
pixel-wise multiplication,gating,Pixel-wise multiplication is also related to gating methods.,9b1720a77051459c96664f23d6122154
convolution,element-wise multiplication,Information fusion is simplified from convolution to element-wise multiplication.,9b1720a77051459c96664f23d6122154
information fusion,element-wise multiplication,element-wise multiplication is a simplified form of information fusion in the context of neural networks.,27cf5c2d885e44968eebf292da747176
ppfm,ippnet,PPFM is a component of the proposed IPPNet framework for DSR.,27cf5c2d885e44968eebf292da747176
rgb encoder,depth encoder,Both RGB encoder and depth encoder are parts of IPPNet, converting RGB images and depth maps into embedding space.,27cf5c2d885e44968eebf292da747176
ppfm,rgb features,PPFM integrates RGB features and depth features in a guided and impulsive manner.,27cf5c2d885e44968eebf292da747176
ppfm,depth features,PPFM also processes depth features alongside RGB features.,27cf5c2d885e44968eebf292da747176
refinement module,depth feature,The refinement module enriches the processed depth feature for improved accuracy.,27cf5c2d885e44968eebf292da747176
resblocks,rgb encoder,ResBlocks, without BN, compose both the RGB encoder and depth encoder.,27cf5c2d885e44968eebf292da747176
resblocks,depth encoder,ResBlocks, without BN, are used in both encoders for better performance.,27cf5c2d885e44968eebf292da747176
refinement module,resblocks,The refinement module, similar to the encoders, consists of ResBlocks without normalization layers.,27cf5c2d885e44968eebf292da747176
refined features,residual image,A convolution layer applied to the refined features generates the residual image for image restoration.,27cf5c2d885e44968eebf292da747176
convolution layer,refined features,applied to generate the residual image,aa3d0e17d8b8475196f975646ba0cce8
residual image,input depth image,summed to obtain the restored depth map,aa3d0e17d8b8475196f975646ba0cce8
predicted depth map,ground truth depth map,constrained by minimizing L1 loss,aa3d0e17d8b8475196f975646ba0cce8
l1 loss,dgth - bdh,represents the difference between predicted and ground truth depth maps,aa3d0e17d8b8475196f975646ba0cce8
hr image,lr input depth map,generated from HR ground truth via bicubic downsampling,aa3d0e17d8b8475196f975646ba0cce8
resblocks,depth encoder, rgb encoder, refinement module,constitute the architecture components,aa3d0e17d8b8475196f975646ba0cce8
phase-preserving filtering blocks,n (set to 3),number of blocks used in the method,aa3d0e17d8b8475196f975646ba0cce8
adam optimizer,model training,used for optimization,aa3d0e17d8b8475196f975646ba0cce8
learning rate,1 × 10−4,initial value, halved every 8K iterations,aa3d0e17d8b8475196f975646ba0cce8
pytorch,implementation,framework used for coding the method,aa3d0e17d8b8475196f975646ba0cce8
nvidia tesla v100 gpu,training,硬件设备用于训练模型,aa3d0e17d8b8475196f975646ba0cce8
training,phase-preserving filter,implementation of the filter is part of the training process,f801566ce33f46d68b88e0d06d68f4bf
root mean squared error (rmse),evaluation metric,RMSE measures the difference between prediction and ground truth,f801566ce33f46d68b88e0d06d68f4bf
nyu v2,rgb/d pairs,NYU v2 dataset contains RGB/D pairs for training and testing,f801566ce33f46d68b88e0d06d68f4bf
middlebury,testing,Our model is tested on the Middlebury dataset,f801566ce33f46d68b88e0d06d68f4bf
lu dataset, ippnet,IPPNet surpasses current state-of-the-art approaches on the Lu dataset,f801566ce33f46d68b88e0d06d68f4bf
cross-modality phase-preserving filtering,depth images,Filtering technique uses depth information for filtering RGB image noise,f801566ce33f46d68b88e0d06d68f4bf
rmse results,upsampling,Comparison of RMSE for different upsampling factors,f801566ce33f46d68b88e0d06d68f4bf
our method,state-of-the-art approaches,Our method achieves the best performance compared to existing approaches,f801566ce33f46d68b88e0d06d68f4bf
rgb images,depth information,Depth information is used to filter errors in RGB images,f801566ce33f46d68b88e0d06d68f4bf
gf (he, sun, and tang 2013),methods,GF is mentioned alongside other methods for comparison,f801566ce33f46d68b88e0d06d68f4bf
dg (gu et al. 2017),methods,DG is another method mentioned for comparison,f801566ce33f46d68b88e0d06d68f4bf
dgf (wu et al. 2018),methods,DGF is a method compared against the proposed approach,f801566ce33f46d68b88e0d06d68f4bf
rgbmethods,filtering,RGBMethods are first used for filtering erroneous noise,2bbbb149a9024a3b8248ab4a9f460bf8
gf,he, sun, and tang 2013,GF is referenced to He, Sun, and Tang's work in 2013,2bbbb149a9024a3b8248ab4a9f460bf8
dg,gu et al. 2017,DG is associated with Gu et al.'s work in 2017,2bbbb149a9024a3b8248ab4a9f460bf8
dgf,wu et al. 2018,DGF is a method by Wu et al. in 2018,2bbbb149a9024a3b8248ab4a9f460bf8
djf,li et al. 2016,DJF is credited to Li et al. in 2016,2bbbb149a9024a3b8248ab4a9f460bf8
dmsg,hui, loy, and tang 2016,DMSG is a technique by Hui, Loy, and Tang in 2016,2bbbb149a9024a3b8248ab4a9f460bf8
dsrnet,guo et al. 2019,DSRNet is developed by Guo et al. in 2019,2bbbb149a9024a3b8248ab4a9f460bf8
pac,su et al. 2019,PAC is a method created by Su et al. in 2019,2bbbb149a9024a3b8248ab4a9f460bf8
fdkn,kim, ponce, and ham 2021,FDKN is attributed to Kim, Ponce, and Ham in 2021,2bbbb149a9024a3b8248ab4a9f460bf8
dkn,kim, ponce, and ham 2021,DKN is another method from Kim, Ponce, and Ham in 2021,2bbbb149a9024a3b8248ab4a9f460bf8
fdsr,he et al. 2021,FDSR is a technique by He et al. in 2021,2bbbb149a9024a3b8248ab4a9f460bf8
dctnet,zhao et al. 2022,DCTNet is introduced by Zhao et al. in 2022,2bbbb149a9024a3b8248ab4a9f460bf8
jiif,tang, chen, and zeng 2021,JIIF is a method credited to Tang, Chen, and Zeng in 2021,2bbbb149a9024a3b8248ab4a9f460bf8
ahmf,zhong et al. 2022,AHMF is associated with Zhong et al.'s work in 2022,2bbbb149a9024a3b8248ab4a9f460bf8
pmbanet,ye et al. 2020,PMBANet is created by Ye et al. in 2020,2bbbb149a9024a3b8248ab4a9f460bf8
ippnet,ours,IPPNet is the proposed method in this context,2bbbb149a9024a3b8248ab4a9f460bf8
nyu v2,dataset,NYU v2 is a benchmark dataset used for evaluation,2bbbb149a9024a3b8248ab4a9f460bf8
middlebury,dataset,Middlebury is another benchmark dataset,2bbbb149a9024a3b8248ab4a9f460bf8
rmse,performance metric,RMSE is a measure of performance in depth map upsampling,2bbbb149a9024a3b8248ab4a9f460bf8
models,nyu v2,trained on,64082cfee5e14575a0bf564de7b3072c
rgb information,depth features,modulates,64082cfee5e14575a0bf564de7b3072c
ipp-net,fine-grained depth details,produces,64082cfee5e14575a0bf564de7b3072c
methods,blurred edges,generate,64082cfee5e14575a0bf564de7b3072c
ippnet,artifacts,produces fewer,64082cfee5e14575a0bf564de7b3072c
dmsg (2016),fdkn (2021),comparable approaches,64082cfee5e14575a0bf564de7b3072c
fdkn (2021),fdsr (2021),comparable approaches,64082cfee5e14575a0bf564de7b3072c
fdsr (2021),jiif (2021),comparable approaches,64082cfee5e14575a0bf564de7b3072c
jiif (2021),ippnet (ours),comparable approaches,64082cfee5e14575a0bf564de7b3072c
rgb-d-d,dsr dataset,is a,64082cfee5e14575a0bf564de7b3072c
rgb image,mobile phone,captured by,64082cfee5e14575a0bf564de7b3072c
lr depth map,tof camera,captured by,64082cfee5e14575a0bf564de7b3072c
hr depth map,industrial helios camera,captured by,64082cfee5e14575a0bf564de7b3072c
rmse,edge errors,comparison in terms of,64082cfee5e14575a0bf564de7b3072c
rmse,edge errors,Both are metrics used to evaluate the performance of image processing methods, with RMSE measuring overall accuracy and edge errors focusing on local accuracy.,0f43ca0587ec4c6fae29604014ca5e34
edge errors,percentage of errors over 1.2%,Edge errors are quantified by the percentage of errors exceeding a certain threshold (1.2%) in the edge area.,0f43ca0587ec4c6fae29604014ca5e34
he et al. (2021),comparison,The comparison of performance is attributed to the work of He et al. in 2021.,0f43ca0587ec4c6fae29604014ca5e34
ippnet,rgb-d-d,IPPNet is trained directly on RGB-D-D data and outperforms other approaches.,0f43ca0587ec4c6fae29604014ca5e34
ippnet,superiority,IPPNet demonstrates its superiority and generalization ability in guided noisy depth map super-resolution tasks.,0f43ca0587ec4c6fae29604014ca5e34
noisy middlebury,testing,Noisy Middlebury dataset is used for testing the performance of the model.,0f43ca0587ec4c6fae29604014ca5e34
art, books,noisy middlebury,These are two RGB/D pairs included in the Noisy Middlebury dataset.,0f43ca0587ec4c6fae29604014ca5e34
multiplicative gaussian noise,simulating noisy lr input depth map,Multiplicative Gaussian noise is added to simulate noisy low-resolution depth maps for training purposes.,0f43ca0587ec4c6fae29604014ca5e34
nyu v2,clean hr color guidance,NYU v2 provides clean high-resolution color guidance for training the model.,0f43ca0587ec4c6fae29604014ca5e34
rmse,results,RMSE is presented as the metric for evaluating the performance of different methods.,9d9612f3783b456f93ed9cd2cce1bcad
ippnet,state-of-the-art results,IPPNet achieves state-of-the-art results in guided noisy depth map super-resolution tasks.,9d9612f3783b456f93ed9cd2cce1bcad
phase-preserving filtering scheme,ippnet,The proposed phase-preserving filtering scheme is a key component of IPPNet, contributing to its superior performance.,9d9612f3783b456f93ed9cd2cce1bcad
8× upsampling,visual comparisons,8× upsampling results are visually compared among different methods in Figure 4.,9d9612f3783b456f93ed9cd2cce1bcad
ippnet,accurate depth results,IPPNet yields more accurate depth results compared to other algorithms.,9d9612f3783b456f93ed9cd2cce1bcad
inference time,nvidia titan xp gpu,Inference time is tested on a NVIDIA TITAN XP GPU, showcasing the efficiency of IPPNet.,9d9612f3783b456f93ed9cd2cce1bcad
rgb-d-d,real-world branch,Training in the real-world manner is done using the real-world branch of the RGB-D-D dataset.,9d9612f3783b456f93ed9cd2cce1bcad
lr depth maps,tof camera,LR depth maps are captured by the ToF camera of a mobile phone for training in the real-world setting.,9d9612f3783b456f93ed9cd2cce1bcad
ippnet,best performance,In the real-world training setting, IPPNet demonstrates the best performance.,9d9612f3783b456f93ed9cd2cce1bcad
resolution,192 × 144,The initial resolution mentioned in the context.,0e45b2c9f6ec4f7c83b258aef5f97a56
target resolution,512 × 384,The target resolution for image scaling.,0e45b2c9f6ec4f7c83b258aef5f97a56
training settings,sec. implementation details,The reference for unchanged training settings.,0e45b2c9f6ec4f7c83b258aef5f97a56
ippnet,state-of-the-art,IPPNet is described as achieving a state-of-the-art performance.,0e45b2c9f6ec4f7c83b258aef5f97a56
models,nyu v2,Existing ×4 models are trained on the NYU v2 dataset.,0e45b2c9f6ec4f7c83b258aef5f97a56
ppfm,phase power spectrum,PPFM's effect on the phase power spectrum of RGB features is analyzed.,0e45b2c9f6ec4f7c83b258aef5f97a56
lr depth map,phase power spectrum,The phase power spectrum of the LR depth map is also compared.,0e45b2c9f6ec4f7c83b258aef5f97a56
ppfm,intrinsic phase-preserving filter,PPFM uses an intrinsic phase-preserving filter generated by depth features.,0e45b2c9f6ec4f7c83b258aef5f97a56
rgb features,noise patterns,Noise patterns in RGB features are suppressed by PPFM.,0e45b2c9f6ec4f7c83b258aef5f97a56
ppfm,undesired textures,PPFM effectively attenuates undesired textures in RGB images.,0e45b2c9f6ec4f7c83b258aef5f97a56
refinement module,iv w/o refinement module,The impact of the Refinement Module is studied in an ablation experiment.,0e45b2c9f6ec4f7c83b258aef5f97a56
cross-modality fusion strategies,adition,Adition is one of the evaluated fusion methods in the comparison.,c2cb870364de4f0f847a7c92a706cbb7
cross-modality fusion strategies,concatenation,Concatenation is another fusion method compared in the study.,c2cb870364de4f0f847a7c92a706cbb7
deformable convolution,kim, ponce, and ham 2021,Deformable convolution is attributed to Kim, Ponce, and Ham in 2021.,c2cb870364de4f0f847a7c92a706cbb7
sft,wang et al. 2021,SFT, a method designed for image restoration, is mentioned in Wang et al.'s work from 2021.,c2cb870364de4f0f847a7c92a706cbb7
modulation,best performance,Modulation demonstrates the best performance among the fusion strategies.,c2cb870364de4f0f847a7c92a706cbb7
ippnet,phase-preserving filtering scheme,IPPNet utilizes the phase-preserving filtering scheme for guided DSR tasks.,c2cb870364de4f0f847a7c92a706cbb7
model complexity,×16 sr scale,Model complexity is compared for methods at ×16 Super-Resolution (SR) scale.,c2cb870364de4f0f847a7c92a706cbb7
efficiency,performance,IPPNet achieves high efficiency with the best performance.,c2cb870364de4f0f847a7c92a706cbb7
ablation study experiments,nyu v2,Ablation studies are conducted on the NYU v2 dataset to evaluate design choices.,c2cb870364de4f0f847a7c92a706cbb7
supplementary material,network structure details,The supplementary material contains more network structure details.,7774d37227724b28be3f68974777b36f
depth maps,information fusion,Exp. I uses depth maps as input without information fusion.,7774d37227724b28be3f68974777b36f
rgb image,dsr task,RGB image plays a vital role in the DSR (Depth Super-Resolution) task.,7774d37227724b28be3f68974777b36f
filtering stream,ppfm (phase-preserving filtering module),Exp. II removes the filtering stream from the PPFM.,7774d37227724b28be3f68974777b36f
rgb images,depth maps,RGB images can contain erroneous structure details harmful to depth maps.,7774d37227724b28be3f68974777b36f
fusion,rgb and depth,Exp. III fuses RGB and depth simultaneously for DSR.,7774d37227724b28be3f68974777b36f
phase-preserving filtering,removing over-textured noise,Depth filters RGB to perform phase-preserving filtering, removing over-textured noise.,7774d37227724b28be3f68974777b36f
rm (refinement module),model's performance,The refinement of depth features by RM boosts the model's performance.,7774d37227724b28be3f68974777b36f
ppfm,rm,Exp. V places PPFM after RM, causing performance degradation, suggesting fusion should be in the middle stage.,7774d37227724b28be3f68974777b36f
phase-preserving filtering dsr framework,ippnet,IPPNet is the proposed phase-preserving filtering DSR framework.,d55a23f1e793421ea1c9ac548fe75ec5
rgb image,depth map,Both RGB image and depth map are involved in the cooperation for image processing.,d55a23f1e793421ea1c9ac548fe75ec5
extra undesired texture patterns,rgb guidance,RGB guidance contains extra undesired texture patterns for the depth map.,d55a23f1e793421ea1c9ac548fe75ec5
phase preserving filtering module,cross-content guided collaborative filtering,The Phase Preserving Filtering Module enables cross-content filtering between depth and RGB features.,d55a23f1e793421ea1c9ac548fe75ec5
depth map super-resolution,ippnet framework,IPPNet demonstrates its effectiveness in guided depth map super-resolution settings.,d55a23f1e793421ea1c9ac548fe75ec5
national science foundation of china,u20b2072, 61976137,The research was funded by grants from the National Science Foundation of China.,d55a23f1e793421ea1c9ac548fe75ec5
sjtu medical engineering cross research grant,yg2021zd18,Part of the work was also supported by SJTU Medical Engineering Cross Research Grant.,d55a23f1e793421ea1c9ac548fe75ec5
