node_1,node_2,edge,chunk_id
abstractequivariant networks,inductive bias,AbstractEquivariant networks incorporate inductive bias about the symmetry of the learning task.,e31fe9f1f0874c5f99012141e0982b48
inductive bias,generalization error,The inductive bias contributes to better generalization by focusing on relevant features.,e31fe9f1f0874c5f99012141e0982b48
equivariant networks,group representations,Transformation laws of feature spaces are determined by group representations in equivariant networks.,e31fe9f1f0874c5f99012141e0982b48
group representations,fourier domain analysis,Perturbation analysis of equivariant networks is conducted in the Fourier domain for each layer.,e31fe9f1f0874c5f99012141e0982b48
pac-bayesian analysis,generalization bounds,The paper utilizes PAC-Bayesian analysis to derive generalization bounds for equivariant networks.,e31fe9f1f0874c5f99012141e0982b48
group size,generalization error,Larger group size in the model is associated with improved generalization error.,e31fe9f1f0874c5f99012141e0982b48
irreducible representations,generalization error,Multiplicity and degree of irreducible representations impact the generalization error.,e31fe9f1f0874c5f99012141e0982b48
convolutional layer,translation invariance,Convolutional layers exemplify how invariance to translations benefits generalization.,e31fe9f1f0874c5f99012141e0982b48
rotation and permutation,other group actions,Equivariant networks extend to other group actions beyond translation, such as rotation and permutation.,e31fe9f1f0874c5f99012141e0982b48
equivariant neural networks,representation theory tools,This work focuses on equivariant networks built using irreducible representations of a group, following Shawe-Taylor and Wood [1996], Cohen and Welling [2016b], and Weiler et al. [2018a].,9c12ac2b751c4c7d8b5e6115d37142b6
general equivariant models,choice of feature spaces and representation combination,An open question is how to design feature spaces and effectively combine representations, impacting generalization.,9c12ac2b751c4c7d8b5e6115d37142b6
finite group g,g-equivariant model building,While finite groups are well understood for G-equivariance, selecting a smaller subgroup H < G often provides better performance than non-equivariant baselines.,9c12ac2b751c4c7d8b5e6115d37142b6
continuous symmetries g,discrete subgroup h,Continuous symmetries necessitate approximating G-equivariance with a discrete subgroup, as demonstrated in Weiler and Cesa [2019].,9c12ac2b751c4c7d8b5e6115d37142b6
approximate g-equivariance,discrete subgroup h,Discretizing the group is a common approach to achieve approximate G-equivariance when the data's symmetries are continuous.,9c12ac2b751c4c7d8b5e6115d37142b6
non-equivariant baseline,improvements,Using a subgroup H < G often leads to significant improvements over non-equivariant models.,9c12ac2b751c4c7d8b5e6115d37142b6
shawe-taylor and wood [1996],cohen and welling [2016b],Both works contribute to the understanding of equivariant networks using representation theory.,9c12ac2b751c4c7d8b5e6115d37142b6
weiler et al. [2018a],group convolution design,This reference discusses building equivariant models with group convolutions, though the context here suggests they are not applicable to continuous symmetries.,9c12ac2b751c4c7d8b5e6115d37142b6
weiler and cesa [2019],approximation of continuous symmetries,This work presents a method for approximating G-equivariance with a discrete subgroup in cases where the symmetries are continuous.,9c12ac2b751c4c7d8b5e6115d37142b6
generalization error,invariance,The context discusses the improvement of generalization error in relation to invariance, suggesting that considering invariance can positively impact generalization performance.,41fd9ff599244212af59c96350c04758
pac-bayesian framework,effect of invariance on generalization,Lyle et al. [2020] uses the PAC-Bayesian framework to analyze the influence of invariance on generalization, but does not provide an explicit bound.,41fd9ff599244212af59c96350c04758
stability of models,equivariance to compact groups,Bietti and Mairal [2019] studies the connection between stability and equivariant models from a reproducing kernel Hilbert space (RKHS) perspective, linking it to generalization bounds.,41fd9ff599244212af59c96350c04758
generalization gain,equivariant models,Elesedy and Zaidi [2021] provides a more concrete generalization gain for equivariant models, including VC-dimension analysis.,41fd9ff599244212af59c96350c04758
connection of invariance,generalization,Subsequent works explore the relationship between invariance and generalization, as mentioned by Zhu et al. [2021].,41fd9ff599244212af59c96350c04758
equivariant networks,representation theoretic construction,The current work focuses on equivariant networks with a specific architectural approach based on representation theory.,41fd9ff599244212af59c96350c04758
generalization error,neural networks,There is a broader study of generalization error in neural networks, with challenges highlighted by Zhang et al. [2017] demonstrating large generalization errors even with small training error.,41fd9ff599244212af59c96350c04758
complexity measure for neural networks,generalization error,The complexity measure should be consistent with the observation that neural networks have poor generalization despite achieving small training error.,26956fb1958e4280a961b8a770a5fa80
uniform complexity measures,vc-dimension,Uniform complexity measures like VC-dimension do not meet the requirement due to providing a uniform measure across the hypothesis space.,26956fb1958e4280a961b8a770a5fa80
generalization errors,margin,Recent works have related generalization errors to quantities like margin; examples include Wei and Ma [2019], Sokolic et al. [2017b].,26956fb1958e4280a961b8a770a5fa80
generalization errors,norms of weights,Bounds on generalization errors have been linked to norms of weights in studies like Neyshabur et al. [2018], Arora et al. [2018], and Bartlett et al. [2017].,26956fb1958e4280a961b8a770a5fa80
convolutional neural networks,equivariant models,Convolutional neural networks are a special case of equivariant models, which are discussed in Pitas et al. [2019], Long and Sedghi [2019], Vardi et al. [2022], and Ledent et al. [2021].,26956fb1958e4280a961b8a770a5fa80
pac bayesian framework,generalization bounds,We use the PAC Bayesian framework for deriving generalization bounds in our work.,26956fb1958e4280a961b8a770a5fa80
pac bayesian framework,generalization bounds,The context discusses using the PAC Bayesian framework for obtaining generalization bounds in the context of neural networks.,9a54e47c930045a698ff1507d3f06bef
pac bayesian bounds,neural networks,There are various works on PAC Bayesian bounds specifically for neural networks, indicating a close relationship.,9a54e47c930045a698ff1507d3f06bef
neyshabur et al. [2018],pac bayesian bounds,Neyshabur's work is mentioned as an example of such bounds, suggesting it contributes to the discussion.,9a54e47c930045a698ff1507d3f06bef
biggs and guedj [2022],pac bayesian bounds,Another work by Biggs and Guedj is also part of the literature on PAC Bayesian bounds.,9a54e47c930045a698ff1507d3f06bef
dziugaite and roy [2017, 2018b, a, 2020],pac bayesian bounds,These authors contribute multiple papers on the topic, implying a connection to the subject matter.,9a54e47c930045a698ff1507d3f06bef
representation theoretic tools,neyshabur et al. [2018] machinery,The method combines Neyshabur's framework with representation theory, suggesting a synergistic relation.,9a54e47c930045a698ff1507d3f06bef
hypothesis space,input space, output space,The hypothesis space is defined in relation to the input and output spaces in a classification task.,9a54e47c930045a698ff1507d3f06bef
input space,bounded in `2-norm,Inputs are assumed to have a bounded `2-norm, which is a characteristic of the space.,9a54e47c930045a698ff1507d3f06bef
output space,l-layer general neural network,Outputs are generated by a specific type of neural network architecture.,9a54e47c930045a698ff1507d3f06bef
l-layer general neural network,1-lipschitz homogeneous activation functions,The network is characterized by having Lipschitz continuous activation functions.,9a54e47c930045a698ff1507d3f06bef
margin loss,classification,The margin loss is a measure used in the context of classification tasks.,9a54e47c930045a698ff1507d3f06bef
empirical margin loss,true loss,Both the empirical and true margin losses are defined, with the former being an estimate of the latter.,9a54e47c930045a698ff1507d3f06bef
empirical margin loss,true loss,The empirical margin loss and the true loss are both measures of performance for a classifier, with the former being a definition used in the context.,dd1613f67a3e4beb94415386e8bd6537
true loss,classifier,The true loss refers to the actual performance of a classifier, which is the focus of the discussion.,dd1613f67a3e4beb94415386e8bd6537
invariance,transformations modeled as the action of a compact group g,Invariance is considered with respect to transformations within a group, such as rotations (modeled by SO(2)) in this context.,dd1613f67a3e4beb94415386e8bd6537
compact group g,group theory,Group theory provides the mathematical framework for understanding and working with these transformations, including the concept of a compact group.,dd1613f67a3e4beb94415386e8bd6537
equivariant neural networks,representation theory,Equivariant networks are built using a representation-theoretic approach, which connects the network's structure to the symmetries of the problem domain.,dd1613f67a3e4beb94415386e8bd6537
square integrable complex valued function,2d-rotation group so(2),This context discusses functions that are rotationally equivariant, meaning they maintain their properties under 2D rotations, represented by the SO(2) group.,dd1613f67a3e4beb94415386e8bd6537
function on so(2),fourier series,Functions on the rotation group are analyzed using Fourier series, which decompose the function into coefficients that are transformed according to the group action.,dd1613f67a3e4beb94415386e8bd6537
linear transformation,w a,A linear transformation, denoted by W, acts on the Fourier coefficient vector a to produce a new set of coefficients.,dd1613f67a3e4beb94415386e8bd6537
homogeneous function,rotation angle,A function is homogeneous if it maintains its property under scaling by a factor, such as the way a function behaves when rotated by a specific angle.,dd1613f67a3e4beb94415386e8bd6537
equivariant layer,coefficients,An equivariant layer processes the frequency-dependent coefficients (irreps) to create a new set of coefficients that respect the group's action.,dd1613f67a3e4beb94415386e8bd6537
equivariant networks,pac-bayesian bounds,The theorem provides PAC-Bayesian bounds for equivariant networks, derived in the previous section. It contrasts with Neyshabur et al.'s work due to the specific weight structure and analysis in the Fourier domain.,1043449f29db404ba08b40c010eaecb4
equivariant mlps,weights,The weights of equivariant MLPs have a specific structure that requires modifications in the proof steps.,1043449f29db404ba08b40c010eaecb4
fourier domain,analysis,The analysis is carried out in the Fourier domain, which is different from the approach taken by Neyshabur et al. [2018].,1043449f29db404ba08b40c010eaecb4
theorem 4.1,homogeneous bounds,This is a result that gives homogeneous bounds for equivariant networks, providing a high-probability generalization error estimate.,1043449f29db404ba08b40c010eaecb4
network parameters,prior p,PAC-Bayesian bounds involve defining a prior P and posterior Q over the network parameters.,1043449f29db404ba08b40c010eaecb4
posterior q,average loss, generalization error,Q is used to evaluate the average loss and generalization error of randomly drawn networks from the posterior.,1043449f29db404ba08b40c010eaecb4
theorem 9.1 (complete version),theorem 4.1 (simple version),Theorem 4.1 is a simplified version, while Theorem 9.1 provides the complete bound.,1043449f29db404ba08b40c010eaecb4
pac-bayesian generalization error,average generalization error,The bound offers a probabilistic guarantee on the average generalization error of networks sampled from Q.,1043449f29db404ba08b40c010eaecb4
pac-bayesian theorem,randomized classifiers,The lemma provides a generalization bound on the performance of randomized classifiers, where a hypothesis is selected randomly from a distribution Q.,27b7d633dfc44a71acc04a25f8b41fe1
function,distribution q,Functions are chosen randomly from the distribution Q, and the average loss over Q bounds the loss of a specific function.,27b7d633dfc44a71acc04a25f8b41fe1
parameter w,gaussian distribution,A Gaussian distribution around the parameters W is defined as the posterior Q, with the variance controlling output perturbation.,27b7d633dfc44a71acc04a25f8b41fe1
perturbation based method,neyshabur et al. [2018],This method involves defining a posterior Q that keeps networks close to a specific function fW, enabling the use of loss averaged over Q to bound fW's loss.,27b7d633dfc44a71acc04a25f8b41fe1
distance between networks,specification of fw,The goal is to minimize the distance between networks drawn from Q and the specific instance fW to ensure a tight bound on its generalization error.,27b7d633dfc44a71acc04a25f8b41fe1
posterior q,output perturbation,The choice of Q includes a Gaussian distribution with a variance that controls the level of output perturbation for the networks sampled from it.,27b7d633dfc44a71acc04a25f8b41fe1
average loss,specific instance fw,The average loss over the posterior Q serves as a bound for the loss of the function fW.,27b7d633dfc44a71acc04a25f8b41fe1
pac-bayes,prior distribution,In PAC-Bayesian vernacular, P is referred to as a prior distribution, which is chosen independently with Q typically based on training data and the model obtained.,4aa4d37754a74442a5b2620d92481525
prior distribution,posterior distribution,Q is the posterior distribution, chosen as a normal distribution with final parameters and the same covariance matrix as the prior (P).,4aa4d37754a74442a5b2620d92481525
p (prior),kl divergence,The KL-divergence in the PAC-Bayesian theorem is D(Q,,,,P), where P is the prior and Q is the posterior.,4aa4d37754a74442a5b2620d92481525
network parameters (w),hypothesis space,The hypothesis space is parameterized by W, containing kernel parameters [wl,i,j( ).,4aa4d37754a74442a5b2620d92481525
p (prior),covariance matrix,P is chosen as a zero-mean normal distribution with a covariance matrix of 2I.,4aa4d37754a74442a5b2620d92481525
posterior distribution (q),covariance matrix,The posterior Q also uses the same covariance matrix, 2I.,4aa4d37754a74442a5b2620d92481525
de-randomization,generalization bound,De-randomization is used to obtain a bound on the generalization error of fW.,4aa4d37754a74442a5b2620d92481525
neyshabur et al. [2018],de-randomization technique,Our de-randomization technique is inspired by the work of Neyshabur et al., with details provided in the supplementary materials.,4aa4d37754a74442a5b2620d92481525
neural network,weight perturbations,A neural network fW has its output perturbation bounded by eB when subjected to weight perturbations U = (U1, ..., UL), with the bound given by L·fW+U(x)k <= fW(x)k2 + eBL.,13794865de61483989d2632a9364bbe7
equivariant networks,input perturbation,In equivariant networks, the first step of the analysis involves characterizing the output perturbation for a given input perturbation.,13794865de61483989d2632a9364bbe7
spectral norm,perturbation ul,The spectral norm of the perturbation Ul for equivariant networks is bounded by max(max_i1=1,ml1,1 dimUlk2) <= vtml,Ul(j, i)j=1.,13794865de61483989d2632a9364bbe7
equivariant kernels,benefit,The equivariant kernels benefit from having a smaller perturbation bound, as shown in the supplementary materials.,13794865de61483989d2632a9364bbe7
output perturbation bound,probability of margin violation,The choice of Q aims to control the probability of margin violation; see eq. 6 for details.,13794865de61483989d2632a9364bbe7
equivariant kernels,perturbation bound,The term 'equivariant kernels' are related to the 'perturbation bound' as they both pertain to the analysis and control of output perturbations in a neural network with equivariant layers.,238e1ceb5e28400b9460fe768fe37d40
equivariant matrices,random matrix,The 'equivariant matrices' Ul are defined by random matrices with i.i.d. Gaussian entries, which are a specific type of 'random matrix' used in the context.,238e1ceb5e28400b9460fe768fe37d40
n(0, σ²),variance,The matrices [ul,i,j( )k] are drawn from a Gaussian distribution N(0, σ²), where 'σ²' represents the variance of the i.i.d. Gaussian entries.,238e1ceb5e28400b9460fe768fe37d40
output perturbation,intended margin,The 'output perturbation' is controlled to not violate the 'intended margin', which is a desired level of separation between outputs.,238e1ceb5e28400b9460fe768fe37d40
union bound,probability,An 'union bound' is applied to ensure that the inequality for matrix norms holds with a certain probability across all layers.,238e1ceb5e28400b9460fe768fe37d40
learnable parameters,gaussian perturbations,Gaussian perturbations with zero mean are added to the 'learnable parameters' to define a posterior distribution.,238e1ceb5e28400b9460fe768fe37d40
margin,intended margin,The 'margin' is chosen to be below a threshold, with the threshold being a function of the learned weights, ensuring it remains within the 'intended margin'.,238e1ceb5e28400b9460fe768fe37d40
prior p,fixed prior,The 'prior P' is required to be fixed before learning, but the chosen σ² depends on the learned weights, creating a contradiction.,238e1ceb5e28400b9460fe768fe37d40
generalization error,theorem 4.1,The generalization error of Theorem 4.1 is discussed.,1acb4bfbab7140eba5c0841fe6a22564
hyperparameter,⌘,⌘ is a hyperparameter fixed to 1/2 for the rest of the discussion.,1acb4bfbab7140eba5c0841fe6a22564
multiplicity,m(l, ⌘),M(l, ⌘) encodes the impact of irreps on the generalization error, with smaller values indicating better control.,1acb4bfbab7140eba5c0841fe6a22564
hidden layer dimension,cl,cl is fixed to a constant dimension, affecting the bound through M(l, ⌘).,1acb4bfbab7140eba5c0841fe6a22564
abelian groups,2-dimensional irreps,For Abelian groups, the bound prefers using 2-dimensional irreps for smaller multiplicity.,1acb4bfbab7140eba5c0841fe6a22564
non-abelian groups,larger irrep dimensions,Non-abelian groups allow for larger irrep dimensions, potentially improving generalization when keeping cl constant.,1acb4bfbab7140eba5c0841fe6a22564
dihedral groups,improved generalization,Dihedral groups may offer an improvement in generalization compared to the non-abelian case.,1acb4bfbab7140eba5c0841fe6a22564
group convolutional networks,cohen and welling [2016a],Special cases of the generalization bound are considered for group convolutional networks by Cohen and Welling.,1acb4bfbab7140eba5c0841fe6a22564
dihedral groups,finite groups,relation: For finite groups, there is a connection between irrep degrees and group order; this connection influences the generalization error term.,8f8cb0605c6f4546b71f5ffbc9f3fc81
real irreps,dihedral groups,relation: In dihedral groups, real irreducible representations (irreps) are at most two-dimensional, specifically of type c = 1.,8f8cb0605c6f4546b71f5ffbc9f3fc81
group order,generalization error term,relation: The impact of group size is reflected in the generalization error term; the error inversely depends on the group order.,8f8cb0605c6f4546b71f5ffbc9f3fc81
theorem 4.1,supplementary 11,relation: A comparison is made between the bound in Theorem 4.1 and the one in Supplementary 11, showing that Supplementary 11 does not capture the effect of group equivariance.,8f8cb0605c6f4546b71f5ffbc9f3fc81
o(2) datasets,synthetic,relation: The datasets are synthetic O(2) datasets with different frequencies.,8f8cb0605c6f4546b71f5ffbc9f3fc81
neyshabur et al. [2018],work,relation: Neyshabur et al.'s work is discussed in the context of group-equivariant bounds and norms of neural network kernels.,8f8cb0605c6f4546b71f5ffbc9f3fc81
norm dependence,neyshabur et al. [2018] bound,relation: Their bound has a norm dependence different from ours, with ours having a Frobenius norm that includes additional factors.,8f8cb0605c6f4546b71f5ffbc9f3fc81
frobenius norm,our result,relation: Our bound has a smaller Frobenius norm term due to the replacement of L2h ln(Lh) with a different expression.,8f8cb0605c6f4546b71f5ffbc9f3fc81
layer width,our case,relation: In our case, the layer width is related to the dimensionality, with cl = dim ml.,8f8cb0605c6f4546b71f5ffbc9f3fc81
layer width,h,The layer width is denoted by 'h', and it equals cl = dim ml.,77f102fcd01a4649970cc7df284d3a20
ln(lh),neyshabur et al. [2018],Recovering the ln(Lh) term from Neyshabur et al. refers to a bound derived in their work.,77f102fcd01a4649970cc7df284d3a20
o,remaining term,The remaining term after ln(Lh) is denoted by 'O', which depends on the multiplicity ml.,77f102fcd01a4649970cc7df284d3a20
multiplicity,ml,Multiplicity ml is mentioned to be smaller than N dim for a tighter bound, suggesting its role in generalization.,77f102fcd01a4649970cc7df284d3a20
diverse irreps,better generalization,Using more diverse irreps leads to improved generalization performance.,77f102fcd01a4649970cc7df284d3a20
previous section,theoretical insights,Experiments in this section validate the insights gained in the preceding part of the text.,77f102fcd01a4649970cc7df284d3a20
section,supplementary 12,More experiments and discussions are located in Supplementary material, specifically in Section 12.,77f102fcd01a4649970cc7df284d3a20
datasets,natural images, synthetic data,Experiments use datasets involving both natural and synthetic data.,77f102fcd01a4649970cc7df284d3a20
data symmetries,g, o(2), cn, dn, so(2), o(2),Data symmetries include various subgroups of O(2), such as rotations and reflections.,77f102fcd01a4649970cc7df284d3a20
group convolution,finite subgroup h < g,Models employ group convolution based on a finite subgroup H, which is a subset of the data symmetries G.,77f102fcd01a4649970cc7df284d3a20
subgroup h,g,relation: subgroup of, H is a subgroup under the group G, as described in Cohen and Welling [2016a],639463be09434735912bf63c029a0cc6
layer l,total number of features,relation: attribute, the layer l maintains a constant total number of features while changing the subgroup H,639463be09434735912bf63c029a0cc6
training set,correct classification,relation: goal, models are trained to achieve 99% correct classification with a minimum margin,639463be09434735912bf63c029a0cc6
margin,99% correct classification,relation: condition, models must meet a certain margin to reach 99% accuracy,639463be09434735912bf63c029a0cc6
neyshabur et al. [2018],bound derived in supplementary 11,comparison: comparison is made between the bound from this reference and Theorem 4.1,639463be09434735912bf63c029a0cc6
synthetic datasets,o(2) and so(2) symmetries,relation: context, the datasets exhibit O(2) and SO(2) symmetries for rotation analysis,639463be09434735912bf63c029a0cc6
maximum frequency f,synthetic datasets,parameter: varies across different plots, indicating different levels of frequency in the dataset generation,639463be09434735912bf63c029a0cc6
theorem 4.1,bound in supplementary 11,comparison: contrast, Theorem 4.1 provides a different explanation for generalization compared to the bound from Supplementary 11,639463be09434735912bf63c029a0cc6
generalization error,theorem 4.1,The bound in Theorem 4.1 correlates with the measured generalization error, suggesting it accounts for the effect of different groups.,71b1b13eff27492e8301a71fefa6354c
parametrization (fourier domain),generalization error,The bound using the parametrization in the Fourier domain is related to the generalization error.,71b1b13eff27492e8301a71fefa6354c
saturation effect,larger discrete groups h,Saturation effect occurs when using larger groups H to approximate the continuous group G=O(2), where improvements saturate on low frequency datasets.,71b1b13eff27492e8301a71fefa6354c
group size,effect on generalization,Increasing the group size has a direct effect on the generalization error.,71b1b13eff27492e8301a71fefa6354c
group convolutional network,dependency on width,Exploring the optimal dependency on the width for equivariant networks is an interesting research direction.,71b1b13eff27492e8301a71fefa6354c
transformed mnist datasets,investigation of simultaneous factors,These datasets are used to study the effect of data augmentation, training set size, and group size on generalization.,71b1b13eff27492e8301a71fefa6354c
data augmentation,generalization error,The study investigates the impact of data augmentation on generalization error.,71b1b13eff27492e8301a71fefa6354c
training set size,generalization error,The study examines the effect of different training set sizes on generalization error.,71b1b13eff27492e8301a71fefa6354c
