node_1,node_2,edge,chunk_id
uncoupled learning dynamics,regret,The main focus is on uncoupled learning dynamics that achieve polylogarithmic regret compared to traditional guarantees in the no-regret framework.,6688b13b5f96487ea44f761ad31c05c6
polylogarithmic regret,improvement,This improvement is an exponential enhancement over the standard regret bounds.,6688b13b5f96487ea44f761ad31c05c6
structured strategy spaces,previous results,Prior work has focused on specific game types like normal-form and extensive-form games.,6688b13b5f96487ea44f761ad31c05c6
general convex games,question,The paper addresses the question of achieving sublinear regret in these more general settings.,6688b13b5f96487ea44f761ad31c05c6
o(log t) per-player regret,first uncoupled learning algorithm,The main contribution is the first algorithm with logarithmic regret in general convex games.,6688b13b5f96487ea44f761ad31c05c6
convex strategy sets,strategy updates,Efficient strategy updates are maintained even for general convex and compact strategy sets.,6688b13b5f96487ea44f761ad31c05c6
optimistic follow-the-regularized-leader,learning dynamics,The algorithm relies on an instantiation of this approach with a self-concordant regularizer.,6688b13b5f96487ea44f761ad31c05c6
self-concordant regularizer,feasible region,The regularizer is specifically chosen to avoid being a barrier for the feasible strategy space.,6688b13b5f96487ea44f761ad31c05c6
proximal oracle,efficient implementation,The algorithm requires a proximal oracle for the strategy set, resulting in low per-iteration complexity.,6688b13b5f96487ea44f761ad31c05c6
o(log log t) per-iteration complexity,implementation detail,The complexity is further reduced to logarithmic in the logarithm of T.,6688b13b5f96487ea44f761ad31c05c6
linear optimization oracle,extensions,The paper also discusses how the algorithm can be adapted when only a linear optimization oracle is available.,6688b13b5f96487ea44f761ad31c05c6
regret minimization,online learning,Regret minimization is a central framework in online learning, which connects it to game-theoretic solution concepts.,a9981e4d63894f8b8aaa85cf179db485
regret minimization,multiagent systems,Regret minimization is fundamental in the development of multiagent systems, establishing connections with game theory.,a9981e4d63894f8b8aaa85cf179db485
game-theoretic solution concepts,regret minimization,No-regret learning algorithms are closely tied to game-theoretic solution concepts, such as equilibrium seeking.,a9981e4d63894f8b8aaa85cf179db485
ai agents,regret minimization,Self-play using regret-minimizing algorithms has driven AI advancements, making it more scalable than linear programming methods.,a9981e4d63894f8b8aaa85cf179db485
linear programming techniques,scalability challenge,The traditional no-regret framework has surpassed linear programming techniques in scalability, particularly in AI applications.,a9981e4d63894f8b8aaa85cf179db485
self-play,ai agents,Self-play, guided by regret minimization, is a key training approach for AI agents, contributing to their practical success.,a9981e4d63894f8b8aaa85cf179db485
traditional no-regret framework,fully adversarial way,The traditional no-regret framework assumes a fully adversarial environment, which is overly pessimistic.,3b8ef24e69a54d06a55dcf30fa68327d
traditional no-regret framework,security games,The worst-case view in the traditional framework is justified for applications like security games where the environment is hostile.,3b8ef24e69a54d06a55dcf30fa68327d
optimism,multiplicative weights update (mwu),Optimistic MWU is an alternative approach employed by players in general games, providing better performance guarantees.,3b8ef24e69a54d06a55dcf30fa68327d
daskalakis et al. [2011],zero-sum games,Daskalakis et al. initiated the study of optimal performance in zero-sum games.,3b8ef24e69a54d06a55dcf30fa68327d
daskalakis et al. [2021],nearly-optimally,They established a regret bound of O(log4 T) for optimistic MWU in normal-form games, showing an improvement over traditional techniques.,3b8ef24e69a54d06a55dcf30fa68327d
normal-form games,strategic interactions,Normal-form games are commonly used to model strategic interactions in theoretical studies.,3b8ef24e69a54d06a55dcf30fa68327d
normal-form games,complex strategy spaces,normal-form games are a common representation in theory, but most practical settings involve more intricate strategy spaces.,a26a601ced4f43f48c530f9396519804
complex strategy spaces,faithful approximation using normal form,Approximating complex strategy spaces with normal form is inefficient, requiring an exponential action space.,a26a601ced4f43f48c530f9396519804
faithful approximation using normal form,practical implications,The inefficiency of normal-form approximation limits the usefulness of prior results in practice.,a26a601ced4f43f48c530f9396519804
central question,near-optimal, efficiently implementable, and strongly uncoupled no-regret learning dynamics,The central question is whether such learning dynamics can be achieved in general convex games.,a26a601ced4f43f48c530f9396519804
convex games,rich class of games,Convex games encompass normal-form and extensive-form games, as well as routing games, resource allocation, and firm competition.,a26a601ced4f43f48c530f9396519804
lrl-oftrl algorithm,primary contribution,The paper introduces LRL-OFTRL, a novel algorithm that answers the central question positively.,a26a601ced4f43f48c530f9396519804
question (♣),positive settlement,LRL-OFTRL settles Question (♣) in a favorable manner.,a26a601ced4f43f48c530f9396519804
theorem 1,optimal regret,Theorem 1 establishes near-optimal regret.,dafa1789ef094df2ba210f4e180388b6
self-play,adversarial regime,Theorem 1 is both self-play and adversarial robust, where players act to minimize the player's utility.,dafa1789ef094df2ba210f4e180388b6
learning dynamics,optimistic no-regret learning,Proposed learning dynamics fall within the framework of optimistic no-regret learning.,dafa1789ef094df2ba210f4e180388b6
oftrl algorithm,algorithm 1,The OFTRL optimization step is performed in Algorithm 1 with a 'lifted' space.,dafa1789ef094df2ba210f4e180388b6
lifting,non-negative regret,The lifting in Algorithm 1 ensures OFTRL's regret is non-negative (Theorem 2).,dafa1789ef094df2ba210f4e180388b6
logarithmic self-concordant regularizer,feasible set,Using this regularizer is not a barrier for the underlying feasible set, which deviates from typical use in bandit settings.,dafa1789ef094df2ba210f4e180388b6
pictorial overview,caption,A visual representation is given in the caption accompanying the text.,dafa1789ef094df2ba210f4e180388b6
chiang et al. [2012],rakhlin and sridharan [2013],References to prior work in optimistic no-regret learning.,dafa1789ef094df2ba210f4e180388b6
lee et al. [2020],luo et al. [2022],Similar in spirit approaches used in online learning.,dafa1789ef094df2ba210f4e180388b6
abernethy et al. [2008],wei and luo, 2018,References to self-concordant regularization in the bandit setting.,dafa1789ef094df2ba210f4e180388b6
bubeck et al., 2019,bandit setting,Additional context on the broader context of self-concordant regularization.,dafa1789ef094df2ba210f4e180388b6
[kangarshahi et al., 2018],adversarial robustness,Discussed as a central desideratum in the field.,dafa1789ef094df2ba210f4e180388b6
luo, 2018,bubeck et al., 2019,Both Luo's work (2018) and Bubeck's work (2019) are mentioned in the context, possibly indicating a comparison or reference.,de3c6784957941c3ba5f0230cd1ca456
logarithmic regularizer,multiplicative stability,The logarithmic regularizer is connected to multiplicative stability, as it guarantees it.,de3c6784957941c3ba5f0230cd1ca456
logarithmic regularizer,daskalakis et al. [2021],Logarithmic regularizer is linked to the work of Daskalakis et al. for general domains, showing a connection.,de3c6784957941c3ba5f0230cd1ca456
optimistic mwu,daskalakis et al., 2021,Optimistic MWU is a reference point for the guarantees provided by Daskalakis et al. in 2021.,de3c6784957941c3ba5f0230cd1ca456
local norm,logarithmic regularizer,Local norm is induced by the logarithmic regularizer, enabling translation of bounds.,de3c6784957941c3ba5f0230cd1ca456
second-order path lengths,o(log t),Second-order path lengths are bounded by O(log T) based on a technique by Anagnostides et al. [2022a].,de3c6784957941c3ba5f0230cd1ca456
nonnegativity of swap regret,optimal sum of players' regrets,Nonnegativity of swap regret is crucial because it implies optimal individual regrets for each player.,de3c6784957941c3ba5f0230cd1ca456
daskalakis et al. [2011],improved regret guarantees,Daskalakis et al. (2011) initiated the line of work focusing on improved regret bounds in games.,de3c6784957941c3ba5f0230cd1ca456
strongly uncoupled learning dynamics,daskalakis et al. [2011],These dynamics were introduced by Daskalakis et al. in their 2011 work.,de3c6784957941c3ba5f0230cd1ca456
optimistic mirror descent (omd),rakhlin and sridharan [2013],Rakhlin and Sridharan introduced a simplified version of OMD, which is a key contribution in improving regret bounds for zero-sum games.,c490ed2e42124df487352eff5e2fa6b8
recency bias,fudenberg and peysakhovich, 2014,Recency bias has been experimentally observed in natural learning environments, as documented by Fudenberg and Peysakhovich's work.,c490ed2e42124df487352eff5e2fa6b8
rvu property,syrgkanis et al. [2015],Syrgkanis et al. crystallized the RVU property, which is essential for proving individual regret bounds in general games.,c490ed2e42124df487352eff5e2fa6b8
individual regret,o(t^1/4),The individual regret bound for players is O(T^1/4), leading to convergence to coarse correlated equilibria at a rate of O(T^-3/4).,c490ed2e42124df487352eff5e2fa6b8
coarse correlated equilibria,syrgkanis et al. [2015],Syrgkanis et al. showed convergence to coarse correlated equilibria using the RVU property and OMD.,c490ed2e42124df487352eff5e2fa6b8
o(polylog(t)),daskalakis et al. [2021],Daskalakis et al. achieved a near-optimal bound of O(polylog(T)) for normal-form games.,c490ed2e42124df487352eff5e2fa6b8
polyhedral games,faolina et al. [2022],Faolina et al. generalized the result to a broader class of games, including extensive-form games.,c490ed2e42124df487352eff5e2fa6b8
clairvoyant mwu algorithm,guaranteed no-regret,The Clairvoyant MWU algorithm has iterates with a no-regret property, implying improved performance.,ad36cd05675d4a5eb7db5440aef31e59
clairvoyant mwu algorithm,per-iteration complexity,The 2022 revision reduces the complexity to O(d) per iteration, though at the cost of losing the no-regret guarantee.,ad36cd05675d4a5eb7db5440aef31e59
uncoupled version,time-independent o(d) complexity,The uncoupled version achieves lower complexity compared to the original, but sacrifices the no-regret guarantee.,ad36cd05675d4a5eb7db5440aef31e59
concave games,continuous games,These game types are sometimes used interchangeably, referring to games with specific mathematical properties.,ad36cd05675d4a5eb7db5440aef31e59
utility function,properties,A utility function must be concave, have bounded gradients, and be L-smooth for the analysis.,ad36cd05675d4a5eb7db5440aef31e59
convex games,examples,Convex games encompass various applications, including Cournot competition and games in more general domains.,ad36cd05675d4a5eb7db5440aef31e59
cournot competition,one-dimensional setting,Cournot competition is explained in a simplified one-dimensional context, with potential for extension to higher dimensions.,ad36cd05675d4a5eb7db5440aef31e59
normal-form games (nfgs),finite strategies,In NFGs, each player has a finite set of strategies, making them amenable to the convex game framework.,ad36cd05675d4a5eb7db5440aef31e59
extensive-form games,nfgs (normal form games),EFGs generalize NFGs by capturing sequential moves, simultaneity, stochasticity, and imperfect information.,c78f5a29f0fe40d2913d9fd8e3d7c680
strategy set,probability distributions,Player i's strategy set consists of all probability distributions supported on their action set Ai.,c78f5a29f0fe40d2913d9fd8e3d7c680
sequence-form polytope,strategy space,Each player's strategy space is compactly represented using the sequence-form polytope Qi.,c78f5a29f0fe40d2913d9fd8e3d7c680
terminal node (z),z (set of terminal nodes),Terminal nodes are reached at the end of the game, and players receive utilities Ui(z) based on their actions.,c78f5a29f0fe40d2913d9fd8e3d7c680
utility function,ui(x),Player i's utility is a multilinear function ui(x) calculated as the expected value of Ui(a) over their chosen distribution x.,c78f5a29f0fe40d2913d9fd8e3d7c680
probability mass,qj[σj,z],qj[σj,z] represents the probability assigned by player j to the last sequence σj,z encountered before reaching a terminal node.,c78f5a29f0fe40d2913d9fd8e3d7c680
joint strategy profile,qj,The joint strategy profile Qj combines the strategies of all players, and its elements determine the utilities after chance moves.,c78f5a29f0fe40d2913d9fd8e3d7c680
splittable routing games,roughgarden and schoppmann, 2015,These games are studied in the reference by Roughgarden and Schoppmann, which suggests they were introduced or discussed in that work.,c78f5a29f0fe40d2913d9fd8e3d7c680
flow,graph g,A flow 'fi' is routed from a source to a destination in the undirected graph 'G', which consists of vertices V and edges E.,57d1e4af1e8c45a9b4a930b59fe9bca6
latency function,edge e,Edges e in E are associated with latency functions ℓe(fi), which map the flow passing through the edge to its latency.,57d1e4af1e8c45a9b4a930b59fe9bca6
strategy,flow splitting,The strategies of a player correspond to ways of splitting the flow 'fi' into paths from the source to the destination.,57d1e4af1e8c45a9b4a930b59fe9bca6
game,assumption 1,Games mentioned satisfy Assumption 1, as per Syrgkanis et al. (2015).,57d1e4af1e8c45a9b4a930b59fe9bca6
cournot competition,n firms (players),This game involves n firms, where each firm decides the quantity of a common good to produce.,57d1e4af1e8c45a9b4a930b59fe9bca6
firm i,quantity si,Firm i chooses the quantity si of the common good, with possible restrictions on the intervals Si.,57d1e4af1e8c45a9b4a930b59fe9bca6
cost function,ci,Each firm has a cost function ci that assigns a cost based on the produced quantity.,57d1e4af1e8c45a9b4a930b59fe9bca6
utility,ui(s),The utility of a firm is defined as ui(s) = sip(s) - ci(si), which depends on the joint choice of quantities and the price.,57d1e4af1e8c45a9b4a930b59fe9bca6
linear cournot competition,price p(s),In this specific type of Cournot competition, the price is determined by a linear function of the total quantity produced.,57d1e4af1e8c45a9b4a930b59fe9bca6
online learning,learning agent,A learning agent selects a strategy x(t) in the online learning framework, receiving linear utility feedback.,57d1e4af1e8c45a9b4a930b59fe9bca6
full information model,linear utility function,In the full information model, the learner gets feedback as a linear function x(t) → ⟨x(t), u(t)⟩.,57d1e4af1e8c45a9b4a930b59fe9bca6
log-regularized lifted optimistic ftrl (lrl-oftrl),oftrl step,LRL-OFTRL contains an OFTRL step as a component (Line 4).,c69a90a9d5e246258bf70563287a60a2
learning rate,η,The learning rate is a parameter in the algorithm (Line 2).,c69a90a9d5e246258bf70563287a60a2
strategy,x(t),LRL-OFTRL selects a strategy x(t) at each time step (Line 4).,c69a90a9d5e246258bf70563287a60a2
observation,u(t),After playing strategy x(t), LRL-OFTRL observes u(t) (Line 4).,c69a90a9d5e246258bf70563287a60a2
regret,regt,The algorithm's performance is measured by regret RegT (defined in Section 3.3).,c69a90a9d5e246258bf70563287a60a2
lifted space ˜x,˜u(t),The regret is measured in the lifted space, with ˜u(t) contributing to ˜Reg (Line 3).,c69a90a9d5e246258bf70563287a60a2
λ(t),y(t),The optimization problem on Line 3 involves λ(t) and y(t).,c69a90a9d5e246258bf70563287a60a2
exact solution (assumption),approximation (section 3.5),Regret analysis initially assumes exact solutions, which is relaxed in Section 3.5.,c69a90a9d5e246258bf70563287a60a2
lifted space ˜x,max(λ∗,y∗),Theorem 2 connects ˜Reg, which is a measure of regret in the lifted space, to the local norms centered at points (λ(t), y(t)). It states that ˜Reg ≥ 0 and RegT ≤ ˜Reg.,70b2e8e315f34e5ab1188bf29b252b12
˜reg,regt,Theorem 2 implies that the regret bound in the lifted space (˜Reg) is greater than or equal to the regret bound in the original space (RegT) and can be translated to a guarantee over the original space.,70b2e8e315f34e5ab1188bf29b252b12
oftrl algorithm,˜reg,Proposition 2 provides an RVU (Regret Bounded by Variation in Utilities) bound for the internal OFTRL algorithm, stating that the regret cumulated up to time T is related to the local norms and the overall regret ˜Reg.,70b2e8e315f34e5ab1188bf29b252b12
local norms,∥u(t)∥∞∥x∥1 ≤ 1,The proposition assumes that the product of the infinity norm of u(t) and the 1-norm of x is bounded by 1 at all times, affecting the RVU bound.,70b2e8e315f34e5ab1188bf29b252b12
learning rate η,oftrl iterates,The learning rate η influences the convergence of the iterates produced by the OFTRL algorithm, as seen in the proposition's inequality.,70b2e8e315f34e5ab1188bf29b252b12
smoothness condition,utility function,The variation in one's utilities is connected to the variation in joint strategies based on the smoothness condition of the utility function.,40a0aebe5a1d475a8f887d1accb5c1a5
second-order path lengths,o(log t),The second-order path lengths of the dynamics up to time T are bounded by O(log T).,40a0aebe5a1d475a8f887d1accb5c1a5
lrl-oftrl,learning rate,Players follow LRL-OFTRL with a specific learning rate η ≤ min(conditions).,40a0aebe5a1d475a8f887d1accb5c1a5
assumption 1,parameters b, l,Assumption 1 holds for certain parameters B and L, affecting the learning rate and regret bounds.,40a0aebe5a1d475a8f887d1accb5c1a5
learning rate,doubling trick,If players don't know the parameters, the guarantees can be achieved via a standard doubling trick.,40a0aebe5a1d475a8f887d1accb5c1a5
lrl-oftrl,regret,Each player's regret RegT is bounded in Theorem 4.,40a0aebe5a1d475a8f887d1accb5c1a5
theorem 3,theorem 1,Theorem 4 is the detailed version of Theorem 1, establishing regret bounds.,40a0aebe5a1d475a8f887d1accb5c1a5
optimization problem,regret,The guarantees in Corollary 1 relate to the deterioration of regret, which is influenced by the sum of tolerances ϵ(t).,6c9828fd401b43868be1753bdf46bf3a
optimization problem,efficient computation,It is necessary to show efficient computation of approximate solutions to the optimization problem, specifically in the OFTRL step.,6c9828fd401b43868be1753bdf46bf3a
oftrl step,proximal oracle,Access to a proximal oracle in local norm for the set ˜X is assumed to solve the optimization problem approximately.,6c9828fd401b43868be1753bdf46bf3a
optimization problem,convex set,Optimization over a general convex set poses challenges not seen in simplex domains, affecting per-iteration complexity.,6c9828fd401b43868be1753bdf46bf3a
proximal oracle,normal-form games,Algorithms designed for normal-form games, like OMWU, have lower complexity due to simpler domains compared to the general proximal oracle case.,6c9828fd401b43868be1753bdf46bf3a
optimization problem,proximal oracle,The optimization problem involves the proximal oracle (Π ˜w(˜g)) which is used to find the minimum in a constrained optimization setting.,5404926cba564cc18aee5568fb2310c5
polytope of sequence-form strategies,extensive-form games,The proposition discusses the specific case where the polytope represents the strategy set for a player in an extensive-form game.,5404926cba564cc18aee5568fb2310c5
local proximal oracle π ˜w(˜g),exact implementation,For the strategy set of extensive-form games, the local proximal oracle can be implemented exactly with polynomial complexity in the dimension d.,5404926cba564cc18aee5568fb2310c5
proportional newton algorithm,ϵ(t),The theorem mentions the proximal Newton algorithm, which computes a solution satisfying a condition with a specified error tolerance ϵ(t).,5404926cba564cc18aee5568fb2310c5
linear maximization oracle,weaker form of oracle,The context introduces a linear maximization oracle as a potentially weaker alternative to the proximal oracle.,5404926cba564cc18aee5568fb2310c5
proximal oracle,equation (7),The proximal oracle is defined in Equation (7), which refers to its formal definition.,c5bed72a72c74ca4bfff3b273d309652
linear maximization oracle (lmo),equation (8),LMO is considered for the set X, with its definition given in Equation (8).,c5bed72a72c74ca4bfff3b273d309652
frank-wolfe (projected) newton method,algorithm 1 and 2,This method is used to show that an LMO for X leads to a guarantee, as outlined in Algorithms 1 and 2.,c5bed72a72c74ca4bfff3b273d309652
lrl-oftrl,regret bound,LRL-OFTRL is a novel algorithm with a regret bound of O(log T) for each player.,c5bed72a72c74ca4bfff3b273d309652
lrl-oftrl,general convex game,The algorithm is designed for general convex games, showing its applicability to various settings.,c5bed72a72c74ca4bfff3b273d309652
uncoupled no-regret learning dynamics,efficient implementation,These dynamics can be implemented efficiently, as demonstrated in the experiments.,c5bed72a72c74ca4bfff3b273d309652
experiments,standard extensive-form games,Experiments were conducted on standard extensive-form games to support the theory, findings shown in Appendix C.,c5bed72a72c74ca4bfff3b273d309652
