node_1,node_2,edge,chunk_id
illumination variation,facial expression recognition,Illumination variation is a long-term challenge in facial expression recognition, especially in real-world scenarios.,d029cda13dd74e81a98d59a58c636428
nir,high-quality images,NIR can provide a simple and alternative solution to obtain high-quality images under non-visible light conditions.,d029cda13dd74e81a98d59a58c636428
nir,geometric and texture details,NIR can supplement the geometric and texture details that are missing in the visible domain.,d029cda13dd74e81a98d59a58c636428
vis fer methods,nir spectrum,Directly extending VIS FER methods to the NIR spectrum may be ineffective due to the lack of large-scale NIR facial expression datasets.,d029cda13dd74e81a98d59a58c636428
nfer-sde,face expression appearance,NFER-SDE transforms face expression appearance between heterogeneous modalities.,d029cda13dd74e81a98d59a58c636428
nfer-sde,overfitting problem,NFER-SDE addresses the overfitting problem on small-scale NIR data.,d029cda13dd74e81a98d59a58c636428
nfer-sde,vis source image,NFER-SDE can take the whole VIS source image as input and guide the preservation of modality-invariant information.,d029cda13dd74e81a98d59a58c636428
nfer-sde,domain-specific knowledge,NFER-SDE, together with domain-specific knowledge, guides the preservation of modality-invariant information in the high-frequency content of the image.,d029cda13dd74e81a98d59a58c636428
nfer-sde,nir fer,NFER-SDE significantly improves the performance of NIR FER.,d029cda13dd74e81a98d59a58c636428
nfer-sde,state-of-the-art results,NFER-SDE achieves state-of-the-art results on the only two available NIR FER datasets, Oulu-CASIA and Large-HFE.,d029cda13dd74e81a98d59a58c636428
facial expression,human-computer interaction,Facial expression is one of the most powerful means for human beings to convey their emotions, especially in various human-computer interaction applications.,d029cda13dd74e81a98d59a58c636428
facial expression recognition (fer),human-computer interaction,FER is used in various human-computer interaction applications to provide insights into users’ emotional states and intentions,904fc33808a24998a597cf50d15da1be
fer,driver fatigue surveillance,FER is essential for achieving better behavioral responses in driver fatigue surveillance,904fc33808a24998a597cf50d15da1be
fer,sociable robotics,FER is essential for achieving better behavioral responses in sociable robotics,904fc33808a24998a597cf50d15da1be
fer,healthcare,FER is essential for achieving better behavioral responses in healthcare,904fc33808a24998a597cf50d15da1be
fer,occluded facial image,Efforts have been made to improve the robustness of FER by addressing occluded facial images,904fc33808a24998a597cf50d15da1be
fer,noisy labels,Efforts have been made to improve the robustness of FER by addressing noisy labels,904fc33808a24998a597cf50d15da1be
fer,cross-dataset generalization,Efforts have been made to improve the robustness of FER by addressing cross-dataset generalization,904fc33808a24998a597cf50d15da1be
fer,extreme lighting conditions,FER under extreme lighting conditions is still an open question,904fc33808a24998a597cf50d15da1be
sensors,low lighting or complete darkness conditions,Visible sensors have limitations in capturing high-quality images in low lighting or complete darkness conditions,904fc33808a24998a597cf50d15da1be
sensors,loss of crucial geometric and textural details,The limitations of sensors result in the loss of crucial geometric and textural details,904fc33808a24998a597cf50d15da1be
nir images,low lighting or complete darkness,NIR images are still very well preserved even under low lighting or complete darkness,904fc33808a24998a597cf50d15da1be
facial expression,nir imaging techniques,NIR imaging techniques offers a low-cost and effective solution to enhance the performance of VIS FER systems in low-light conditions,c80c0c0ae26d4cd6a21172800454eaea
nir imaging techniques,vis fer systems,NIR imaging techniques offers a low-cost and effective solution to enhance the performance of VIS FER systems in low-light conditions,c80c0c0ae26d4cd6a21172800454eaea
nir imaging techniques,security surveillance,NIR face sensors have been widely used in security surveillance within finance, transportation, and other related domains,c80c0c0ae26d4cd6a21172800454eaea
security surveillance,finance,NIR face sensors have been widely used in security surveillance within finance, transportation, and other related domains,c80c0c0ae26d4cd6a21172800454eaea
security surveillance,transportation,NIR face sensors have been widely used in security surveillance within finance, transportation, and other related domains,c80c0c0ae26d4cd6a21172800454eaea
nir fer,deep models,achieving better performance for NIR FER is still a challenging problem for deep models,c80c0c0ae26d4cd6a21172800454eaea
training samples,nir facial expression datasets,Insufficient training samples. In the field of VIS, after decades of hard work, more and more high-quality data sets, such as CK+, RAF-DB, KDEF, etc., continue to emerge, and the overall amount of available training data is also growing rapidly. In contrast, there are currently only two NIR facial expression datasets available, Oulu-CASIA (80 subjects) and Large-HFE (360 subjects),c80c0c0ae26d4cd6a21172800454eaea
vis and nir face images,individual,VIS and NIR face images taken of the same individual are obtained through distinct sensory devices with varying settings, resulting in significant differences in their visual appearances,c80c0c0ae26d4cd6a21172800454eaea
deep models,vis data,deep models trained on VIS data fails to provide satisfactory results in the NIR spectrum,7638d638b3ca4225a0393e8876bb9149
synthesis methods,nir images,synthesis methods pose opportunities to generate NIR images given input VIS face images,7638d638b3ca4225a0393e8876bb9149
existing methods,image synthesis,existing methods usually synthesize images without prior task knowledge,7638d638b3ca4225a0393e8876bb9149
facial expression,subtle facial movements,the feature of facial expression usually lies in subtle facial movements,7638d638b3ca4225a0393e8876bb9149
nfer-sde,nir expression images,NFER-SDE is a novel method to learn and synthesize NIR expression images of good quality from VIS,7638d638b3ca4225a0393e8876bb9149
nir expression images,high-frequency content,the synthesized facial images not only preserve the high-frequency content carrying modality-invariant information,7638d638b3ca4225a0393e8876bb9149
nir expression images,detailed facial representations,the synthesized facial images also contain detailed facial representations that are crucial to FER tasks,7638d638b3ca4225a0393e8876bb9149
energy functions,task-specific guidance,energy functions of task-specific guidance is proposed to guide the reverse stochastic differential equations process using facial landmark information,7638d638b3ca4225a0393e8876bb9149
sde process,facial landmark information,The SDE process uses facial landmark information for preserving key facial structure information.,05a3cc82d68d467aa980000c6d8781b3
sde process,reverse sde process,The reverse SDE process preserves key facial structure information, resulting in lower uncertainty.,05a3cc82d68d467aa980000c6d8781b3
nir-vis,cross-modality facial expression translation task,The unique observation in the cross-modality facial expression translation task encourages the establishment of the frequency sharing rule to preserve more modality-invariant information.,05a3cc82d68d467aa980000c6d8781b3
nir image,original vis image,Conditional score matching is introduced to ensure that the generated NIR image is more faithful to the original VIS image.,05a3cc82d68d467aa980000c6d8781b3
nfer-sde,vis facial expression sample,The novel method NFER-SDE is developed to translate the VIS facial expression sample to NIR modality, which is the first effort in synthesizing NIR facial expression samples for the NIR FER task.,05a3cc82d68d467aa980000c6d8781b3
task-specific energy functions,image generation process,New task-specific energy functions are proposed to guide the image generation process with the domain knowledge of FER.,05a3cc82d68d467aa980000c6d8781b3
fer,deep neural networks,The success of deep neural networks has inspired extensive efforts in addressing FER.,05a3cc82d68d467aa980000c6d8781b3
deep neural networks,occluded facial image,Efforts have been made to address problems including occluded facial image using deep neural networks.,2abe88d51d9c481ba7c2facbe5f16a00
deep neural networks,noisy labels,Efforts have been made to address problems including noisy labels using deep neural networks.,2abe88d51d9c481ba7c2facbe5f16a00
deep neural networks,cross-dataset generalization,Efforts have been made to address problems including cross-dataset generalization using deep neural networks.,2abe88d51d9c481ba7c2facbe5f16a00
fer (facial expression recognition),illumination variations,Dealing with the challenge of illumination variations is crucial to Facial Expression Recognition in real-world applications.,2abe88d51d9c481ba7c2facbe5f16a00
nir images,vis fer systems,NIR images provide a low-cost and effective solution to enhance the performance of VIS FER systems in uncontrolled or non-visible light conditions.,2abe88d51d9c481ba7c2facbe5f16a00
face expression appearance,heterogeneous modalities,The first approach presented in the paper transforms face expression appearance between heterogeneous modalities for NIR FER in extreme light conditions.,2abe88d51d9c481ba7c2facbe5f16a00
image-to-image translation,generative models,In the field of image-to-image translation, various generative models including GAN, VAE, and diffusion models have made great progress.,2abe88d51d9c481ba7c2facbe5f16a00
diffusion models,image generation ability,Diffusion models have attracted much attention due to their remarkable image generation ability in terms of distribution diversity.,2abe88d51d9c481ba7c2facbe5f16a00
diffusion models,image-to-image translation task,Diffusion models are utilized in the image-to-image translation task due to their remarkable image generation ability.,2abe88d51d9c481ba7c2facbe5f16a00
ilvr (iterative latent variable refinement),latent variable refinement,ILVR proposes an iterative latent variable refinement strategy.,2abe88d51d9c481ba7c2facbe5f16a00
image-to-image translation task,ilvr,ILVR is a strategy proposed for the image-to-image translation task,8caaa44f31774dd98c28e2591bd60466
image-to-image translation task,diffusion models,Diffusion models are related to the image-to-image translation task as a generative process,8caaa44f31774dd98c28e2591bd60466
ilvr,iterative latent variable refinement strategy,ILVR proposes an iterative latent variable refinement strategy for the generative process of diffusion models,8caaa44f31774dd98c28e2591bd60466
egsde,energy function,EGSDE employs a pretrained energy function to guide the reverse process of score-based diffusion models,8caaa44f31774dd98c28e2591bd60466
nir-vis heterogeneous facial expression dataset,dvis,DVIS is a subset of the NIR-VIS heterogeneous facial expression dataset,8caaa44f31774dd98c28e2591bd60466
nir facial expression synthesis,translation model f,The goal of NIR facial expression synthesis is to learn a translation model F from the heterogeneous dataset DHTR,8caaa44f31774dd98c28e2591bd60466
translation model f,synthesized nir-vis facial expression dataset,Using the translation model F, a synthesized NIR-VIS facial expression dataset can be created from the VIS dataset DVIS,8caaa44f31774dd98c28e2591bd60466
fer backbone,augmented dataset dhtr∪dvis,The final goal for NIR facial expression image synthesis is that the FER backbone trained on the augmented dataset DHTR∪DVIS can achieve better performance,8caaa44f31774dd98c28e2591bd60466
diffusion models,deep generative models,Diffusion models are a class of deep generative models,8caaa44f31774dd98c28e2591bd60466
diffusion models,deep generative models,Diffusion models are a class of deep generative models,5bb8e6159aa94fb98fbbca4c4402d2f8
diffusion models,image generation,Diffusion models have achieved remarkable performance in image generation over previous state-of-the-art methods like generative adversarial networks (GANs),5bb8e6159aa94fb98fbbca4c4402d2f8
diffusion models,training data,The core idea of diffusion models is to gradually corrupt the training data structure by adding noise to the input, and then learn a reverse network to recover the original data from the corrupted data,5bb8e6159aa94fb98fbbca4c4402d2f8
diffusion models,reverse network,The core idea of diffusion models is to gradually corrupt the training data structure by adding noise to the input, and then learn a reverse network to recover the original data from the corrupted data,5bb8e6159aa94fb98fbbca4c4402d2f8
diffusion models,training process,The training process of diffusion models is formulated as two stages: the forward stage and the reverse stage,5bb8e6159aa94fb98fbbca4c4402d2f8
training process,forward stage,In the forward stage, random Gaussian noise is iteratively added to the input, with the proportion of noise increasing from 0 to 1,5bb8e6159aa94fb98fbbca4c4402d2f8
training process,reverse stage,The reverse stage is a noise-removal process, which is the reversal of the preceding forward noise-adding process,5bb8e6159aa94fb98fbbca4c4402d2f8
reverse stage,output,The output of the forward stage is recovered iteratively using a denoising neural network that is trained to predict the added noise at each step,5bb8e6159aa94fb98fbbca4c4402d2f8
sampling,random noise,During sampling, random noise is sampled from the Gaussian distribution and then directly fed into the reverse stage to generate the corresponding sample,5bb8e6159aa94fb98fbbca4c4402d2f8
diffusion models,training data distribution,Diffusion models can learn the distribution of training data and generate samples from random noise by the reverse network,5bb8e6159aa94fb98fbbca4c4402d2f8
diffusion models,score-based diffusion models (sbdms),Score-based Diffusion Models (SBDMs),5bb8e6159aa94fb98fbbca4c4402d2f8
score-based diffusion models,generic diffusion model,SBDMs are a continuous form of the generic diffusion model,bfe631061dae4bd89a58d57e7ded7241
score-based diffusion models,stochastic differential equation (sde),SBDMs utilize Stochastic Differential Equation (SDE) to model and solve the diffusion process,bfe631061dae4bd89a58d57e7ded7241
sbdms,image sequence,In SBDMs, the image sequence {xt}Tt=0 is generalized into a continuous function,bfe631061dae4bd89a58d57e7ded7241
image sequence,continuous function,The image sequence {xt}Tt=0 is generalized into a continuous function,bfe631061dae4bd89a58d57e7ded7241
sbdms,forward stage,The forward stage can be formulated as the corresponding SDE in SBDMs,bfe631061dae4bd89a58d57e7ded7241
sbdms,ddpm networks,DDPM networks can be utilized to implement SBDMs,bfe631061dae4bd89a58d57e7ded7241
forward sde,reverse sde,Given the forward SDE in Eq. (1), the corresponding reverse SDE is solved as in Eq. (2),bfe631061dae4bd89a58d57e7ded7241
marginal data distribution,reverse wiener process,The marginal data distribution at time t is denoted by p(xt) and the reverse Wiener process from T to 0 is denoted by ˆω.,0c531989458a47c9b69342300da289fb
sbdms,score-matching neural network,SBDMs propose a score-matching neural network s(xt, t, Θs) to parameterize the score function ∇xt log p(xt), where Θs is the parameter of the network.,0c531989458a47c9b69342300da289fb
reverse sde,euler-maruyama method,"Using the Euler-Maruyama method, the reverse SDE can be further discretized as∆x = [f (xt, t)−σ(t)2s(xt, t, Θs)]∆t+σ(t)p,∆t,z (3)",0c531989458a47c9b69342300da289fb
sbdms,conditional form of sbdms,To generate images under specific requirements or conditions, the conditional form of SBDMs is proposed to incorporate the conditional information into the diffusion process(Song et al. 2020).,0c531989458a47c9b69342300da289fb
data distribution,conditional distribution,"Given a condition c, the data distribution of xt turns into the conditional distribution p(xt,c).",0c531989458a47c9b69342300da289fb
score function,modification term,"The reverse SDE in Eq. (2) is modified asdxt =[f (xt, t) − σ(t)2(∇xt log p(xt) + ∇xt log p(c,xt))]dt + σ(t)d ˆω(4) where ∇xt log p(c,xt) is added to the original score function as a modification term.",0c531989458a47c9b69342300da289fb
condition representation model,modification term,"The reverse SDE can be calculated under the guidance of the corresponding condition. The representation model p(c,xt) is exactly matched with some special cases like classifier guidance. The energy function E(xt, c, t) is trained or designed to be minimized when the condition is satisfied. Thus, the modification term is formulated as ∇xt log p(c,xt) = −∇xtE(xt, c, t).",db2a15034c72485d85edf85db3e88165
representation model,condition,"The representation model p(c,xt) is exactly matched with some special cases like classifier guidance. In some more cases like image translation, the conditional distribution p(c,xt) is intractable.",db2a15034c72485d85edf85db3e88165
conditional sbdms,energy function,"To obtain a more generalized form of guidance, the conditional SBDMs further propose an energy function E(xt, c, t) to parameterize the modification term ∇xt log p(c,xt).",db2a15034c72485d85edf85db3e88165
energy function,modification term,"The energy function E(xt, c, t) is trained or designed to be minimized when the condition is satisfied. Thus, the modification term is formulated as ∇xt log p(c,xt) = −∇xtE(xt, c, t).",db2a15034c72485d85edf85db3e88165
score matching network,energy function,Given the score matching network s(xt, t, Θs) and the energy function E(xt, c, t), the reverse SDE is formulated as dxt =[f (xt, t) − σ(t)2(s(xt, t, Θs) − ∇xtE(xt, c, t))]dt + σ(t)d ˆω(5)With the guidance of different energy functions, Eq. (5) can be applied to various conditional image generation tasks.,db2a15034c72485d85edf85db3e88165
energy function,reverse sde,With the guidance of different energy functions, Eq. (5) can be applied to various conditional image generation tasks.,db2a15034c72485d85edf85db3e88165
vis-nir facial expression image translation,method,In this section, we present the proposed method for VIS-NIR facial expression image translation.,db2a15034c72485d85edf85db3e88165
nfer-sde,framework,The framework of the proposed method is illustrated in Fig. 2.,db2a15034c72485d85edf85db3e88165
conditional score matching network,energy function,We describe the energy function of task-specific guidance and the conditional score matching network in detail.,db2a15034c72485d85edf85db3e88165
nfer-sde,framework,The NFER-SDE is the main framework of the proposed method.,b5af3dc92c154fd0883b5e2d2a8856a2
nfer-sde,energy functions,The NFER-SDE consists of two main components, one of which is the energy functions of task-specific guidance.,b5af3dc92c154fd0883b5e2d2a8856a2
energy functions,task-specific guidance,The energy functions of task-specific guidance guide the image-generation process with domain-specific knowledge of facial expression.,b5af3dc92c154fd0883b5e2d2a8856a2
energy functions,conditional score-matching network,The energy functions are part of the proposed method, along with the conditional score-matching network.,b5af3dc92c154fd0883b5e2d2a8856a2
conditional score-matching network,subtle facial details,The conditional score-matching network makes full use of the subtle facial details in the original facial expression image.,b5af3dc92c154fd0883b5e2d2a8856a2
diffusion models,image-to-image translation tasks,Conditional diffusion models have achieved significant results in general image-to-image translation tasks.,b5af3dc92c154fd0883b5e2d2a8856a2
vis-nir facial expression translation,existing methods,Existing methods do not perform as expected in transferring facial expression attributes for VIS-NIR facial expression translation task.,b5af3dc92c154fd0883b5e2d2a8856a2
facial expression attributes,feature learning challenges,The underperformance is partly due to the feature learning challenges in VIS-NIR facial expression translation task,4206ee771ac2465b9857112bcceddbdc
facial expression attributes,facial expressions,facial expressions are usually conveyed through more subtle facial representations in specific facial areas,4206ee771ac2465b9857112bcceddbdc
facial expressions,facial structure information,This requires the diffusion models to be well guided by key facial structure information that is related to facial expression,4206ee771ac2465b9857112bcceddbdc
facial structure information,facial landmark coordinates,it has been widely recognized that the facial landmark coordinates can encode the facial structure information, which is crucial for facial expression recognition,4206ee771ac2465b9857112bcceddbdc
facial landmark coordinates,facial expression recognition,the facial landmark coordinates can encode the facial structure information, which is crucial for facial expression recognition,4206ee771ac2465b9857112bcceddbdc
energy function,reverse sde process,a novel energy function Eh is proposed to guide the reverse SDE process using facial landmark information,4206ee771ac2465b9857112bcceddbdc
facial landmark detection network,facial landmark heatmap,a pretrained time-dependent facial landmark detection network H(x, t, Θh) is proposed to extract the facial landmark heatmap from the input image x and current step t,4206ee771ac2465b9857112bcceddbdc
perturbed source image,denoised target image,Let ct denote the perturbed source image in the forward SDE and xt denote the denoised target image in the reverse SDE both at step t,4206ee771ac2465b9857112bcceddbdc
energy function,facial landmark heatmap,The energy function is formulated asEh(xt, c, t) =1 2∥H(xt, t, Θh) − H(ct, t, Θh)∥22(6),4206ee771ac2465b9857112bcceddbdc
facial landmark heatmap,target image,The facial landmark heatmap of the target image is close to that of the perturbed source image, indicating preservation of key facial structure information through the reverse SDE process.,5c397c9da4584e829aa212522eec107e
facial landmark heatmap,perturbed source image,The facial landmark heatmap of the target image is close to that of the perturbed source image, indicating preservation of key facial structure information through the reverse SDE process.,5c397c9da4584e829aa212522eec107e
frequency sharing rule,cross-modality translation task,The frequency sharing rule in the cross-modality translation task is unique and is illustrated in Figure 3.,5c397c9da4584e829aa212522eec107e
high-frequency content,image,In cross-modality facial expression translation, the high-frequency content of the image carries more modality-invariant information for facial expression translation due to containing detailed facial expression representations.,5c397c9da4584e829aa212522eec107e
low-frequency content,domain-invariant information,In general image translation tasks, the low-frequency content is considered to carry domain-invariant information that should be shared between source and target domains.,5c397c9da4584e829aa212522eec107e
low-pass filters,cross-modality facial expression translation task,The low-pass filters used in general image translation tasks to preserve low-frequency content are not suitable for the cross-modality facial expression translation task.,5c397c9da4584e829aa212522eec107e
high-frequency content,modality-invariant information,The high-frequency content carries more modality-invariant information that should be preserved in cross-modality facial expression translation.,5c397c9da4584e829aa212522eec107e
energy function,high-pass filter,A novel energy function based on a high-pass filter is proposed to preserve the high-frequency content in the reverse SDE process.,5c397c9da4584e829aa212522eec107e
high-pass filter,domain-invariant feature extractor,The high-pass filter Φ(·) serves as the domain-invariant feature extractor in the energy function.,5c397c9da4584e829aa212522eec107e
high-pass filter φ(·),domain-invariant feature extractor,The high-pass filter Φ(·) is used as the domain-invariant feature extractor to formulate the energy function Ef (xt, c, t),96e70bdf782d467b981ea4cebfcb1a4e
energy function ef,reverse sde process,The energy function Ef guides the preservation of high-frequency content through the reverse SDE process in the cross-modality translation task,96e70bdf782d467b981ea4cebfcb1a4e
energy function ef,high-frequency content,The energy function Ef preserves the high-frequency content in the reverse SDE process,96e70bdf782d467b981ea4cebfcb1a4e
high-pass filter φ(·),energy function ef,The high-pass filter Φ(·) is used as part of the energy function Ef to preserve domain-invariant features,96e70bdf782d467b981ea4cebfcb1a4e
energy function e,weighting hyper-parameters,The final energy function E is formed by aggregating the two energy functions using weighting hyper-parameters λh and λf,96e70bdf782d467b981ea4cebfcb1a4e
facial expression,subtle facial movements,The feature of facial expression lies in subtle facial movements,96e70bdf782d467b981ea4cebfcb1a4e
vis-nir facial expression translation task,original vis image,In the VIS-NIR facial expression translation task, the denoising network s(xt, t, Θs) should fully consider the original VIS image,96e70bdf782d467b981ea4cebfcb1a4e
sde-based models,original image information,Existing SDE-based models do not directly take the original image information into the denoising neural network at each iterative reverse step,96e70bdf782d467b981ea4cebfcb1a4e
denoising neural network,reference image c,The denoising neural network is conditioned with the reference image c in the cross-modality translation process,96e70bdf782d467b981ea4cebfcb1a4e
denoising neural network,reference image c,The reference image c is concatenated to the input image xt in the channel dimension at each step t,f7190bea7d6446639df5fdf0d8324661
reference image c,input image xt,The reference image c is concatenated to the input image xt in the channel dimension at each step t,f7190bea7d6446639df5fdf0d8324661
concatenated vector,score matching network,The concatenated vector is then fed into the score matching network to generate the outputs,f7190bea7d6446639df5fdf0d8324661
training algorithm,proposed conditional score matching network,For the training algorithm of the proposed conditional score matching network, please refer to (Nair and Patel 2023),f7190bea7d6446639df5fdf0d8324661
additional input c,conditioned denoising network,Using the additional input c during training, the new conditioned denoising network is supervised to generate better NIR images under the guidance of the detailed information from the VIS source image,f7190bea7d6446639df5fdf0d8324661
fer benchmarks,nir test set,FER benchmarks are evaluated on the original NIR test set,2dc4c46aba4345cebb66b0d975b0c523
fer benchmarks,accuracy,FER benchmarks are evaluated on the original NIR test set and the accuracy is reported,2dc4c46aba4345cebb66b0d975b0c523
fer benchmarks,macro f1 score,FER benchmarks are evaluated on the original NIR test set and the macro F1 score is reported,2dc4c46aba4345cebb66b0d975b0c523
nir images,vis test samples,NIR images generated from the VIS test samples are compared with the ground-truth NIR test samples,2dc4c46aba4345cebb66b0d975b0c523
nir images,ground-truth nir test samples,NIR images generated are compared with the ground-truth NIR test samples,2dc4c46aba4345cebb66b0d975b0c523
nir images,image quality metrics,NIR images generated are compared according to the image quality metrics including LPIPS, PSNR, SSIM,2dc4c46aba4345cebb66b0d975b0c523
oulu-casia,nir&vis facial expression dataset,Oulu-CASIA is a part of the NIR&VIS facial expression dataset,2dc4c46aba4345cebb66b0d975b0c523
oulu-casia,video sequences,Oulu-CASIA consists of video sequences captured with both visible and near-infrared lights,2dc4c46aba4345cebb66b0d975b0c523
large-hfe,nir&vis facial expression dataset,Large-HFE is a part of the NIR&VIS facial expression dataset,2dc4c46aba4345cebb66b0d975b0c523
large-hfe,size,Large-HFE has a larger size of 360 subjects,2dc4c46aba4345cebb66b0d975b0c523
cfee,vis facial expression dataset,CFEE is an extra VIS facial expression dataset,2dc4c46aba4345cebb66b0d975b0c523
cfee,nir modality,CFEE is transformed into NIR modality by the proposed model,2dc4c46aba4345cebb66b0d975b0c523
cfee,nir modality,CFEE is transformed into NIR modality by the proposed model,eb26f76771554981a3811086349b0526
transformed samples,training set of oulu-casia or large-hfe,transformed samples are added to the training set of Oulu-CASIA or Large-HFE,eb26f76771554981a3811086349b0526
image-to-image translation baselines,gan-based methods,image-to-image translation baselines are compared to GAN-based methods for evaluation,eb26f76771554981a3811086349b0526
image-to-image translation baselines,diffusion-based methods,image-to-image translation baselines are compared to diffusion-based methods for evaluation,eb26f76771554981a3811086349b0526
gan-based methods,pix2pix,pix2pix is a state-of-the-art method in image translation,eb26f76771554981a3811086349b0526
gan-based methods,cyclegan,CycleGAN is a state-of-the-art method in image translation,eb26f76771554981a3811086349b0526
gan-based methods,hifacegan,HiFaceGAN is a state-of-the-art method in image translation,eb26f76771554981a3811086349b0526
diffusion-based methods,denoising diffusion probabilistic models (ddpms),DDPM baselines include ILVR, SR3, and T2V-DDPM,eb26f76771554981a3811086349b0526
diffusion-based methods,score-based diffusion models (sbdms),SBDM baselines include SDEdit and EGSDE,eb26f76771554981a3811086349b0526
hifacegan,t2v-ddpm,HiFaceGAN and T2V-DDPM are specially designed for heterogeneous face translation,eb26f76771554981a3811086349b0526
proposed method,pytorch 1.8,proposed method is implemented by Pytorch 1.8,eb26f76771554981a3811086349b0526
proposed method,pytorch 1.8,implemented by,c67c218e973c45bd9b0f30554368e19d
proposed method,model training,processed on,c67c218e973c45bd9b0f30554368e19d
model training,image sampling procedure,processed on,c67c218e973c45bd9b0f30554368e19d
image sampling procedure,nvidia geforce 4090 card,processed on,c67c218e973c45bd9b0f30554368e19d
images,face detector,cropped to,c67c218e973c45bd9b0f30554368e19d
nir&vis facial expression datasets,training set,divided into,c67c218e973c45bd9b0f30554368e19d
nir&vis facial expression datasets,testing set,divided into,c67c218e973c45bd9b0f30554368e19d
training set,backbone model,used to train,c67c218e973c45bd9b0f30554368e19d
backbone model,u-net,implemented by,c67c218e973c45bd9b0f30554368e19d
training,batch size,set to,c67c218e973c45bd9b0f30554368e19d
training,learning rate,set to,c67c218e973c45bd9b0f30554368e19d
model,images,sampled from,c67c218e973c45bd9b0f30554368e19d
images,cfee and kdef,sampled from,c67c218e973c45bd9b0f30554368e19d
testing set,vis-nir translation quality experiment,sampled from,c67c218e973c45bd9b0f30554368e19d
hyperparameter λh,image generation quality,set based on,c67c218e973c45bd9b0f30554368e19d
experiment setting,datasets,divided into,c67c218e973c45bd9b0f30554368e19d
datasets,independent experiments,divided into,c67c218e973c45bd9b0f30554368e19d
proposed method,baselines,compared with,c67c218e973c45bd9b0f30554368e19d
proposed method,nir fer performance,compared in terms of,c67c218e973c45bd9b0f30554368e19d
proposed method,vis-nir translation quality,compared in terms of,c67c218e973c45bd9b0f30554368e19d
proposed method,ablation study,conduct to analyze,c67c218e973c45bd9b0f30554368e19d
generated nir images,compared methods,visualize for qualitative evaluation,c67c218e973c45bd9b0f30554368e19d
method,translationpix2pix,compared with,c67c218e973c45bd9b0f30554368e19d
method,cyclegan,compared with,c67c218e973c45bd9b0f30554368e19d
pix2pix,cyclegan,Both pix2pix and CycleGAN are methods for image translation.,be81d993529a4b038d56b4991dd76224
pix2pix,hifacegan,pix2pix and HiFaceGAN are methods for face translation.,be81d993529a4b038d56b4991dd76224
pix2pix,ilvr,pix2pix and ILVR are methods for image translation.,be81d993529a4b038d56b4991dd76224
pix2pix,sr3,pix2pix and SR3 are methods for image translation.,be81d993529a4b038d56b4991dd76224
pix2pix,sdedit,pix2pix and SDEdit are methods for image translation.,be81d993529a4b038d56b4991dd76224
pix2pix,egsde,pix2pix and EGSDE are methods for image translation.,be81d993529a4b038d56b4991dd76224
pix2pix,t2v,pix2pix and T2V are methods for image translation.,be81d993529a4b038d56b4991dd76224
pix2pix,ours,pix2pix and Ours are methods for image translation.,be81d993529a4b038d56b4991dd76224
cyclegan,hifacegan,CycleGAN and HiFaceGAN are methods for image translation.,be81d993529a4b038d56b4991dd76224
cyclegan,ilvr,CycleGAN and ILVR are methods for image translation.,be81d993529a4b038d56b4991dd76224
cyclegan,sr3,CycleGAN and SR3 are methods for image translation.,be81d993529a4b038d56b4991dd76224
cyclegan,sdedit,CycleGAN and SDEdit are methods for image translation.,be81d993529a4b038d56b4991dd76224
cyclegan,egsde,CycleGAN and EGSDE are methods for image translation.,be81d993529a4b038d56b4991dd76224
cyclegan,t2v,CycleGAN and T2V are methods for image translation.,be81d993529a4b038d56b4991dd76224
cyclegan,ours,CycleGAN and Ours are methods for image translation.,be81d993529a4b038d56b4991dd76224
hifacegan,ilvr,HiFaceGAN and ILVR are methods for face translation.,be81d993529a4b038d56b4991dd76224
hifacegan,sr3,HiFaceGAN and SR3 are methods for face translation.,be81d993529a4b038d56b4991dd76224
hifacegan,sdedit,HiFaceGAN and SDEdit are methods for face translation.,be81d993529a4b038d56b4991dd76224
hifacegan,egsde,HiFaceGAN and EGSDE are methods for face translation.,be81d993529a4b038d56b4991dd76224
hifacegan,t2v,HiFaceGAN and T2V are methods for face translation.,be81d993529a4b038d56b4991dd76224
hifacegan,ours,HiFaceGAN and Ours are methods for face translation.,be81d993529a4b038d56b4991dd76224
ilvr,sr3,ILVR and SR3 are methods for image translation.,be81d993529a4b038d56b4991dd76224
ilvr,sdedit,ILVR and SDEdit are methods for image translation.,be81d993529a4b038d56b4991dd76224
ilvr,egsde,ILVR and EGSDE are methods for image translation.,be81d993529a4b038d56b4991dd76224
ilvr,t2v,ILVR and T2V are methods for image translation.,be81d993529a4b038d56b4991dd76224
ilvr,ours,ILVR and Ours are methods for image translation.,be81d993529a4b038d56b4991dd76224
sr3,sdedit,SR3 and SDEdit are methods for image translation.,be81d993529a4b038d56b4991dd76224
sr3,egsde,SR3 and EGSDE are methods for image translation.,be81d993529a4b038d56b4991dd76224
sr3,t2v,SR3 and T2V are methods for image translation.,be81d993529a4b038d56b4991dd76224
sr3,ours,SR3 and Ours are methods for image translation.,be81d993529a4b038d56b4991dd76224
sdedit,egsde,SDEdit and EGSDE are methods for image translation.,be81d993529a4b038d56b4991dd76224
sdedit,t2v,SDEdit and T2V are methods for image translation.,be81d993529a4b038d56b4991dd76224
sdedit,ours,SDEdit and Ours are methods for image translation.,be81d993529a4b038d56b4991dd76224
egsde,t2v,EGSDE and T2V are methods for image translation.,be81d993529a4b038d56b4991dd76224
egsde,ours,EGSDE and Ours are methods for image translation.,be81d993529a4b038d56b4991dd76224
t2v,ours,T2V and Ours are methods for image translation.,be81d993529a4b038d56b4991dd76224
psnr,image quality,PSNR is a metric used to measure the quality of an image. In the given context, it is related to the concept of Image Quality.,2f51a1fba28041fe96c58a3e8f7758dc
ssim,image quality,SSIM is another metric used to measure the quality of an image. In the given context, it is related to the concept of Image Quality.,2f51a1fba28041fe96c58a3e8f7758dc
state-of-the-art methods,proposed method,The proposed method is compared with the state-of-the-art methods to evaluate its performance. This comparison establishes a relationship between the two concepts.,2f51a1fba28041fe96c58a3e8f7758dc
proposed method,nir fer performance,The proposed method shows consistent advantages over the state-of-the-art baselines in terms of improved NIR FER performance. This indicates a relationship between the proposed method and NIR FER performance.,2f51a1fba28041fe96c58a3e8f7758dc
proposed method,vis-nir translation quality,The proposed method also shows advantages in terms of VIS-NIR translation quality. This indicates a relationship between the proposed method and VIS-NIR translation quality.,2f51a1fba28041fe96c58a3e8f7758dc
nir fer performance,oulu-casia,The performance of NIR FER on Oulu-CASIA dataset is mentioned in relation to NIR FER performance.,2f51a1fba28041fe96c58a3e8f7758dc
nir fer performance,large-hfe,The performance of NIR FER on Large-HFE dataset is mentioned in relation to NIR FER performance.,2f51a1fba28041fe96c58a3e8f7758dc
vis-nir translation quality,oulu-casia,The translation quality from VIS to NIR on Oulu-CASIA dataset is mentioned in relation to VIS-NIR translation quality.,2f51a1fba28041fe96c58a3e8f7758dc
vis-nir translation quality,large-hfe,The translation quality from VIS to NIR on Large-HFE dataset is mentioned in relation to VIS-NIR translation quality.,2f51a1fba28041fe96c58a3e8f7758dc
task-specific energy functions,conditional score matching,The proposed method mainly consists of two parts, i.e., the conditional score-matching network and the task-specific energy guidance.,c27459796b864b8c953fdda2ab0c2d36
t2v,hifacegan,Among the baselines, T2V and HiFaceGAN tend to show consistent effectiveness in image quality on both datasets.,c27459796b864b8c953fdda2ab0c2d36
t2v,heterogeneous face translation,T2V and HiFaceGAN are specially designed for heterogeneous face translation, and thus can generate more realistic NIR images of the facial details than the other baselines.,c27459796b864b8c953fdda2ab0c2d36
hifacegan,heterogeneous face translation,T2V and HiFaceGAN are specially designed for heterogeneous face translation, and thus can generate more realistic NIR images of the facial details than the other baselines.,c27459796b864b8c953fdda2ab0c2d36
cyclegan,detailed original vis image,CycleGAN also produces relatively competitive results, since the detailed original VIS image is considered by the GAN-based network.,c27459796b864b8c953fdda2ab0c2d36
ilvr,details in the original image information,The other diffusion-based models, including ILVR, SDEdit, and EGSDE, perform not as expected, which is mainly due to the ignorance of details in the original image information in translation.,c27459796b864b8c953fdda2ab0c2d36
sdedit,details in the original image information,The other diffusion-based models, including ILVR, SDEdit, and EGSDE, perform not as expected, which is mainly due to the ignorance of details in the original image information in translation.,c27459796b864b8c953fdda2ab0c2d36
egsde,details in the original image information,The other diffusion-based models, including ILVR, SDEdit, and EGSDE, perform not as expected, which is mainly due to the ignorance of details in the original image information in translation.,c27459796b864b8c953fdda2ab0c2d36
proposed method,conditional score-matching network,The proposed method mainly consists of two parts, i.e., the conditional score-matching network and the task-specific energy guidance.,c27459796b864b8c953fdda2ab0c2d36
proposed method,task-specific energy guidance,The proposed method mainly consists of two parts, i.e., the conditional score-matching network and the task-specific energy guidance.,c27459796b864b8c953fdda2ab0c2d36
eh,eq. (6),Eh is the energy function mentioned in Eq. (6),54d1865fa26249c986918b6485d9a15c
ef,eq. (7),Ef is the energy function mentioned in Eq. (7),54d1865fa26249c986918b6485d9a15c
cond+ef,the proposed nfer-sde method,The proposed NFER-SDE method includes the conditional score-matching network with energy function Ef,54d1865fa26249c986918b6485d9a15c
cond+eh+ef,the proposed nfer-sde method,The proposed NFER-SDE method includes the conditional score-matching network with energy function Ef and energy function Eh,54d1865fa26249c986918b6485d9a15c
baseline,unconditional score-matching network,The baseline involves an unconditional score-matching network,54d1865fa26249c986918b6485d9a15c
baseline,no task-specific energy function,The baseline does not include any task-specific energy function,54d1865fa26249c986918b6485d9a15c
adding conditional score-matching network,performance improvement,Adding conditional score-matching network significantly improves the performance,54d1865fa26249c986918b6485d9a15c
adding two task-specific energy functions,performance improvement,Adding two task-specific energy functions further improves the performance,54d1865fa26249c986918b6485d9a15c
jointly combines the above components,best performance,The proposed method that jointly combines the above components achieves the best performance,54d1865fa26249c986918b6485d9a15c
task-specific energy guidance,conditional score-matching network,Both are effective in improving the performance of NIR FER benchmark,b5321a6dbb914a279d37edda8ccb189f
proposed method,baselines,The proposed method can generate NIR images with satisfying quality, while the baselines cannot,b5321a6dbb914a279d37edda8ccb189f
ilvr,pix2pix,ILVR performs the worst, since it fails to translate VIS images to NIR-like images while pix2pix can meet the basic requirements of VIS-NIR translation,b5321a6dbb914a279d37edda8ccb189f
cyclegan,hifacegan,CycleGAN suffers from black square artifact on Large-HFE and misses expression-related facial details, while HiFaceGAN remains the background in VIS images,b5321a6dbb914a279d37edda8ccb189f
sr3,t2v,SR3 and T2V images have a paler color tone compared to real NIR images, and SR3 fails to generate images of the same person on Large-HFE in some cases,b5321a6dbb914a279d37edda8ccb189f
nfer-sde,framework,NFER-SDE is the framework proposed in the paper,b29fd4f0a1054735a6c2584f1cd7183b
nfer-sde,score-based diffusion models,NFER-SDE is based on the score-based diffusion models,b29fd4f0a1054735a6c2584f1cd7183b
vis facial expression samples,nir domain,The framework translates VIS facial expression samples to the NIR domain,b29fd4f0a1054735a6c2584f1cd7183b
performance,nir fer task,The translated training images improve the performance of NIR FER task,b29fd4f0a1054735a6c2584f1cd7183b
energy functions,task-specific guidance,The framework consists of energy functions of task-specific guidance,b29fd4f0a1054735a6c2584f1cd7183b
energy functions,conditional score-matching network,The framework consists of energy functions of conditional score-matching network,b29fd4f0a1054735a6c2584f1cd7183b
diffusion models,facial representations for fer,The diffusion models capture facial representations for FER,b29fd4f0a1054735a6c2584f1cd7183b
experiments,nir fer datasets,Extensive experiments are conducted on two existing NIR FER datasets,b29fd4f0a1054735a6c2584f1cd7183b
nsfc program,sponsorship,The research is sponsored in part by the NSFC Program,b29fd4f0a1054735a6c2584f1cd7183b
industrial technology infrastructure public service platform project,sponsorship,The research is sponsored in part by the Industrial Technology Infrastructure Public Service Platform Project,b29fd4f0a1054735a6c2584f1cd7183b
ministry of industry and information technology of china,sponsorship,The research is sponsored in part by the Ministry of Industry and Information Technology of China,b29fd4f0a1054735a6c2584f1cd7183b
