node_1,node_2,edge,chunk_id
multi-agent settings,teams,Teams are formed in multi-agent settings to achieve collective outcomes.,3dfa267fe65f4c5b95ece6f4c1ab6ba2
agents,collective outcomes,Agents contribute to achieving outcomes that surpass their individual capabilities.,3dfa267fe65f4c5b95ece6f4c1ab6ba2
relative contributions,reward allocation,Measuring and fairly allocating rewards based on individual contributions is a challenge.,3dfa267fe65f4c5b95ece6f4c1ab6ba2
shapley value,distribution scheme,The Shapley value is a solution concept that fairly reflects individual contributions to team performance.,3dfa267fe65f4c5b95ece6f4c1ab6ba2
core,incentive to abandon team,The Core reduces the motivation for agents to leave their team by ensuring a fair distribution.,3dfa267fe65f4c5b95ece6f4c1ab6ba2
computational barrier,computing cooperative game-theoretic solutions,Computing these solutions, even in restricted settings, is computationally challenging.,3dfa267fe65f4c5b95ece6f4c1ab6ba2
neural networks,learned model,Neural networks are trained to propose fair payoff allocations, overcoming the computational challenge.,3dfa267fe65f4c5b95ece6f4c1ab6ba2
generalization,games far from training distribution,Trained models can generalize to new situations not seen during training.,3dfa267fe65f4c5b95ece6f4c1ab6ba2
predicting solutions,more players,Models can predict solutions for an increased number of players than observed during training.,3dfa267fe65f4c5b95ece6f4c1ab6ba2
explainable ai,shapley value computations,Our framework accelerates Shapley value calculations for multiple instances.,3dfa267fe65f4c5b95ece6f4c1ab6ba2
team collaboration,individual performance,Cooperation is crucial for individuals' performance in various environments, as the success of humans depends on their ability to cooperate at scale.,707e984b06254dcd806488f6202a4eca
human cooperation,artificial intelligence,Cooperation between learning agents is a fundamental problem in AI, as it contributes to high performance in different domains.,707e984b06254dcd806488f6202a4eca
local interactions,collective outcomes,Understanding how collective outcomes arise from individual interactions remains an open problem.,707e984b06254dcd806488f6202a4eca
influential features,explainable ai,Identifying influential features is a direct application in explainable AI, aiming to make models more transparent.,707e984b06254dcd806488f6202a4eca
cost-sharing,fair distribution,Fair cost-sharing is relevant in situations like data acquisition, joint ventures, and cooperative agent gains.,707e984b06254dcd806488f6202a4eca
majority support,legislative bodies,In decision-making processes, individual participants' weights determine majority support and passage of decisions.,707e984b06254dcd806488f6202a4eca
cooperative game theory,machine learning model,The context introduces the connection where feature importance games are a model for understanding feature influence in machine learning, which is a part of cooperative game theory.,8e3a9c7f57de43c6bd770b8d227ef688
game theoretic solutions,shapley value,The Shapley value is mentioned as one of the game theoretic solutions that can be computed for feature importance games.,8e3a9c7f57de43c6bd770b8d227ef688
shapley value,banzhaf index,Both Shapley value and Banzhaf index are mentioned as measures for solving game theoretic problems in the context.,8e3a9c7f57de43c6bd770b8d227ef688
shapley value,least-core,These are three different game theoretic measures, implying they are related as alternative ways to analyze game situations.,8e3a9c7f57de43c6bd770b8d227ef688
computational complexity,approximation algorithms,The high computational complexity of calculating the Shapley value is addressed by mentioning approximation algorithms as a way to speed up the process.,8e3a9c7f57de43c6bd770b8d227ef688
explainable ai analyses,datasets with a large number of instances,Our approach aims to speed up explainability for models, particularly benefiting datasets with numerous examples.,8e3a9c7f57de43c6bd770b8d227ef688
cooperative game theory,black-box model interpretability,Cooperative game theory is used as a foundation for making black-box models more interpretable.,8e3a9c7f57de43c6bd770b8d227ef688
grand coalition,utility v(n),The grand coalition refers to the group of all agents, and the utility v(N) represents the total value achievable by this coalition.,fe2bc18404754405b0767845fd132ca3
imputation,player i,An imputation is a payoff allocation where each player i receives a non-negative share such that the sum equals the total utility v(N).,fe2bc18404754405b0767845fd132ca3
core,payoff vector,The Core is the set of stable payoff allocations where no subset of agents can collectively increase their utility more than the total awarded by the current allocation.,fe2bc18404754405b0767845fd132ca3
core,characteristic function,The Core's definition involves the characteristic function, which measures the value of a coalition.,fe2bc18404754405b0767845fd132ca3
ε-core,empty core,The ε-Core is a relaxation of the Core for games with an empty Core, where instability is minimized by allowing slight violations of full stability.,fe2bc18404754405b0767845fd132ca3
least-core,ε-core,The Least-Core is another relaxation concept, similar to the ε-Core, but focuses on minimizing instability even further.,fe2bc18404754405b0767845fd132ca3
ε-core,instability,In games with an empty Core, the ε-Core minimizes instability by ensuring that the violation of stability for any coalition is limited to a specified margin ε.,fe2bc18404754405b0767845fd132ca3
ε-core,imputation,The ε-core consists of imputations where agents' utilities are at least v(C) - ε, ensuring no coalition can improve by more than ε without joining the grand coalition.,0e7009ca7ebb42789bbe4007d99f1c5d
ε-core,coalition,In the ε-core, no coalition has an excess of more than ε, meaning they cannot gain more than ε by forming a separate group.,0e7009ca7ebb42789bbe4007d99f1c5d
excess,coalition,The excess of a coalition represents the improvement in utility they can achieve by leaving the grand coalition and working together.,0e7009ca7ebb42789bbe4007d99f1c5d
least-core value (lcv),ε-core,The LCV is the minimal ε for which the ε-core is non-empty, indicating the lowest level of instability in the imputation.,0e7009ca7ebb42789bbe4007d99f1c5d
least-core,instability,The LCV minimizes the incentive for any agent subset to leave the grand coalition, measuring the degree of instability in the allocation.,0e7009ca7ebb42789bbe4007d99f1c5d
linear programming,lcv calculation,The LCV is found using linear programming techniques, providing a numerical solution.,0e7009ca7ebb42789bbe4007d99f1c5d
power index,shapley value,The Shapley Value is a power index that measures each player's influence on the team's performance, distributing gains fairly.,0e7009ca7ebb42789bbe4007d99f1c5d
shapley value,fairness,The Shapley Value is unique and satisfies fairness axioms, making it a popular choice for allocating resources.,0e7009ca7ebb42789bbe4007d99f1c5d
shapley value,marginal contribution,It calculates the average marginal contribution of each player across all permutations of the team.,0e7009ca7ebb42789bbe4007d99f1c5d
shapley value,feature i in a data instance x,The Shapley value of a feature represents the effect it has on the model outcome.,76c8b941a5d54be8b70f72ab2eda3553
feature i in a data instance x,model outcome,The Shapley value computes the contribution of a feature to the model's prediction.,76c8b941a5d54be8b70f72ab2eda3553
sampling based-methods,base value,These methods use the average model output (base value) as a reference for computing contributions.,76c8b941a5d54be8b70f72ab2eda3553
sampling based-methods,large datasets,Sampling based-methods are not suitable for large datasets due to the high number of re-evaluation samples needed.,76c8b941a5d54be8b70f72ab2eda3553
our approach,game-theoretic estimators,Our method employs machine learning to create models that estimate feature attributions efficiently.,76c8b941a5d54be8b70f72ab2eda3553
synthetic datasets,training for game-theoretic estimators,We generate synthetic datasets to train our models for fast solutions later.,76c8b941a5d54be8b70f72ab2eda3553
weighted voting games (wvgs),multi-agent settings,WVGs serve as a framework for studying cooperation in scenarios involving multiple agents.,76c8b941a5d54be8b70f72ab2eda3553
shapley-based feature importance setting,predictions of a machine learning model,Our approach speeds up the computation of feature impact on model predictions.,76c8b941a5d54be8b70f72ab2eda3553
weighted voting game,proportion of the quota,The weights in the weighted voting game are divided by the quota to create the inputs x.,cc341e39060f450caff6dbaa5636975e
player i,winning coalition,A value xi > 1 indicates that player i is a winning coalition by itself.,cc341e39060f450caff6dbaa5636975e
weighted voting game,solution concept,Models are trained to predict three solution concepts: Least-Core, Shapley values, and Banzhaf indices.,cc341e39060f450caff6dbaa5636975e
least-core,payoff allocation,For the Least-Core solution, the model predicts both the payoff allocation and the least core value εmin.,cc341e39060f450caff6dbaa5636975e
shapley values,payoff allocation,The model predicts the payoff allocation (p1, ..., pn) for Shapley values.,cc341e39060f450caff6dbaa5636975e
banzhaf indices,payoff allocation,The model also predicts the payoff allocation (p1, ..., pn) for Banzhaf indices.,cc341e39060f450caff6dbaa5636975e
n player game,model fθ,A deep feedforward network fθ is used to map the input (weights and possibly padded zeros) to the solution space.,cc341e39060f450caff6dbaa5636975e
variable-size case,maximal number of players m,The dataset considers games with up to M players, padding with zeros for fewer players.,cc341e39060f450caff6dbaa5636975e
inputs x,normalized weights,The feature matrix X contains the normalized weights for the game.,cc341e39060f450caff6dbaa5636975e
outputs p,solution values,P represents the corresponding solutions for the game, with K values depending on the solution type.,cc341e39060f450caff6dbaa5636975e
normalized weights,p (solutions),The model learns to allocate joint payoff using P, which is based on the normalized weights.,181c7b46165d4413a17f8c32022e5e2d
k (m + 1 or m),number of players n,The model gη can be used for different n, with K potentially being adjusted to accommodate the number of players.,181c7b46165d4413a17f8c32022e5e2d
ground truth output vector,zeros,The ground truth is padded with zeros if there are fewer than M players.,181c7b46165d4413a17f8c32022e5e2d
data shuffling,random positions,Players are randomly located during data shuffling.,181c7b46165d4413a17f8c32022e5e2d
least core value (lcv),last element of each row,LCV is not shuffled and remains at the end of each row.,181c7b46165d4413a17f8c32022e5e2d
model architecture,padding procedure,The model learns to handle variable player count by padding with zeros and redistributing payoffs.,181c7b46165d4413a17f8c32022e5e2d
mean square error (mse),training objective,During training, the model minimizes MSE between true and predicted solutions.,181c7b46165d4413a17f8c32022e5e2d
mean absolute error (mae),evaluation metric,MAE is used to assess the model's performance, measuring the average absolute difference between predicted and actual payoffs.,181c7b46165d4413a17f8c32022e5e2d
mean absolute error (mae),game,MAE is a metric defined for each game, calculating the difference between actual and predicted payoffs.,f5c929e43cae40549a276d22eb3ad3aa
least-core,game theoretic metric,The Least-Core aims to minimize incentives for subsets to leave the team, using a measure based on excess payoffs.,f5c929e43cae40549a276d22eb3ad3aa
payoff vector ˆp,coalition c,In the context of the Least-Core, a payoff vector is compared to find the maximal excess for any coalition, determining the incentive to break away.,f5c929e43cae40549a276d22eb3ad3aa
maximal excess v(c)−(cid:80),quality of the model,The quality of a model is evaluated based on the maximal excess, which represents the incentive for players to form a better coalition.,f5c929e43cae40549a276d22eb3ad3aa
weights w,beta distribution,Weights are sampled from a Beta distribution for assessing the model's ability to generalize to unseen instances.,f5c929e43cae40549a276d22eb3ad3aa
neural networks,feature importance measurement,Neural networks are used as a method to measure feature importance at scale more efficiently.,f5c929e43cae40549a276d22eb3ad3aa
shap kernelexplainer,feature to shapley values,SHAP KernelExplainer is used to convert features into Shapley values, which quantify the contribution of individual features to the model's output.,f5c929e43cae40549a276d22eb3ad3aa
dataset,shapley values,The context discusses constructing a dataset to compute Shapley values using the SHAP KernelExplainer.,88a8c64a1f334680b12fab43a0fa36a0
partitioning,train and test datasets,The dataset is partitioned into a train and test set, with proportions changing incrementally.,88a8c64a1f334680b12fab43a0fa36a0
epochs,training,Each increment involves training a model for 100 epochs.,88a8c64a1f334680b12fab43a0fa36a0
wvg (weighted voting games),neural models,The focus is on evaluating the predictive performance of neural networks in WVG settings.,88a8c64a1f334680b12fab43a0fa36a0
variable-size model,gη∗,A single variable-size model gη∗ is trained on games with different player counts.,88a8c64a1f334680b12fab43a0fa36a0
m (maximum players),padded zeros,Data is padded to accommodate games up to M=20 players.,88a8c64a1f334680b12fab43a0fa36a0
table 1,predictive performance,The table presents the performance of neural networks in handling games with varying player counts.,88a8c64a1f334680b12fab43a0fa36a0
sample complexity,shapley feature importance prediction,In the explainable AI domain, the study examines the sample complexity of predicting Shapley feature importances.,88a8c64a1f334680b12fab43a0fa36a0
fixed-size neural networks,standard multinomial regression models,outperform by 45 to 95%,99cc82fa1c5949b4984e40e7429b0400
solution concepts,full details (appendix ??),performance comparison is detailed in the appendix,99cc82fa1c5949b4984e40e7429b0400
least core,shapley values,error ranges from 0.005 to 0.087 for least core,99cc82fa1c5949b4984e40e7429b0400
least core,banzhaf indices,error ranges from 0.012 to 0.067 for Banzhaf indices,99cc82fa1c5949b4984e40e7429b0400
table ??,in-sample performance summary,provides a complete summary of models' performance,99cc82fa1c5949b4984e40e7429b0400
predictive performance,mean mae,consistent across test datasets, shown in Figure 4,99cc82fa1c5949b4984e40e7429b0400
average payoff per player,1/n,error scales approximately with this value,99cc82fa1c5949b4984e40e7429b0400
fixed-size models,figure 4,evaluates performance with MAE and confidence intervals,99cc82fa1c5949b4984e40e7429b0400
variable-size models,robust to shifts in weight distribution,Figure 5 shows stability across test sets,99cc82fa1c5949b4984e40e7429b0400
variable-size models,training distribution,generalize outside the training distribution, Figure 5,99cc82fa1c5949b4984e40e7429b0400
figure 5,stable performance,decays with the number of players,99cc82fa1c5949b4984e40e7429b0400
least core,figure 5,(a) refers to least core performance in Figure 5,99cc82fa1c5949b4984e40e7429b0400
shapley values,figure 5,(b) refers to Shapley value performance in Figure 5,99cc82fa1c5949b4984e40e7429b0400
banzhaf indices,figure 5,(c) refers to Banzhaf index performance in Figure 5,99cc82fa1c5949b4984e40e7429b0400
least core,performance,The relation is that the performance abruptly decreases for the excess players beyond 8, specifically regarding the 'least core' concept.,e8d2cff1bcc644c0b8265960e70975e3
shapley value,performance,Similar to the least core, the Shapley value also shows a decline in performance as the number of players increases.,e8d2cff1bcc644c0b8265960e70975e3
banzhaf index,performance,The Banzhaf index exhibits a similar pattern of performance degradation with more players.,e8d2cff1bcc644c0b8265960e70975e3
variable-size models,generalization to larger number of players,The main objective is to investigate if variable-size models can generalize, which they demonstrate by maintaining performance even when evaluated on unseen larger player counts.,e8d2cff1bcc644c0b8265960e70975e3
variable-size models,extrapolation beyond training data,These models are capable of performing well on games with more than 10 players, indicating successful extrapolation.,e8d2cff1bcc644c0b8265960e70975e3
fixed-size models,variable-size models,Fixed-size models outperform variable-size models in terms of Mean MAEs, suggesting that fixed structures might be more accurate.,e8d2cff1bcc644c0b8265960e70975e3
mean maes,evaluation metric,Mean MAEs are used as a quantitative measure to compare the performance of different solution concepts.,e8d2cff1bcc644c0b8265960e70975e3
test sets,evaluation,Performance is evaluated on multiple test sets to ensure the robustness of the models.,e8d2cff1bcc644c0b8265960e70975e3
solution concepts,discontinuities in the solution space,Solution concepts are mentioned to be part of the 'discontinuities' in the context, discussing the difficulty in capturing step-wise constant functions due to players' interdependence and quota effects.,6357fb5f75aa4b6bb2b615039c519560
variable-size networks,fixed-size networks,These two types of networks are compared for performance, with variable-size networks generally having 'larger errors' and 'more variance' in predictions, as stated in the context.,6357fb5f75aa4b6bb2b615039c519560
error distributions,figure 6,Error distributions are visualized in 'Figure 6', which compares the performance of fixed-size and variable-size networks.,6357fb5f75aa4b6bb2b615039c519560
quota,discontinuities in the solution space,Quotas contribute to 'discontinuities' in the solution space, as they cause sudden changes in winning coalition structures.,6357fb5f75aa4b6bb2b615039c519560
winning coalitions,solution concepts,Solution concepts are related to the 'winning coalitions,' as their structure affects the function mapping in games.,6357fb5f75aa4b6bb2b615039c519560
weight of a player,solution concepts,Changing a player's weight can lead to 'step-wise constant functions' in solution concepts, with a change occurring when the weight reaches a threshold that alters the winning coalition composition.,6357fb5f75aa4b6bb2b615039c519560
wvg,solution concepts,WVG (Weighted Voting Game) is a context where solution concepts, particularly their discontinuities, are discussed.,6357fb5f75aa4b6bb2b615039c519560
model learning,discontinuities in the solution space,Models face difficulty in learning the solution space due to its discontinuities, causing large errors around transition points.,6357fb5f75aa4b6bb2b615039c519560
melbourne housing dataset,kernelexplainer,The Melbourne Housing dataset is used to generate a ground-truth dataset for explaining model decisions, where the KernelExplainer's sample size determines the accuracy and re-evaluation time.,938439c5790e47c7a38442bd282b95aa
shap package (kernelexplainer),number of samples,The number of samples in the SHAP package affects the accuracy and variance of Shapley values; a higher number leads to more accurate values but longer computation time.,938439c5790e47c7a38442bd282b95aa
compute time,higher number of samples,The compute time increases approximately linearly with the number of re-evaluation samples in the KernelExplainer.,938439c5790e47c7a38442bd282b95aa
computation time,10% of the data,Computing Shapley values on 10% of the data takes 29 minutes, significantly less than the full dataset.,938439c5790e47c7a38442bd282b95aa
computation time,90% of the data,Predicting Shapley values on the remaining 90% of the data takes less than a second.,938439c5790e47c7a38442bd282b95aa
total time,entire dataset,The entire process of training, predicting, and computing Shapley values on 90% of the data is roughly 12% of the time needed for the full dataset.,938439c5790e47c7a38442bd282b95aa
prediction quality,remaining unseen data,The prediction quality on the unseen 90% of the data remains reasonable despite the speedup in computation.,938439c5790e47c7a38442bd282b95aa
shapley values,prediction quality,The trade-off in prediction quality is measured by comparing the model predicted Shapley values to the Shapley values obtained with the default number of samples.,17ee16b914bc4eed89023943aab77e4f
model predicted shapley values,ground-truth dataset,Mean Mean Absolute Error (MMSE) is used to quantify the difference between the model's predictions and the actual Shapley values.,17ee16b914bc4eed89023943aab77e4f
inference time,number of samples,The inference time scales approximately linearly with the number of samples used for computing Shapley values.,17ee16b914bc4eed89023943aab77e4f
model-based approach,speedup,The model-based approach provides a speedup in Shapley value computations.,17ee16b914bc4eed89023943aab77e4f
sample efficiency,neural networks,Neural networks are shown to be sample efficient in predicting Shapley values.,17ee16b914bc4eed89023943aab77e4f
uci bank marketing dataset,sample efficiency, performance,The UCI Bank Marketing dataset is used to examine the sample efficiency and performance of neural networks in predicting Shapley values.,17ee16b914bc4eed89023943aab77e4f
neural payoff machines,cooperative game,Neural payoff machines are models designed to solve cooperative games, providing a distribution of joint gains among team members.,feeb138de6bb4de38e495d6c1f103dae
weighted voting games,feature importance games,These are two concise representations of a characteristic function analyzed in the context, highlighting different aspects of explainable AI.,feeb138de6bb4de38e495d6c1f103dae
neural models,training distribution,Neural models show good generalization, capturing cooperative game solutions even when extrapolating to more players than in the training data.,feeb138de6bb4de38e495d6c1f103dae
least core,shapley value,The least core is a harder solution concept to learn compared to the Shapley value, which is easier for neural models to grasp.,feeb138de6bb4de38e495d6c1f103dae
least core,banzhaf index,Both the least core and the Banzhaf index are mentioned as solution concepts that are challenging for neural models to learn.,feeb138de6bb4de38e495d6c1f103dae
model-based approach,sampling based approach (shap),A model-based approach using neural payoff machines leads to an 8x speedup over the sampling-based SHAP method, based on LIME algorithm.,feeb138de6bb4de38e495d6c1f103dae
dataset of 9000 instances,prediction quality,The model-based approach sacrifices some prediction quality in favor of computational efficiency.,feeb138de6bb4de38e495d6c1f103dae
dataset of 100,000 instances,potential impact,As dataset size increases, the computational advantage of the model-based approach becomes even more significant.,feeb138de6bb4de38e495d6c1f103dae
larger datasets,weeks (40 or 400 hours),Computing Shapley values on the entire dataset takes a significant amount of time, increasing exponentially with dataset size.,97db8fd6751a4791b216248b66ea11c3
weeks (40 or 400 hours),our procedure,Our procedure remains relatively constant time compared to computing Shapley values, as it focuses on building the train set and training the neural network.,97db8fd6751a4791b216248b66ea11c3
building the train set,training the neural network,Both these tasks together take only a fraction of the time spent on the sampling-based approach.,97db8fd6751a4791b216248b66ea11c3
our method,a few hours,The analysis using our method is significantly faster than computing Shapley values, taking a few hours instead.,97db8fd6751a4791b216248b66ea11c3
methods discussed,better analysis of decision making bodies,These methods contribute to improved understanding of decision-making processes.,97db8fd6751a4791b216248b66ea11c3
methods discussed,approximating feature importance,They also aid in estimating the significance of features in a model.,97db8fd6751a4791b216248b66ea11c3
graph-based games,set-based representations,Similar approaches can be applied to various cooperative game representations.,97db8fd6751a4791b216248b66ea11c3
direct applications,speeding up explainable ai analysis,Our approach enhances the speed of explanations in AI systems.,97db8fd6751a4791b216248b66ea11c3
direct applications,political influence estimation,It also facilitates estimating political influence.,97db8fd6751a4791b216248b66ea11c3
future work,non-cooperative games,Exploring the applicability to non-cooperative games is a topic for further research.,97db8fd6751a4791b216248b66ea11c3
future work,kernel or nucleolous solutions,Considering alternative solution methods like Kernel or Nucleolous is another area of interest.,97db8fd6751a4791b216248b66ea11c3
neural network designs,graph neural networks,Investigating graph neural networks or transformers could lead to more efficient designs.,97db8fd6751a4791b216248b66ea11c3
