node_1,node_2,edge,chunk_id
uncoupled learning dynamics,regret,Uncoupled learning dynamics control the growth of regret, which measures the difference between the best possible outcome and the actual outcome over time.,cea3b11932504bffbe696eddbbba218d
polylogarithmically in t,traditional guarantees,The regret bound achieved by uncoupled learning dynamics improves exponentially over traditional no-regret framework guarantees, growing as a function of T.,cea3b11932504bffbe696eddbbba218d
normal-form and extensive-form games,structured strategy spaces,Normal-form and extensive-form games are examples of game classes with structured strategy spaces where uncoupled learning dynamics have been successfully applied.,cea3b11932504bffbe696eddbbba218d
general convex and compact strategy sets,economics and multiagent systems,General convex and compact strategy sets are prevalent in fundamental models used in economics and multiagent systems.,cea3b11932504bffbe696eddbbba218d
o(log t ) per-player regret,uncoupled learning algorithm,The introduced uncoupled learning algorithm achieves a regret bound of O(log T ) per player in general convex games.,cea3b11932504bffbe696eddbbba218d
optimistic follow-the-regularized-leader,self-concordant regularizer,The learning dynamics are based on optimistic follow-the-regularized-leader method using a self-concordant regularizer that does not act as a barrier for the feasible region.,cea3b11932504bffbe696eddbbba218d
proximal oracle,efficient implementation,Efficient implementation of the learning dynamics is possible with access to a proximal oracle for the convex strategy set.,cea3b11932504bffbe696eddbbba218d
linear optimization oracle,extensions,Extensions of the learning dynamics are provided for scenarios with access to only a linear optimization oracle.,cea3b11932504bffbe696eddbbba218d
regret minimization,online learning,Regret minimization is a central framework in the development of online learning.,d42a53f164fe41b4a5a1b17b6fcbf5df
regret minimization,multiagent systems,Regret minimization plays a crucial role in the theory of multiagent systems.,d42a53f164fe41b4a5a1b17b6fcbf5df
no-regret learning,game-theoretic solution concepts,Fundamental connections exist between no-regret learning and game-theoretic solution concepts.,d42a53f164fe41b4a5a1b17b6fcbf5df
regret,performance measure,Regret is an intrinsic measure of performance in online learning and games.,d42a53f164fe41b4a5a1b17b6fcbf5df
regret minimization algorithms,practical success,Regret minimization algorithms have seen remarkable practical success in AI.,d42a53f164fe41b4a5a1b17b6fcbf5df
ai agents,self-play,AI agents are trained using self-play under regret-minimizing algorithms.,d42a53f164fe41b4a5a1b17b6fcbf5df
self-play,regret-minimizing algorithms,Self-play is conducted under the guidance of regret-minimizing algorithms for AI agent training.,d42a53f164fe41b4a5a1b17b6fcbf5df
self-play approach,linear programming techniques,The self-play approach has proven more scalable compared to linear programming techniques.,d42a53f164fe41b4a5a1b17b6fcbf5df
linear programming techniques,traditional no-regret framework,compared to; traditional no-regret framework is mentioned as an alternative to linear programming techniques with different pessimism levels,5c4b7a9b578048e9a3f0ce2f7604dd3d
traditional no-regret framework,adversarial way,models the environment in; the framework insists on treating the environment adversarially,5c4b7a9b578048e9a3f0ce2f7604dd3d
security games,traditional no-regret framework,justifiable for applications such as; the framework is suitable for security games due to their adversarial nature,5c4b7a9b578048e9a3f0ce2f7604dd3d
benign and predictable environments,traditional no-regret framework,far from optimal in; the framework is not the best fit for more predictable scenarios,5c4b7a9b578048e9a3f0ce2f7604dd3d
training agents,self-play,using; agents are trained through the method of self-play,5c4b7a9b578048e9a3f0ce2f7604dd3d
learning agents,general games,competing against each other in; the context where learning agents interact competitively,5c4b7a9b578048e9a3f0ce2f7604dd3d
optimal performance guarantees,learning agents,obtained when; the focus is on what guarantees can be achieved by competing agents,5c4b7a9b578048e9a3f0ce2f7604dd3d
zero-sum games,fundamental question,formulated and addressed within; the context in which the fundamental question was first studied,5c4b7a9b578048e9a3f0ce2f7604dd3d
daskalakis et al.,zero-sum games,formulated and addressed; they were the first to address the question in this game type,5c4b7a9b578048e9a3f0ce2f7604dd3d
normal-form games,strategic interactions,represent; a common theoretical representation for analyzing strategic interactions,5c4b7a9b578048e9a3f0ce2f7604dd3d
normal-form games,strategic interactions,normal-form games are a common way to represent strategic interactions in theory,912464e5e1fd40f48123f0a0fc864246
strategic interactions,strategy spaces,most settings of practical significance involving strategic interactions have more complex strategy spaces,912464e5e1fd40f48123f0a0fc864246
normal-form,inefficient approximation,faithful approximation of complex games using the normal form is typically inefficient,912464e5e1fd40f48123f0a0fc864246
action space,exponential growth,the required action space for approximation is exponential in the natural parameters of the problem,912464e5e1fd40f48123f0a0fc864246
central question,near-optimal learning dynamics,the central question asks about establishing near-optimal, efficient, and strongly uncoupled no-regret learning dynamics,912464e5e1fd40f48123f0a0fc864246
central question,general convex games,the central question pertains to general convex games,912464e5e1fd40f48123f0a0fc864246
convex games,normal-form and extensive-form games,convex games encompass normal-form and extensive-form games as well as other economic theory settings,912464e5e1fd40f48123f0a0fc864246
convex games,routing games,routing games are an example within the class of convex games,912464e5e1fd40f48123f0a0fc864246
convex games,resource allocation problems,resource allocation problems are also part of the convex games class,912464e5e1fd40f48123f0a0fc864246
convex games,competition between firms,competition between firms is another setting included in convex games,912464e5e1fd40f48123f0a0fc864246
paper's contribution,lifted log-regularized optimistic follow the regularized leader (lrl-oftrl),the paper introduces a novel no-regret learning algorithm called LRL-OFTRL,912464e5e1fd40f48123f0a0fc864246
lrl-oftrl,question (♣) resolution,LRL-OFTRL settles the central question about near-optimal learning dynamics in the positive,912464e5e1fd40f48123f0a0fc864246
lrl-oftrl,optimistic follow the regularized leader,LRL-OFTRL is an abbreviation for optimistic follow the regularized leader,f0c7a0adb14d4957a4affd721f6402a5
theorem 1,lrl-oftrl,Theorem 1 provides detailed results on the performance of LRL-OFTRL in general convex games,f0c7a0adb14d4957a4affd721f6402a5
theorem 1,regret,Theorem 1 discusses the regret growth of players using LRL-OFTRL, stating it as O(log T) and O(T√) under different conditions,f0c7a0adb14d4957a4affd721f6402a5
proximal oracle,efficient implementation,A proximal oracle is required for the efficient implementation of LRL-OFTRL, with O(log log T) operations per iteration,f0c7a0adb14d4957a4affd721f6402a5
quadratic optimization oracle,proximal oracle,The proximal oracle used by LRL-OFTRL is weaker than the quadratic optimization oracle commonly used in convex optimization,f0c7a0adb14d4957a4affd721f6402a5
theorem 5,proximal oracle,Theorem 5 elaborates on the efficiency of implementation with a proximal oracle, specifying the per-iteration complexity,f0c7a0adb14d4957a4affd721f6402a5
theorem 6,linear optimization oracle,Theorem 6 discusses extensions with a linear optimization oracle, which has a higher per-iteration complexity,f0c7a0adb14d4957a4affd721f6402a5
general convex games,near-optimal regret guarantees,LRL-OFTRL provides the first efficiently implementable and near-optimal regret guarantees in the context of general convex games,f0c7a0adb14d4957a4affd721f6402a5
omd,oftrl,OMD (Online Mirror Descent) and OFTRL are mentioned together as they both apply to general convex sets with differing regret bounds,f0c7a0adb14d4957a4affd721f6402a5
omwu,general convex set,OMWU (Online Mirror Descent with Multiplicative Weights Update) also applies to general convex sets with a specific regret bound,f0c7a0adb14d4957a4affd721f6402a5
clairvoyant mwu,general convex set,Clairvoyant MWU is another algorithm applied to general convex sets with its own regret bound,f0c7a0adb14d4957a4affd721f6402a5
general convex set,regularizer- & oracle- dependent,General convex set has a dependency on the type of regularizer and oracle used, affecting the regret bound.,99c2c06901e34f9fb4be1f6ad9ff33eb
simplex ∆d,o(n log d log4 t ),The Simplex ∆d yields a regret bound of O(n log d log4 T ) under specific conditions.,99c2c06901e34f9fb4be1f6ad9ff33eb
simplex ∆d,o(d),Another scenario for Simplex ∆d results in a regret bound proportional to the dimension d.,99c2c06901e34f9fb4be1f6ad9ff33eb
polytope ω = cov,o(n log ,,v,, log4 t ),Polytope with vertex set V has a regret bound depending on the number of players n and the size of V.,99c2c06901e34f9fb4be1f6ad9ff33eb
d × cost of kernel,lrl-oftrl,The cost associated with the kernel is a factor in the regret bound achievable by LRL-OFTRL algorithm.,99c2c06901e34f9fb4be1f6ad9ff33eb
general convex set x ⊆ rd,o(nd∥x ∥21 log t ),For a general convex set in Rd, the regret bound involves the dimensionality, the norm of the set, and the logarithm of the time horizon T.,99c2c06901e34f9fb4be1f6ad9ff33eb
o(log log t ) proximal oracle calls,oracle-dependent,The dependency on the oracle is manifested through the number of proximal oracle calls, which scales logarithmically with respect to the logarithm of T .,99c2c06901e34f9fb4be1f6ad9ff33eb
o(poly t ) linear opt. oracle calls,oracle-dependent,In addition to proximal calls, there's also a polynomial dependency on T for linear optimization oracle calls, indicating a complex oracle interaction.,99c2c06901e34f9fb4be1f6ad9ff33eb
clairvoyant mwu (cmwu),θ(t log t ) iterations,To achieve a comparable approximation of a coarse correlated equilibrium, CMWU must be executed for a number of iterations proportional to T log T .,99c2c06901e34f9fb4be1f6ad9ff33eb
theorem 1,o(polylog t )-regret guarantees,Theorem 1 extends the scope of prior work by establishing guarantees on regret bounds that scale polylogarithmically with T .,99c2c06901e34f9fb4be1f6ad9ff33eb
theorem 1,regret,establishes near-optimal regret,47c1d52d5a5b4420bc37f3d84fa293e1
theorem 1,self-play,establishes near-optimal regret under self-play,47c1d52d5a5b4420bc37f3d84fa293e1
theorem 1,adversarial regime,establishes near-optimal regret in the adversarial regime,47c1d52d5a5b4420bc37f3d84fa293e1
adversarial regime,player's utility,minimize the player’s utility,47c1d52d5a5b4420bc37f3d84fa293e1
optimistic no-regret learning,chiang et al., 2012,pioneered by Chiang et al. [2012],47c1d52d5a5b4420bc37f3d84fa293e1
optimistic no-regret learning,rakhlin and sridharan, 2013,pioneered by Rakhlin and Sridharan [2013],47c1d52d5a5b4420bc37f3d84fa293e1
oftrl algorithm,syrgkanis et al., 2015,leveraged from Syrgkanis et al. [2015],47c1d52d5a5b4420bc37f3d84fa293e1
algorithm 1,oftrl optimization step,performed over a 'lifted' space in Algorithm 1,47c1d52d5a5b4420bc37f3d84fa293e1
lifting approach,lee et al., 2020,similar in spirit approaches employed by Lee et al. [2020],47c1d52d5a5b4420bc37f3d84fa293e1
lifting approach,luo et al., 2022,similar in spirit approaches employed by Luo et al. [2022],47c1d52d5a5b4420bc37f3d84fa293e1
logarithmic self-concordant regularizer,typical use,deviates substantially from the typical use of self-concordant regularization,47c1d52d5a5b4420bc37f3d84fa293e1
logarithmic self-concordant regularizer,bandit setting,not a barrier for the underlying feasible set, unlike in the bandit setting,47c1d52d5a5b4420bc37f3d84fa293e1
logarithmic regularizer,multiplicative stability,guarantees the property of,8fffc6acede8499a8eb05d0ceaf06d32
logarithmic regularizer,local norm,induces,8fffc6acede8499a8eb05d0ceaf06d32
local norm,regret bounds,casts from lifted space to original space,8fffc6acede8499a8eb05d0ceaf06d32
regret bounds,rvu property,preserves,8fffc6acede8499a8eb05d0ceaf06d32
second-order path lengths,o(log t),bounded by,8fffc6acede8499a8eb05d0ceaf06d32
anagnostides et al., 2022a,recent technique,presents,8fffc6acede8499a8eb05d0ceaf06d32
nonnegativity of swap regret,crucial leverage,provides,8fffc6acede8499a8eb05d0ceaf06d32
rvu bound,optimal sum of players’ regrets,implies,8fffc6acede8499a8eb05d0ceaf06d32
daskalakis et al., 2011,improved regret guarantees in games,pioneered research on,8fffc6acede8499a8eb05d0ceaf06d32
daskalakis et al., 2011,strongly uncoupled learning dynamics,developed,8fffc6acede8499a8eb05d0ceaf06d32
strongly uncoupled learning dynamics,players’ regrets,The dynamics ensure players' regrets grow as O(log T), an improvement in adversarial environments.,374034992c9649829b1c8d5cbc3847b0
rakhlin and sridharan [2013],optimistic mirror descent (omd),They introduced a simple variant of mirror descent with recency bias, known as OMD.,374034992c9649829b1c8d5cbc3847b0
recency bias,optimism,Recency bias is a form of optimism from an optimization standpoint and observed in natural learning environments.,374034992c9649829b1c8d5cbc3847b0
syrgkanis et al. [2015],rvu property,They crystallized the RVU property, an adversarial regret bound applicable for optimistic no-regret learning algorithms.,374034992c9649829b1c8d5cbc3847b0
rvu property,individual regret,The RVU property shows individual regret of each player grows as O(T 1/4) in general games, converging to coarse correlated equilibria at O(T −3/4).,374034992c9649829b1c8d5cbc3847b0
daskalakis et al. [2021],near-optimal bound of o(polylog(t)),They established a near-optimal regret bound in normal-form games.,374034992c9649829b1c8d5cbc3847b0
farinia et al. [2022],class of polyhedral games,They generalized the near-optimal bound to a class of polyhedral games including extensive-form games.,374034992c9649829b1c8d5cbc3847b0
no-swap-regret learning dynamics,normal-form games,extensions of previous results established for no-swap-regret learning dynamics in the context of normal-form games,e54ef39364604687ba5a62707b5e8bd3
anagnostides et al.,o(log t ) swap regret,Anagnostides et al. established a technique resulting in O(log T ) swap regret in normal-form games using a self-concordant barrier function,e54ef39364604687ba5a62707b5e8bd3
swap regret,extensive-form games,establishing sublinear o(T ) swap regret in extensive-form games is a notorious open question, contrasting with progress in normal-form games,e54ef39364604687ba5a62707b5e8bd3
piliouras et al.,near-optimal external regret,Piliouras et al. proposed an interesting new approach for obtaining near-optimal external regret in normal-form games concurrently,e54ef39364604687ba5a62707b5e8bd3
games with continuous strategy spaces,literature,received a lot of attention in the literature due to their applicability in economics and multiagent systems,e54ef39364604687ba5a62707b5e8bd3
roughgarden and schoppmann, 2015,games with continuous strategy spaces,a reference contributing to the study of games with continuous strategy spaces,e54ef39364604687ba5a62707b5e8bd3
even-dar et al., 2009,games with continuous strategy spaces,another work contributing to the understanding of games with continuous strategy spaces,e54ef39364604687ba5a62707b5e8bd3
applications,economics and multiagent systems,games with continuous strategy spaces encompass a wide variety of applications in these fields,e54ef39364604687ba5a62707b5e8bd3
no-regret learning,convex games,No-Regret Learning is a framework that encompasses the setting of Convex Games, as explained in the context.,c64532844eab40cf8f228875036c775d
convex games,players,In a Convex Game, there are multiple players each with their own strategies and utility functions.,c64532844eab40cf8f228875036c775d
players,strategies,Every player in a Convex Game has a set of strategies they can choose from, defined as Xi ⊆ Rdi.,c64532844eab40cf8f228875036c775d
strategies,utility function,The Utility Function determines the reward for each player based on the joint strategy profile of all players.,c64532844eab40cf8f228875036c775d
joint strategy profile,player rewards,The joint strategy profile of all players directly influences the rewards received by individual players through the Utility Function.,c64532844eab40cf8f228875036c775d
littlestone games,game abstraction,Some game settings requiring a large or infinite action space can be abstracted as Littlestone games, referencing the work of Daskalakis and Golowich.,c64532844eab40cf8f228875036c775d
clairvoyant mwu algorithm,no-regret learning,The Clairvoyant MWU algorithm is a version related to No-Regret Learning, previously proposed with guarantees of no-regret behavior and logarithmic complexity in time.,c64532844eab40cf8f228875036c775d
clairvoyant mwu algorithm,no-regret,The Clairvoyant MWU algorithm's iterates are guaranteed to have no-regret.,397f1fbf265d4ee5a3bc4e1ef7b018f4
clairvoyant mwu algorithm (2022 revision),o(d) per-iteration complexity,The 2022 revision of the Clairvoyant MWU algorithm has a time-independent O(d) per-iteration complexity.,397f1fbf265d4ee5a3bc4e1ef7b018f4
clairvoyant mwu algorithm (2022 revision),loses no-regret guarantee,The 2022 revision loses the no-regret guarantee on the entire sequence of iterates.,397f1fbf265d4ee5a3bc4e1ef7b018f4
concave games,continuous games,Both terms are sometimes used to refer to the same type of games, as noted in the context with references to [Rosen, 1965] and [Hsieh et al., 2021].,397f1fbf265d4ee5a3bc4e1ef7b018f4
convex games,assumption 1,Assumption 1 lays out the properties defining Convex games.,397f1fbf265d4ee5a3bc4e1ef7b018f4
convex games,concavity,One property of Convex games defined in Assumption 1 is that the utility function is concave in the player's strategy.,397f1fbf265d4ee5a3bc4e1ef7b018f4
convex games,bounded gradients,Another property defined under Convex games in Assumption 1 states that the gradients of the utility function are bounded.,397f1fbf265d4ee5a3bc4e1ef7b018f4
convex games,l-smoothness,A third property outlined in Assumption 1 for Convex games is the existence of L-smoothness in the utility function gradients.,397f1fbf265d4ee5a3bc4e1ef7b018f4
cournot competition,one-dimensional setting,Cournot competition is described in a simplified one-dimensional setting for explanation purposes.,397f1fbf265d4ee5a3bc4e1ef7b018f4
cournot competition,normal-form games,Cournot competition is an example discussed under normal-form games (NFGs), showcasing the broader application of game theory concepts.,397f1fbf265d4ee5a3bc4e1ef7b018f4
nonempty set of strategies ai,player i’s strategy set,The nonempty set of strategies Ai constitutes the strategy set for player i.,4a96266500ed4c60a42ccbaa9969fe78
xi,∆(ai),Xi is defined as the set of all probability distributions supported on Ai, represented as ∆(Ai).,4a96266500ed4c60a42ccbaa9969fe78
utility,multilinear function ui(x),The utility of player i is calculated using the multilinear function ui(x) which depends on the probability distribution x over strategy sets.,4a96266500ed4c60a42ccbaa9969fe78
nfgs,extensive-form games (efgs),EFGs generalize NFGs by incorporating sequential moves, simultaneity, stochasticity, and imperfect information.,4a96266500ed4c60a42ccbaa9969fe78
directed tree,efgs,EFGs are structured as a directed tree, capturing the game's progress and outcomes.,4a96266500ed4c60a42ccbaa9969fe78
terminal node z,utility ui(z),Upon reaching a terminal node z, each player i receives a utility Ui(z).,4a96266500ed4c60a42ccbaa9969fe78
strategy space,sequence-form polytope qi,The strategy space of each player i in EFGs is compactly represented by the sequence-form polytope Qi.,4a96266500ed4c60a42ccbaa9969fe78
probability of reaching terminal node z,pc(z),pc(z) denotes the probability of reaching terminal node z over chance moves.,4a96266500ed4c60a42ccbaa9969fe78
joint strategy profile,q = (q1, . . . , qn),The joint strategy profile q aggregates the probability masses assigned by each player to their sequences leading to terminal nodes.,4a96266500ed4c60a42ccbaa9969fe78
splittable routing games,roughgarden and schoppmann, 2015,Splittable Routing Games are a category within game theory introduced by Roughgarden and Schoppmann in 2015.,4a96266500ed4c60a42ccbaa9969fe78
flow fi,source,flow fi originates from the source,af4929fd66f44d8a8cc7b04945d35099
flow fi,destination,flow fi aims to reach the destination,af4929fd66f44d8a8cc7b04945d35099
edge e,latency function ℓe(fe),edge e is associated with a latency function that maps flow to latency,af4929fd66f44d8a8cc7b04945d35099
player i,strategies,each player i has a set of strategies for splitting flow into paths,af4929fd66f44d8a8cc7b04945d35099
cournot competition,firms,game involving n firms deciding quantities of a common good to produce,af4929fd66f44d8a8cc7b04945d35099
firm i,quantity si,each firm i decides the quantity si of the common good to produce,af4929fd66f44d8a8cc7b04945d35099
quantity si,si,si is chosen from the interval Si,af4929fd66f44d8a8cc7b04945d35099
cost function ci,si,assigns production cost to the quantity produced by firm i,af4929fd66f44d8a8cc7b04945d35099
price p,quantity s,price p depends on the total quantity s produced by all firms,af4929fd66f44d8a8cc7b04945d35099
utility ui(s),firm i,defines the profit of firm i based on the price and its production cost,af4929fd66f44d8a8cc7b04945d35099
online linear optimization,learning agent,framework where a learning agent selects strategies over time,af4929fd66f44d8a8cc7b04945d35099
learning agent,strategy x(t),selects a strategy at every time step t,af4929fd66f44d8a8cc7b04945d35099
utility function,linear function,provides feedback to the learner as a linear function of the selected strategy,af4929fd66f44d8a8cc7b04945d35099
regret,performance measure,The canonical measure of performance in a time horizon T is defined as regret,61b0e7224fa04df9a587f5c11d80b2c2
time horizon t,regret,Regret is measured over a predefined time horizon T,61b0e7224fa04df9a587f5c11d80b2c2
optimal fixed strategy,regret,The performance of an agent is compared to the optimal fixed strategy using regret,61b0e7224fa04df9a587f5c11d80b2c2
convex games,linearized utility function,In convex games, players receive a linearized utility function based on the gradient of their utility function,61b0e7224fa04df9a587f5c11d80b2c2
player i,utility function xi,Each player i has an associated utility function xi,61b0e7224fa04df9a587f5c11d80b2c2
concavity,assumption 1,Concavity is a property assumed in Assumption 1 which affects the calculation of regret,61b0e7224fa04df9a587f5c11d80b2c2
learning dynamics,uncoupled,The learning dynamics in the context described are uncoupled, meaning players are oblivious to others' utilities,61b0e7224fa04df9a587f5c11d80b2c2
hart and mas-colell [2003],uncoupled learning dynamics,The concept of uncoupled learning dynamics is attributed to Hart and Mas-Colell's work,61b0e7224fa04df9a587f5c11d80b2c2
daskalakis et al. [2011],strongly uncoupledness,Daskalakis et al. introduced the concept of strong uncoupledness in learning dynamics,61b0e7224fa04df9a587f5c11d80b2c2
log-regularized lifted optimistic ftrl,algorithm,The described algorithm is called Log-Regularized Lifted Optimistic FTRL used for no-regret learning in convex games,61b0e7224fa04df9a587f5c11d80b2c2
lrl-oftrl,theorem 4,Theorem 4 asserts that when all players learn using LRL-OFTRL, their regret grows logarithmically with the number of game repetitions.,aac0509ff949416dbc14473687a8ec07
lrl-oftrl,regret,When players use LRL-OFTRL, the accumulation of regret over time is observed.,aac0509ff949416dbc14473687a8ec07
player,strategy,Each player has a set of strategies denoted by X.,aac0509ff949416dbc14473687a8ec07
strategy,x,X represents the set of strategies available to a player.,aac0509ff949416dbc14473687a8ec07
x,rd,The set of strategies X is a subset of Rd, the d-dimensional Euclidean space.,aac0509ff949416dbc14473687a8ec07
lifting,˜x,The lifting of set X is defined as ˜X, which includes scaled versions of points in X.,aac0509ff949416dbc14473687a8ec07
ℓ1-norm,∥x ∥1,The ℓ1-norm of set X, denoted ∥X ∥1, is the maximum ℓ1-norm of any vector in X.,aac0509ff949416dbc14473687a8ec07
logarithmic regularizer,r(λ, y),R(λ, y) defines the logarithmic regularizer function for points in Rd+1.,aac0509ff949416dbc14473687a8ec07
local norms,∥ · ∥(λ,y), ∥ · ∥∗,(λ,y),Local norms are defined with respect to a point (λ, y) in the lifted set ˜X ∩ Rd+1+.,aac0509ff949416dbc14473687a8ec07
lrl-oftrl,log-regularized lifted optimistic ftrl,LRL-OFTRL is an abbreviation for Log-Regularized Lifted Optimistic FTRL, which is a specific algorithm discussed in the context.,14344db593994adaa830b5b41b114a1a
oftrl step,line 3,The OFTRL step refers to the optimization problem solved exactly at each time t, as indicated on Line 3 of Algorithm 1.,14344db593994adaa830b5b41b114a1a
strategy,x(t),x(t) represents the strategy selected by the regret minimizer over X at time t, derived from the output of the OFTRL step.,14344db593994adaa830b5b41b114a1a
learning rate,η,η is the learning rate used in the log-regularized lifted optimistic FTRL algorithm, impacting the update of strategies over time.,14344db593994adaa830b5b41b114a1a
regret,regt,RegT is the total regret accumulated up to time T in the LRL-OFTRL algorithm, measuring the cumulative loss against the best fixed strategy.,14344db593994adaa830b5b41b114a1a
lifted space,˜x,The lifted space ˜X is the domain where the internal OFTRL algorithm operates, involving augmented decision variables for optimization.,14344db593994adaa830b5b41b114a1a
˜reg,regret in lifted space,˜Reg quantifies the regret incurred by the internal OFTRL algorithm in the lifted space ˜X up until time T.,14344db593994adaa830b5b41b114a1a
lifted space,t˜reg,T˜Reg is defined in the context of the lifted space,d56db4172f7942eb97642122ca298d2b
t˜reg,theorem 2,Theorem 2 clarifies the strong connection between ˜Reg and T˜Reg,d56db4172f7942eb97642122ca298d2b
theorem 2,regt,Theorem 2 states the relationship between ˜Reg, T, and RegT with inequality bounds,d56db4172f7942eb97642122ca298d2b
regt,ttt,TTT is defined as max{0, RegT}, showing a direct transformation from RegT,d56db4172f7942eb97642122ca298d2b
oftrl,proposition 2,Proposition 2 establishes an RVU bound specifically for the OFTRL algorithm,d56db4172f7942eb97642122ca298d2b
proposition 2,local norms,Proposition 2 introduces a refined RVU bound using local norms derived from OFTRL,d56db4172f7942eb97642122ca298d2b
local norms,(λ(t),y(t)),Local norms are centered at points (λ(t), y(t)) which are outputs of OFTRL at time t,d56db4172f7942eb97642122ca298d2b
oftrl algorithm,˜reg,˜Reg is the regret cumulated by the internal OFTRL algorithm up to time T,d56db4172f7942eb97642122ca298d2b
oftrl,iterates,OFTRL produces iterates as part of its algorithmic process.,def6c1aabe374aa88309b61b2ed6bb29
iterates,multiplicative stability,The iterates generated by OFTRL exhibit a property referred to as multiplicative stability.,def6c1aabe374aa88309b61b2ed6bb29
multiplicative stability,refined notion of stability,Multiplicative stability is a more nuanced form of stability ensuring small multiplicative deviations between successive iterates.,def6c1aabe374aa88309b61b2ed6bb29
lemma 1,iterates,Lemma 1 provides a bound on the change in successive iterates under certain conditions.,def6c1aabe374aa88309b61b2ed6bb29
lemma 1,rvu bound,Lemma 1 is used in conjunction with Proposition 2 to derive an RVU bound for the original space without dependencies on local norms.,def6c1aabe374aa88309b61b2ed6bb29
rvu bound,original (unlifted) space,The RVU bound applies directly to the original space, considering the regret over time without additional constraints.,def6c1aabe374aa88309b61b2ed6bb29
section 3.3,single player analysis,Section 3.3 focuses on the analysis from the viewpoint of a solitary player and their regret bounds.,def6c1aabe374aa88309b61b2ed6bb29
single player analysis,regret bounds,The single player analysis yields regret bounds applicable to varying utility sequences.,def6c1aabe374aa88309b61b2ed6bb29
players,dynamics,All players adhere to a set of dynamics impacting the relationship between individual utility variations.,def6c1aabe374aa88309b61b2ed6bb29
rvu bound,smoothness condition,The smoothness condition of the utility function connects the last two terms of the RVU bound.,fcbccc5bd0af4efba4fce738665b89ab
regrets,nonnegativity,The regrets in the lifted space are leveraged, utilizing their nonnegativity.,fcbccc5bd0af4efba4fce738665b89ab
path lengths of the dynamics,o(log t),The second-order path lengths of the dynamics up to time T are bounded by O(log T).,fcbccc5bd0af4efba4fce738665b89ab
assumption 1,concavity condition,Theorem 3 holds even without the concavity condition, which is part of Assumption 1.,fcbccc5bd0af4efba4fce738665b89ab
lrl-oftrl,learning rate η, Players following LRL-OFTRL use a specific learning rate η to control their strategies.,fcbccc5bd0af4efba4fce738665b89ab
theorem 3,theorem 1,Theorem 3 is used to establish the detailed version of Theorem 1.,fcbccc5bd0af4efba4fce738665b89ab
regret,bound,The regret of each player is bounded by a specified formula depending on parameters like B, ∥X∥1, and nL∥X∥2i.,fcbccc5bd0af4efba4fce738665b89ab
t,regret regt,T is used to bound the regret RegT in the given context,f405d4a528ae46a0b646f8b5ddf1dfc3
player i,regret regti,The regret RegTi is associated with each player i in the game,f405d4a528ae46a0b646f8b5ddf1dfc3
lrl-oftrl,learning rate,LRL-OFTRL algorithm utilizes a specified learning rate for its operation,f405d4a528ae46a0b646f8b5ddf1dfc3
normal-form games,utilities,normal-form games involve utilities normalized within the range [-1, 1],f405d4a528ae46a0b646f8b5ddf1dfc3
corollary 2,normal-form games,Corollary 2 specifically discusses the application to Normal-form Games,f405d4a528ae46a0b646f8b5ddf1dfc3
line 3,strictly concave nonsmooth constrained optimization problem,Line 3 refers to the computation of a solution to a specific optimization problem in the algorithm,f405d4a528ae46a0b646f8b5ddf1dfc3
theorem 4,guarantees,Theorem 4 lays out performance guarantees for the discussed algorithm,f405d4a528ae46a0b646f8b5ddf1dfc3
approximation,tolerance ϵ(t),The approximation in solving the optimization problem has a tolerance level defined by ϵ(t),f405d4a528ae46a0b646f8b5ddf1dfc3
(λ(t), y(t)),solution to oftrl step, Represents the approximate solution obtained at time t for the OFTRL step,f405d4a528ae46a0b646f8b5ddf1dfc3
λ(t)⋆,arg max,λ(t)⋆ denotes the argument that maximizes a certain function in the context of the algorithm,f405d4a528ae46a0b646f8b5ddf1dfc3
optimization problem,proximal oracle,The proximal oracle is used to solve the optimization problem defined in Equation (7),1fb2ad4610264512bfd275e82201b0c8
proximal oracle,equation (7),The proximal oracle is defined based on the formulation provided in Equation (7),1fb2ad4610264512bfd275e82201b0c8
normal-form games,extensive-form games,Both are types of games for which the strategy set X is a polytope and exact proximal oracles can be implemented,1fb2ad4610264512bfd275e82201b0c8
polytope of sequence-form strategies,player in a perfect-recall extensive-form game,The polytope represents the strategy set for a player in a specific type of extensive-form game,1fb2ad4610264512bfd275e82201b0c8
proposition 4,local proximal oracle,Proposition 4 formally establishes the implementation of the local proximal oracle for the given game strategy set with polynomial time complexity,1fb2ad4610264512bfd275e82201b0c8
theorem 5,proximal newton algorithm,Theorem 5 guarantees the performance of the Proximal Newton Algorithm for computing solutions with desired accuracy,1fb2ad4610264512bfd275e82201b0c8
proximal newton algorithm,equation (6),The Proximal Newton Algorithm ensures that the condition in Equation (6) is met within specified epsilon tolerance,1fb2ad4610264512bfd275e82201b0c8
linear maximization oracle,weaker linear maximization,The consideration involves access to a version of the linear maximization process that is less computationally intensive or restrictive,1fb2ad4610264512bfd275e82201b0c8
proximal oracle,equation (7),defined in,6e76081a220b4f5eb4f2d9ad23bc039a
linear maximization oracle (lmo),set x,weaker linear maximization oracle for,6e76081a220b4f5eb4f2d9ad23bc039a
lmo,equation (8),defined by,6e76081a220b4f5eb4f2d9ad23bc039a
lmo for x,lmo for ˜x,implies,6e76081a220b4f5eb4f2d9ad23bc039a
frank-wolfe newton method,algorithms 1 and 2,applied in,6e76081a220b4f5eb4f2d9ad23bc039a
theorem 6,frank-wolfe newton,states guarantee of,6e76081a220b4f5eb4f2d9ad23bc039a
regret,o(log t ),grows as,6e76081a220b4f5eb4f2d9ad23bc039a
lrl-oftrl,no-regret learning algorithm,is a,6e76081a220b4f5eb4f2d9ad23bc039a
players,lrl-oftrl,employ,6e76081a220b4f5eb4f2d9ad23bc039a
general convex game,players,involves,6e76081a220b4f5eb4f2d9ad23bc039a
regret of each player,o(log t ),grows as under LRL-OFTRL,6e76081a220b4f5eb4f2d9ad23bc039a
experiments,standard extensive-form games,conducted on,6e76081a220b4f5eb4f2d9ad23bc039a
appendix c,experiments,detailed in,6e76081a220b4f5eb4f2d9ad23bc039a
no-regret learning dynamics,proximal oracle,The no-regret learning dynamics can be implemented using a proximal oracle for the underlying feasible set.,fda27c86788a4267a0304872aae947a1
framework,normal-form games,The framework is applied to the special case of normal-form games.,fda27c86788a4267a0304872aae947a1
framework,dependence on dimension,The framework's dependence on the dimension is linear in the case of normal-form games.,fda27c86788a4267a0304872aae947a1
corollary 2,linear dependence,Corollary 2 states the linear dependence of the framework on the dimension.,fda27c86788a4267a0304872aae947a1
daskalakis et al., 2021,logarithmic dependence,Daskalakis et al., 2021 present a framework with a logarithmic dependence on the dimension, contrasting the linear dependence discussed.,fda27c86788a4267a0304872aae947a1
entropic regularizer,omwu,The entropic regularizer induces OMWU (Online Mirror Descent with Multiplicative Weights Update).,fda27c86788a4267a0304872aae947a1
open question,incorporating entropic regularizer,Whether the entropic regularizer can be incorporated into the presented framework is an open question.,fda27c86788a4267a0304872aae947a1
future research,different types of oracles,Exploring different types of oracles, such as a separation oracle, is an interesting direction for future research.,fda27c86788a4267a0304872aae947a1
theorem 4,separation oracle,The possibility of extending Theorem 4 using a separation oracle for the set of strategies is considered.,fda27c86788a4267a0304872aae947a1
ellipsoid algorithm,implementing lrl-oftrl,If Theorem 4 can be extended with a separation oracle, the ellipsoid algorithm would be used to implement LRL-OFTRL.,fda27c86788a4267a0304872aae947a1
acknowledgments,neurips reviewers,Acknowledges the helpful comments from anonymous NeurIPS reviewers.,fda27c86788a4267a0304872aae947a1
material,national science foundation,The material is based on work supported by the National Science Foundation under various grants.,fda27c86788a4267a0304872aae947a1
grants,iis-1718457, iis-1901403, iis-1943607, ccf-1733556,Lists specific grants from the National Science Foundation supporting the work.,fda27c86788a4267a0304872aae947a1
material,aro,The material is also supported by the Army Research Office under a specific award.,fda27c86788a4267a0304872aae947a1
award,w911nf2010081,The ARO award number supporting the work.,fda27c86788a4267a0304872aae947a1
christian kroer,office of naval research young investigator program,Christian Kroer is supported by the ONR Young Investigator Program under a particular grant.,fda27c86788a4267a0304872aae947a1
grant,n00014-22-1-,Specifies the grant number from the Office of Naval Research supporting Christian Kroer.,fda27c86788a4267a0304872aae947a1
