node_1,node_2,edge,chunk_id
multi-agent settings,participants,participants form teams in multi-agent environments to achieve better outcomes,2efac7a2ed5b40679e77815b54a8a460
participants,teams,participants form teams to surpass individual capabilities,2efac7a2ed5b40679e77815b54a8a460
cooperative game theory,solution concepts,provides distribution schemes like the Shapley value and the Core,2efac7a2ed5b40679e77815b54a8a460
shapley value,individuals' contribution,reflects the contribution of individuals to team performance,2efac7a2ed5b40679e77815b54a8a460
core,incentive reduction,reduces incentives for agents to leave their team,2efac7a2ed5b40679e77815b54a8a460
methods,identifying influential features,application of game theory methods includes feature identification,2efac7a2ed5b40679e77815b54a8a460
neural networks,fair and stable pay-off allocations,trained to propose fair pay-offs in game-theoretic solutions,2efac7a2ed5b40679e77815b54a8a460
approach,generalization,models can generalize to games beyond training data,2efac7a2ed5b40679e77815b54a8a460
explainable ai,shapley value computations,framework can speed up Shapley value calculations,2efac7a2ed5b40679e77815b54a8a460
individuals,teams,Collaboration is crucial for the performance of both individuals and teams.,56ca528c6e004fac9a73fac8ba9b6b82
humans,cooperation,Human success as a species is linked to our capacity for large-scale cooperation.,56ca528c6e004fac9a73fac8ba9b6b82
learning agents,cooperation,Cooperation among learning agents is vital for high performance in various environments.,56ca528c6e004fac9a73fac8ba9b6b82
individual agents,joint reward,Individual agents are motivated by their share of rewards, not necessarily the team's joint reward.,56ca528c6e004fac9a73fac8ba9b6b82
teams,gains,Teams form when gains are fairly distributed among members.,56ca528c6e004fac9a73fac8ba9b6b82
collective outcomes,locally interacting parts,Understanding how collective outcomes emerge from local interactions remains a challenge.,56ca528c6e004fac9a73fac8ba9b6b82
influential features,model prediction,Identifying influential features is important in explaining AI model predictions.,56ca528c6e004fac9a73fac8ba9b6b82
data acquisition,participants,Costs of data acquisition can be fairly shared between participants.,56ca528c6e004fac9a73fac8ba9b6b82
cooperating agents,gains,Gains can be shared between cooperating agents in a fair manner.,56ca528c6e004fac9a73fac8ba9b6b82
legislative bodies,decision-making,Passing decisions in legislative bodies requires support from a majority of participants.,56ca528c6e004fac9a73fac8ba9b6b82
participants,political power,participants hold the majority of the weight, representing their political power,07a72caf51ee48efa43723fc10064ac6
us electoral college,electors,the US electoral college has different numbers of electors,07a72caf51ee48efa43723fc10064ac6
eu council,ministers,countries in the EU Council vary in their voting weight, referring to ministers' influence,07a72caf51ee48efa43723fc10064ac6
cooperative game theory,solution concepts,Cooperative game theory provides the theoretical foundations for measuring impact and rewards,07a72caf51ee48efa43723fc10064ac6
shapley value,banzhaf index,Both are power indices used to divide joint reward fairly,07a72caf51ee48efa43723fc10064ac6
core,stable allocation of payoffs,The Core aims to ensure incentives for agents to stay with their team,07a72caf51ee48efa43723fc10064ac6
computational constraints,solution concepts,Applying solution concepts in practice is hindered by computational challenges,07a72caf51ee48efa43723fc10064ac6
computing,hard problem,Computing certain solution concepts is typically a difficult task,07a72caf51ee48efa43723fc10064ac6
computational constraints,hard problem,Computational constraints make solving certain tasks difficult.,3a87103153464888980498c3b70f2a99
cooperative game theory,solution concepts,Solution concepts are derived from cooperative game theory.,3a87103153464888980498c3b70f2a99
neural networks,predictive power,Neural networks provide predictive power in the models.,3a87103153464888980498c3b70f2a99
payoff machines,neural networks,Payoff machines are neural networks that allocate rewards.,3a87103153464888980498c3b70f2a99
payoff vector,total reward,A payoff vector allocates the total reward between agents.,3a87103153464888980498c3b70f2a99
shapley value,fair distribution,The Shapley value aims for a fair distribution of payoffs.,3a87103153464888980498c3b70f2a99
banzhaf index,fair distribution,The Banzhaf index is also related to fair payoff distribution.,3a87103153464888980498c3b70f2a99
least-core,incentives to abandon the team,The Least-Core minimizes incentives for agents to leave the team.,3a87103153464888980498c3b70f2a99
weighted voting games,cooperative games,Weighted voting games are a type of cooperative game.,3a87103153464888980498c3b70f2a99
us electoral college,weighted voting games,The US Electoral College is an example of a weighted voting game.,3a87103153464888980498c3b70f2a99
shapley value,feature importance games,The Shapley value is applied in feature importance games in AI.,3a87103153464888980498c3b70f2a99
feature importance,model decisions,Feature importance affects the decisions made by a model.,3a87103153464888980498c3b70f2a99
agent,weight,An agent is endowed with a weight in the context of achieving a team's goal.,11ec6d6b26b84df0bfbeebb62254fe6d
team,goal,A team's goal is to exceed a certain weight threshold, called quota.,11ec6d6b26b84df0bfbeebb62254fe6d
neural networks,game theoretic solutions,Neural networks are trained using generated games to compute their game theoretic solutions.,11ec6d6b26b84df0bfbeebb62254fe6d
shapley value,banzhaf index,Both the Shapley value and Banzhaf index are mentioned as game theoretic solutions.,11ec6d6b26b84df0bfbeebb62254fe6d
least-core,game theoretic solutions,The Least-Core is another game theoretic solution mentioned alongside the Shapley value and Banzhaf index.,11ec6d6b26b84df0bfbeebb62254fe6d
model,generalization,The model can generalize to different types of games, including those with more players or distant from the training set.,11ec6d6b26b84df0bfbeebb62254fe6d
feature importance games,machine learning model,Feature importance games quantify the influence of features on a machine learning model's outcome.,11ec6d6b26b84df0bfbeebb62254fe6d
shapley value,game theoretic measure,The Shapley value is a game theoretic measure used to understand the key factors in a model's decision-making process.,11ec6d6b26b84df0bfbeebb62254fe6d
model-agnostic,black-box model,Model-agnostic methods can be applied to make any black-box model more interpretable.,11ec6d6b26b84df0bfbeebb62254fe6d
computational complexity,shapley value calculation,Calculating the Shapley value is computationally complex, leading to slow analysis.,11ec6d6b26b84df0bfbeebb62254fe6d
explainable ai analyses,speedup,The proposed approach aims to significantly speed up Explainable AI analyses.,11ec6d6b26b84df0bfbeebb62254fe6d
dataset,large number of instances,The speedup is particularly beneficial for datasets with a large number of instances.,11ec6d6b26b84df0bfbeebb62254fe6d
cooperative game theory,explainable ai,Cooperative game theory concepts have been applied in Explainable AI for understanding and explaining AI systems.,3bb987f6887247cfb1a67bd94bbf7cc0
characteristic function,cooperative game,A characteristic function is a core component of a cooperative game, mapping coalitions to joint rewards.,3bb987f6887247cfb1a67bd94bbf7cc0
simple games,binary range,Simple games are those where the characteristic function maps to either 0 or 1, representing a binary range.,3bb987f6887247cfb1a67bd94bbf7cc0
weighted voting games (wvgs),simple cooperative games,WVGs are a specific type of simple cooperative games with weighted agent votes determining winning coalitions.,3bb987f6887247cfb1a67bd94bbf7cc0
agents,weights,In WVGs, each agent has an associated weight that contributes to the winning condition.,3bb987f6887247cfb1a67bd94bbf7cc0
quota,weighted voting games,A quota or threshold in WVGs is the minimum sum of weights required for a coalition to win.,3bb987f6887247cfb1a67bd94bbf7cc0
winning coalition,losing coalition,A coalition is a winning coalition if its sum of weights exceeds the quota, otherwise it's a losing coalition.,3bb987f6887247cfb1a67bd94bbf7cc0
solution concepts,allocation,Solution concepts in cooperative game theory aim to determine how the utility achieved by all agents is distributed among them.,3bb987f6887247cfb1a67bd94bbf7cc0
utility,grand coalition,Utility is achieved by the grand coalition of all agents.,b0b3a1454eb942fb8dba69cc3e815382
imputation,player,An imputation allocates non-negative payoffs to each player ensuring total sum equals the utility of the grand coalition.,b0b3a1454eb942fb8dba69cc3e815382
imputation,desiderata,An allocation aims to reflect fairness and stability among individual agents.,b0b3a1454eb942fb8dba69cc3e815382
core,rational players,The Core represents stable payoff vectors where rational players have no incentive to form new coalitions.,b0b3a1454eb942fb8dba69cc3e815382
core,payoff vector,The Core consists of payoff vectors that prevent any subset of agents from gaining higher utility.,b0b3a1454eb942fb8dba69cc3e815382
ε-core,empty core,The ε-Core is a relaxation of the Core when no stable allocation exists, minimizing instability.,b0b3a1454eb942fb8dba69cc3e815382
ε-core,imputation,The ε-Core includes imputations where the dissatisfaction of any coalition is within ε.,b0b3a1454eb942fb8dba69cc3e815382
least-core,instability,The Least-Core is another approach to minimize instability in games with empty cores.,b0b3a1454eb942fb8dba69cc3e815382
ε-core,imputation,The ε-core consists of imputations where no coalition has an excess of more than ε.,5314f6881d624eae87c85140f74577c8
excess,coalition,The excess represents the total improvement a coalition can achieve by working independently.,5314f6881d624eae87c85140f74577c8
least-core value (lcv),instability,The LCV represents the degree of instability (excess) minimized in the imputation.,5314f6881d624eae87c85140f74577c8
linear programming,least-core value (lcv),The LCV is found through linear programming.,5314f6881d624eae87c85140f74577c8
shapley value,player,The Shapley Value measures the average marginal contribution of each player.,5314f6881d624eae87c85140f74577c8
shapley value,fairness axioms,The Shapley value is the unique solution fulfilling natural fairness axioms.,5314f6881d624eae87c85140f74577c8
feature importance,shapley value,The Shapley Value has applications in estimating feature importance.,5314f6881d624eae87c85140f74577c8
natural fairness axioms,applications,natural fairness axioms have found various applications,68dc6160b67940819f01324b179aef17
permutation,π,π represents a permutation of the players,68dc6160b67940819f01324b179aef17
π,set of all permutations,Π denotes the set containing all possible permutations,68dc6160b67940819f01324b179aef17
cπ(i),players appearing before i,Cπ(i) refers to players preceding player i in permutation π,68dc6160b67940819f01324b179aef17
shapley value,player's contribution,The Shapley value measures a player's contribution in a permutation,68dc6160b67940819f01324b179aef17
banzhaf index,player's ability to change outcome,The Banzhaf index reflects a player's influence on the game's result,68dc6160b67940819f01324b179aef17
βi(g),marginal contribution,βi(G) is the marginal contribution of player i across all subsets not containing it,68dc6160b67940819f01324b179aef17
c win,winning coalitions,C win represents the set of winning coalitions in practice,68dc6160b67940819f01324b179aef17
shapley value,coalition,Shapley values are computed for features in a coalition, representing their impact on the model's output.,dbeb1c835e024d358f8ad8da92c1e591
coalition,winning coalition,There is a specific subset of coalitions called winning coalitions, which have a certain property in the context of game theory.,dbeb1c835e024d358f8ad8da92c1e591
player,critical or pivotal,Each player can be critical or pivotal in a coalition, meaning their presence or absence changes the outcome.,dbeb1c835e024d358f8ad8da92c1e591
explainable ai,machine learning,Explainable AI aims to interpret model outputs in the context of machine learning models.,dbeb1c835e024d358f8ad8da92c1e591
input features,outcome,Input features in a machine learning model contribute to predicting the outcome, such as the price of a house.,dbeb1c835e024d358f8ad8da92c1e591
shap package,shapley values,The SHAP package uses a Monte-Carlo approach to approximate Shapley values for feature importance.,dbeb1c835e024d358f8ad8da92c1e591
model,characteristic function,In a model setting, the characteristic function evaluates the model output for a specific instance.,dbeb1c835e024d358f8ad8da92c1e591
shapley value,feature i,The Shapley value of a feature i quantifies its impact on the model's prediction for a data instance x.,dbeb1c835e024d358f8ad8da92c1e591
shapley value,feature i,The Shapley value represents the effect a specific feature (i) has on the model outcome.,74a5b6b5ae4f4a4e8759e7c42689a898
data instance,x,A data instance is denoted by 'x', which contains features contributing to the model outcome.,74a5b6b5ae4f4a4e8759e7c42689a898
sampling based-methods,base value,Sampling based-methods use a base value, the average model output, for computing feature contributions.,74a5b6b5ae4f4a4e8759e7c42689a898
large datasets,re-evaluation samples,For large datasets, sampling based-methods require many re-evaluation samples per computation.,74a5b6b5ae4f4a4e8759e7c42689a898
approach,speedup shapley or core computations,The proposed approach aims to accelerate the computation of Shapley or Core values for multiple instances.,74a5b6b5ae4f4a4e8759e7c42689a898
machine learning,game-theoretic estimators,Machine learning is used to create estimators based on game theory principles.,74a5b6b5ae4f4a4e8759e7c42689a898
synthetic datasets,weighted voting games (wvgs),Synthetic datasets of WVGs are generated for training machine learning models.,74a5b6b5ae4f4a4e8759e7c42689a898
weighted voting games (wvgs),multi-agent settings,WVGs serve as a generic framework to study cooperation in multi-agent scenarios.,74a5b6b5ae4f4a4e8759e7c42689a898
shapley-based feature importance,machine learning model,The approach is applied to assess the relative impact of features on a machine learning model's predictions.,74a5b6b5ae4f4a4e8759e7c42689a898
models,approximate shapley values,Models are trained to estimate Shapley values of features for performance evaluation on unseen instances.,74a5b6b5ae4f4a4e8759e7c42689a898
weighted voting games,feed-forward neural networks,Weighted Voting Games are used to construct two types of feed-forward neural networks, fixed-size and variable-size models.,90897adf73b44aeda390033d60724613
fixed-size models,games of a specific number of players,Fixed-size models are trained on games involving a specific number of players.,90897adf73b44aeda390033d60724613
variable-size models,varying number of players,Variable-size models can handle and predict payoffs for different numbers of players.,90897adf73b44aeda390033d60724613
data generation process,weighted voting games,The data generation process is described in the context of Weighted Voting Games.,90897adf73b44aeda390033d60724613
training dataset,dn,The training dataset for each n-player game is denoted as Dn.,90897adf73b44aeda390033d60724613
features,weights normalized by quota,Features are the weights divided by the quota, representing the proportional contribution of each player to the quota.,90897adf73b44aeda390033d60724613
beta distribution,weight vector,Weight vectors are sampled from a Beta distribution with parameters α = 1 and β = 1.,90897adf73b44aeda390033d60724613
normal distribution,quota,Quotas are sampled from a Normal distribution with mean µ = 1/4 (2n + 1)n and standard deviation σ2 = 2n.,90897adf73b44aeda390033d60724613
weighted voting game,quota,In a weighted voting game, the quota determines the minimum combined weight needed for a coalition to be successful.,fa7b43a9d4b2453fa32a37afde02d71e
xi,player i,The value xi represents the proportion of the quota contributed by player i, indicating if they can win alone or require support.,fa7b43a9d4b2453fa32a37afde02d71e
least-core,payoff allocation,The Least-Core solution involves predicting the payoff allocation (p1, ..., pn) in addition to the least core value εmin.,fa7b43a9d4b2453fa32a37afde02d71e
shapley values,payoff allocation,The model predicts the Shapley values, which determine the allocation of payoffs among players.,fa7b43a9d4b2453fa32a37afde02d71e
banzhaf indices,payoff allocation,Similarly to Shapley values, the model predicts the Banzhaf indices, another measure of player influence in the game.,fa7b43a9d4b2453fa32a37afde02d71e
deep feedforward networks,fθ,Deep feedforward networks are used to implement the function fθ, which maps inputs to the predicted solutions.,fa7b43a9d4b2453fa32a37afde02d71e
variable-size case,maximal number of possible players m,In the variable-size scenario, games can have up to M players, and inputs are padded with zeros for games with fewer players.,fa7b43a9d4b2453fa32a37afde02d71e
feature matrix x,normalized weights,The feature matrix X consists of the normalized weights of the players in the game.,fa7b43a9d4b2453fa32a37afde02d71e
p,corresponding solutions,The matrix P holds the computed solutions, either with K = M + 1 or K = M, depending on the solution concept.,fa7b43a9d4b2453fa32a37afde02d71e
normalized weights,p,P contains the normalized weights,dabd9023a1034eb5ab54fb454f1288b7
k,m + 1,K can be M + 1,dabd9023a1034eb5ab54fb454f1288b7
k,m,K can also be M,dabd9023a1034eb5ab54fb454f1288b7
ground truth output vector,zeros, padded with zeros when there are fewer than M players,dabd9023a1034eb5ab54fb454f1288b7
least core value (lcv),last element of each row,LCV is stored at the last element,dabd9023a1034eb5ab54fb454f1288b7
gη,rn,gη maps Rn to RK,dabd9023a1034eb5ab54fb454f1288b7
gη,rk,gη produces a model for different number of players,dabd9023a1034eb5ab54fb454f1288b7
model,m players,learns to allocate joint payoff among at most M players,dabd9023a1034eb5ab54fb454f1288b7
prediction time,zeros,input padded with zeros for fewer than M players,dabd9023a1034eb5ab54fb454f1288b7
mean square error (mse),training,minimized during training,dabd9023a1034eb5ab54fb454f1288b7
variable-size models,m − n padded locations,include padded locations for learning,dabd9023a1034eb5ab54fb454f1288b7
mean absolute error (mae),performance assessment,used as a metric for model's predictive performance,dabd9023a1034eb5ab54fb454f1288b7
mean absolute error (mae),game,MAE is a performance metric used to evaluate the prediction accuracy in a game context.,72b55e3fa44342559c0d95707236e253
least-core,game theoretic metric,The Least-Core is a specific game theoretic concept related to teamwork incentives.,72b55e3fa44342559c0d95707236e253
least-core,payoff vector,The Least-Core evaluates the quality of a payoff vector proposal, measuring incentives for abandonment.,72b55e3fa44342559c0d95707236e253
excess,coalitions,Excess (v(C) - (cid:80)) quantifies incentives for coalitions to form, reflecting the stability of a team structure.,72b55e3fa44342559c0d95707236e253
neural networks,feature importance,Neural networks can be used to efficiently measure feature importance in large datasets.,72b55e3fa44342559c0d95707236e253
shap kernelexplainer,shapley values,The SHAP KernelExplainer is a tool that constructs a dataset mapping features to Shapley values.,72b55e3fa44342559c0d95707236e253
model,training distribution,Models are assessed for their ability to generalize to games outside their training distribution.,72b55e3fa44342559c0d95707236e253
dataset,shapley values,The dataset is used to calculate Shapley values using the SHAP KernelExplainer.,4b9d8d8a32934d20b95ee5d1d35b2a24
train dataset,test dataset,The dataset is partitioned into a train and test set.,4b9d8d8a32934d20b95ee5d1d35b2a24
neural networks,predictive performance,Neural networks' predictive performance is evaluated in the context of weighted voting games.,4b9d8d8a32934d20b95ee5d1d35b2a24
wvg (weighted voting games),fixed-size neural networks,Fixed-size neural networks (f N θ∗) are trained for different numbers of players in WVG.,4b9d8d8a32934d20b95ee5d1d35b2a24
variable-size model,gη∗,A single variable-size model, denoted as gη∗, is trained for multiple player numbers.,4b9d8d8a32934d20b95ee5d1d35b2a24
games,players,The number of players (n) varies in the games used for training the neural networks.,4b9d8d8a32934d20b95ee5d1d35b2a24
training,epochs,Each model is trained for 100 epochs.,4b9d8d8a32934d20b95ee5d1d35b2a24
explainable ai,shapley feature importance prediction,In the explainable AI domain, the focus is on Shapley feature importance prediction's performance and sample complexity.,4b9d8d8a32934d20b95ee5d1d35b2a24
game,variable numbers of players,games can have different numbers of players,ca5d290bd05e4d5a84584a8f92a4a215
accuracy,variable-size models,variable-size models may have lower accuracy compared to others,ca5d290bd05e4d5a84584a8f92a4a215
solution concepts,errors,errors in predicting solution concepts are low,ca5d290bd05e4d5a84584a8f92a4a215
least-core based payoffs,shapley value,Least-Core payoffs generally have larger errors than Shapley value predictions,ca5d290bd05e4d5a84584a8f92a4a215
shapley value,computationally costly,direct computation of Shapley value is computationally expensive with many players,ca5d290bd05e4d5a84584a8f92a4a215
monte-carlo approximations,shapley value,used for approximation when number of players is high,ca5d290bd05e4d5a84584a8f92a4a215
perturbation,least-core solution,small changes in weights or quota can lead to large perturbations in Least-Core solution,ca5d290bd05e4d5a84584a8f92a4a215
fixed-size models,stable performance,fixed-size models show consistent performance across solution concepts,ca5d290bd05e4d5a84584a8f92a4a215
solution concepts,predictive performance,predictive performance is analyzed across different solution concepts,ca5d290bd05e4d5a84584a8f92a4a215
mean mae,test datasets,Mean MAE is used to compare performance across test datasets,ca5d290bd05e4d5a84584a8f92a4a215
fixed-size neural networks,standard multinomial regression models,outperform,0f5dfda29050475ca7f785ae71673bf3
solution concepts,full details,referenced in,0f5dfda29050475ca7f785ae71673bf3
average error per player,0.005 to 0.087 (least core),range,0f5dfda29050475ca7f785ae71673bf3
average error per player,0.004 to 0.069 (shapley values),range,0f5dfda29050475ca7f785ae71673bf3
average error per player,0.012 to 0.067 (banzhaf indices),range,0f5dfda29050475ca7f785ae71673bf3
fixed-size models,robust to shifts in the weight distribution,described as,0f5dfda29050475ca7f785ae71673bf3
mean mae,predictive performance,synonym,0f5dfda29050475ca7f785ae71673bf3
variable-size models,able to generalize outside the training distribution,capable of,0f5dfda29050475ca7f785ae71673bf3
performance,decays with the number of players,inversely proportional,0f5dfda29050475ca7f785ae71673bf3
performance,number of players,The performance decays with the increase in the number of players.,b37cba269d4444bf905929c6f8cb1984
least core,abrupt decrease,For the least core, there is a significant drop in performance beyond 8 players.,b37cba269d4444bf905929c6f8cb1984
variable-size models,machine learning,Variable-size models use machine learning for scalable value estimation in multi-agent settings.,b37cba269d4444bf905929c6f8cb1984
variable-size models,large multi-agent settings,They are designed for application in large multi-agent environments.,b37cba269d4444bf905929c6f8cb1984
training,n = 10 players,Models are trained on games with up to 10 players.,b37cba269d4444bf905929c6f8cb1984
variable-size models,extrapolation,These models can extrapolate to games with more players than seen during training.,b37cba269d4444bf905929c6f8cb1984
fixed-size models,variable-size models,Fixed-size models show better performance compared to variable-size models.,b37cba269d4444bf905929c6f8cb1984
mean maes,solution concepts,Mean MAEs are provided across different solution concepts in Table 1.,b37cba269d4444bf905929c6f8cb1984
error distributions,figure 6,Error distributions corresponding to the Mean MAEs are shown in Figure 6.,b37cba269d4444bf905929c6f8cb1984
solution concepts,test sets,Both are mentioned in the context related to evaluation of performance.,b97d7875e71c41109e9aadfbc09b4945
fixed-size networks,variable-size networks,These are compared in terms of their performance in the context.,b97d7875e71c41109e9aadfbc09b4945
variable-size networks,larger errors,Variable-sized networks tend to have larger prediction errors.,b97d7875e71c41109e9aadfbc09b4945
variable-size networks,more variance,They also display more variance in their predictions.,b97d7875e71c41109e9aadfbc09b4945
discontinuities,solution space,Discontinuities occur in the function mapping game parameters to solutions.,b97d7875e71c41109e9aadfbc09b4945
players' interdependence,quota,Both contribute to the emergence of discontinuous jumps in the solution space.,b97d7875e71c41109e9aadfbc09b4945
step-wise constant functions,solution concepts,Solution concepts are described as step-wise constant functions.,b97d7875e71c41109e9aadfbc09b4945
weight of a player,game theoretic solutions,Changing a player's weight affects the game theoretic solutions when it restructures winning coalitions.,b97d7875e71c41109e9aadfbc09b4945
winning coalitions,solution,The structure of winning coalitions determines when the solution changes.,b97d7875e71c41109e9aadfbc09b4945
learning difficulty,discontinuity point,Learning functions with discontinuities is difficult due to large error around the point of change.,b97d7875e71c41109e9aadfbc09b4945
discontinuity point,large change,The discontinuity point in the game is where the ground truth solution experiences a significant alteration.,35521194bd0e45a29f905e37fd5a29ca
n player game,fixed weight vector w,The game involves n players and a fixed weight vector composed of w1, w2, ..., wn.,35521194bd0e45a29f905e37fd5a29ca
weight vector w,quotas q,The weight vector w is associated with an array of quotas q, which changes incrementally.,35521194bd0e45a29f905e37fd5a29ca
quota,ε (epsilon),Quotas increase in steps of ε = 0.1 increments.,35521194bd0e45a29f905e37fd5a29ca
matrix p,game solutions,Matrix P represents the solutions obtained for different combinations of fixed weights and changing quotas.,35521194bd0e45a29f905e37fd5a29ca
figure 7,model predictions,Figure 7 showcases model predictions alongside actual payoffs as the quota value increases.,35521194bd0e45a29f905e37fd5a29ca
model-based approach,explainable ai (xai),The model-based approach aims to expedite XAI analyses.,35521194bd0e45a29f905e37fd5a29ca
large number of features,datasets,Datasets in various domains often contain a large number of features.,35521194bd0e45a29f905e37fd5a29ca
language modelling,machine translation,Language modelling is applied in tasks like machine translation and text generation.,35521194bd0e45a29f905e37fd5a29ca
shapley value,feature importance,The Shapley value is a method to explain feature importance in the context of model outcomes.,35521194bd0e45a29f905e37fd5a29ca
melbourne housing dataset,preprocessing steps,The Melbourne Housing dataset undergoes preprocessing, including encoding categorical features and standardization.,cf3e12a961964fb1adad13f6822097a1
kernelexplainer,shap package,KernelExplainer is a component within the SHAP package used for explaining model decisions.,cf3e12a961964fb1adad13f6822097a1
number of samples,re-evaluation samples,The number of samples in KernelExplainer determines the number of times a model is re-evaluated for every prediction.,cf3e12a961964fb1adad13f6822097a1
shapley values,computation time,Computing Shapley values requires time, which increases with the number of re-evaluation samples.,cf3e12a961964fb1adad13f6822097a1
10%,data,10% of the data is used for computing Shapley values, resulting in a significantly reduced computation time.,cf3e12a961964fb1adad13f6822097a1
neural network,training time,Training the neural network takes 30 seconds.,cf3e12a961964fb1adad13f6822097a1
prediction quality,remaining unseen data,Predicting Shapley values on the remaining unseen data maintains reasonable prediction quality.,cf3e12a961964fb1adad13f6822097a1
shap,8100 instances,SHAP is used again to compute Shapley values for 8100 instances, which is 90% of the data.,cf3e12a961964fb1adad13f6822097a1
shap,shapley values,SHAP is a method used to compute Shapley values.,f7aefd794a8b478685fc6ca3ba4301c6
data,instances,The data consists of instances, with 90% of it being used for analysis.,f7aefd794a8b478685fc6ca3ba4301c6
default number of samples,model re-evaluations,The default number of samples relates to the model re-evaluations in SHAP computations.,f7aefd794a8b478685fc6ca3ba4301c6
mean mean absolute error (mmse),prediction quality,MMSE is used to measure the prediction quality of the model.,f7aefd794a8b478685fc6ca3ba4301c6
model mse,test set,Model MSE is calculated on the test set to assess its performance.,f7aefd794a8b478685fc6ca3ba4301c6
hyperparameter tuning,model predictions,Hyperparameter tuning can potentially improve the quality of model predictions.,f7aefd794a8b478685fc6ca3ba4301c6
inference time,number of samples,Inference time for computing Shapley values depends on the number of samples.,f7aefd794a8b478685fc6ca3ba4301c6
speedup,model-based approach,The model-based approach offers a speedup in Shapley value computations.,f7aefd794a8b478685fc6ca3ba4301c6
neural networks,predicting shapley values,Neural networks can be trained to predict Shapley values for feature sets.,f7aefd794a8b478685fc6ca3ba4301c6
uci bank marketing dataset,features,The UCI Bank Marketing dataset has 17 features and is used for evaluation.,f7aefd794a8b478685fc6ca3ba4301c6
uci bank marketing dataset,dataset,The UCI Bank Marketing dataset is a specific dataset mentioned.,021c2b3c827c4d5bb1fb4428bd4c9482
melbourne housing dataset,dataset,The Melbourne Housing dataset is another dataset mentioned.,021c2b3c827c4d5bb1fb4428bd4c9482
neural networks,performance,Neural networks exhibit high performance in the context.,021c2b3c827c4d5bb1fb4428bd4c9482
test set,training samples,The test set's performance depends on the number of training samples.,021c2b3c827c4d5bb1fb4428bd4c9482
error,proportion of data,Error decays exponentially with the proportion of data used for training.,021c2b3c827c4d5bb1fb4428bd4c9482
banking dataset,melbourne dataset,Both datasets show similar trends in error reduction with more training data.,021c2b3c827c4d5bb1fb4428bd4c9482
rmse,training fraction,The RMSE scales approximately as a power law with the training fraction.,021c2b3c827c4d5bb1fb4428bd4c9482
shapley prediction network,computational cost,The Shapley prediction network has a small computational cost compared to the speedup.,021c2b3c827c4d5bb1fb4428bd4c9482
training data,speedup,Increasing training data leads to a significant speedup on most data instances.,021c2b3c827c4d5bb1fb4428bd4c9482
shapley values,training fraction,The relationship between Shapley values and the training fraction is described as a power law.,0bb46c835ac846d3a6d0e99e27b56e62
uci banking dataset,melbourne housing dataset,Both are mentioned as datasets used for analysis.,0bb46c835ac846d3a6d0e99e27b56e62
neural payoff machines,cooperative game,Neural payoff machines are models designed to solve cooperative games.,0bb46c835ac846d3a6d0e99e27b56e62
weighted voting games,feature importance games,These are two concise representations of a characteristic function analyzed in the context of explainable AI.,0bb46c835ac846d3a6d0e99e27b56e62
shapley value,banzhaf index,Both are mentioned as solution concepts in cooperative game theory.,0bb46c835ac846d3a6d0e99e27b56e62
least core,shapley value,The least core is stated to be harder to learn than the Shapley value.,0bb46c835ac846d3a6d0e99e27b56e62
model-based approach,explainable ai,A model-based approach is discussed in the context of explainable AI.,0bb46c835ac846d3a6d0e99e27b56e62
sampling based approach,shap,SHAP is mentioned as a sampling based approach, potentially compared to the model-based approach.,0bb46c835ac846d3a6d0e99e27b56e62
lime algorithm,shap,SHAP is based on the LIME algorithm.,0bb46c835ac846d3a6d0e99e27b56e62
computation time,larger datasets,The improvement in computation time with the model-based approach is highlighted in the context of scaling to larger datasets.,0bb46c835ac846d3a6d0e99e27b56e62
shapley values,shap,SHAP is a method for computing Shapley values, which are related to feature importance in machine learning.,44b3d37a4b1445b59cfe5444c981fa77
dataset,entries,A dataset can have a large number of entries, such as 100,000 or a million.,44b3d37a4b1445b59cfe5444c981fa77
shap,weeks,Computing Shapley values with SHAP on a large dataset can take weeks (40 or 400 hours).,44b3d37a4b1445b59cfe5444c981fa77
our procedure,fraction of time,Our procedure requires significantly less time than the sampling-based approach, taking only a fraction of the time for SHAP.,44b3d37a4b1445b59cfe5444c981fa77
neural network,train set,Training a neural network is part of our procedure, which involves building a train set.,44b3d37a4b1445b59cfe5444c981fa77
explanable ai analysis,speeding up,Our method allows for speeding up explainable AI analysis.,44b3d37a4b1445b59cfe5444c981fa77
cooperative games,graph-based games,Graph-based games are a type of cooperative game to which the discussed approach can be applied.,44b3d37a4b1445b59cfe5444c981fa77
set-based representations,cooperative games,Set-based representations are another form of cooperative games that can utilize the same approach.,44b3d37a4b1445b59cfe5444c981fa77
non-cooperative games,future work,The applicability of similar techniques to non-cooperative games is an open question for future research.,44b3d37a4b1445b59cfe5444c981fa77
kernel,nucleolous,The Kernel and Nucleolous are other solution concepts in cooperative games that might be explored with this approach.,44b3d37a4b1445b59cfe5444c981fa77
neural network designs,graph neural networks,Graph neural networks are suggested as potential better designs for exploiting invariances or equivariances.,44b3d37a4b1445b59cfe5444c981fa77
transformers,neural network designs,Transformers are another type of neural network design that could potentially be utilized.,44b3d37a4b1445b59cfe5444c981fa77
graph neural networks,transformers,Both are designs mentioned in the context that exploit invariances or equivariances in game's representation.,6e8da2b47865496eac878fde12495966
game's representation,invariances,In the context, invariances refer to properties in the game's representation that can be exploited.,6e8da2b47865496eac878fde12495966
game's representation,equivariances,Equivariances are also mentioned in the context as properties in the game's representation that can be handled by designs.,6e8da2b47865496eac878fde12495966
t.k,d.c,Both T.K and D.C are mentioned as partially supported by ELLIS for this work.,6e8da2b47865496eac878fde12495966
t.k,t.r,T.K and T.R are both mentioned as receiving partial support from ELLIS for their work.,6e8da2b47865496eac878fde12495966
ellis,european laboratory for learning and intelligent systems,ELLIS is an acronym for the European Laboratory for Learning and Intelligent Systems.,6e8da2b47865496eac878fde12495966
ethereum foundation,lineage logistics research grant,Both are mentioned as sources of support alongside ELLIS for the research.,6e8da2b47865496eac878fde12495966
kells establishment,support,Kells Establishment is mentioned in the context as providing support for the work.,6e8da2b47865496eac878fde12495966
