node_1,node_2,edge,chunk_id
abstractcoordinate-based networks,mlps,MLPs are a form of AbstractCoordinate-based networks used for predicting high-frequency signals.,c138c1c2ef56427fa3641808bff87acc
high-frequency signals,low-dimensional signals,Both refer to types of signals that coordinate-based networks aim to predict.,c138c1c2ef56427fa3641808bff87acc
hybrid representations,coordinate-based network,Hybrid representations combine a coordinate-based network with a grid-based representation for scaling.,c138c1c2ef56427fa3641808bff87acc
grid-based representation,sparse voxels,Sparse voxels are an example of a grid-based representation used in hybrid models.,c138c1c2ef56427fa3641808bff87acc
levels-of-experts (loe) framework,novel coordinate-based representation,The LoE framework introduces a novel coordinate-based representation to overcome limitations of existing methods.,c138c1c2ef56427fa3641808bff87acc
mlp,linear layer,An MLP consists of linear layers, with multiple candidate weight matrices in the LoE framework.,c138c1c2ef56427fa3641808bff87acc
position-dependent weights,hierarchical arrangement,Position-dependent weights in the LoE framework are organized hierarchically.,c138c1c2ef56427fa3641808bff87acc
candidate values of weight matrix,input space,Candidate weight matrices are tiled and replicated across the input space based on input.,c138c1c2ef56427fa3641808bff87acc
generative modeling,signal fitting,Both signal fitting and generative modeling are tasks where the new representation is applicable.,c138c1c2ef56427fa3641808bff87acc
novel view synthesis,tasks,Novel view synthesis is another task that the proposed representation can efficiently handle.,c138c1c2ef56427fa3641808bff87acc
fully-connected neural networks,coordinate-based multilayer perceptron (mlp),MLP is a type of fully-connected neural network used for coordinate-based tasks.,d9ff02229b124c9ebc352a5188f9711f
coordinate positions,data value prediction,MLPs take coordinate positions as input to predict data values at specific locations.,d9ff02229b124c9ebc352a5188f9711f
implicit neural representation (inr),point clouds,INR is memory efficient compared to explicit representations like point clouds and voxel grids.,d9ff02229b124c9ebc352a5188f9711f
inr,voxel grids,INR is memory efficient compared to explicit representations like point clouds and voxel grids.,d9ff02229b124c9ebc352a5188f9711f
inr,conditional synthesis tasks,INRs can model signal distributions for conditional synthesis tasks.,d9ff02229b124c9ebc352a5188f9711f
increased width,increased depth,Both increasing width and depth of MLPs increase model capacity but also computation needs.,d9ff02229b124c9ebc352a5188f9711f
representation power gain,width or depth increase,The representation power gain diminishes quickly with increased width or depth, as shown by Rebain et al. [40].,d9ff02229b124c9ebc352a5188f9711f
hybrid representation,scaling problem,Hybrid representations address the scaling problem in INRs by combining discrete data structures.,d9ff02229b124c9ebc352a5188f9711f
sparse voxels,discrete data structure,Sparse voxels are an example of a discrete data structure used in hybrid representations.,d9ff02229b124c9ebc352a5188f9711f
discrete data structure,sparse voxels,sparse voxels is an example of a discrete data structure used for decomposing space,82548450148645b889d684585ae0f487
grid embedding,local detail,a lightweight MLP conditioned on the grid embedding generates local detail,82548450148645b889d684585ae0f487
grid embeddings,smooth interpolation,methods rely on smooth interpolation of grid embeddings for continuity,82548450148645b889d684585ae0f487
levels-of-experts (loe),position-dependent mlp,LoE framework uses a position-dependent MLP with 1D input,82548450148645b889d684585ae0f487
weight matrices,hierarchical tiling patterns,LoE allows for hierarchical tiling patterns with multiple copies of weight matrices,82548450148645b889d684585ae0f487
input location,selected weight copy,the input location determines which weight copy is selected for each layer,82548450148645b889d684585ae0f487
grid boundaries,output-domain tiling and blending,output-domain tiling and blending is used to encourage continuity across grid boundaries,82548450148645b889d684585ae0f487
neurips 2022,36th conference on neural information processing systems,NeurIPS 2022 refers to the 36th Conference on Neural Information Processing Systems,82548450148645b889d684585ae0f487
computation efficiency,negative impact,The first issue mentioned can negatively affect computation efficiency.,72d7381be9a3492d9eb2cacb4704e469
distributed features,grid,Features are stored in a grid and are associated with fixed locations.,72d7381be9a3492d9eb2cacb4704e469
global, compact latent representation,grid embedding,A global, compact representation is lacking without an expensive grid embedding model.,72d7381be9a3492d9eb2cacb4704e469
hybrid representation,mlp (multi-layer perceptron),The approach extends the idea of hybrid representation by storing MLP weights on a grid.,72d7381be9a3492d9eb2cacb4704e469
tiled grid,weights of mlp,Weights of MLP are arranged in a tiling pattern on a multi-resolution grid.,72d7381be9a3492d9eb2cacb4704e469
levels-of-experts (loe),position-dependent weights,LoE is a framework where MLP weights are position-dependent.,72d7381be9a3492d9eb2cacb4704e469
experts,weight matrices,Each layer in LoE has experts with their own weight matrices.,72d7381be9a3492d9eb2cacb4704e469
fourier features,grid resolutions,Different grid resolutions for each layer are inspired by Fourier features.,72d7381be9a3492d9eb2cacb4704e469
combined parameterization,learnable,The weight arrangement allows for a learnable combined parameterization.,72d7381be9a3492d9eb2cacb4704e469
layer,weight,Each layer has a repeating weight but the combined parameterization avoids repetition.,7cc7fa184ba04703af326613690a9d0b
combined model,input range of interest,The combined model's parameterization is tailored to the input range of interest.,7cc7fa184ba04703af326613690a9d0b
position-dependent weight,positional encoding,Position-dependent weight can function as a form of positional encoding.,7cc7fa184ba04703af326613690a9d0b
mlps,output discontinuities,Dividing space with different MLPs can cause output discontinuities.,7cc7fa184ba04703af326613690a9d0b
layer-level tiling approach,computationally expensive smooth interpolation or blending,Layer-level tiling reduces discontinuities without interpolation or blending.,7cc7fa184ba04703af326613690a9d0b
our approach,generalizeable mapping,Our approach encourages learning of generalizeable mappings.,7cc7fa184ba04703af326613690a9d0b
parameter efficiency,generative modeling tasks,Improved parameter efficiency benefits generative modeling tasks.,7cc7fa184ba04703af326613690a9d0b
computational cost,regular mlp,The model has a similar computational cost to a regular MLP.,7cc7fa184ba04703af326613690a9d0b
position-dependent weights,single copy of weights,Only one copy of weights is active despite using position-dependent weights.,7cc7fa184ba04703af326613690a9d0b
position-dependent weights,single copy of weights,active at each input,550c3355a69e4483b8fb406fa61552d0
fused gather-gemm-2scatter operator,implementation,efficiency in practice,550c3355a69e4483b8fb406fa61552d0
our method,drop-in replacement,no further modifications needed,550c3355a69e4483b8fb406fa61552d0
hybrid implicit neural representation,hierarchy of position-dependent and periodic weights,parameterized by,550c3355a69e4483b8fb406fa61552d0
periodicity,hierarchy of weights,design decisions studied,550c3355a69e4483b8fb406fa61552d0
weight interpolation methods,input encodings,design decisions studied,550c3355a69e4483b8fb406fa61552d0
architecture,efficiency,representation power demonstrated,550c3355a69e4483b8fb406fa61552d0
architecture,representation power,demonstrated on challenging tasks,550c3355a69e4483b8fb406fa61552d0
inrs,coordinate-based neural network,equivalent representation,550c3355a69e4483b8fb406fa61552d0
inrs,images, shapes, scenes,used for representing,550c3355a69e4483b8fb406fa61552d0
images,representation,images are being represented,b139e3db18144fdf896e9abda5f9fc66
shapes,representation,shapes are also represented,b139e3db18144fdf896e9abda5f9fc66
scenes,representation,scenes are mentioned in the context of representation,b139e3db18144fdf896e9abda5f9fc66
mlps,relu activations,earlier INRs were based on MLPs with ReLU activations,b139e3db18144fdf896e9abda5f9fc66
high-frequency detail,representation,earlier models often failed to represent high-frequency detail,b139e3db18144fdf896e9abda5f9fc66
recent works,addressed issues,recent advancements have addressed the issue of high-frequency detail representation,b139e3db18144fdf896e9abda5f9fc66
input encoding designs,recent works,improved by leveraging better input encoding designs,b139e3db18144fdf896e9abda5f9fc66
activation functions,recent works,activation functions are one aspect improved in recent approaches,b139e3db18144fdf896e9abda5f9fc66
network architectures,recent works,new network architectures contribute to addressing the issue,b139e3db18144fdf896e9abda5f9fc66
position dependent mlp architecture,approach,this is an orthogonal approach to existing ones,b139e3db18144fdf896e9abda5f9fc66
hybrid representations,computation efficiency,hybrid approach improves computation and memory efficiency,b139e3db18144fdf896e9abda5f9fc66
hybrid representations,memory efficiency,hybrid approach improves memory efficiency,b139e3db18144fdf896e9abda5f9fc66
local parameterization,hybrid approach,hybrid approach involves local parameterization,b139e3db18144fdf896e9abda5f9fc66
discrete structure representations,local parameterization,various discrete structures are used for local parameterization,b139e3db18144fdf896e9abda5f9fc66
neural networks,predicting parameterization,another neural network can predict the parameterization for generalization,b139e3db18144fdf896e9abda5f9fc66
hybrid approach,local feature,The hybrid approach involves obtaining a local feature with a discrete structure and coordinate.,15b04bbeea1f44d09d49c9e640914686
local feature,pointwise mlp,The local feature is inputted to the pointwise MLP to derive the data value.,15b04bbeea1f44d09d49c9e640914686
hybrid representation,smooth transitioning,The hybrid representation needs special designs to ensure smooth transitioning across subdivision boundaries.,15b04bbeea1f44d09d49c9e640914686
grid feature,mlp,Grid features are interpolated smoothly before being handed off to the MLP.,15b04bbeea1f44d09d49c9e640914686
mlp,sample,An MLP evaluation is performed per sample in this process.,15b04bbeea1f44d09d49c9e640914686
high-dimensional features,cost of interpolation,The cost of interpolation can be high for high-dimensional features on high-dimensional grids.,15b04bbeea1f44d09d49c9e640914686
approaches [4, 19, 28, 48],grid boundaries,These approaches allow MLP to predict signals beyond grid boundaries.,15b04bbeea1f44d09d49c9e640914686
approaches [4, 19, 28, 48],output domain,Predictions from nearby grids are smoothly blended in the output domain.,15b04bbeea1f44d09d49c9e640914686
hybrid representations [41],speedup,Some hybrid representations achieve considerable speedup without smooth interpolation.,15b04bbeea1f44d09d49c9e640914686
approach [41],larger, pretrained network,It requires distillation from a larger, pretrained network to address discontinuity artifacts.,15b04bbeea1f44d09d49c9e640914686
our approach,computation and memory efficiency,Our approach is efficient in computation and memory without boundary interpolation issues.,15b04bbeea1f44d09d49c9e640914686
our method,multi-level tiled grid,Our method uses a multi-level tiled grid to parameterize the weights of the pointwise MLP.,15b04bbeea1f44d09d49c9e640914686
hybrid representation,multi-level tiled grid,uses a multi-level tiled grid to parameterize weights of the pointwise MLP,3628aacee3064008b9c2bafa1cf7bac6
reiser et al.,coordinate-dependent network weights,shares the idea of coordinate-dependent weights but learns disjoint networks,3628aacee3064008b9c2bafa1cf7bac6
our work,hierarchical and periodical structure,employs a hierarchical and periodical structure for smooth and expressive representation,3628aacee3064008b9c2bafa1cf7bac6
neural networks,data-dependent weights,used for 3D animation and solving differential equations, but our work is layer-wise hierarchical,3628aacee3064008b9c2bafa1cf7bac6
coordinate-based multi-layer perceptron (mlp),stack of layers,typical MLP consists of stacked layers with input coordinate evaluation,3628aacee3064008b9c2bafa1cf7bac6
γ,input mapping,like sine-cosine positional encoding, γ maps input coordinates,3628aacee3064008b9c2bafa1cf7bac6
ϕ,non-linear activation function,applied in each layer after the input transformation,3628aacee3064008b9c2bafa1cf7bac6
gi,linear layer,performs affine transformation with weight matrix Wi and bias vector bi,3628aacee3064008b9c2bafa1cf7bac6
wi,bias vector bi,together parameterize the linear transformation in MLP layers,3628aacee3064008b9c2bafa1cf7bac6
wi and bi,gradient optimization,optimized during training via gradient descent,3628aacee3064008b9c2bafa1cf7bac6
weight matrix,wi,Wi is an abbreviation for the weight matrix.,e95c72e6fe0742569e04e49a0c461239
bias vector,bi,bi refers to the bias vector in the training process.,e95c72e6fe0742569e04e49a0c461239
gradient descent,optimization,Gradient descent is the method used to optimize Wi and bi.,e95c72e6fe0742569e04e49a0c461239
levels-of-experts (loe),dynamic-weight linear layer,LoE approach involves modeling Wi as a dynamic-weight linear layer.,e95c72e6fe0742569e04e49a0c461239
function,ψippq,ψippq is the function modeling the weight matrix depending on the input coordinate p.,e95c72e6fe0742569e04e49a0c461239
mlp,gi,gi represents the traditional linear layers in the Multilayer Perceptron (MLP).,e95c72e6fe0742569e04e49a0c461239
dynamic-weight layers,hi,hi replaces gi in the MLP to create input-dependent weights.,e95c72e6fe0742569e04e49a0c461239
position-dependent weight matrix,γqppq,γqppq is another term for the input-dependent weight matrix.,e95c72e6fe0742569e04e49a0c461239
weight generation functions,ψippq,ψippq generates weights expressively and efficiently for the position-dependent matrix.,e95c72e6fe0742569e04e49a0c461239
coordinate interpolation-based method,weight prediction,A coordinate interpolation-based method is used instead of complex weight prediction networks.,e95c72e6fe0742569e04e49a0c461239
grid,n matrices twi,The grid contains N matrices, each represented by Wi, for weight interpolation.,e95c72e6fe0742569e04e49a0c461239
grid,matrices,contains N matrices,e9a707cdb7a4400d95002067c3004532
n,layer depth,represents the layer depth,e9a707cdb7a4400d95002067c3004532
n,nonnegative integer,is a nonnegative integer,e9a707cdb7a4400d95002067c3004532
n,pointwise mlp formulation,reduces to when N equals 1,e9a707cdb7a4400d95002067c3004532
wi,layer i,refers to the input-dependent weight for layer i,e9a707cdb7a4400d95002067c3004532
p,1d coordinate,represents a 1D coordinate,e9a707cdb7a4400d95002067c3004532
wi,ψippq,computed as a function of p,e9a707cdb7a4400d95002067c3004532
hyperparameters,αi, βi,adjust the scale and translation of the grid,e9a707cdb7a4400d95002067c3004532
bj,n,blending coefficient,computes blending coefficient for the j-th candidate,e9a707cdb7a4400d95002067c3004532
blinearj,n,linear interpolation,defines the blending function for linear interpolation,e9a707cdb7a4400d95002067c3004532
bnearestj,n,nearest interpolation,defines the blending function for nearest interpolation,e9a707cdb7a4400d95002067c3004532
mod,positive remainder operation,denotes the positive remainder operation,e9a707cdb7a4400d95002067c3004532
dynamic-weight linear layer computation,batched inputs,performed efficiently for each candidate weight matrix,e9a707cdb7a4400d95002067c3004532
candidate weight matrix,input vectors,The candidate weight matrix is multiplied with input vectors that have non-zero values.,3b8dbc5caa314fcf9440b2780bf97493
matrix multiplication,scaling,Matrix multiplication is followed by scaling in the process.,3b8dbc5caa314fcf9440b2780bf97493
output matrix,scatter the results,The results of the multiplication and scaling are scattered to the output matrix.,3b8dbc5caa314fcf9440b2780bf97493
different layers,spatial frequencies,Each layer of the MLP has distinct spatial frequencies on the grid.,3b8dbc5caa314fcf9440b2780bf97493
inductive bias,mlp,Using different frequencies at different layers gives an inductive bias to the MLP to capture repetition patterns.,3b8dbc5caa314fcf9440b2780bf97493
weight sharing,regularization,Weight sharing at different locations acts as a form of regularization for smooth mapping learning.,3b8dbc5caa314fcf9440b2780bf97493
grid arrangements,potential configurations,Grid arrangements correspond to sets of parameters and can be non-exhaustive, as shown in Figure 1.,3b8dbc5caa314fcf9440b2780bf97493
randomized tiling pattern,random affine transformation,A randomized tiling pattern can be created by applying a random affine transformation, still providing performance gain.,3b8dbc5caa314fcf9440b2780bf97493
progressively growing fashion,grid arrangement,Grids are arranged progressively, starting with a full coverage in the first layer and subdividing with additional layers.,3b8dbc5caa314fcf9440b2780bf97493
loe,experiments,LoE is validated through experiments.,1e80548ae9d04ab7a6f99591866f859a
grid arrangements,supplementary material,A comparison of grid arrangements is in the supplementary material.,1e80548ae9d04ab7a6f99591866f859a
experiments,high-resolution image,Experiments involve fitting the model to a high-resolution image.,1e80548ae9d04ab7a6f99591866f859a
high-resolution image,8192ˆ8192 pixels,The high-resolution image has a size of 8192ˆ8192 pixels.,1e80548ae9d04ab7a6f99591866f859a
model,input space,The model partitions the input space into grids.,1e80548ae9d04ab7a6f99591866f859a
weight matrices,grids,Each grid has a unique combination of weight matrices.,1e80548ae9d04ab7a6f99591866f859a
novel-view synthesis task,indirectly supervised,The model is evaluated on an indirectly supervised novel-view synthesis task.,1e80548ae9d04ab7a6f99591866f859a
generative adversarial network (gan),generalization capability,The GAN demonstrates the model's generalization capability.,1e80548ae9d04ab7a6f99591866f859a
model,loss,The model is fitted to data by minimizing the L2 loss.,1e80548ae9d04ab7a6f99591866f859a
table 1,baseline methods,Table 1 compares the main method with baseline methods and ablations.,1e80548ae9d04ab7a6f99591866f859a
our model,baseline methods,Our model significantly outperforms baseline methods without position-dependent weights.,e8fc71e8b22a44f69a23cdc0f6a34c18
mlp with sine-cosine positional encoding (pe),our model,MLP with PE performs 12dB worse than our model despite similar architecture and cost.,e8fc71e8b22a44f69a23cdc0f6a34c18
input coordinate embedding (ce) model,our model,Input CE model has lower fitting quality and higher computational cost compared to ours.,e8fc71e8b22a44f69a23cdc0f6a34c18
hierarchical and periodic tiling pattern,our method's effectiveness,The hierarchical and periodic tiling pattern contributes to the effectiveness of our method.,e8fc71e8b22a44f69a23cdc0f6a34c18
interleaved model,pe mlp baseline,Interleaved model shows slight improvement over the PE MLP baseline.,e8fc71e8b22a44f69a23cdc0f6a34c18
chunked experiment,independent mlps,In the chunked experiment, independent MLPs improve fitting quality.,e8fc71e8b22a44f69a23cdc0f6a34c18
mlps,chunks,MLPs are used to handle individual chunks.,869dc94a31c547a8aeb719e558187a25
chunk boundaries,continuity issues,Chunk boundaries are associated with visibility of continuity issues in the fitted image.,869dc94a31c547a8aeb719e558187a25
our method,best performance,Our method achieves the highest level of performance.,869dc94a31c547a8aeb719e558187a25
tiled weights,efficiency,Tiled weights allow for a more efficient data representation.,869dc94a31c547a8aeb719e558187a25
periodicity,frequencies,Periodicity is exploited at a wide range of frequencies.,869dc94a31c547a8aeb719e558187a25
piecewise constant weight parameterization,bilinear interpolation of weights,The piecewise constant weight parameterization is compared to the smooth variant implemented by bilinear interpolation.,869dc94a31c547a8aeb719e558187a25
smooth variant,computational cost,The smooth variant has 4 times the computational cost.,869dc94a31c547a8aeb719e558187a25
fitting quality,piecewise constant version,The fitting quality of the piecewise constant version is slightly better with less computational expense.,869dc94a31c547a8aeb719e558187a25
input position encoding,tiled weight model,The tiled weight model works well even without input position encoding.,869dc94a31c547a8aeb719e558187a25
constant input (no pe) experiment,coordinate encoding,In this experiment, a constant vector replaces coordinate encoding in the first layer.,869dc94a31c547a8aeb719e558187a25
table 1,positional encoding,Table 1 compares models with and without positional encoding.,344b6c51b0ae45eab0bb2bf78d7db09f
positional encoding,coordinate encoding,Coordinate encoding is a form of positional encoding.,344b6c51b0ae45eab0bb2bf78d7db09f
input space,unique intervals,The input space can have a large number of unique intervals.,344b6c51b0ae45eab0bb2bf78d7db09f
discontinuous weights,low and uniformly distributed error,Discontinuous weights result in low and uniformly distributed error.,344b6c51b0ae45eab0bb2bf78d7db09f
bilinear interpolation,more expensive version,Bilinear interpolation of weights is a more expensive method.,344b6c51b0ae45eab0bb2bf78d7db09f
ensemble of networks,high error variation, discontinuities, low fitting quality,An ensemble of networks without hierarchical weight tiling leads to poor fitting quality.,344b6c51b0ae45eab0bb2bf78d7db09f
model size,comparable to acorn,The model size of the proposed method is compared to ACORN's size.,344b6c51b0ae45eab0bb2bf78d7db09f
coordinate embedding (ce) baseline,grid resolutions,The CE baseline is evaluated with multiple grid resolutions.,344b6c51b0ae45eab0bb2bf78d7db09f
psnr (db),ssim,Both PSNR and SSIM are metrics for fitting quality assessment.,344b6c51b0ae45eab0bb2bf78d7db09f
periodic multi-,random affine,These are different methods for positional encoding in coordinate-based networks.,344b6c51b0ae45eab0bb2bf78d7db09f
constant input (no pe),ours (bilinear),Constant input refers to a model without positional encoding, while 'Ours Bilinear' includes it.,344b6c51b0ae45eab0bb2bf78d7db09f
mfn,periodical weights,MFN is an example where periodical weights are used in a coordinate-based network.,04b01df202154a34b92f3db6b60e25bf
bacon,periodical weights,BACON is another example where periodical weights are utilized in a network.,04b01df202154a34b92f3db6b60e25bf
video,3d coordinate,Each pixel in the video is associated with a 3D coordinate.,04b01df202154a34b92f3db6b60e25bf
pe mlp,fixed-weight models,PE MLP is an example of a fixed-weight model.,04b01df202154a34b92f3db6b60e25bf
siren,fixed-weight models,SIREN is also a fixed-weight model.,04b01df202154a34b92f3db6b60e25bf
our model,increased input dimensions,The capacity of our model grows with increased input dimensions.,04b01df202154a34b92f3db6b60e25bf
higher-dimensional problems,higher dimensional weight tiles,For higher-dimensional problems, higher dimensional weight tiles are used.,04b01df202154a34b92f3db6b60e25bf
siren-l experiment,quadrupling the hidden channel count,In the SIREN-L experiment, model capacity was increased by quadrupling hidden channels.,04b01df202154a34b92f3db6b60e25bf
coordinate mlps,diminishing return phenomenon,The SIREN-L experiment confirms the diminishing return phenomenon associated with coordinate MLPs.,04b01df202154a34b92f3db6b60e25bf
coordinate-based network,weights,The context discusses the use of weights in a coordinate-based network.,04b01df202154a34b92f3db6b60e25bf
siren,extra computation,Using SIREN in a fully implicit model would require greatly increased computation.,04b01df202154a34b92f3db6b60e25bf
embedding-based hybrid representations,coordinate embedding,Coordinate embedding is an example of an embedding-based hybrid representation.,04b01df202154a34b92f3db6b60e25bf
mlps,embedding-based hybrid representations,MLPs are compared to embedding-based hybrid representations, like coordinate embedding (CE),69d8238bca3447ccbe275d261db448f2
coordinate embedding (ce),dense 643 × 64 grid,CE includes a dense grid for position-dependent features storage,69d8238bca3447ccbe275d261db448f2
trilinear interpolation,coordinate embedding (ce),CE uses trilinear interpolation for feature extraction,69d8238bca3447ccbe275d261db448f2
our approach,coordinate embedding (ce),Our approach outperforms CE in terms of performance,69d8238bca3447ccbe275d261db448f2
table 2,model size, computation, and fitting quality,Table compares model sizes, computations, and fitting qualities for various models,69d8238bca3447ccbe275d261db448f2
siren-l,hidden channels,SIREN-L has 1024 hidden channels, more than other models,69d8238bca3447ccbe275d261db448f2
psnr (db),video fitting results,PSNR is used to measure the quality of video fitting results,69d8238bca3447ccbe275d261db448f2
loe model,high-resolution signals,LoE model shows improved fitting quality for high-resolution signals,69d8238bca3447ccbe275d261db448f2
novel view synthesis,indirect supervision,LoE model is evaluated for its performance in an under-constrained, indirectly supervised task,69d8238bca3447ccbe275d261db448f2
neural radiance fields (nerf),volumetric 3d representation,NeRF is a type of volumetric 3D representation used for novel view synthesis,69d8238bca3447ccbe275d261db448f2
network,color c and opacity σ,The network models color and opacity for each 3D location and view direction,69d8238bca3447ccbe275d261db448f2
ray,image pixels,Each pixel in an image is associated with a ray for color determination,69d8238bca3447ccbe275d261db448f2
neural network,color,The neural network is queried at points to obtain color information.,6f725fc128a84c15a8eb793fea8f464a
neural network,opacity,The neural network also provides opacity values (σi).,6f725fc128a84c15a8eb793fea8f464a
volumetric rendering,numerical integration,Volumetric rendering is performed via numerical integration.,6f725fc128a84c15a8eb793fea8f464a
rendered colors,ground truth pixel values,Training minimizes the photometric loss between rendered colors and ground truth pixels.,6f725fc128a84c15a8eb793fea8f464a
tanks and temples dataset,training images,The dataset contains 133 training images used for comparison.,6f725fc128a84c15a8eb793fea8f464a
pe mlp baseline,hierarchical, position-dependent weights,Hierarchical, position-dependent weights improve the PE MLP baseline's detail reproduction.,6f725fc128a84c15a8eb793fea8f464a
free space artifacts,independent mlps,Independent MLPs for each grid location can cause free space artifacts.,6f725fc128a84c15a8eb793fea8f464a
our model,position-dependent weights,Our model doesn't have free space artifacts despite having position-dependent weights.,6f725fc128a84c15a8eb793fea8f464a
ablated model,hierarchical arrangement,An ablated model without hierarchical weight grids had more parameters but suffered from issues.,6f725fc128a84c15a8eb793fea8f464a
ablated model,baseline pe mlp,compared in performance,f01c9a4771924addab65373c0a7abc63
hierarchically tiled weights,good inductive bias,important for providing,f01c9a4771924addab65373c0a7abc63
loe model,image generation task,demonstrates generalization capability on,f01c9a4771924addab65373c0a7abc63
coordinate-based models,generators,used as for GANs,f01c9a4771924addab65373c0a7abc63
f pp, zq,input coordinate, p,takes as input along with noise vector z,f01c9a4771924addab65373c0a7abc63
gpzq,full image,generates from a fixed z and queried at every pixel location,f01c9a4771924addab65373c0a7abc63
noise vector, z,fixed distribution,sampled from to create images of different appearances,f01c9a4771924addab65373c0a7abc63
discriminator network, d,training signal,provides for the GAN,f01c9a4771924addab65373c0a7abc63
hinge loss,gan objective,used as,f01c9a4771924addab65373c0a7abc63
our model,baseline model,produces sharper details while having the same computational cost,f01c9a4771924addab65373c0a7abc63
novel view synthesis,quality,novel view synthesis quality is compared in the context,c2554fe294ec45aa949f28e09d7d2de8
family scene,comparison,comparison is done on the Family scene,c2554fe294ec45aa949f28e09d7d2de8
psnr,db,PSNR is represented in decibels (dB),c2554fe294ec45aa949f28e09d7d2de8
pe mlp,315kmacs,PE MLP has a computational cost of 315KMACs,c2554fe294ec45aa949f28e09d7d2de8
ablated model,free-space artifacts,the ablated model exhibits free-space artifacts,c2554fe294ec45aa949f28e09d7d2de8
hierarchical weight tiling,model architecture,models differ in the use of hierarchical weight tiling in their architecture,c2554fe294ec45aa949f28e09d7d2de8
ffhq dataset,image generation,FFHQ dataset is used for image generation,c2554fe294ec45aa949f28e09d7d2de8
generator,residual connections,the generator includes residual connections,c2554fe294ec45aa949f28e09d7d2de8
discriminator,multi-resolution patch discriminator,the discriminator employs a multi-resolution patch discriminator,c2554fe294ec45aa949f28e09d7d2de8
spectral normalization,discriminator,spectral normalization is used in the discriminator,c2554fe294ec45aa949f28e09d7d2de8
loe model,baseline method,LoE model is compared with a baseline method,c2554fe294ec45aa949f28e09d7d2de8
coordinate embedding,resolution,coordinate embedding has a resolution of 256 ˆ 256,c2554fe294ec45aa949f28e09d7d2de8
loe model,levels-of-experts,LoE is an abbreviation for Levels-of-Experts, both referring to the same novel hybrid implicit representation.,a5f6739dc9534d328642f2d22fbf5be8
ffhq dataset,image generation quality,FFHQ dataset is used for evaluating the image generation quality, measured by FID.,a5f6739dc9534d328642f2d22fbf5be8
fid,fréchet inception distance,FID is an acronym for Fréchet inception distance, a metric for assessing image quality.,a5f6739dc9534d328642f2d22fbf5be8
pe + ce method,fixed noise pattern artifacts,The PE + CE method generates images with fixed noise pattern artifacts, which our method addresses.,a5f6739dc9534d328642f2d22fbf5be8
our method,loe model,Our method refers to the Levels-of-Experts (LoE) model, which improves upon the PE + CE method.,a5f6739dc9534d328642f2d22fbf5be8
model capacity,comparably low computational footprint,The LoE model offers greater model capacity while maintaining a low computational cost.,a5f6739dc9534d328642f2d22fbf5be8
grid-based hybrid representations,loe model,The LoE model is compared to previous grid-based hybrid representations in terms of parameter efficiency and generalization.,a5f6739dc9534d328642f2d22fbf5be8
nearest-interpolation variant,discontinuity,The nearest-interpolation variant of the LoE model has undefined derivatives and suffers from discontinuity issues.,a5f6739dc9534d328642f2d22fbf5be8
smooth interpolation variants,siren,SIREN has smooth, high-order derivatives which the smooth interpolation variants lack.,49137df391524a0e9e44b5882a8ef4dd
siren,solving differential equations,SIREN is more suitable for solving differential equations due to its smooth derivatives.,49137df391524a0e9e44b5882a8ef4dd
our method,prior knowledge of the underlying signal,Our method requires prior knowledge to choose suitable grid scales.,49137df391524a0e9e44b5882a8ef4dd
implicit neural representations (inrs),activation functions,Both are aspects of improving INRs, with activation functions being one approach.,49137df391524a0e9e44b5882a8ef4dd
input encoding,inrs,Input encoding is another way to enhance INRs.,49137df391524a0e9e44b5882a8ef4dd
hypernetworks,inrs,Hypernetworks can be used in conjunction with INRs for extension or improvement.,49137df391524a0e9e44b5882a8ef4dd
pre- or post-processing cnns,inrs,CNNs can be combined with INRs for preprocessing or postprocessing tasks.,49137df391524a0e9e44b5882a8ef4dd
our method,higher fidelity data synthesis,Our method enables higher fidelity data synthesis and representation.,49137df391524a0e9e44b5882a8ef4dd
data,image, video, volume,Data includes visual formats like images, videos, and volumes.,49137df391524a0e9e44b5882a8ef4dd
our method,deepfakes,Our method, like prior works, can potentially be misused for creating deepfakes.,49137df391524a0e9e44b5882a8ef4dd
