node_1,node_2,edge,chunk_id
language models,pre-training,Language models are pre-trained using a specific approach.,75d74684aa40407fbe53d6d7b863d268
randomly masking,word tokens,Randomly masking involves concealing word tokens in the pre-training process.,75d74684aa40407fbe53d6d7b863d268
sequential decision making,tasks,Sequential decision making encompasses various tasks like behavior cloning, offline reinforcement learning, inverse dynamics, and waypoint conditioning.,75d74684aa40407fbe53d6d7b863d268
uni[mask] framework,sequential decision making tasks,The Uni[MASK] framework is designed for specifying models trained on different sequential decision making tasks.,75d74684aa40407fbe53d6d7b863d268
uni[mask] model,single-task models,A Uni[MASK] model can perform multiple tasks, often matching or outperforming dedicated single-task models.,75d74684aa40407fbe53d6d7b863d268
fine-tuning,uni[mask] models,After fine-tuning, Uni[MASK] models consistently surpass comparable single-task models in performance.,75d74684aa40407fbe53d6d7b863d268
masked language modeling,nlp (natural language processing),Masked language modeling is a key technique in NLP.,75d74684aa40407fbe53d6d7b863d268
bert model,predicting missing words,During training, BERT models are tasked with predicting masked words in a sentence.,75d74684aa40407fbe53d6d7b863d268
unidirectional models,gpt,GPT is an example of an unidirectional model that predicts the next token based on left context.,75d74684aa40407fbe53d6d7b863d268
bidirectional models,left and right context,These models learn to represent each word token using both left and right context.,504b466cef32451e97a1d04dd3785805
masked modeling,sequential decision problems,Masked modeling is investigated for its potential in sequential decision problems.,504b466cef32451e97a1d04dd3785805
sequence of states,actions,Both sequences of states and actions are considered as tokens in the context of the problem.,504b466cef32451e97a1d04dd3785805
masking,predicting the missing token,Masking involves predicting missing tokens, like the last action in a sequence.,504b466cef32451e97a1d04dd3785805
behavior cloning (bc),behavior cloning prediction,Behavior Cloning refers to predicting actions with a certain history, as in the example with two timesteps of history.,504b466cef32451e97a1d04dd3785805
uni[mask] framework,sequential decision problems,The Uni[MASK] framework is proposed to handle various inference tasks in sequential decision problems through masking schemes.,504b466cef32451e97a1d04dd3785805
inference tasks,goal or waypoint conditioned bc,Inference tasks include goal or waypoint conditioned Behavioral Cloning, among others like offline RL and dynamics prediction.,504b466cef32451e97a1d04dd3785805
reinforcement learning (rl),sequence modeling paradigm,RL is one of the tasks that can be unified under the sequence modeling paradigm.,e2bdd0d330284a86babbc9a7ac1ccd29
uni[mask] model,multi-task training,The Uni[MASK] model is designed for multi-task training, capable of performing various tasks.,e2bdd0d330284a86babbc9a7ac1ccd29
gridworld navigation task,continuous control environment,The framework is tested in both a Gridworld navigation task and a continuous control environment.,e2bdd0d330284a86babbc9a7ac1ccd29
random masking,single-task performance,Random masking during training generally does not compromise single-task performance.,e2bdd0d330284a86babbc9a7ac1ccd29
fine-tuning,bc (behavior cloning) or rl (reinforcement learning),A model trained with random masking can be fine-tuned for BC or RL tasks and often outperforms specialized models.,e2bdd0d330284a86babbc9a7ac1ccd29
uni[mask],framework,Uni[MASK] is a proposed framework for unifying inference tasks.,7dd3d05db9e84ff7aafda569fd23c26b
inference tasks,sequential decision problems,Inference tasks are specifically related to sequential decision problems in the context.,7dd3d05db9e84ff7aafda569fd23c26b
masking schemes,sequence modeling paradigm,Masking schemes are described as different ways within a sequence modeling paradigm.,7dd3d05db9e84ff7aafda569fd23c26b
random masking,multi-inference-task model,Random masking at training time creates a single model capable of multiple inference tasks.,7dd3d05db9e84ff7aafda569fd23c26b
training,fine-tuning,Training on many tasks can lead to fine-tuning, which improves single-task performance.,7dd3d05db9e84ff7aafda569fd23c26b
transformer models,rl (reinforcement learning),Transformer models have been applied in the context of RL, though training can be unstable.,7dd3d05db9e84ff7aafda569fd23c26b
state-of-the-art methods,improvement,Insights from Uni[MASK] can be used to enhance existing state-of-the-art methods.,7dd3d05db9e84ff7aafda569fd23c26b
transformers,nlp (natural language processing), computer vision,Transformers have shown success in NLP and computer vision domains.,7dd3d05db9e84ff7aafda569fd23c26b
masked prediction,self-supervision task,Masked prediction is used as a self-supervision task in NLP and vision research.,130eeb4706aa49348ba67071e725b8e5
language generation,masking schemes,[39] provides a framework for understanding different masking schemes in language generation.,130eeb4706aa49348ba67071e725b8e5
sequential decision-making,sequence modeling,Sequential decision-making is approached as sequence modeling, particularly in offline RL settings.,130eeb4706aa49348ba67071e725b8e5
gpt-style transformers,high-reward trajectories,GPT-style (causally-masked) transformers generate high-reward trajectories in offline RL.,130eeb4706aa49348ba67071e725b8e5
offline rl,transformers,Previous work questions the necessity of transformers for good results in offline RL, but it is one of the tasks considered.,130eeb4706aa49348ba67071e725b8e5
left-to-right masking,transformer conditioning,Concurrent work extends left-to-right masking to condition on future trajectory info for tasks like state marginal matching and multi-agent motion forecasting.,130eeb4706aa49348ba67071e725b8e5
bidirectional transformer,arbitrary downstream tasks,A single bidirectional transformer is studied for its capability to perform various downstream tasks systematically.,130eeb4706aa49348ba67071e725b8e5
bidirectional transformer,downstream tasks,can be trained to perform,25174be533664825b0b5a14e589e75b3
motion forecasting,complex settings,compared in terms of,25174be533664825b0b5a14e589e75b3
agent actions,rewards,in addition to states,25174be533664825b0b5a14e589e75b3
sequence-modeling perspective,tasks,represents all tasks systematically,25174be533664825b0b5a14e589e75b3
multi-task training regimes,comparison,investigation of how different ones compare,25174be533664825b0b5a14e589e75b3
masked prediction,self-supervision objective,used as,25174be533664825b0b5a14e589e75b3
state dynamics prediction,auxiliary objectives,investigated in previous work,25174be533664825b0b5a14e589e75b3
intrinsic motivation,auxiliary objectives,also investigated in previous work,25174be533664825b0b5a14e589e75b3
uni[mask] framework,arbitrary tasks,represents using masking schemes,25174be533664825b0b5a14e589e75b3
future inference,model,must predict future states and actions,25174be533664825b0b5a14e589e75b3
single-task models,prior work,relied on for accomplishment of tasks,25174be533664825b0b5a14e589e75b3
goal-conditioned,tasks,an example of single-task models,25174be533664825b0b5a14e589e75b3
model,sliding window,model uses a sliding window technique,31711a71c8df4340a1fae818879840f2
goal-conditioned imitation learning,rl,both are examples of single-task models,31711a71c8df4340a1fae818879840f2
waypoint-conditioning,property-conditioning,mentioned alongside as task conditioning methods,31711a71c8df4340a1fae818879840f2
dynamics model learning,[18, 9],dynamics model learning is referenced by citation,31711a71c8df4340a1fae818879840f2
atari,games,models trained for different games in Atari's environment,31711a71c8df4340a1fae818879840f2
multi-modal prediction tasks,[35],multi-modal prediction tasks are referenced by citation,31711a71c8df4340a1fae818879840f2
rl,forward dynamics modeling,RL and forward dynamics modeling are different inference tasks,31711a71c8df4340a1fae818879840f2
uni[mask] framework,sequential decision problems,provides a unified interpretation of inference tasks in sequential decision problems,31711a71c8df4340a1fae818879840f2
trajectories,sequences of states, actions, and property tokens,trajectories consist of these elements,31711a71c8df4340a1fae818879840f2
return-to-go (rtg),reward,RTG is a property based on the sum of rewards from a timestep to the end of an episode,31711a71c8df4340a1fae818879840f2
decision problem,property token,A property token in a decision problem can include environment conditions, agent style, or performance.,afb26fa84e014b34a9e021ac17147d20
labels,tasks requiring specific properties,Labels are needed to train on tasks that require specific properties, which can be programmatically obtained or through human annotators.,afb26fa84e014b34a9e021ac17147d20
model,non-reward property,The model can be conditioned on a non-reward property.,afb26fa84e014b34a9e021ac17147d20
uni[mask] framework,sequential decision problems,Uni[MASK] is a framework used to formulate tasks in sequential decision problems as input masking schemes.,afb26fa84e014b34a9e021ac17147d20
masking scheme,input tokens,A masking scheme specifies which input tokens are masked for prediction by the model.,afb26fa84e014b34a9e021ac17147d20
masking scheme,model outputs,The masking scheme also determines which model outputs are masked before computing losses.,afb26fa84e014b34a9e021ac17147d20
bc,behavior cloning,BC (Behavior Cloning) is an example of a task in the Uni[MASK] framework.,afb26fa84e014b34a9e021ac17147d20
goal and waypoint conditioned imitation,imitation learning,Goal and waypoint conditioned imitation is another task within the proposed representation.,afb26fa84e014b34a9e021ac17147d20
offline rl,reward-conditioned imitation,Offline RL (Reward-conditioned Imitation) is unified under the masking scheme representation.,afb26fa84e014b34a9e021ac17147d20
dynamics modeling,masking schemes,Dynamics modeling is also represented as a task using masking schemes.,afb26fa84e014b34a9e021ac17147d20
reward-to-go,trajectory statistics,Reward-to-go and other trajectory statistics are not necessary but can be formulated in the most general form.,afb26fa84e014b34a9e021ac17147d20
reward-to-go,trajectory statistics,reward-to-go is a type of trajectory statistic that can be used for conditioning in the context of offline RL.,bf90bbd6bd6c4bd5b55c10dd05bc4fb8
uni[mask] model,masking scheme,The Uni[MASK] model operates with a masking scheme applied to a snippet of a trajectory during inference.,bf90bbd6bd6c4bd5b55c10dd05bc4fb8
bert architecture,sequential decision problem domain,BERT architecture is adapted for use in the sequential decision-making context within the Uni[MASK] framework.,bf90bbd6bd6c4bd5b55c10dd05bc4fb8
state tokens,action tokens,Both state and action tokens are stacked together with property tokens at each timestep in the modified BERT architecture.,bf90bbd6bd6c4bd5b55c10dd05bc4fb8
timestep encoding,prior work in sequential decision-making,Timestep encoding, which involves concatenating observations with their time steps, has been used in previous research related to sequential decision-making.,bf90bbd6bd6c4bd5b55c10dd05bc4fb8
timestep encoding,concatenating each observation with its environment timestep,timestep encoding involves concatenating observations with their corresponding environment timesteps,1139428bd45f4709af80a8df2f656c52
positional encoding,reduce overfitting,positional encoding is used to help reduce overfitting in the model,1139428bd45f4709af80a8df2f656c52
reward-conditioned tasks,first rtg token,in reward-conditioned tasks, only the first RTG token is fed into the model along with the remaining timesteps,1139428bd45f4709af80a8df2f656c52
remaining timesteps,horizon,the number of timesteps remaining refers to the time left in the prediction horizon,1139428bd45f4709af80a8df2f656c52
uni[mask],feedforward neural network architecture,an alternative instantiation of Uni[MASK] uses a feedforward neural network architecture,1139428bd45f4709af80a8df2f656c52
single-task training,one masking scheme,single-task training focuses on learning from a single masking scheme,1139428bd45f4709af80a8df2f656c52
multi-task training,multiple masking schemes,multi-task training involves learning from various masking schemes to potentially perform well on multiple tasks,1139428bd45f4709af80a8df2f656c52
random-mask training,fully randomized masking scheme,random-mask training uses a masking scheme that is randomly determined for each trajectory snippet,1139428bd45f4709af80a8df2f656c52
masking probability,pmask,pmask represents the probability of a token being masked in the random-mask training method,1139428bd45f4709af80a8df2f656c52
masking probability,pmask,pmask is an abbreviation for the masking probability, which is sampled uniformly at random.,b11301d9ab5745fd9b82044d5c8ce4d6
state token,action token,Both state and action tokens can be masked with probability pmask.,b11301d9ab5745fd9b82044d5c8ce4d6
rtg token,first rtg token,The first RTG token is masked with probability 1,不同于其他后续的RTG tokens.,b11301d9ab5745fd9b82044d5c8ce4d6
random-mask,sequence inference task,Random-mask is a method applied to any sequence inference task without specifying the task at training time.,b11301d9ab5745fd9b82044d5c8ce4d6
model,representations,A model trained with random-mask may learn richer representations of the environment.,b11301d9ab5745fd9b82044d5c8ce4d6
fine-tune,pre-trained model,Fine-tuning refines a pre-trained model on a specific masking scheme.,b11301d9ab5745fd9b82044d5c8ce4d6
multi-task,single-task,Multi-task refers to training on multiple inference tasks, while single-task focuses on one particular task.,b11301d9ab5745fd9b82044d5c8ce4d6
random-mask,multi-task,H2 hypothesizes that random-mask training surpasses training on a specific set of tasks.,b11301d9ab5745fd9b82044d5c8ce4d6
h1,h2,H1 and H2 are hypotheses testing the benefits of different training regimes for model performance.,b11301d9ab5745fd9b82044d5c8ce4d6
training,random sampling masking,random sampling masking is a method used in training,6231d009eef84ca88c9d415431976818
uni[mask] model,arbitrary inference tasks,Uni[MASK] model can perform various inference tasks without task-specific modifications,6231d009eef84ca88c9d415431976818
random-mask,single-task models,random-mask doesn't compromise performance compared to single-task models,6231d009eef84ca88c9d415431976818
random-mask,multi-task models,random-mask can achieve comparable or better performance than multi-task models,6231d009eef84ca88c9d415431976818
additional fine-tuning,task of interest,fine-tuning on the task of interest improves Uni[MASK] model's performance consistently,6231d009eef84ca88c9d415431976818
gridworld environment,minigrid environment framework,Gridworld is created using the MiniGrid environment for agent navigation tasks,6231d009eef84ca88c9d415431976818
agent,goal location,The agent aims to reach a fixed goal location in the Gridworld,6231d009eef84ca88c9d415431976818
reward,moving closer to the goal,Agent receives a reward for moving towards the goal,6231d009eef84ca88c9d415431976818
sequence length t,training trajectories,Uni[MASK] models are trained on sequences of length T,6231d009eef84ca88c9d415431976818
noisy-rational agent,training data,Training data comes from noisy-rational agent trajectories,6231d009eef84ca88c9d415431976818
inference tasks,speciﬁc sets of tokens,inference tasks are performed based on specific token sets,a8b0c7002b0b4b8e9a5ce18aad115ffa
model,imitation,the model can be used for imitation learning,a8b0c7002b0b4b8e9a5ce18aad115ffa
model,reward-conditioning,the model can be used for reward-conditioned tasks,a8b0c7002b0b4b8e9a5ce18aad115ffa
model,goal-conditioning,the model can be conditioned on goals,a8b0c7002b0b4b8e9a5ce18aad115ffa
model,forward dynamics model,the model can function as a forward dynamics model,a8b0c7002b0b4b8e9a5ce18aad115ffa
model,inverse dynamics model,the model can also act as an inverse dynamics model,a8b0c7002b0b4b8e9a5ce18aad115ffa
trajectories,properties,trajectories can be labeled with properties at training time,a8b0c7002b0b4b8e9a5ce18aad115ffa
model,property-conditioning,the model can be used for property-conditioning when trajectories are labeled,a8b0c7002b0b4b8e9a5ce18aad115ffa
masking schemes,generalization,the model generalizes across different masking schemes,a8b0c7002b0b4b8e9a5ce18aad115ffa
random masking,uni[mask] model,a Uni[MASK] model is trained with random masking,a8b0c7002b0b4b8e9a5ce18aad115ffa
uni[mask] model,inference tasks,the Uni[MASK] model can be queried on various inference tasks,a8b0c7002b0b4b8e9a5ce18aad115ffa
conditioned goal,alternative goal,conditioned goals refer to reaching objectives other than the primary one.,63d3939dc1a347ee85f430b32881468d
reward-conditioned,trajectory,a trajectory is generated to achieve a specific reward.,63d3939dc1a347ee85f430b32881468d
waypoint-conditioned,subgoals,waypoint-conditioned involves reaching predefined subgoals at specific timesteps.,63d3939dc1a347ee85f430b32881468d
backwards inference,final state,backwards inference generates a likely history based on a final state.,63d3939dc1a347ee85f430b32881468d
random-mask-trained uni[mask] model,future state predictions,the model can be used for predicting states and actions in the future.,63d3939dc1a347ee85f430b32881468d
predicted state distribution,timestep,the model predicts a distribution of states at each timestep, marginalizing over missing actions.,63d3939dc1a347ee85f430b32881468d
environment dynamics,agent behavior,the model accurately captures both the environment's dynamics and typical agent behavior.,63d3939dc1a347ee85f430b32881468d
agent,position (2, 1),the agent must be at position (2, 1) at a specific timestep.,63d3939dc1a347ee85f430b32881468d
agent,position,The agent must be at a specific position.,5d8dd614733b4d528975dafde1433038
task,goal-conditioned imitation,An example of a single task is goal-conditioned imitation.,5d8dd614733b4d528975dafde1433038
random-mask model,single-task models,Random-mask model performance compared to single-task models trained exclusively on a task.,5d8dd614733b4d528975dafde1433038
validation loss,performance measure,Validation loss is used to measure the performance of models.,5d8dd614733b4d528975dafde1433038
training dataset,property labels,The training dataset can have additional property labels for conditioning.,5d8dd614733b4d528975dafde1433038
model,trajectory,A model can roll out trajectories based on properties.,5d8dd614733b4d528975dafde1433038
state distributions,conditioning on states,Model predictions depend on state distributions and conditioning at specific time steps.,5d8dd614733b4d528975dafde1433038
fine-tuning,task of interest,Fine-tuning a general model to a specific task can improve performance.,5d8dd614733b4d528975dafde1433038
validation losses,evaluation tasks,Validation losses are normalized for each evaluation task.,5d8dd614733b4d528975dafde1433038
evaluation task,column,An evaluation task is associated with a specific column in the context,58c48a7bdf8f4443ab2285db5c0a9d91
best method,value 1,The best method in a column has a value of 1 indicating optimal performance,58c48a7bdf8f4443ab2285db5c0a9d91
multi-task model,forward dynamics task,A multi-task model performs poorly on the forward dynamics task due to determinism,58c48a7bdf8f4443ab2285db5c0a9d91
overfitting,single-task model,Overfitting is expected with a single-task model in a deterministic environment,58c48a7bdf8f4443ab2285db5c0a9d91
appendix f,more details,Appendix F contains additional information about the evaluation,58c48a7bdf8f4443ab2285db5c0a9d91
validation loss,model,Validation loss is reported when a model is trained and evaluated on different tasks,58c48a7bdf8f4443ab2285db5c0a9d91
bc (behavior cloning),task,BC is an example of a task that a model can be trained on,58c48a7bdf8f4443ab2285db5c0a9d91
random-mask training,single-task training,Random-mask training surpasses single-task training in some cases,58c48a7bdf8f4443ab2285db5c0a9d91
finetuning,specializing a model,Finetuning helps specialize a model trained with random-mask for better performance,58c48a7bdf8f4443ab2285db5c0a9d91
random-mask training,finetuning,random-mask training is shown to lead to better performance compared to single-task, but finetuning yields the best results overall.,c716d8bf129345bfaa4f51f7e9850121
multi-task,single-task,Multi-task performs poorly, while single-task performance is outperformed by both random-mask and finetuning in most cases.,c716d8bf129345bfaa4f51f7e9850121
h1,random-mask's performance,H1 is not fully supported due to random-mask's inconsistent superiority over single-task.,c716d8bf129345bfaa4f51f7e9850121
h2,training on additional inference tasks,H2 is supported as random-mask training leads to augmented performance by reducing loss values.,c716d8bf129345bfaa4f51f7e9850121
gridworld,complex environment,The method is tested in both Gridworld and a more complex, partially observable environment.,c716d8bf129345bfaa4f51f7e9850121
mujoco-physics maze2d environment,continuous-state and continuous-action environment,Mujoco-physics Maze2D serves as the complex environment, featuring a point-mass object navigating a maze with continuous states and actions.,c716d8bf129345bfaa4f51f7e9850121
agent,target location,The agent in the Maze2D environment is rewarded for reaching a randomly generated target location.,c716d8bf129345bfaa4f51f7e9850121
velocity information,observation,The agent's velocity information is removed from observations, increasing the difficulty of the task.,c716d8bf129345bfaa4f51f7e9850121
initial position randomization,environment difficulty,Increased initial position randomization contributes to making the Maze2D task more challenging.,c716d8bf129345bfaa4f51f7e9850121
environment,partial observability,The environment becomes partially observable due to changes, requiring models to infer the agent's velocity.,1801f1a337e74474ac35ef7b47a09264
models,training data,Models are trained on data that includes agent's velocity inferred from observed context.,1801f1a337e74474ac35ef7b47a09264
expert dataset,suboptimality,The expert data is designed to have suboptimality for testing reward-conditioning.,1801f1a337e74474ac35ef7b47a09264
expert trajectories,d4rl's pd controller,Expert trajectories are generated by rolling out D4RL's PD controller.,1801f1a337e74474ac35ef7b47a09264
actions,noise,Noise is added to the actions with zero-mean and 0.5 variance, then clipped.,1801f1a337e74474ac35ef7b47a09264
trajectories,testing,Out of 1000 trajectories, 900 are used for testing.,1801f1a337e74474ac35ef7b47a09264
trajectories,validation,100 trajectories are reserved for validation purposes.,1801f1a337e74474ac35ef7b47a09264
maze2d evaluations,test-time reward performance,Maze2D evaluations focus on test-time reward performance for behavior cloning and offline RL.,1801f1a337e74474ac35ef7b47a09264
uni[mask] models,training regimes,Uni[MASK] models are trained with various regimes like single-task, multi-task, random-mask, and finetune.,1801f1a337e74474ac35ef7b47a09264
uni[mask] models,architectures,Other architectures considered include feed-forward NN and Decision Transformer (DT) baselines.,1801f1a337e74474ac35ef7b47a09264
design decisions,uni[mask] models,Design decisions like positional encoding and return-to-go token improve Uni[MASK] model performance.,1801f1a337e74474ac35ef7b47a09264
return-to-go token,timesteps,The return-to-go token is associated with the number of timesteps in a decision-making horizon.,6d2cb0bfdf704051b51bd77ef278c35d
decision-gpt,gpt-based models,Decision-GPT is an improved baseline derived from GPT-based models, particularly DT.,6d2cb0bfdf704051b51bd77ef278c35d
decision-gpt,single-task training regime,Decision-GPT is trained using the single-task training method.,6d2cb0bfdf704051b51bd77ef278c35d
decision-gpt,bert-based model,Decision-GPT is compared to models that are either GPT- or BERT-based.,6d2cb0bfdf704051b51bd77ef278c35d
behavior cloning,offline rl (reward-conditioning), Separate models are trained for behavior cloning and offline RL with different architectures.,6d2cb0bfdf704051b51bd77ef278c35d
uni[mask] model,multi-task,Uni[MASK] models can be trained with a multi-task regime, which includes both behavior cloning and reward conditioning.,6d2cb0bfdf704051b51bd77ef278c35d
random-mask,single-task,Random-mask models show lower performance compared to single-task models in more complex environments.,6d2cb0bfdf704051b51bd77ef278c35d
pre-training,fine-tuning,Fine-tuning is crucial for good performance, especially in complex environments, while pre-training plays a role in Uni[MASK] models.,6d2cb0bfdf704051b51bd77ef278c35d
maze environment,reward evaluation,Reward evaluation results are reported for 1000 rollouts in the Maze environment.,6d2cb0bfdf704051b51bd77ef278c35d
multi-task models,random-mask models,Multi-task models perform similarly to single-task ones, but random-mask models show significantly lower rewards.,6d2cb0bfdf704051b51bd77ef278c35d
multi-task training,reward performance,multi-task training can maintain reward performance,efd4bf0a5222429eb8f2a112bfcf7811
multi-task training,out-of-the-box performance,too many tasks can hurt out-of-the-box performance,efd4bf0a5222429eb8f2a112bfcf7811
finetune,performance loss,finetune recovers performance loss,efd4bf0a5222429eb8f2a112bfcf7811
uni[mask] models,baselines,Uni[MASK] models perform better than baselines with finetuning,efd4bf0a5222429eb8f2a112bfcf7811
context length,performance,changing context length affects model performance,efd4bf0a5222429eb8f2a112bfcf7811
uni[mask] models,decision-gpt baseline,Uni[MASK] models are outperformed by Decision-GPT at longer context lengths,efd4bf0a5222429eb8f2a112bfcf7811
bert-like architectures,sequence generation,BERT-like architectures have difficulty in sequence generation tasks,efd4bf0a5222429eb8f2a112bfcf7811
gpt-like architectures,bert-like ones,comparison between GPT-like and BERT-like architectures for investigation,efd4bf0a5222429eb8f2a112bfcf7811
bert,gpt,BERT and GPT are different backbones used in the architecture for single-task Uni[MASK] and Decision-GPT.,15d192ec0e2e4e2eade0c221f13f48f0
single-task uni[mask],decision-gpt,These are two models compared in the study, with the main difference being the use of BERT or GPT as the backbone.,15d192ec0e2e4e2eade0c221f13f48f0
context length,performance,Longer context lengths affect the performance differently for GPT and single-task Uni[MASK], with GPT benefiting from increased length.,15d192ec0e2e4e2eade0c221f13f48f0
gpt,random masking,Using a GPT architecture with random masking and fine-tuning potentially offers advantages over both BERT and single-task Uni[MASK].,15d192ec0e2e4e2eade0c221f13f48f0
finetune,uni[mask] models,Finetuning tends to improve performance across tasks and sequence lengths for Uni[MASK] models.,15d192ec0e2e4e2eade0c221f13f48f0
bert-like models,larger context lengths,For larger context lengths, BERT-like models struggle to maintain generation quality compared to GPT-like models.,15d192ec0e2e4e2eade0c221f13f48f0
maze2d results,comparison,Maze2D Results are used to compare different Uni[MASK] models and architectures.,15d192ec0e2e4e2eade0c221f13f48f0
uni[mask]- multi-task + finetune,feedforward neural network,Both are mentioned as alternative architectures or training regimes in the context.,15d192ec0e2e4e2eade0c221f13f48f0
uni[mask],multi-task,related in the context of a multi-task learning approach with Uni[MASK],b3050c9c90f844339253d55cad19e9fc
uni[mask],random-mask,refers to another variant of Uni[MASK] involving random masking,b3050c9c90f844339253d55cad19e9fc
uni[mask],finetune,mentioned together as Uni[MASK]-finetune, possibly indicating fine-tuning of the model,b3050c9c90f844339253d55cad19e9fc
uni[mask],feedforward neural network,compared to Uni[MASK], suggesting they are both types of neural networks,b3050c9c90f844339253d55cad19e9fc
uni[mask],decision transformer,also compared to Decision Transformer models in the text,b3050c9c90f844339253d55cad19e9fc
decision transformer,gpt-based baseline,mentioned alongside GPT-based baselines, implying they are similar or comparable models,b3050c9c90f844339253d55cad19e9fc
uni[mask],goal-conditioning models,not directly compared due to being specialized for specific tasks,b3050c9c90f844339253d55cad19e9fc
uni[mask],sequential decision problems,described as a unifying framework for a variety of tasks in sequential decision problems,b3050c9c90f844339253d55cad19e9fc
bert-like architecture,gpt-like architecture,mentioned in the context of compatibility with longer sequence lengths,b3050c9c90f844339253d55cad19e9fc
longer context lengths,performance degradation,longer context lengths negatively affect the performance of Uni[MASK] models,b3050c9c90f844339253d55cad19e9fc
longer sequence lengths,gpt-like architectures,GPT-like architectures can potentially combine the benefits of long sequences and random-mask pre-training.,d2f02c1f8ea3423aa3f0cbb1dae63b63
random-mask pre-training,bidirectional model,Making GPT act like a bidirectional model is necessary for combining the two approaches.,d2f02c1f8ea3423aa3f0cbb1dae63b63
recent methods in nlp,useful starting point,Recent NLP methods can provide a basis for achieving the desired architecture.,d2f02c1f8ea3423aa3f0cbb1dae63b63
maskdp,concurrent work,MaskDP is a concurrent work that also applies masked prediction to sequential decision-making.,d2f02c1f8ea3423aa3f0cbb1dae63b63
uni[mask],pre-trains a bidirectional transformer,Uni[MASK] pre-trains a transformer for predicting randomly-masked token sequences.,d2f02c1f8ea3423aa3f0cbb1dae63b63
uni[mask],one set of weights,Uni[MASK] uses a single set of weights for a variety of tasks.,d2f02c1f8ea3423aa3f0cbb1dae63b63
maskdp,separate architecture choices,MaskDP focuses on optimizing performance for specific tasks with distinct architectural configurations.,d2f02c1f8ea3423aa3f0cbb1dae63b63
future work,systematically investigate differences,Future research can explore the distinctions between the methods in more detail.,d2f02c1f8ea3423aa3f0cbb1dae63b63
rl,maskdp encoder-decoder architecture,RL is a choice for the method, while MaskDP encoder-decoder is an architectural choice investigated in future work.,42ba00cf725d46bf8b8b63979d6ac5b2
bert,xlnet,Both BERT and XLNet are potential substitutes for speeding up training time efficiency.,42ba00cf725d46bf8b8b63979d6ac5b2
nade-style approaches,bert,NADE-style approaches are alternatives to BERT for architectural exploration.,42ba00cf725d46bf8b8b63979d6ac5b2
random-mask,multi-task,Random-mask and multi-task approaches are both examined for their benefits in future research directions.,42ba00cf725d46bf8b8b63979d6ac5b2
bayes networks,inferences,The benefits of random-mask or multi-task approaches could be investigated in the context of more general inferences, such as Bayes Networks.,42ba00cf725d46bf8b8b63979d6ac5b2
multi-agent settings,token-stacking,Token-stacking could be valuable in extending the approach to multi-agent settings.,42ba00cf725d46bf8b8b63979d6ac5b2
very large foundation models,sequential problems,Very large foundation models are discussed in the context of becoming the norm for sequential problems, including language tasks.,42ba00cf725d46bf8b8b63979d6ac5b2
modestly-sized environment-speciﬁc foundation models,sequential problems,Smaller models are proposed as an alternative, allowing for more environment-specific solutions to sequential problems.,42ba00cf725d46bf8b8b63979d6ac5b2
uni[mask],flexible framework,Uni[MASK] is a proposed framework that offers flexibility in defining and training models for various tasks.,42ba00cf725d46bf8b8b63979d6ac5b2
uni[mask],multi-task training,Uni[MASK] supports multi-task training, enabling models to represent different inference tasks.,42ba00cf725d46bf8b8b63979d6ac5b2
models,inference task,models are capable of representing inference tasks,1d4df65b107a47f788e6c91e269de841
models,sequential decision problems,models support multi-task training in sequential decision problems,1d4df65b107a47f788e6c91e269de841
multi-task pre-training,single-task models,multi-task pre-training matches or surpasses single-task models' performance,1d4df65b107a47f788e6c91e269de841
fine-tuning,single-task models,fine-tuning almost always surpasses single-task models' performance,1d4df65b107a47f788e6c91e269de841
deep reinforcement learning for games team,msr cambridge,Deep Reinforcement Learning for Games team is part of MSR Cambridge,1d4df65b107a47f788e6c91e269de841
center for human-compatible ai,interact lab,Both are mentioned in the context of helpful discussions,1d4df65b107a47f788e6c91e269de841
open philanthropy,nsf career,Work was partially supported by both funding sources,1d4df65b107a47f788e6c91e269de841
