node_1,node_2,edge,chunk_id
logical functions,generalization on the unseen (gotu) setting,The context focuses on learning logical functions with a particular emphasis on the GOTU setting, which represents out-of-distribution generalization.,e89d144329784bf19fcad7da17b342b9
representative data sampling,challenging,The rich combinatorial nature of data in reasoning tasks makes it difficult to obtain comprehensive and representative samples.,e89d144329784bf19fcad7da17b342b9
network architectures,(s)gd performance,The study compares different network architectures' ability to generalize in the GOTU setting when trained with (S)GD.,e89d144329784bf19fcad7da17b342b9
transformer models,min-degree-interpolator,For Transformers and some other network instances, theoretical evidence suggests they learn a min-degree-interpolator on unseen data.,e89d144329784bf19fcad7da17b342b9
random features models,min-degree-interpolator,Similar to Transformers, random features models also exhibit this interpolating behavior.,e89d144329784bf19fcad7da17b342b9
diagonal linear networks,min-degree-interpolator,Diagonal linear networks fall into the category of models that learn a min-degree-interpolator in the unseen data.,e89d144329784bf19fcad7da17b342b9
length generalization problem,explanation,The findings provide an explanation for why neural networks struggle with longer inputs in certain tasks.,e89d144329784bf19fcad7da17b342b9
mean-field networks,leaky min-degree solutions,Mean-field networks tend to learn leaky min-degree solutions when trained with larger learning rates.,e89d144329784bf19fcad7da17b342b9
curriculum learning,degree-curriculum,Degree-Curriculum is a proposed algorithm that improves learning efficiency by gradually increasing the complexity of functions.,e89d144329784bf19fcad7da17b342b9
representative data,learning,The context discusses the point at which there is sufficient data for learning, particularly in image and text applications.,51de60471aa340228871473fcc2a879d
images,text,Both images and text are mentioned as domains where a good understanding of relevant architectures is important.,51de60471aa340228871473fcc2a879d
reasoning components,departure from classical perception tasks,Tasks involving reasoning are distinguished from traditional image and text perception tasks.,51de60471aa340228871473fcc2a879d
arithmetic and algebra,synthetic tasks,These tasks are listed together, suggesting they are part of a broader category of reasoning tasks.,51de60471aa340228871473fcc2a879d
pvr,lego,Both PVR and LEGO are mentioned as examples of synthetic tasks.,51de60471aa340228871473fcc2a879d
clevr,visual reasoning,CLEVR is an example of a task that involves visual reasoning.,51de60471aa340228871473fcc2a879d
physical reasoning,phyre,Phyre is an example of a task demonstrating physical reasoning.,51de60471aa340228871473fcc2a879d
algorithmic data,clrs,CLRS is mentioned as an example of algorithmic data.,51de60471aa340228871473fcc2a879d
reasoning on graphs,mahdavi et al. (2022),Mahdavi et al.'s work is cited as an example of reasoning on graphs.,51de60471aa340228871473fcc2a879d
discrete/combinatorial nature,input space,Tasks with discrete or combinatorial inputs often have insufficiently sampled data on a low-dimensional manifold.,51de60471aa340228871473fcc2a879d
text,amplified combinatorial nature,Combinatorial nature is more pronounced in tasks like arithmetic due to symbol combinations.,51de60471aa340228871473fcc2a879d
generalization,ood generalization,Generalization is a broader concept, while OOD (out-of-distribution) generalization refers to the specific ability to generalize on unseen domains, emphasizing reasoning and extrapolation.,206ca96845394d31b5b3c7802c22b62c
gotu (generalization on the unseen, logic reasoning, and degree curriculum),ood generalization,GOTU is a performance metric that specifically measures OOD generalization, focusing on reasoning and handling unseen domains.,206ca96845394d31b5b3c7802c22b62c
standard neural network architectures,gotu metric,These architectures are studied in terms of their performance on the GOTU metric, evaluating how they generalize on unseen domains.,206ca96845394d31b5b3c7802c22b62c
min-degree-interpolator (md interpolator),learned solutions on unseen domain,For certain network models like random features model and deep diagonal linear networks, the MD interpolator is the type of solution learned when trained on unseen data.,206ca96845394d31b5b3c7802c22b62c
transformer architecture,md bias (min-degree bias),Transformers are observed to exhibit the MD bias, meaning they also learn to interpolate with minimal degree profiles on unseen data.,206ca96845394d31b5b3c7802c22b62c
large language models (llms),scaling laws,LLMs and scaling laws are examples of the recent success in leveraging increased data and computational power for better generalization, including on unseen domains.,206ca96845394d31b5b3c7802c22b62c
memorization,voided on the unseen domain,Memorization is less effective in unseen domains, emphasizing the need for alternative forms of generalization like reasoning.,206ca96845394d31b5b3c7802c22b62c
degree curriculum,gotu,The degree curriculum is a component of the GOTU metric, suggesting a structured approach to learning that supports generalization.,206ca96845394d31b5b3c7802c22b62c
model class,training set,The richness of the model class affects the estimation error, which depends on the properties of the training set.,547d2eb9914045b39e21b3f62d3245d8
training set,training algorithm,The estimation error also depends on the properties of the training algorithm.,547d2eb9914045b39e21b3f62d3245d8
richness of the training set,ood generalization,In the context of OOD generalization, the richness of the training set plays a significant role.,547d2eb9914045b39e21b3f62d3245d8
deep learning applications,classical generalization objectives,The paper proposes to deviate from classical generalization objectives, focusing on distribution shift.,547d2eb9914045b39e21b3f62d3245d8
data domain,ood generalization,OOD generalization refers to a scenario where part of the data domain is unseen during training but used at testing.,547d2eb9914045b39e21b3f62d3245d8
algorithm,bias on the unseen,Different algorithms have implicit biases on the unseen data domain, impacting their performance.,547d2eb9914045b39e21b3f62d3245d8
network architectures,bias on the unseen,Network architectures influence the bias on unseen data, leading to varying solutions.,547d2eb9914045b39e21b3f62d3245d8
bias on the unseen,network architectures,The objective of the paper is to understand this 'bias on the unseen' specifically for different network architectures.,f0d5cd78657d43dd8fbb21749a91b3e7
bias on the unseen,boolean target functions,This bias applies to various network architectures and Boolean target functions, which are the focus of the paper.,f0d5cd78657d43dd8fbb21749a91b3e7
definition 2.1,generalization error,Definition 2.1 defines generalization error when train and test distributions differ, explaining the performance of a learning algorithm under different distributions.,f0d5cd78657d43dd8fbb21749a91b3e7
definition 2.1,loss ℓ,The algorithm's performance is measured by the loss ℓ between the learned function ˜f and the true function f on unseen data.,f0d5cd78657d43dd8fbb21749a91b3e7
definition 2.2,generalization on the unseen,Definition 2.2 focuses on a specific scenario where some part of the domain is unseen during training and tested later on the full set.,f0d5cd78657d43dd8fbb21749a91b3e7
unseen domain,holdout set,The unseen domain, also known as the holdout set, refers to the part of the sample space that is not sampled during training.,f0d5cd78657d43dd8fbb21749a91b3e7
strong case,in-distribution generalization,The strong case considers in-distribution performance when the unseen part is included at testing time.,f0d5cd78657d43dd8fbb21749a91b3e7
strong case,out-of-distribution generalization,It also examines the algorithm's ability to generalize to out-of-distribution data.,f0d5cd78657d43dd8fbb21749a91b3e7
parity function,permutation-invariance,The parity function is an example of a permutation-invariant function. Permutation symmetries are favored by models like those proposed by Ravanbakhsh et al., 2017; Zaheer et al., 2017; Hartford et al., 2018.,04c3929fe3824df5901d8fbb84d81c2f
permutation-equivariance,majority function,The majority function is an example of an equivariant Boolean function, with the action of global bit flipping on input and output preserving its properties. This demonstrates how equivariance can handle unseen cases.,04c3929fe3824df5901d8fbb84d81c2f
global bit flipping,equivariance,Global bit flipping is the action that maintains the equivariance property in the majority function. Neural networks can learn such equivariances to generalize to unseen data.,04c3929fe3824df5901d8fbb84d81c2f
multi-task setting,meta-learning,Meta-learning, as proposed by Zhou et al., 2020, is used to learn invariances in a multi-task context, enabling better generalization to unseen tasks.,04c3929fe3824df5901d8fbb84d81c2f
fourier-walsh transform,boolean functions,The Fourier-Walsh transform is a tool for analyzing functions mapping from {±1}d to R, particularly used to express Boolean functions.,04c3929fe3824df5901d8fbb84d81c2f
random features model,diagonal linear networks,related in the context of being analyzed rigorously, both in the linear case,60475fbd7f0f4f5dac44a79088e10007
relu networks (transformers),s(g)d convergence,empirically related, SGD converges to a specific ∆ function in these architectures,60475fbd7f0f4f5dac44a79088e10007
fourier-walsh boolean analysis,vanishing ideal,mathematical concepts discussed together, explaining the phenomenon,60475fbd7f0f4f5dac44a79088e10007
minimal degree-profile interpolators,degree-profile of f(x) + ∆(x)(1 - x1)(1 - x2),related in the context of finding the lowest degree representation,60475fbd7f0f4f5dac44a79088e10007
degree-profile,highest degree monomials,conceptual connection, minimizing ℓ2 mass on these monomials,60475fbd7f0f4f5dac44a79088e10007
maj(x1, x2, x3),target function,related in the explanation of degree reduction example,60475fbd7f0f4f5dac44a79088e10007
x1, x2, x3,multivariate monomials,basis for expansion, used to illustrate the concept,60475fbd7f0f4f5dac44a79088e10007
x1 + x2 + x3 - x1x2x3,initial function,modified by ∆(x) to achieve lower degree,60475fbd7f0f4f5dac44a79088e10007
x1 + x2 + 2x3 - x1x3 - x2x3,degree 2 representation,result after applying ∆(x),60475fbd7f0f4f5dac44a79088e10007
figure 10,numerical experiments,illustrative, showcasing the concept with empirical evidence,60475fbd7f0f4f5dac44a79088e10007
fourier-walsh boolean analysis,vanishing ideal,The context discusses a connection between Fourier-Walsh Boolean analysis and the vanishing ideal, possibly as related concepts in the field of signal processing or algebraic geometry.,d804ae6039ef4233840915776d59f557
vanishing ideal,minimal degree-profile interpolators,These are mentioned as related to the vanishing ideal in the context of neural networks, suggesting they are part of the same theoretical framework.,d804ae6039ef4233840915776d59f557
minimal degree-profile interpolators,implicit bias of neural networks,The implicit bias of neural networks is linked to minimal degree-profile interpolators, indicating a relationship in understanding their behavior.,d804ae6039ef4233840915776d59f557
random features model,kernel methods,The random features model is initially introduced to approximate kernels, which suggests a connection to kernel methods in the context of machine learning.,d804ae6039ef4233840915776d59f557
random features model,ntk regime,Random features models are also seen as approximations of neural networks in the NTK regime, highlighting a parallel in theoretical frameworks.,d804ae6039ef4233840915776d59f557
latent function h,sparse boolean functions,The latent function h is used to learn sparse Boolean functions, showing a relationship in the learning process.,d804ae6039ef4233840915776d59f557
sparse boolean functions,random features (rf) model,The RF model is applied to learn sparse Boolean functions, indicating a methodological connection.,d804ae6039ef4233840915776d59f557
unseen domain,unseen data,The unseen domain is distinguished from unseen data, emphasizing the distinction between structured and unstructured inputs in the learning setting.,d804ae6039ef4233840915776d59f557
strongly expressive activation functions,polynomial activation functions,Polynomial activation functions, such as (1 + x)^k, are a subclass of strongly expressive activation functions.,74c0197a7cbb4e7fbb304302d24fb5df
strongly expressive activation functions,random features model,In the random features model, a strongly expressive activation function is used for learning P = O(d(1))-sparse functions.,74c0197a7cbb4e7fbb304302d24fb5df
random features model,gradient descent/flow,The model reaches an interpolating solution, f_d,N_RF(U), by minimizing the ℓ2 loss, which starts from a = 0.,74c0197a7cbb4e7fbb304302d24fb5df
f_d,n_rf(u),mindeginterp(f, u),As N diverges, f_d,N_RF(U) approaches MinDegInterp(f, U) with an error term ϵd.,74c0197a7cbb4e7fbb304302d24fb5df
min-degree interpolator,fourier-walsh basis,The minimality condition is investigated in the Fourier-Walsh basis to understand the properties of the interpolators.,74c0197a7cbb4e7fbb304302d24fb5df
random features generated by σ,degree-profile,Random features from a strongly expressive σ have a decaying degree-profile, with Ew,b[ ˆϕw,b(T )^2] = Θ(d - ,,T,,) for ,,T,, ≤ P.,74c0197a7cbb4e7fbb304302d24fb5df
diagonal linear neural networks,lower degree bias,In the context, diagonal linear neural networks are discussed in relation to lower degree bias, specifically mentioning that it's the only case where bias replacement occurs for linear functions.,bf55b1d5a9e34ac39e5ee24f004b2792
canonical holdout,u = {x ,, xk = −1},The term 'canonical holdout' refers to the set U defined as all inputs where the k-th component is fixed at -1.,bf55b1d5a9e34ac39e5ee24f004b2792
diagonal linear neural network (dlnn),bias,A DLNN with bias is defined as having only one bias parameter at the last layer, extending the definition of diagonal neural networks.,bf55b1d5a9e34ac39e5ee24f004b2792
gradient flow,learning,Gradient flow is used for learning linear functions in the context of diagonal neural networks.,bf55b1d5a9e34ac39e5ee24f004b2792
linear function,f(x1, ..., xd),A linear function is characterized by a constant offset and weights for each input dimension.,bf55b1d5a9e34ac39e5ee24f004b2792
depth l ≥ 2,frozen k-th component,During training, the k-th component is held constant (frozen) in the 'canonical holdout' setting.,bf55b1d5a9e34ac39e5ee24f004b2792
αmax,dependence on l,αmax is an upper bound that increases with the depth L of the network.,bf55b1d5a9e34ac39e5ee24f004b2792
high-degree monomial,xk,The high-degree monomial xk is a specific case of the term xk, where xk has a value of -1.,1e3469c28daf4c8da08eab6ed2ec2b18
training loss,convergence,The training loss converges to zero during the training process.,1e3469c28daf4c8da08eab6ed2ec2b18
gradient flow,parameters,The proof involves analyzing the trajectory of gradient flow on the model's parameters.,1e3469c28daf4c8da08eab6ed2ec2b18
frozen variable,xk,Xk being frozen means it does not contribute to the bias learned by the neural network.,1e3469c28daf4c8da08eab6ed2ec2b18
bias parameter,bias,The bias is almost learned by the bias parameter at a certain point during training.,1e3469c28daf4c8da08eab6ed2ec2b18
xk = 1,role,The role of xk = 1 remains small after a specific time point.,1e3469c28daf4c8da08eab6ed2ec2b18
boolean influence,inf k(f ),Inf k(f ) represents the Boolean influence of the k-th bit, which is related to the generalization error.,1e3469c28daf4c8da08eab6ed2ec2b18
k-th bit,o'donnell (2014),The reference is made to O'Donnell's work in the context of discussing k-th bit.,7489f38611da4ee18c1b9318a60eab78
fully connected linear neural networks,abbe et al., 2022a,Both are mentioned as having empirical observations that support the main discussion.,7489f38611da4ee18c1b9318a60eab78
bias parameter of the last layer,target function,The bias parameter of the last layer is said to learn the bias of the target function.,7489f38611da4ee18c1b9318a60eab78
first step of the proof,bias parameter of the last layer,This refers to the initial part of the proof where only the last layer's bias learns.,7489f38611da4ee18c1b9318a60eab78
second step of the proof,bias remains almost the same,The second step involves demonstrating the consistency of bias after the initial learning phase.,7489f38611da4ee18c1b9318a60eab78
experiments,min-degree bias of neural networks,The experiments focus on studying the min-degree bias in neural networks.,7489f38611da4ee18c1b9318a60eab78
four architectures,multi-layer perceptron (mlp),One of the architectures mentioned is a multi-layer perceptron with 4 hidden layers.,7489f38611da4ee18c1b9318a60eab78
random features model,definition 3.5,Another architecture is the random features model, defined elsewhere in the text.,7489f38611da4ee18c1b9318a60eab78
transformers,vaswani et al., 2017,Transformers are mentioned with a citation to the original paper.,7489f38611da4ee18c1b9318a60eab78
2-layer neural network,mean-field parametrization,A 2-layer network with mean-field parametrization is also studied.,7489f38611da4ee18c1b9318a60eab78
md bias,strategy for curriculum learning,The context suggests that the MD bias is transformed into a strategy to improve sample complexity and guide learning.,98ec947636c746fcba8bf13a20a75932
length generalization,difficulty of,Length generalization is the challenge being evaluated, and it refers to neural networks' ability to generalize when problem length increases.,98ec947636c746fcba8bf13a20a75932
parity problem,variants,There are two variants of the parity problem: increasing the number of bits during test and fixed-length training with limited -1's.,98ec947636c746fcba8bf13a20a75932
bounded number of -1's,radius r hamming ball,During training, only samples with at most r -1's are observed, represented by the Hamming ball Br.,98ec947636c746fcba8bf13a20a75932
unique function fr,md interpolator,fr is the function that agrees with f within the radius r Hamming ball, and the MD interpolator has a larger ℓ2-test-loss for parity functions.,98ec947636c746fcba8bf13a20a75932
degree k,larger than (k-1)^2.r,When f is a parity function of degree k, the loss of the MD interpolator is specifically related to this degree.,98ec947636c746fcba8bf13a20a75932
parity function,low-degree alternative,The parity function has a degree r alternative. When a low-degree alternative exists, neural networks prefer it over the full function due to min-degree bias.,4e063635074441949b0a300883402b1b
training samples,br,Training samples belong to Br, indicating a constraint on the number of -1 coordinates.,4e063635074441949b0a300883402b1b
degree r alternative,full function of degree d,The degree r alternative is a competing concept to the full function with degree d.,4e063635074441949b0a300883402b1b
min-degree bias,generalization in neural networks,Min-degree bias affects how neural networks learn, causing them to favor simpler functions.,4e063635074441949b0a300883402b1b
neural networks,generalization,Neural networks struggle to generalize when the length of inputs increases, as shown in the experiment.,4e063635074441949b0a300883402b1b
dimension d,length generalization setting,The experiments involve learning parity functions in different dimensions, examining the effect of increasing input length.,4e063635074441949b0a300883402b1b
mlp (model),learning parity function,An MLP model is used to train and study the parity function's behavior in the given context.,4e063635074441949b0a300883402b1b
coefficients of low-degree monomials,coefficients of full parity,As input length decreases, the model learns more of the low-degree monomials, reducing the coefficient of the full parity.,4e063635074441949b0a300883402b1b
x-axis (degree-profile component),y-axis (degree-profile value),The graphs in Figure 3 show the change in the degree-profile values for different degrees as input length varies.,4e063635074441949b0a300883402b1b
figure 3,experiments on parity function,This figure illustrates the model's performance on learning parity functions in various length settings.,4e063635074441949b0a300883402b1b
curriculum learning,neural networks,The bias of neural networks is harnessed in curriculum learning to boost learning by gradually increasing the complexity of training samples based on input Hamming weight.,0253ca894dfe462a8f2db16a9a5e79b6
biased inputs,gd (gradient descent),Learning parities with GD becomes easier on biased inputs, as shown by studies like (Malach et al., 2021; Daniely & Malach, 2020).,0253ca894dfe462a8f2db16a9a5e79b6
biased inputs,monomial (non-centered inputs),Biased inputs convert non-centered monomials into staircases, simplifying the learning process as explained in (Abbe et al., 2021).,0253ca894dfe462a8f2db16a9a5e79b6
staircase functions,sample complexity,The sample complexity for learning staircases is reduced compared to monomials of matching degree, as demonstrated in (Abbe et al., 2022b).,0253ca894dfe462a8f2db16a9a5e79b6
first layer neurons,support of a parity function,Hidden neurons in the first layer detect the support under biased inputs, enabling the fitting of the target function with subsequent layers.,0253ca894dfe462a8f2db16a9a5e79b6
support climbing,target function,The progressive climbing of the support (degree) of the target function is part of the proposed curriculum learning approach.,0253ca894dfe462a8f2db16a9a5e79b6
degree-curriculum algorithm,parity function (x0x1 · · · x15),The algorithm is evaluated on learning this full parity function with an MLP, comparing normal SGD and the proposed method.,91149af29ff4452990a363226e7ae345
mlp (multi-layer perceptron),degree-curriculum algorithm,Both methods are used for training the MLP, with the proposed algorithm using a curriculum-based approach.,91149af29ff4452990a363226e7ae345
training set,degree-curriculum algorithm,Algorithm 1 assumes the training set is given with the random access model, which influences its performance.,91149af29ff4452990a363226e7ae345
random access model,query access model,The random access model is contrasted with the query access model, where samples are queried directly from Bri.,91149af29ff4452990a363226e7ae345
degree-curriculum algorithm,query access model,The algorithm's efficiency is expected to be higher under the query access model due to the biased sample distribution.,91149af29ff4452990a363226e7ae345
bri (or some distribution),query access model,In the query access model, samples are queried from this distribution at each step.,91149af29ff4452990a363226e7ae345
gd (gradient descent),degree-curriculum algorithm,The number of GD iterations is mentioned as a measure of improvement investigated in the concurrent work.,91149af29ff4452990a363226e7ae345
bias in sample distribution,query access model,The query model benefits from a biased sample distribution before moving to a denser one.,91149af29ff4452990a363226e7ae345
denser distribution,learning parities,The context discusses the investigation of denser distribution for improved learning of parities, suggesting it is a factor or technique related to the target.,f06a7f90c98444a38270d4082257a561
1-step gradient arguments,improvement in gd iterations,These terms are connected as 1-step gradient arguments contribute to a proven method for reducing the number of iterations needed in gradient descent.,f06a7f90c98444a38270d4082257a561
degree-curriculum algorithm,length of inputs,In the parity function setting, the number of -1's used in the algorithm can be seen as equivalent to input length, which influences its design.,f06a7f90c98444a38270d4082257a561
length of sentences,curriculum strategy,Length of sentences has been utilized in natural processing domain curriculum strategies, indicating a connection between sentence length and learning progression.,f06a7f90c98444a38270d4082257a561
degree-curriculum algorithm,non-boolean settings,The algorithm can be extended to non-Boolean environments, suggesting a generalization of the approach.,f06a7f90c98444a38270d4082257a561
out-of-distribution generalization,critical aspect of machine learning,This context highlights the importance of out-of-distribution generalization in real-world machine learning applications.,f06a7f90c98444a38270d4082257a561
distribution shift,extreme case,The work focuses on an extreme scenario of distribution shift, implying a significant challenge or deviation from standard data distributions.,f06a7f90c98444a38270d4082257a561
distribution shift,ood generalization,OOD generalization is a measure of the model's ability to generalize when part of the domain is unseen during training, and it relies on structures captured by the model.,223b78ed9ca146e985e1984e9b468169
ood generalization,reasoning capabilities,OOD generalization has been used as a proxy for evaluating a model's reasoning abilities due to its susceptibility to memorization and shortcut learning.,223b78ed9ca146e985e1984e9b468169
length generalization,input lengths,Length generalization refers to a model's ability to generalize to input lengths not seen during training, often studied in tasks like sequence prediction.,223b78ed9ca146e985e1984e9b468169
parity functions,length generalization problem,The paper provides an explanation for the length generalization issue in the context of parity functions.,223b78ed9ca146e985e1984e9b468169
gradient descent,implicit regularization,Gradient descent imposes implicit regularization on model solutions, which can lead to properties like sparsity, norm minimization, and margin maximization.,223b78ed9ca146e985e1984e9b468169
sparsity,implicit regularization,Sparsity is one of the implicit regularizations enforced by gradient descent in the models.,223b78ed9ca146e985e1984e9b468169
norm minimization,implicit regularization,Norm minimization is another form of implicit regularization that gradient descent encourages.,223b78ed9ca146e985e1984e9b468169
margin maximization,implicit regularization (linear classification),In linear classification, gradient descent promotes margin maximization as a byproduct.,223b78ed9ca146e985e1984e9b468169
implicit regularization,generalization,Implicit regularization is used to explain the generalization of neural networks trained with gradient-based algorithms.,1278796e6661493392ebcf4db7eee080
gradient-based algorithms,implicit bias,Implicit bias refers to the tendency of neural networks trained with gradient-based methods to favor certain solutions.,1278796e6661493392ebcf4db7eee080
norm minimization,implicit bias,Minimum norm is an example of implicit bias in neural networks, as mentioned in the context of random feature models.,1278796e6661493392ebcf4db7eee080
margin maximization,linear classification setting,Margin maximization is a technique used in linear classification settings to improve model performance.,1278796e6661493392ebcf4db7eee080
optimizer,implicit regularization,The choice of optimizer affects the implicit regularization in neural network training.,1278796e6661493392ebcf4db7eee080
model,implicit regularization,The type of model, such as linear models, influences the implicit regularization properties.,1278796e6661493392ebcf4db7eee080
diagonal linear neural networks,min-degree implicit bias,Diagonal linear networks are an example where the min-degree bias has been studied.,1278796e6661493392ebcf4db7eee080
random feature model,minimum norm,The random feature model builds upon the implicit bias towards solutions with minimum norm.,1278796e6661493392ebcf4db7eee080
spectral bias,lower frequency components,Spectral bias suggests that neural networks learn lower frequency components faster in continuous settings.,1278796e6661493392ebcf4db7eee080
degree-profile,min-degree implicit bias,The paper introduces the notion of degree-profile and shows a min-degree bias in Boolean settings.,1278796e6661493392ebcf4db7eee080
boolean setting,gotu (generalization on the unseen),The paper focuses on generalization in the Boolean setting, which is a part of the broader GOTU concept.,1278796e6661493392ebcf4db7eee080
conclusions,future directions,The paper concludes with potential future research directions.,1278796e6661493392ebcf4db7eee080
min-degree interpolator,boolean functions,The context discusses the bias towards min-degree interpolator in learning, specifically focusing on its application to Boolean functions.,6da8e081e8c148fbac9a1864713fadec
network architectures,rf (random forest),Theoretical results mention that certain network architectures, including RF, exhibit a bias towards the min-degree interpolator.,6da8e081e8c148fbac9a1864713fadec
network architectures,dlnn (deep learning neural networks),Similar theoretical results apply to DLNNs, indicating they also have a bias towards min-degree interpolation.,6da8e081e8c148fbac9a1864713fadec
transformers,min-degree bias,Experimental results show that Transformers exhibit the min-degree bias under specific conditions, like large learning rates.,6da8e081e8c148fbac9a1864713fadec
min-degree bias,curriculum learning,The min-degree bias can be used in a curriculum learning approach where complexity increases during training.,6da8e081e8c148fbac9a1864713fadec
md bias,symmetric solutions,The MD bias can impede learning symmetric solutions, highlighting a limitation.,6da8e081e8c148fbac9a1864713fadec
md bias,length generalization,It also makes length generalization difficult, suggesting a challenge in adapting to varying inputs.,6da8e081e8c148fbac9a1864713fadec
gd-trained neural nets,degree-profile simplicity,GD (Gradient Descent)-trained networks favor simplicity based on the degree-profile measure.,6da8e081e8c148fbac9a1864713fadec
occam's razor,gd-trained neural nets,The min-degree bias aligns with Occam's razor, a principle of preferring simpler explanations.,6da8e081e8c148fbac9a1864713fadec
min-degree bias,other forms of reasoning tasks,For reasoning tasks, other approaches promoting symmetries, compositionality, or MDL may be more appropriate.,6da8e081e8c148fbac9a1864713fadec
architecture design,promoting symmetries/compositionality,One direction to correct the bias is through architecture design that encourages these properties.,6da8e081e8c148fbac9a1864713fadec
hyperparameter tuning,learning rates/scale,Tuning hyperparameters like learning rates and scaling can help mitigate the min-degree bias.,6da8e081e8c148fbac9a1864713fadec
data augmentation,multitasking,Data augmentation and multitasking are additional strategies to address the bias.,6da8e081e8c148fbac9a1864713fadec
mdl-like regularization,training,Applying regularization inspired by MDL principles during training can counteract the bias.,6da8e081e8c148fbac9a1864713fadec
