node_1,node_2,edge,chunk_id
fixed kernel,infinite width limit,The phenomenon of achieving infinite width limit is realized by using a fixed kernel, as described in (Jacot et al., 2018).,a1e216718bec4eedbf3a4bb2f874383c
convolutional neural tangent kernel (cntk),ntk for convolutional neural networks,CNTK is the Neural Tangent Kernel specifically for convolutional networks, as mentioned in (Li et al., 2019).,a1e216718bec4eedbf3a4bb2f874383c
cntk,alexnet,CNTK has been shown to achieve accuracy comparable to AlexNet (Krizhevsky et al., 2012) on the CIFAR10 dataset.,a1e216718bec4eedbf3a4bb2f874383c
kernel machines,alternative for dnns,Kernel machines have gained interest as a potential alternative to deep neural networks due to their theoretical understanding, stability, interpretability, and performance on small datasets.,a1e216718bec4eedbf3a4bb2f874383c
kernel machines,dnns,On small datasets, kernel machines have been shown to perform similarly to DNNs (Arora et al., 2020; Lee et al., 2020; Radhakrishnan et al., 2022b).,a1e216718bec4eedbf3a4bb2f874383c
kernel models,large datasets,For kernel machines to be viable alternatives to DNNs, scalability to large datasets is crucial, as simply increasing dataset size isn't enough; model size must also scale.,a1e216718bec4eedbf3a4bb2f874383c
model capacity,performance improvement,Once a model reaches its capacity, additional data does not significantly improve performance; instead, both model size and dataset need to grow simultaneously, as illustrated in Fig. 1.,a1e216718bec4eedbf3a4bb2f874383c
model capacity,performance improvements,Adding more data leads to marginal performance improvements once the model reaches its capacity.,fcd0d2d1eea2424580970cdcd51aa17b
model saturation point,number of samples,Each model does not achieve saturation until the number of samples significantly exceeds the model size.,fcd0d2d1eea2424580970cdcd51aa17b
dataset size,model size,The need for algorithms that can independently scale dataset size and model size for optimal performance.,fcd0d2d1eea2424580970cdcd51aa17b
eigenpro,large kernel models,EigenPro is a package that addresses the coupling between the model and the training set, focusing on scaling.,fcd0d2d1eea2424580970cdcd51aa17b
eigenpro,one million training data points,EigenPro can handle just above one million training data points with modern hardware.,fcd0d2d1eea2424580970cdcd51aa17b
nystrom approximation,kernel machines at scale,Nystrom methods, like Williams & Seeger (2000), have been popular for applying kernel machines on large datasets.,fcd0d2d1eea2424580970cdcd51aa17b
nytro (camoriano et al., 2016),falkon (rudi et al., 2017),Both NYTRO and FALKON use Nyström approximation with additional techniques for improved performance.,fcd0d2d1eea2424580970cdcd51aa17b
memory limitations,model size,Methods like NYTRO and FALKON are limited by memory constraints, preventing larger model sizes.,fcd0d2d1eea2424580970cdcd51aa17b
largest models (meanti et al., 2020),memory limitations,The largest models considered by Meanti et al. (2020) are still restricted by memory constraints.,fcd0d2d1eea2424580970cdcd51aa17b
memory limitations,model size,memory limitations are a constraint on the maximum model size that can be used, with larger models requiring more memory.,4ee901afea5444f59d189bc2b651f181
largest models,100,000 centers,The largest models in reference (Meanti et al., 2020) have approximately 100,000 centers.,4ee901afea5444f59d189bc2b651f181
expanse cluster,340gb ram,The Expanse cluster has 340GB of RAM available for running FALKON with a maximum model size of 256,000 centers.,4ee901afea5444f59d189bc2b651f181
512,000 model size,over 1tb ram,Scaling to a 512,000 model size exceeds the 1TB RAM capacity of most current high-end servers.,4ee901afea5444f59d189bc2b651f181
sparse gaussian process,inducing points,Sparse Gaussian Processes use inducing points to control complexity, which requires quadratic memory in terms of the number of points.,4ee901afea5444f59d189bc2b651f181
inducing points,quadratic memory,Methods like GPYTORCH and GPFlow have quadratic memory requirements due to the number of inducing points.,4ee901afea5444f59d189bc2b651f181
kernel herding,selecting good model centers,Kernel herding focuses on finding optimal centers for the model, rather than scaling up the training process.,4ee901afea5444f59d189bc2b651f181
random fourier features (rffs),kernel approximation,RFFs are a method for approximating kernel machines using random features, but are often outperformed by Nyström methods.,4ee901afea5444f59d189bc2b651f181
nyström methods,rffs (random fourier features),Nyström methods are generally considered superior to Random Fourier Features for kernel machine approximation.,4ee901afea5444f59d189bc2b651f181
kernel machines,schölkopf et al.,Kernel machines, as introduced by Schölkopf et al., form the basis for many of the discussed methods.,4ee901afea5444f59d189bc2b651f181
nyström methods,rff (random fourier features),Nyström methods are mentioned to outperform RFF, suggesting they are alternatives or competitors in the context of kernel approximation.,e22e3aacdc4447c0b54c2f93c1f77633
kernel machines,schölkopf et al. (2002),This reference is cited to explain kernel machines as non-parametric predictive models, indicating the authors contribute to the concept.,e22e3aacdc4447c0b54c2f93c1f77633
kernel machines,predictive models,Kernel machines are a type of predictive models, highlighting their function in machine learning.,e22e3aacdc4447c0b54c2f93c1f77633
eigenpro 3.0,large model sizes,EigenPro 3.0 is designed to handle large model sizes, implying scalability is a focus.,e22e3aacdc4447c0b54c2f93c1f77633
eigenpro 3.0,existing methods,It outperforms existing methods in handling large datasets, setting a new benchmark.,e22e3aacdc4447c0b54c2f93c1f77633
computational complexity,o(n3),The kernel matrix inversion problem's complexity is mentioned as O(n3), emphasizing the challenge of scalability.,e22e3aacdc4447c0b54c2f93c1f77633
iterative algorithms,approximations,Methods to tackle the scalability issue involve using iterative algorithms and approximations.,e22e3aacdc4447c0b54c2f93c1f77633
top-q eigensystem,λq,Λq is a part of the top-q eigensystem, representing the eigenvalues.,31c118f9861a43019f50708a993e7928
top-q eigensystem,eq,Eq is another component of the top-q eigensystem, likely denoting the eigenvectors.,31c118f9861a43019f50708a993e7928
h,reproducing kernel hilbert space (rkhs),H is the RKHS corresponding to the kernel K.,31c118f9861a43019f50708a993e7928
linear system,k(x, x) + λin,The linear system involves the kernel matrix K(X, X) augmented with a regularization term λIn.,31c118f9861a43019f50708a993e7928
solution,α = (α1, . . . , αn),α is the unique solution to the linear system, representing coefficients in the kernel model.,31c118f9861a43019f50708a993e7928
kernel machines,na model (nyström approximation),Kernel machines can be approximated by NA models, where Z is a random subset of the training data.,31c118f9861a43019f50708a993e7928
general kernel models,classical rbf networks,General kernel models include classical RBF networks, distinguished by their separation of model and training set.,31c118f9861a43019f50708a993e7928
model capacity,p,p controls the model capacity in general kernel models, independent of training data size.,31c118f9861a43019f50708a993e7928
model,centers (z),Z represents the set of centers in the model, which can differ from the training set.,31c118f9861a43019f50708a993e7928
kernel interpolation,problem,The context discusses kernel interpolation as a solution to a specific problem.,814f7dbf9008472b9c18f1e37e758b0e
richardson iteration,preconditioned version,The iteration in equation (14) is a preconditioned version of the Richardson iteration.,814f7dbf9008472b9c18f1e37e758b0e
rank-q symmetric matrix,q,Q is a matrix obtained from the top-q eigensystem of K(X, X), with q being a fraction of n.,814f7dbf9008472b9c18f1e37e758b0e
preconditioner,in,The preconditioner In acts on K(X, X) to improve convergence properties.,814f7dbf9008472b9c18f1e37e758b0e
largest stable learning rate,q,A larger q allows for a larger stable learning rate by flattening the spectrum of K.,814f7dbf9008472b9c18f1e37e758b0e
eigenpro 2.0,stochastic approximation,EigenPro 2.0 uses a stochastic approximation based on the Nyström extension.,814f7dbf9008472b9c18f1e37e758b0e
eigenpro 3.0,general kernel model,EigenPro 3.0 aims to learn a general kernel model for minimizing square loss.,814f7dbf9008472b9c18f1e37e758b0e
optimization problem,convex constrained,The work involves solving an infinite-dimensional convex constrained optimization problem.,814f7dbf9008472b9c18f1e37e758b0e
projection onto z,equation (16),The projection step in equation (16) can be simplified as described.,6f85f11c84534827ab1edb68096cd2b1
equation (16),preconditioned fréchet derivative,We only need to evaluate the preconditioned Fréchet derivative at the model centers.,6f85f11c84534827ab1edb68096cd2b1
model centers,evaluation of f l(f_t),The update requires the evaluation of f L(f_t) at the model centers.,6f85f11c84534827ab1edb68096cd2b1
preconditioner,hessian of the objective,The largest stable learning rate depends on the largest eigenvalue of the Hessian.,6f85f11c84534827ab1edb68096cd2b1
hessian,equation (10),Equation (10) gives the largest eigenvalue of the Hessian.,6f85f11c84534827ab1edb68096cd2b1
equation (23),pp (preconditioner),Preconditioner PP is chosen as in equation (23), similar to Ma & Belkin (2017).,6f85f11c84534827ab1edb68096cd2b1
eigenpro 2.0,z, h,EigenPro 2.0 is a function that operates on Z and h.,6f85f11c84534827ab1edb68096cd2b1
xs,λ, e, λq+1,In EigenPro 2.0, step 2 fetches the top-q eigensystem of K(Xs, Xs) with associated values.,6f85f11c84534827ab1edb68096cd2b1
λ,eigenvalues of k(xs, xs),Λ refers to the eigenvalues of the kernel matrix.,6f85f11c84534827ab1edb68096cd2b1
ψi,eigenfunctions of k(xs, xs),ψi are eigenfunctions associated with the eigenvalues in the eigensystem.,6f85f11c84534827ab1edb68096cd2b1
c,k(z, xs)e(λ^(-1)),Step 3 computes the product C using the kernel matrix and eigenvectors.,6f85f11c84534827ab1edb68096cd2b1
subsample xs,step 2 in eigenpro 2.0,A subset Xs is fetched for computations.,6f85f11c84534827ab1edb68096cd2b1
stopping criterion,algorithm loop,The algorithm continues until the stopping criterion is met.,6f85f11c84534827ab1edb68096cd2b1
minibatch (xm, ym),step 9,A minibatch of data (Xm, ym) is fetched for each iteration.,6f85f11c84534827ab1edb68096cd2b1
sgd,problem,SGD is used to solve the problem.,38610bb6bef04ea7b65967138ecc901d
hyper-parameters,adjustment,The algorithm does not require hyper-parameter adjustment.,38610bb6bef04ea7b65967138ecc901d
s,q,You need to choose s and q; more details in Appendix D.4.6.,38610bb6bef04ea7b65967138ecc901d
model centers,random sub-sampling,Selected by random sub-sampling from the training data set.,38610bb6bef04ea7b65967138ecc901d
baselines,eigenpro 2.0,Baselines obtained from EigenPro 2.0 over centers and labels.,38610bb6bef04ea7b65967138ecc901d
eigenpro 3.0,performance,Performance shown after 50 epochs, compared to baselines.,38610bb6bef04ea7b65967138ecc901d
number of training samples,scaling,Scaling factor for model performance.,38610bb6bef04ea7b65967138ecc901d
model size,scaling model size,Performance evaluated for different numbers of model centers.,38610bb6bef04ea7b65967138ecc901d
decoupling,data preconditioner,Data preconditioner and model preconditioner maintain model independence from data.,38610bb6bef04ea7b65967138ecc901d
data preconditioner,stochastic gradient,Data preconditioner affects stochastic gradient computation.,38610bb6bef04ea7b65967138ecc901d
model preconditioner,inexact projection,Model preconditioner relates to inexact projection step.,38610bb6bef04ea7b65967138ecc901d
algorithm 2,algorithm 1,Complexity comparison with FALKON solver in Table 1.,38610bb6bef04ea7b65967138ecc901d
eigenpro 3.0,cifar10,Real data experiments conducted on CIFAR10 dataset.,38610bb6bef04ea7b65967138ecc901d
eigenpro 3.0,cifar10*,Real data experiments also on CIFAR10* (modified version).,38610bb6bef04ea7b65967138ecc901d
performance,real data experiments,Demonstrating effectiveness in scaling and improved performance on real datasets.,38610bb6bef04ea7b65967138ecc901d
kernel machine,centers,The centers refer to the horizontal lines in the context, which are used as fixed points for the kernel machine.,5bc70cb86672484ba4ef58babe6ec641
centers,data,Centers were randomly selected from the data, implying they are derived from the input dataset.,5bc70cb86672484ba4ef58babe6ec641
feature extraction,resnet-18,Feature extraction is performed using ResNet-18, a deep learning model, for the experiments.,5bc70cb86672484ba4ef58babe6ec641
augmentation,data,Data augmentation refers to the generation of new examples for training, using techniques like MixUp and Crop+Flip for CIFAR10.,5bc70cb86672484ba4ef58babe6ec641
augmentation,cifar10,Augmentation methods like MixUp and Crop+Flip were applied specifically to the CIFAR10 dataset.,5bc70cb86672484ba4ef58babe6ec641
augmentation,mnist,For MNIST and FashionMNIST, additive white Gaussian noise augmentation was used.,5bc70cb86672484ba4ef58babe6ec641
data augmentation,accuracy,The use of data augmentation led to significant improvements in model accuracy.,5bc70cb86672484ba4ef58babe6ec641
deep learning,remarkable success,The context highlights the remarkable success of Deep Learning as a contrast to the newly implemented data augmentation for kernel models.,5bc70cb86672484ba4ef58babe6ec641
allocation tg-cis220009,national center for supercomputing applications,TG-CIS220009 is an allocation at the National Center for Supercomputing Applications.,b8c702bae50446d3a88fb2d56132096a
delta system,national center for supercomputing applications,The Delta system is located at the National Center for Supercomputing Applications.,b8c702bae50446d3a88fb2d56132096a
bbjr-delta-gpu,advanced cyber-infrastructure coordination ecosystem: services & support (access),bbjr-delta-gpu is an allocation from the ACCESS program.,b8c702bae50446d3a88fb2d56132096a
access program,national science foundation,The ACCESS program is supported by the National Science Foundation.,b8c702bae50446d3a88fb2d56132096a
nsf grants #2138259, #2138286, #2138307, #2137603, and #2138296,access program,These grants fund the ACCESS program.,b8c702bae50446d3a88fb2d56132096a
xsede,nsf grant number aci-1548562,XSEDE is supported by an NSF grant.,b8c702bae50446d3a88fb2d56132096a
xsede,expanse cpu/gpu compute nodes,XSEDE provided Expanse nodes for computation.,b8c702bae50446d3a88fb2d56132096a
tg-cis210104,xsede,TG-CIS210104 was an XSEDE allocation.,b8c702bae50446d3a88fb2d56132096a
tg-cis220009,xsede,TG-CIS220009 was also an XSEDE allocation.,b8c702bae50446d3a88fb2d56132096a
09/01/2022,xsede support end date,XSEDE's support ended on 09/01/2022.,b8c702bae50446d3a88fb2d56132096a
