node_1,node_2,edge,chunk_id
operationalizing essential characteristics of creativity,computational system for music composition,The context focuses on the operationalization of essential characteristics of creativity in a computational system designed for music composition.,5a526050f00c4a5db1a3312659aa480e
paul m. bodily,dan ventura,Both authors are affiliated with the Department of Computer Science, with Paul M. Bodily being from Idaho State University and Dan Ventura from Brigham Young University.,5a526050f00c4a5db1a3312659aa480e
computational system for music composition,creativity,The primary objective of the computational system is creativity, and the system aims to autonomously compose Western lyrical music based on seven characteristics of computational creativity.,5a526050f00c4a5db1a3312659aa480e
creativity,ai,The context discusses how AI has been excelling in certain tasks but still faces challenges in areas requiring creativity, leading to the exploration of computational creativity as a frontier in AI.,5a526050f00c4a5db1a3312659aa480e
computational creativity,ai,Computational creativity is characterized as the 'final frontier' of AI,83f7da2006cd4767acf69a46976c4063
systems,computational creativity,Building systems that are computationally creative requires the explicit identification and operationalization of necessary characteristics of creativity,83f7da2006cd4767acf69a46976c4063
foundation models,autonomy and generativity,State-of-the-art foundation models exhibit autonomy and generativity, which are necessary characteristics for computational creativity,83f7da2006cd4767acf69a46976c4063
artificial neural-network-focused implementations,transformer and large language models,Current artificial neural-network-focused implementations, including transformer and large language models, have demonstrated weakness in highly-structured or constrained generation,83f7da2006cd4767acf69a46976c4063
creativity,characteristics,The concept of creativity is contestable, and multiple characteristics have been identified as necessary for computational creativity,83f7da2006cd4767acf69a46976c4063
creativity,generation,Creativity involves the generation of new ideas or concepts, which is one of its key characteristics.,8cbdf397f17c466a96783a62abc8e062
creativity,knowledge representation,Creativity also involves how knowledge is represented, which is another important aspect of creativity.,8cbdf397f17c466a96783a62abc8e062
creativity,intentionality,Intentionality plays a role in creativity as it involves deliberate actions and decisions towards a creative outcome.,8cbdf397f17c466a96783a62abc8e062
creativity,aesthetic,Aesthetic considerations are also part of creativity, as it involves the appreciation of beauty and artistry in the creative process.,8cbdf397f17c466a96783a62abc8e062
creativity,domain knowledge,Domain knowledge is essential for creativity as it involves expertise and understanding within a specific field or domain.,8cbdf397f17c466a96783a62abc8e062
creativity,autonomy and self-evaluation,Autonomy and self-evaluation are important aspects of creativity, as they involve independence and self-assessment in the creative process.,8cbdf397f17c466a96783a62abc8e062
creativity,music composition,Music composition is a domain where creativity can be expressed and explored, highlighting the connection between creativity and music composition.,8cbdf397f17c466a96783a62abc8e062
music composition,autonomous system,The autonomous system for music composition is explicitly designed to be creative, showcasing the application of creativity in technology.,8cbdf397f17c466a96783a62abc8e062
autonomous system,machine learning models,The autonomous system incorporates machine learning models to achieve the characteristics of creativity, demonstrating the use of technology in creative processes.,8cbdf397f17c466a96783a62abc8e062
machine learning models,creativity,Machine learning models are used to address aspects of creativity in the context of music composition, showing the intersection of technology and creativity.,8cbdf397f17c466a96783a62abc8e062
creativity,observers,Observers play a role in evaluating creativity, as their perceptions of creativity overall can exceed perceptions of its individual characteristics.,8cbdf397f17c466a96783a62abc8e062
pop*,twitter,Pop* searches Twitter for a posting that appeals to its aesthetic, serving as an originating idea,566976bbdfda4151b693ef1583d68222
pop*,music composition,Pop* formulates its own intention from the tweet and communicates it in the form of a novel music composition,566976bbdfda4151b693ef1583d68222
pop*,lyric and sheet music databases,Pop* filters databases based on relevance to its chosen intention and uses them to train models for chords, rhythm, pitch, and lyrics,566976bbdfda4151b693ef1583d68222
pop*,markov models,Pop* uses filtered training sets to train Markov models for chords, rhythm, pitch, and lyrics,566976bbdfda4151b693ef1583d68222
pop*,sheet music,Pop* learns global structural patterns from existing sheet music and uses constrained Markov models to produce a novel composition,566976bbdfda4151b693ef1583d68222
pop*,audio and sheet music,Compositions that pass the self-evaluation phase are rendered as audio and sheet music,566976bbdfda4151b693ef1583d68222
pn,pm,PN (x) ∝ PM (x) if x satisfies C1 and is 0 otherwise,566976bbdfda4151b693ef1583d68222
pop*,nhmm n,Pop* builds a modified NHMM N = (n, M, C1, C2),566976bbdfda4151b693ef1583d68222
pop*,nhmm n,Pop* builds a modified NHMM N = (n, M, C1, C2) that allows the definition of a set C2 of binary constraints.,e477cf79194e4919ab9d3b40f3d36d2a
nhmm n,c2,The NHMM N allows the definition of a set C2 of binary constraints, which are essential to creating rhymes, motifs, and sectional form structure.,e477cf79194e4919ab9d3b40f3d36d2a
nhmm n,nc,Such a model is trained for each of the chord, pitch, rhythm, and lyric viewpoints, resulting in the four models: Nc, Np, Nr, Nl.,e477cf79194e4919ab9d3b40f3d36d2a
nc,np,The four models resulting from training are Nc, Np, Nr, Nl.,e477cf79194e4919ab9d3b40f3d36d2a
knowledge representation,structured model of problems,A knowledge representation defines a structured model of problems.,e477cf79194e4919ab9d3b40f3d36d2a
knowledge representation,cognitive process for solving problems,A knowledge representation defines the cognitive process for solving these problems.,e477cf79194e4919ab9d3b40f3d36d2a
knowledge representation,internal representations,There is often a distinction between internal and external representations, with internal representation in some cases being conflated with the choice of generative model.,e477cf79194e4919ab9d3b40f3d36d2a
internal representations,generative model,The internal representation is conflated with the choice of generative model in some cases.,e477cf79194e4919ab9d3b40f3d36d2a
knowledge representation,ability to generalize,The internal representation determines the ability to generalize within or across domains.,e477cf79194e4919ab9d3b40f3d36d2a
knowledge representation,knowledge representation in pop*,The knowledge representation in Pop* uses a hierarchical Bayesian program learning (HBPL) model consisting of a hand-crafted hierarchy of human-level concept models each trained from data.,e477cf79194e4919ab9d3b40f3d36d2a
lead sheet γ,aesthetic a,"modeled asP (γ,A) = P (ν,A) · P (τ ) P (η,ν, τ ) · P (ϕ,ν, τ, η) · P (ρ,ν, τ ) · P (λ,ν, τ, ρ),where ν, τ, η, ϕ, ρ, and λ represent intentions, structure, chords, pitch, rhythm, and lyrics, respectively.",81f67ca31f384a8cb9153e8aa5d5bb93
lead sheet γ,intention,"modeled asP (γ,A) = P (ν,A) · P (τ ) P (η,ν, τ ) · P (ϕ,ν, τ, η) · P (ρ,ν, τ ) · P (λ,ν, τ, ρ),where ν, τ, η, ϕ, ρ, and λ represent intentions, structure, chords, pitch, rhythm, and lyrics, respectively.",81f67ca31f384a8cb9153e8aa5d5bb93
intention,composition,An intentional system is a deliberative system whose artifacts are the result of a directed process towards a particular objective,81f67ca31f384a8cb9153e8aa5d5bb93
intention,objectives,Intentionality is reflected in a system’s ability to choose its own objectives and to evaluate its own success in accomplishing goals,81f67ca31f384a8cb9153e8aa5d5bb93
objectives,evaluate its own success,Both terms are related to the concept of goal accomplishment and success evaluation,125137ad4e8d4e67a7d2a3eb4ed37b31
intentions,content, style, external impact, or type of generative act,Intentions can relate to different facets of creativity mentioned in the context,125137ad4e8d4e67a7d2a3eb4ed37b31
intentions,enhance the perception of creativity,Intentions are related to enhancing the perception of creativity,125137ad4e8d4e67a7d2a3eb4ed37b31
system,intention,The system originates an intention from social media posts,125137ad4e8d4e67a7d2a3eb4ed37b31
generative system,artifacts,A generative system produces artifacts,125137ad4e8d4e67a7d2a3eb4ed37b31
generative system,process of generation,Both terms are related to the concept of generative systems and their process of generation,125137ad4e8d4e67a7d2a3eb4ed37b31
generative system,stochastic creation,Generative systems can range from the purely stochastic to creation with the aid of perceptual faculties,125137ad4e8d4e67a7d2a3eb4ed37b31
knowledge of the system’s process,determine its creativity,There are questions about whether knowledge of the system’s process is needed to determine its creativity,125137ad4e8d4e67a7d2a3eb4ed37b31
markov models,nhmms,NHMMs are constrained or non-homogeneous Markov models, as mentioned in the context,b0fd01059a2845ac8a1e83619656aa15
nhmms,markov model,NHMM N = (n, M, C1) models the probability of a sequence of random variables X = X1, . . . , Xn, where M is a Markov model as mentioned in the context,b0fd01059a2845ac8a1e83619656aa15
nhmms,constraints,NHMM N = (n, M, C1) models the probability of a sequence of random variables X = X1, . . . , Xn, where C1 is a set of unary constraints as mentioned in the context,b0fd01059a2845ac8a1e83619656aa15
constraints,markov model,The models were first designed to model small-scale transition patterns while allowing for constraints to be imposed at various positions, as mentioned in the context,b0fd01059a2845ac8a1e83619656aa15
markov models,sequence length,Defining N requires defining a sequence length n, a Markov model M, and a set of unary constraints C1 = {c1, . . . , cn}, as mentioned in the context,b0fd01059a2845ac8a1e83619656aa15
markov models,random variables,N models the probability of a sequence of random variables X = X1, . . . , Xn, as mentioned in the context,b0fd01059a2845ac8a1e83619656aa15
intention,vector of topics or emotions,Pop* explicitly models intention as a vector of topics or emotions V = ((v1, w1), . . . , (vn, wn)) as mentioned in the context,b0fd01059a2845ac8a1e83619656aa15
music,topic,The system’s objective is to create music that communicates each topic vi to an extent commensurate with its weight wi.,88396aa2a05c4109895a925e229f712f
topic,weight,The system’s objective is to create music that communicates each topic vi to an extent commensurate with its weight wi.,88396aa2a05c4109895a925e229f712f
text input,empath,Given a text input ι, Empath creates Em(ι) = ((v1, w1), . . . , (v200, w200)) where vi represents one of a set of 200 topics (defined by Empath) and wi ∈ [0, 1] represents the strength of the semantic relationship between ι and vi.,88396aa2a05c4109895a925e229f712f
emotion,text input,To establish an intention, Pop* assigns V = Em(˜t) where ˜t is some text (e.g., a tweet).,88396aa2a05c4109895a925e229f712f
intention,text input,To establish an intention, Pop* assigns V = Em(˜t) where ˜t is some text (e.g., a tweet).,88396aa2a05c4109895a925e229f712f
aesthetic,style,In contrast to intention, aesthetic plays a more persistent role in determining style and is represented by the ability to have opinions, attitudes, or beliefs about what is beautiful, good, and creative.,88396aa2a05c4109895a925e229f712f
aesthetic,opinions,In contrast to intention, aesthetic plays a more persistent role in determining style and is represented by the ability to have opinions, attitudes, or beliefs about what is beautiful, good, and creative.,88396aa2a05c4109895a925e229f712f
aesthetic standards,system,A system may form aesthetic standards with respect to skill, imagination, and appreciation.,80229c288a654ae99cc442b09ed843fc
aesthetic standards,value,A system may form aesthetic standards with respect to value and surprise.,80229c288a654ae99cc442b09ed843fc
aesthetic standards,surprise,A system may form aesthetic standards with respect to value and surprise.,80229c288a654ae99cc442b09ed843fc
aesthetic standards,complexity,A system may form aesthetic standards with respect to complexity.,80229c288a654ae99cc442b09ed843fc
aesthetic standards,order,A system may form aesthetic standards with respect to order.,80229c288a654ae99cc442b09ed843fc
aesthetic standards,entropy,A system may form aesthetic standards with respect to entropy.,80229c288a654ae99cc442b09ed843fc
aesthetic,pop*,For Pop*, an aesthetic A = (θ0, . . . , θm) is a list of interests where θi represents any keyword or phrase in which Pop* is 'interested'.,80229c288a654ae99cc442b09ed843fc
pop*,interest,In this formulation, Pop* has a favorable opinion of any interest listed in A and no opinion about anything else.,80229c288a654ae99cc442b09ed843fc
pop*,twitter,For each theme θi ∈ A, Pop* searches Twitter for (up to) 500 tweets from the prior 24 hours using θi as the search key to obtain a set of tweets T.,80229c288a654ae99cc442b09ed843fc
tweet,emotion vector,For each remaining tweet t ∈ T, the Empath vector Em(t) is computed.,80229c288a654ae99cc442b09ed843fc
tweet,emotion score,An emotion score(t) is computed using the Empath vector Em(t) as wi s.t. vi ∈ E and emotion score(t) = Xi where E is the subset of Empath topics representing emotions.,80229c288a654ae99cc442b09ed843fc
tweets,emotion score values,tweets have emotion score values,368c61e5e4124cb4aede0336ab33ca08
tweet,origi-fromsnating tweet,one tweet is selected at random as an origi-FromSnating tweet for the system’s generative process,368c61e5e4124cb4aede0336ab33ca08
domain knowledge,structure of artifacts within the domain,Domain knowledge includes an understanding of the structure of artifacts within the domain,368c61e5e4124cb4aede0336ab33ca08
domain knowledge,requirements for inclusion within the domain,Domain knowledge includes an understanding of the requirements for inclusion within the domain,368c61e5e4124cb4aede0336ab33ca08
domain knowledge,principles governing the evaluation of artifacts within the domain,Domain knowledge includes an understanding of the principles governing the evaluation of artifacts within the domain,368c61e5e4124cb4aede0336ab33ca08
domain knowledge,domain-representative artifacts,Domain knowledge is often based on an inspiring set of domain-representative artifacts,368c61e5e4124cb4aede0336ab33ca08
domain knowledge,generative process,Domain knowledge serves as inspiration during the generative process,368c61e5e4124cb4aede0336ab33ca08
domain knowledge,novelty and typicality,Domain knowledge enables the system to evaluate novelty and typicality,368c61e5e4124cb4aede0336ab33ca08
domain knowledge,similarity to existing items,Domain knowledge enables the system to evaluate novelty and typicality as a function of similarity to existing items,368c61e5e4124cb4aede0336ab33ca08
domain knowledge,machine learning,Pop* leverages domain knowledge through machine learning,368c61e5e4124cb4aede0336ab33ca08
lyric knowledge base,lyrics from 369,606 songs,The lyric knowledge base (LKB) comprises lyrics from 369,606 songs scraped from www.lyrics.com,368c61e5e4124cb4aede0336ab33ca08
lyric knowledge base,empath vector,Lyrics L for each song are annotated with an Empath vector Em(L),368c61e5e4124cb4aede0336ab33ca08
intention,subset of the lkb,Given an intention ν, Pop* selects a subset of the LKB for training determined by computing the Euclidean distance ∥ν − Em(L)∥ for each song L ∈ LKB,368c61e5e4124cb4aede0336ab33ca08
song,euclidean distance,The closest k songs are selected based on computing the Euclidean distance ∥ν − Em(L)∥,368c61e5e4124cb4aede0336ab33ca08
euclidean distance,song,The Euclidean distance is computed for each song in the LKB to find the closest k songs.,7e0e044c948641429f4042e7f874cb6d
song,lkb,Each song L is selected from the LKB for further processing.,7e0e044c948641429f4042e7f874cb6d
mkb,pop music lead sheets,The music knowledge base (MKB) comprises 6,673 pop music lead sheets from the Wikifonia dataset.,7e0e044c948641429f4042e7f874cb6d
mkb,training,The MKB is used to train chord, pitch, and rhythm models.,7e0e044c948641429f4042e7f874cb6d
pop*,mkb,Pop* selects a subset of the MKB for training using the same Euclidean distance method as LKB subselection.,7e0e044c948641429f4042e7f874cb6d
pop*,perceptual faculties,Pop* also possesses perceptual faculties for detecting musical structure in symbolic music.,7e0e044c948641429f4042e7f874cb6d
structural alignments,motifs,Structural alignments in a single viewpoint are called motifs.,7e0e044c948641429f4042e7f874cb6d
structural alignments,sectional form,Structural alignments across multiple viewpoints create sectional form.,7e0e044c948641429f4042e7f874cb6d
msw,alignment algorithm,The multi-Smith-Waterman (mSW) self-alignment algorithm is used to align a song against itself for each viewpoint and find all unique local align.,7e0e044c948641429f4042e7f874cb6d
self-alignment algorithm,song,The self-alignment algorithm aligns a song against itself for each viewpoint,2c4fc47298964a69a7afa1ebae7c9fb5
self-alignment algorithm,local alignments,The algorithm finds all unique local alignments with scores above some threshold,2c4fc47298964a69a7afa1ebae7c9fb5
scoring function,alignments,The scoring function used to calculate alignments considers different features for each viewpoint,2c4fc47298964a69a7afa1ebae7c9fb5
weights,scoring function,Weights for the scoring function are learned using a genetic algorithm trained on a small, structurally annotated subset of the MKB,2c4fc47298964a69a7afa1ebae7c9fb5
pop*,mkb,For each new composition, Pop* selects at random a song in the MKB after which to structurally model the new composition,2c4fc47298964a69a7afa1ebae7c9fb5
song,nhmms,The song’s length determines the length of the new composition needed to instantiate NHMMs Nc, Np, and Nr,2c4fc47298964a69a7afa1ebae7c9fb5
pop*,msw-alignment,Pop* performs an mSW-alignment on the training song for each viewpoint,2c4fc47298964a69a7afa1ebae7c9fb5
alignment,binary constraints,Each viewpoint-specific alignment defines a set of binary constraints C2 that is used to define NHMMs Nc, Np, Nr, Nl,2c4fc47298964a69a7afa1ebae7c9fb5
autonomy,computational creative systems,Autonomy is commonly cited as one of the most essential yet difficult characteristics to achieve in computational creative systems,2c4fc47298964a69a7afa1ebae7c9fb5
autonomy,spectrum,Autonomy manifests itself along a spectrum, with the most creative systems exhibiting autonomy through self-evaluation,2c4fc47298964a69a7afa1ebae7c9fb5
autonomy,knowledge,Autonomy manifests itself through the injection of knowledge “without leaving the injector’s fingerprints”,2c4fc47298964a69a7afa1ebae7c9fb5
injection of knowledge,ability to use perceptual abilities,Both mentioned as ways in which a system can exert autonomy,8c2e8eae23f847419bf17d7ec30ddd6c
injection of knowledge,creativity,Greater autonomy leads to greater creativity,8c2e8eae23f847419bf17d7ec30ddd6c
ability to use perceptual abilities,self-improve the system,Both mentioned as ways in which a system can exert autonomy,8c2e8eae23f847419bf17d7ec30ddd6c
creativity,criteria for a system to be autonomous,Creativity is a result of greater autonomy,8c2e8eae23f847419bf17d7ec30ddd6c
criteria for a system to be autonomous,autonomous evaluation,First criteria for a system to be autonomous,8c2e8eae23f847419bf17d7ec30ddd6c
criteria for a system to be autonomous,autonomous change,Second criteria for a system to be autonomous,8c2e8eae23f847419bf17d7ec30ddd6c
criteria for a system to be autonomous,non-randomness,Third criteria for a system to be autonomous,8c2e8eae23f847419bf17d7ec30ddd6c
pop*,autonomy,Pop* implements autonomy,8c2e8eae23f847419bf17d7ec30ddd6c
pop*,choosing an intention,One way in which Pop* implements autonomy,8c2e8eae23f847419bf17d7ec30ddd6c
pop*,choosing a relevant knowledge (sub)base,One way in which Pop* implements autonomy,8c2e8eae23f847419bf17d7ec30ddd6c
pop*,self-evaluation,One way in which Pop* implements autonomy,8c2e8eae23f847419bf17d7ec30ddd6c
composition,intention,The composition's success is determined by how well it achieves its intention, highlighting the relationship between the two concepts.,2a68c1df05464335bfe3ec9091b91ef5
self-evaluation,reflection,Self-evaluation involves the ability to reflect on the output's novelty, typicality, and aesthetic value, indicating a relationship between the two concepts.,2a68c1df05464335bfe3ec9091b91ef5
self-evaluation,autonomy,Self-evaluation presupposes autonomy, showing a relationship between the two concepts.,2a68c1df05464335bfe3ec9091b91ef5
self-evaluation,evaluation,Self-evaluation includes the evaluation of how well the output achieves the system's goals, demonstrating the relationship between the two concepts.,2a68c1df05464335bfe3ec9091b91ef5
self-evaluation,opinions,Self-evaluation occurs without consulting outside opinions, indicating the relationship between the two concepts.,2a68c1df05464335bfe3ec9091b91ef5
self-evaluation,standards,A system should maintain and apply a standard in self-evaluation that is distinct from those of other creative agents, showing the relationship between the two concepts.,2a68c1df05464335bfe3ec9091b91ef5
self-evaluation,subprocesses,Subprocesses can be aware of and influence one another during generation, highlighting the relationship between self-evaluation and subprocesses.,2a68c1df05464335bfe3ec9091b91ef5
self-evaluation,generative process,Over time, self-evaluation can fine-tune the generative process, demonstrating the relationship between the two concepts.,2a68c1df05464335bfe3ec9091b91ef5
generative model,direct modification,The generative model can be modified directly to add artifacts to the system's knowledge base.,30a12685dd4d44e0ae9abc4e570106d4
intention vector,candidate compositions,The intention vector is used to compose candidate compositions.,30a12685dd4d44e0ae9abc4e570106d4
markov models,training sets,Markov models are used with training sets to compose candidate compositions.,30a12685dd4d44e0ae9abc4e570106d4
scoring function,composition,The scoring function is applied to compositions to evaluate them.,30a12685dd4d44e0ae9abc4e570106d4
lyrics,intention,The lyrics are assessed for how well they reflect the system's intention.,30a12685dd4d44e0ae9abc4e570106d4
lyrics,unique word count,The ratio of unique word count to the total word count is used to protect against overly repetitive lyrics.,30a12685dd4d44e0ae9abc4e570106d4
pitch values,4-measure sliding window,The average number of unique pitch values in a 4-measure sliding window is used to measure catchiness.,30a12685dd4d44e0ae9abc4e570106d4
melodic pitch sequence,sing-ability,The sing-ability of the melodic pitch sequence is represented by the fraction of pitch values in the range [60, 76].,30a12685dd4d44e0ae9abc4e570106d4
system's creativity,external artifact,A system's creativity can be assessed through the external artifact.,30a12685dd4d44e0ae9abc4e570106d4
system,external artifact,The system's process is assessed through the external artifact,a0375e3f2c29470f9b8b40e2a6921872
system,process,Consideration of the system's process is suggested to be essential,a0375e3f2c29470f9b8b40e2a6921872
jordanous' specs framework,creativity,Jordanous' SPECS framework requires stating one's definition of what it means to be creative,a0375e3f2c29470f9b8b40e2a6921872
survey,system,The system presents itself in the survey,a0375e3f2c29470f9b8b40e2a6921872
survey,participant,The survey invites the participant to listen to and evaluate compositions,a0375e3f2c29470f9b8b40e2a6921872
participant,compositions,The participant evaluates the compositions,a0375e3f2c29470f9b8b40e2a6921872
compositions,evaluation,The compositions are evaluated in the survey,a0375e3f2c29470f9b8b40e2a6921872
compositions,evaluation,compositions were included in the evaluation,bd5388f89191461d804cdc1dade79322
songs,significant variation,songs include significant variation in chords, melody, length, structure, tempo, modality, key, and intention,bd5388f89191461d804cdc1dade79322
songs,chords,significant variation in chords,bd5388f89191461d804cdc1dade79322
songs,melody,significant variation in melody,bd5388f89191461d804cdc1dade79322
songs,length,significant variation in length,bd5388f89191461d804cdc1dade79322
songs,structure,significant variation in structure,bd5388f89191461d804cdc1dade79322
songs,tempo,significant variation in tempo,bd5388f89191461d804cdc1dade79322
songs,modality,significant variation in modality,bd5388f89191461d804cdc1dade79322
songs,key,significant variation in key,bd5388f89191461d804cdc1dade79322
songs,intention,significant variation in intention,bd5388f89191461d804cdc1dade79322
composition,system,For each composition, the system's generated description of the piece is presented,bd5388f89191461d804cdc1dade79322
composition,audio recording,For each composition, the system's generated description of the piece is presented along with an audio recording of the song,bd5388f89191461d804cdc1dade79322
participant,description,After reading the description and listening to the audio, the participant is asked seven Likert scale questions,bd5388f89191461d804cdc1dade79322
participant,likert scale questions,After reading the description and listening to the audio, the participant is asked seven Likert scale questions,bd5388f89191461d804cdc1dade79322
question,rating,Each question is rated on a scale from 1 to 5,bd5388f89191461d804cdc1dade79322
question,star ratings,the first four as star ratings with no labels (half stars allowed),bd5388f89191461d804cdc1dade79322
question,likert scales,the remaining three as Likert scales which label only the lowest and highest ratings in defining the spectrum (Likert 1932),bd5388f89191461d804cdc1dade79322
evaluation,participant,Upon completion of the artifact-based evaluation, the participant is then introduced to the process of Pop*,bd5388f89191461d804cdc1dade79322
introduction,description,This introduction consists of a brief description accompanied by a simplified version of Figure 1,bd5388f89191461d804cdc1dade79322
simplified version,labels,The simplified version uses the labels “Tweets”, “Interests”, “Intention”, “Lyrics”, “Sheet Music”, “Generation”, “Eval-,bd5388f89191461d804cdc1dade79322
tweets,interests,Tweets are related to Interests as they are used to express interests or opinions.,f389c94603484f61a293486a92e2b7fc
intention,lyrics,Intention and Lyrics are related as Lyrics often convey the intentions or messages of a song.,f389c94603484f61a293486a92e2b7fc
sheet music,generation,Sheet Music and Generation are related as Generation can involve the creation of new Sheet Music.,f389c94603484f61a293486a92e2b7fc
evaluation,output,Evaluation and Output are related as Evaluation results in an Output that reflects the assessment.,f389c94603484f61a293486a92e2b7fc
pop*,knowledge of music,Pop* is related to knowledge of music as it internally represents such knowledge.,f389c94603484f61a293486a92e2b7fc
pop*,opinion, belief, or attitude about what makes music 'good',Pop* is related to opinions about music's quality as it has its own beliefs and attitudes.,f389c94603484f61a293486a92e2b7fc
pop*,autonomy to make own decisions,Pop* is related to autonomy as it determines its decisions independently.,f389c94603484f61a293486a92e2b7fc
pop*,self-evaluation,Pop* is related to self-evaluation as it judges its own success.,f389c94603484f61a293486a92e2b7fc
pop*,creativity,Pop* is related to creativity as it is rated on its creative abilities.,f389c94603484f61a293486a92e2b7fc
respondents,musicians,Respondents who considered themselves musicians are related to the category of musicians.,f389c94603484f61a293486a92e2b7fc
respondents,system designers,Respondents who knew the system designers personally are related to the designers themselves.,f389c94603484f61a293486a92e2b7fc
computers,creativity,Computers and creativity are related as some respondents believe computers are capable of creativity.,f389c94603484f61a293486a92e2b7fc
average ratings,question q1,These terms are related as the average ratings are specifically for question Q1.,8eb215c987c64307a60230c85813600a
average ratings,overall rating,The average ratings are calculated to determine the overall rating of the participants.,8eb215c987c64307a60230c85813600a
average ratings,participants,The average ratings are based on the scores given by the participants.,8eb215c987c64307a60230c85813600a
bias,computers,There is often a bias against computers being creative.,8eb215c987c64307a60230c85813600a
bias,familiarity,Familiarity can introduce bias towards ascribing creativity.,8eb215c987c64307a60230c85813600a
scores,survey participants,There is a noticeable drop in scores based on whether participants know the system designers personally.,8eb215c987c64307a60230c85813600a
creativity,computational systems,The notion of achieving creativity in computational systems is fundamental.,8eb215c987c64307a60230c85813600a
novelty scores,pop*,Participants are most willing to ascribe novelty scores to Pop* compositions.,8eb215c987c64307a60230c85813600a
lyric abilities,system,Both groups were least impressed by the system's lyric abilities.,8eb215c987c64307a60230c85813600a
structure,pop* compositions,Both groups have elevated ratings for the structure in Pop* compositions.,8eb215c987c64307a60230c85813600a
generation,artifacts,The system is capable of generating artifacts.,8eb215c987c64307a60230c85813600a
system,artifacts,The system generates artifacts.,955b201930fb48cc9e65b3df5307cdc3
artifacts,novelty,The question that remains is whether these artifacts are novel.,955b201930fb48cc9e65b3df5307cdc3
novelty,scores,The average and max novelty scores for both musicians and non-musicians were the highest scores for any of the characteristics of creativity as evaluated solely based on artifacts.,955b201930fb48cc9e65b3df5307cdc3
scores,creativity,Creativity is the ability to create new things. Pop* can clearly create new things.,955b201930fb48cc9e65b3df5307cdc3
pop*,novelty,There were also some participants that did not feel Pop* expressed novelty.,955b201930fb48cc9e65b3df5307cdc3
songs,originality,The songs (s)he heard “did not strike me as very original and creative. Sorry.”,955b201930fb48cc9e65b3df5307cdc3
pop*,novelty,Pop*’s perceived novelty might be improved by constraining a distance measure between output songs.,955b201930fb48cc9e65b3df5307cdc3
groups,pop*,Most groups felt that Pop* had some internal representation of knowledge (Q8).,955b201930fb48cc9e65b3df5307cdc3
musicians,knowledge representation,Even musicians—who by definition likely possess such a representation themselves—rated Pop* (slightly) above average.,955b201930fb48cc9e65b3df5307cdc3
respondent,knowledge representation,Those unfamiliar with the system designers rated knowledge representation as slightly below average.,955b201930fb48cc9e65b3df5307cdc3
process,creativity,Combining ideas and generating from them something completely new is the epitome of creativity, regardless of whether or not the process was automated.,955b201930fb48cc9e65b3df5307cdc3
creativity,machine,The context mentions that a machine can mimic some form of creativity, implying a relationship between the two concepts.,6dfcc9c40ee449329175cb98af580136
intentionality,pop*,Comments were made to explain low intentionality ratings of Pop*, indicating a relationship between intentionality and Pop*.,6dfcc9c40ee449329175cb98af580136
pop*,topics,The comment referred to the way that Pop* explicitly compares the topics, suggesting a relationship between Pop* and topics.,6dfcc9c40ee449329175cb98af580136
song,musician,Table 2 shows average ratings for each song, including average musicians' rating, indicating a relationship between song and musician.,6dfcc9c40ee449329175cb98af580136
survey,song,The table also displays survey average song ratings, suggesting a relationship between survey and song.,6dfcc9c40ee449329175cb98af580136
song,max,Max is the highest-rated song in the context,84a833aea37e409189a310fdfc923631
system,system designers,The system was typically rated more creative by those familiar with the system designers,84a833aea37e409189a310fdfc923631
system,goals,Assessing the success of the system in meeting its goals is based on whether or not the system believes it has met its goals,84a833aea37e409189a310fdfc923631
system,intentionality,Some observers felt that the system had some intentionality,84a833aea37e409189a310fdfc923631
songs,ideas,The system is good at finding ideas and creating sounds to match those ideas and feelings,84a833aea37e409189a310fdfc923631
aesthetic,intentionality,Aesthetic is mentioned as a quality that Pop currently struggles to exhibit, and it is compared to intentionality as one of the challenges in creating a convincing model.,4abad971525e43e89fd171b179f6bbfa
aesthetic,novelty,Aesthetic is compared to novelty as a challenge in creating a convincing model.,4abad971525e43e89fd171b179f6bbfa
aesthetic,autonomy,Aesthetic is mentioned in contrast to autonomy, as it gets at the heart of what many people see as the fundamental difference between computers and humans.,4abad971525e43e89fd171b179f6bbfa
aesthetic,beliefs,Aesthetic is mentioned in contrast to beliefs, as it gets at the heart of what many people see as the fundamental difference between computers and humans.,4abad971525e43e89fd171b179f6bbfa
typicality,familiarity,The characteristic of typicality is mentioned as being rated higher by the group unbiased by familiarity compared to the group biased by familiarity.,4abad971525e43e89fd171b179f6bbfa
connotation,question,The context mentions bias for the question and how it might be expected toward lower scores.,f277f06d65e74f888ec6183160600572
elevated scores,attribute,The context states that elevated scores for the attribute would be a good sign.,f277f06d65e74f888ec6183160600572
questions q2, q3, and q4,domain knowledge,The context mentions that questions Q2, Q3, and Q4 are related to domain knowledge.,f277f06d65e74f888ec6183160600572
lyric model,music model,The context states that questions Q2, Q3, and Q4 rated Pop*'s lyric model, music model, and structure model respectively.,f277f06d65e74f888ec6183160600572
lyrics,music,The context mentions that Pop* has focused relatively little on semantic cohesiveness of lyrics, but a great deal on how lyrics should be effectively combined with music.,f277f06d65e74f888ec6183160600572
music scores (q3),chord, pitch, and rhythm models,The context states that overall music scores (Q3) were among the highest for any of the questions, suggesting that the chord, pitch, and rhythm models are learning and applying knowledge effectively.,f277f06d65e74f888ec6183160600572
chord structure,songs,The context mentions comments such as 'the generated chord structure of the two songs impressed me.',f277f06d65e74f888ec6183160600572
structure scores (q4),songs,The context mentions that structure scores (Q4) were generally below average, although there were a few songs that earned average ratings above 3.0.,f277f06d65e74f888ec6183160600572
autonomy,pop*,Autonomy scored above average in nearly every group, including those not biased by familiarity with the system’s designers (the one exception was those with the belief that computer creativity is impossible). Autonomy was rarely the highest scoring characteristic, and several of the comments against the creativity of the system were aimed at the absence of autonomy.,e000abc3dc6d489abee04225525372c0
pop*,domain knowledge,One respondent remarked on the importance of leveraging domain knowledge, explaining that their attribution of creativity to Pop* was based on its perceived ability “to create songs based off of lots of different information and still make it sound appealing and applicable.”,e000abc3dc6d489abee04225525372c0
pop*,computer creativity,Belief about computer creativity,e000abc3dc6d489abee04225525372c0
musicianship,all groups,Musicianship scored above average in all groups, including believers, skeptics, non-musicians, and unbelievers.,e000abc3dc6d489abee04225525372c0
mumford and ventura,responses,Mumford and Ventura reported similar responses in their work to assess the autonomy of CC systems,f604f6f36dbe4e458919827bfb15fd4e
mumford and ventura,computer,what respondents thought was a computer being creative was actually a human being creative,f604f6f36dbe4e458919827bfb15fd4e
mumford and ventura,preconceived notion,There exists a preconceived notion that regardless of what occurs, 'It’s a machine, it has no autonomy',f604f6f36dbe4e458919827bfb15fd4e
mumford and ventura,autonomy,Mumford and Ventura suggest that 'even creative humans could be argued to be following a complex set of chemical and psychological instructions',f604f6f36dbe4e458919827bfb15fd4e
mumford and ventura,perception,An interesting future study might examine how changing people’s perception about their own autonomy would impact their perception of computer autonomy,f604f6f36dbe4e458919827bfb15fd4e
pop*,music,Pop* consistently composes below-average music,9b5238b0d551433aad33f3dc0f0e82be
pop*,system,It may be hard to ascribe self-evaluative abilities to a system that can’t generate cohesive English,9b5238b0d551433aad33f3dc0f0e82be
pop*,process,Q11 was included as an assessment based on Pop*’s process under the assumption that a knowledge of the process is critical to assessing whether the system uses a reasonable self-evaluation method,9b5238b0d551433aad33f3dc0f0e82be
process,self-evaluation,However, it may be that the question of efficacy in self-evaluation is better suited as an artifact-based evaluation, if attributing success in self-evaluation depends on the reviewer agreeing with the individual evaluations that the system makes rather than agreeing with the process it uses to make those evaluations,9b5238b0d551433aad33f3dc0f0e82be
pop*,creativity,Like creativity, each characteristic attribute occurs on a spectrum,9b5238b0d551433aad33f3dc0f0e82be
evaluation,improvement,The results of the evaluation point out opportunities for improvement,9b5238b0d551433aad33f3dc0f0e82be
pop*,characteristics,The results also suggest that, at least to some extent, Pop* possesses each of the characteristics necessary for creativity,9b5238b0d551433aad33f3dc0f0e82be
question,creativity,The context discusses the differentiation between the creativity of the system and its designers. It also mentions the responses to the question (Q12) in the survey and the high ratings for the direct question of Pop*'s 'creativity'.,c9697d3dd3db48059a3f40298df59ac4
responses,question,The responses to question (Q12) in the survey reported the highest scores across all groups.,c9697d3dd3db48059a3f40298df59ac4
responses,scores,The responses to question (Q12) in the survey reported the highest scores across all groups.,c9697d3dd3db48059a3f40298df59ac4
scores,groups,The scores across all groups were above average.,c9697d3dd3db48059a3f40298df59ac4
pop*,creativity,The context mentions the high ratings for the direct question of Pop*'s 'creativity'.,c9697d3dd3db48059a3f40298df59ac4
characteristics,creativity,The context discusses the individual creative characteristics and their relation to the perception of creativity in computational systems.,c9697d3dd3db48059a3f40298df59ac4
systems,characteristics,CC has largely been defined by systems that exhibit one or a few creative characteristics.,c9697d3dd3db48059a3f40298df59ac4
systems,creativity,The context discusses the perception of creativity in computational systems and how it can exceed the perception of individual creative characteristics when these characteristics are found together.,c9697d3dd3db48059a3f40298df59ac4
system,creative characteristics,A system can possess one or more creative characteristics, which are necessary for creativity.,6af3aacd1ff549648aa5d941b7ef8612
system,holistic computational creativity,The goal is to achieve holistic computational creativity, where creativity emerges from the confluence of a set of creative attributes within a system.,6af3aacd1ff549648aa5d941b7ef8612
system,creative attributes,A system with many creative attributes may be seen as creative, particularly among non-specialists.,6af3aacd1ff549648aa5d941b7ef8612
system,music composition system,The joint application of fundamental characteristics of creativity is demonstrated in an applied example of a music composition system.,6af3aacd1ff549648aa5d941b7ef8612
system,assessment,The system is externally evaluated for characteristics of creativity through artifact-based and process-based assessments.,6af3aacd1ff549648aa5d941b7ef8612
system,creativity,The system possesses characteristics of creativity to varying extents and is perceived to be creative overall.,63970328c5fd44cf817114a89b624026
holistic cc,promising direction,Holistic CC represents a promising direction for future work in expanding artificial intelligence.,63970328c5fd44cf817114a89b624026
system,artificial intelligence,The system overall is perceived to be creative, indicating a direction for expanding artificial intelligence.,63970328c5fd44cf817114a89b624026
artificial intelligence,computational creativity,Teaching computational creativity is discussed as an aspect of expanding artificial intelligence.,63970328c5fd44cf817114a89b624026
markov constraints,generating lyrics,Markov constraints are used for generating lyrics with style.,63970328c5fd44cf817114a89b624026
aesthetic measure,creative mind,Aesthetic measure is discussed in relation to the creative mind.,63970328c5fd44cf817114a89b624026
explainability,aesthetics in computational creative systems,Explainability is considered an aesthetic for aesthetics in computational creative systems.,63970328c5fd44cf817114a89b624026
structural constraints,musical sequences,Structural constraints in musical sequences are inferred via multiple self-alignment.,63970328c5fd44cf817114a89b624026
cognitive science society,annual meeting,Both are part of the event mentioned in the context,a77122bf5d74471aa50c83cf4b9dec8d
cognitive science society,alignment,Both are related to the Proceedings of the Annual Meeting of the Cognitive Science Society,a77122bf5d74471aa50c83cf4b9dec8d
steerable music generation,long-range dependency constraints,Steerable Music Generation satisfies the Long-Range Dependency Constraints,a77122bf5d74471aa50c83cf4b9dec8d
creativity,perception of creativity,The paper discusses the comparison between Creativity and the Perception of Creativity in Computational Systems,a77122bf5d74471aa50c83cf4b9dec8d
computational creativity theory,face and idea descriptive models,The paper discusses the FACE and IDEA descriptive models as part of Computational Creativity theory,a77122bf5d74471aa50c83cf4b9dec8d
stakeholder groups,computational creativity research and practice,The paper discusses the stakeholder groups in Computational Creativity research and practice,a77122bf5d74471aa50c83cf4b9dec8d
computational creativity,final frontier,The paper discusses Computational Creativity as the final frontier in the field of Artificial Intelligence,a77122bf5d74471aa50c83cf4b9dec8d
flow,psychology of discovery and invention,The book 'Flow and the Psychology of Discovery and Invention' discusses the concept of Flow in relation to the psychology of discovery and invention,a77122bf5d74471aa50c83cf4b9dec8d
distributed musical decision-making,ensemble of musebots,The paper discusses the concept of distributed musical decision-making in an ensemble of musebots,a77122bf5d74471aa50c83cf4b9dec8d
musebots,dramatic changes and endings,musebots is associated with dramatic changes and endings as mentioned in the proceedings of the Eighth International Conference on Computational Creativity,6133ab18690a4802815e5f7602692997
empath,topic signals in large-scale text,Empath is related to understanding topic signals in large-scale text as discussed in the Proceedings of the CHI Conference on Human Factors in Computing Systems,6133ab18690a4802815e5f7602692997
sequences,constrained hidden markov processes,Sequences are imposed with structure using Constrained Hidden Markov Processes as mentioned in the Ph.D. thesis by Glines, P. W.,6133ab18690a4802815e5f7602692997
computational creativity,non-anthropocentric, minimal model of intentional creative agency,Computational Creativity addresses the 'Why?' with a Non-Anthropocentric, Minimal Model of Intentional Creative Agency as discussed in the Proceedings of the Eighth International Conference on Computational Creativity,6133ab18690a4802815e5f7602692997
anticipation-rnn,unary constraints in sequence generation,Anticipation-RNN enforces unary constraints in sequence generation as mentioned in the Neural Computing and Applications,6133ab18690a4802815e5f7602692997
godel, escher, bach: an eternal golden braid,new york: vintage books,The book 'Godel, Escher, Bach: An Eternal Golden Braid' is published by New York: Vintage Books,6133ab18690a4802815e5f7602692997
developing creativity,artificial barriers in artificial intelligence,Developing creativity addresses artificial barriers in artificial intelligence as discussed in the Minds and Machines journal,6133ab18690a4802815e5f7602692997
computational creativity,computational creativity evaluation based on what it is to be creative,Computational Creativity is evaluated based on what it is to be creative as mentioned in the Cognitive Computation journal,6133ab18690a4802815e5f7602692997
computational creativity,cognitive computation,Both are mentioned in the same sentence as key concepts in the context,c7733200edff41339aed363158bb6191
computational creativity,meta-evaluation,Both are mentioned in the same sentence as key concepts in the context,c7733200edff41339aed363158bb6191
creativity,attributional perspective,Both are mentioned in the same sentence as key concepts in the context,c7733200edff41339aed363158bb6191
aesthetics,probabilistic program induction,Both are mentioned in the same sentence as key concepts in the context,c7733200edff41339aed363158bb6191
attitudes,measurement,Both are mentioned in the same sentence as key concepts in the context,c7733200edff41339aed363158bb6191
self-awareness,metacreative systems,Both are mentioned in the same sentence as key concepts in the context,c7733200edff41339aed363158bb6191
aesthetics,beauty and the critic’s judgment,Both are mentioned in the same sentence as key concepts in the context,c7733200edff41339aed363158bb6191
creative computing,skepticism,Both are mentioned in the same sentence as key concepts in the context,c7733200edff41339aed363158bb6191
creative computing,skepticism,The context mentions overcoming skepticism about creative computing, indicating a relationship between the two concepts.,4654cd686e284a26b2d73205884715e1
creative computing,computational creativity,The context is from the Proceedings of the Sixth International Conference on Computational Creativity, indicating a relationship between the two concepts.,4654cd686e284a26b2d73205884715e1
finite-length markov processes,constraints,The context mentions finite-length Markov processes with constraints, indicating a relationship between the two concepts.,4654cd686e284a26b2d73205884715e1
algorithmic composition,ai methods,The context discusses AI methods for algorithmic composition, indicating a relationship between the two concepts.,4654cd686e284a26b2d73205884715e1
storytelling models,brutus, minstrel and mexica,The context mentions three computer-based models of storytelling: BRUTUS, MINSTREL, and MEXICA, indicating a relationship between the two concepts.,4654cd686e284a26b2d73205884715e1
creativity,computer program,The context mentions empirical criteria for attributing creativity to a computer program, indicating a relationship between the two concepts.,4654cd686e284a26b2d73205884715e1
mathematical theory of communication,mobile computing and communications,The context discusses a mathematical theory of communication in the context of mobile computing and communications, indicating a relationship between the two concepts.,4654cd686e284a26b2d73205884715e1
deep neural networks,game of go,The context discusses mastering the game of Go with deep neural networks and tree search, indicating a relationship between the two concepts.,4654cd686e284a26b2d73205884715e1
generation,computational creativity,The context mentions Mere Generation in the context of Computational Creativity, indicating a relationship between the two concepts.,4654cd686e284a26b2d73205884715e1
cc system,building,The context discusses How to Build a CC System, indicating a relationship between the two concepts.,4654cd686e284a26b2d73205884715e1
conference on computational creativity,ventura, d.,Ventura, D. presented a paper on 'How to Build a CC System' at the Conference on Computational Creativity.,7e40bdf3ee24422d823f15a09fad020c
conference on computational creativity,wiggins, g. a.,Wiggins, G. A. published a paper in 2006 on a preliminary framework for description, analysis, and comparison of creative systems, which could be relevant to the Conference on Computational Creativity.,7e40bdf3ee24422d823f15a09fad020c
