node_1,node_2,edge,chunk_id
medical experts,problem instances,Experts' expertise varies as a function of the problem instance, affecting decision-making.,aaf40f68fbe04dfdb8d583fc2cb7403e
problem space,regions of differing expertise,We model changes in expertise as a partitioning of the problem space.,aaf40f68fbe04dfdb8d583fc2cb7403e
expertise trees,naive approach based on nearest neighbor queries,Expertise trees are introduced to address the drawbacks of a naive approach.,aaf40f68fbe04dfdb8d583fc2cb7403e
existing methods,inadequate,Our novel algorithm outperforms existing methods in certain problem settings.,aaf40f68fbe04dfdb8d583fc2cb7403e
medical diagnostics,patients with symptoms,Online platform presents patients with symptoms to experts for appropriate treatment selection.,aaf40f68fbe04dfdb8d583fc2cb7403e
treatment,effectiveness,Treatment's effectiveness is evaluated based on recovery, side effects, and cost.,aaf40f68fbe04dfdb8d583fc2cb7403e
patient,recovery,The effectiveness of treatments is evaluated based on measures of recovery.,5b3e87d0141449ae8ca170fde3cddde5
recovery,side effects,Effectiveness is also assessed by considering side effects.,5b3e87d0141449ae8ca170fde3cddde5
recovery,cost,Cost is another factor in evaluating treatment effectiveness.,5b3e87d0141449ae8ca170fde3cddde5
objective characteristics,success rate,Objective factors like success rate contribute to deciding the best treatment.,5b3e87d0141449ae8ca170fde3cddde5
objective characteristics,side effects,Side effects are part of the objective characteristics.,5b3e87d0141449ae8ca170fde3cddde5
objective characteristics,cost,Cost is an objective characteristic of treatments.,5b3e87d0141449ae8ca170fde3cddde5
expert opinions,subjective views,Expert opinions are influenced by both objective factors and subjective viewpoints.,5b3e87d0141449ae8ca170fde3cddde5
previous experience,differences in expert opinions,Divergences in opinions can arise from clinicians' personal experiences.,5b3e87d0141449ae8ca170fde3cddde5
cognitive biases,confirmation bias,Cognitive biases like confirmation bias can lead to overestimating treatment efficacy.,5b3e87d0141449ae8ca170fde3cddde5
confirmation bias,primacy effect,relation: Both are cognitive biases that can lead medical experts to overstate treatment efficacy.,c07e8c48aaed45a9a093216ad4c0b564
previous experience,individual advice,relation: Experts base their advice on their personal experiences with similar problems.,c07e8c48aaed45a9a093216ad4c0b564
diverse set of experts,disagreement,relation: The presence of disagreement among experts highlights the need for decision-making.,c07e8c48aaed45a9a093216ad4c0b564
multiple iterations,adapt to expertise,relation: Repeated decision-making allows for learning from different problem instances.,c07e8c48aaed45a9a093216ad4c0b564
partial feedback,outcome of decisions,relation: Observing only the results of actions taken.,c07e8c48aaed45a9a093216ad4c0b564
expert advice,complex decision problems,relation: Expert advice is used to address uncertainty in complex situations.,c07e8c48aaed45a9a093216ad4c0b564
bandits,leveraging expert advice,relation: Bandit problems refer to decision-making under uncertainty, where prior approaches don't consider problem instance specifics.,c07e8c48aaed45a9a093216ad4c0b564
localized expertise,quality of experts,relation: Expertise varies depending on the problem instance's characteristics.,c07e8c48aaed45a9a093216ad4c0b564
human experts,specialization,relation: Human experts typically specialize in specific areas of a broader problem.,c07e8c48aaed45a9a093216ad4c0b564
bandits with expert advice,localized expertise,The context discusses the need for algorithms tailored to handle the challenge of localized expertise in the bandit problem.,70dd693eb66349ae92682cb4e43276d9
nearest neighbors approach,expertise tree approach,Two novel algorithms introduced, one based on nearest neighbors and the other on expertise trees, with the latter being more complex for tackling localized expertise.,70dd693eb66349ae92682cb4e43276d9
model tree approach,expertise trees,The model tree approach is referred to as expertise trees, indicating a type of algorithm designed specifically for localized expertise.,70dd693eb66349ae92682cb4e43276d9
contextual setting,outcomes characterized by f,In the contextual setting, outcomes depend on both the arm chosen and the context x_t, represented by a function f mapping arms and contexts to expected outcomes.,70dd693eb66349ae92682cb4e43276d9
thompson's 1933 work,bandits formalization,Thompson's paper is cited as the origin of the bandits problem formulation.,70dd693eb66349ae92682cb4e43276d9
auer et al., 2002a,bandits,This reference is associated with early advancements in the bandits literature.,70dd693eb66349ae92682cb4e43276d9
chu et al., 2011,contextual bandits,Chu et al.'s work contributes to the contextual bandits domain.,70dd693eb66349ae92682cb4e43276d9
valko et al., 2013,contextual bandits,Valko et al. also work on contextual bandits, expanding the problem scope.,70dd693eb66349ae92682cb4e43276d9
performance bounds,localized setting,Theoretical bounds are provided for algorithms' performance in the context of localized expertise.,70dd693eb66349ae92682cb4e43276d9
execution time,empirical evaluation,The algorithms are evaluated not only in terms of performance but also in terms of execution time.,70dd693eb66349ae92682cb4e43276d9
context,time t,The context refers to the information available at a specific point in time, denoted as ξt.,28ee33588b014589a65ccb0057c93a1c
n × k matrix,ξt,ξt represents the N by K matrix of advice induced by the context at time t, where N is the number of arms and K is the advice dimension.,28ee33588b014589a65ccb0057c93a1c
policy πt,arm choice,πt determines the arm kπt chosen by the policy in round t, leading to a reward rπt.,28ee33588b014589a65ccb0057c93a1c
policy πt,reward rπt,The learner receives a reward rπt after choosing an arm based on πt, with the goal of maximizing the average reward.,28ee33588b014589a65ccb0057c93a1c
regret,average of collected rewards,Regret is defined as the difference between the expected cumulative reward of an optimal policy π* and the actual rewards collected, R(T) = E[1/t=1 (rπ* - rπt)].,28ee33588b014589a65ccb0057c93a1c
localized expertise,expert quality,The problem considers that experts' advice can vary depending on the context, affecting their accuracy and relevance.,28ee33588b014589a65ccb0057c93a1c
human experts,specialization,Human experts often have a specialized area, and their advice may be less reliable outside of it.,28ee33588b014589a65ccb0057c93a1c
artificial experts,subset of the problem space,Artificial experts may also be designed for a limited range of problems, requiring adaptation to broader contexts.,28ee33588b014589a65ccb0057c93a1c
biases,inaccuracies,Biases, whether conscious or unconscious, can cause inaccuracies in expert advice, especially regarding sensitive features.,28ee33588b014589a65ccb0057c93a1c
dependence of expert quality,sensitive features,Identifying how expert quality relates to specific features, like gender or ethnicity, can improve collective decision-making.,28ee33588b014589a65ccb0057c93a1c
expertise context,full context,The expertise context is a subset of the full context, capturing only relevant features that experts can effectively utilize, while accounting for situations where certain features might be computationally expensive or not meaningful for algorithms.,bc6a794139c649a1a251c0a5f6512f71
expertise,quality of expert decisions,The quality of collective decisions is increased through the use of expert expertise, which influences the effectiveness of treatments or actions.,bc6a794139c649a1a251c0a5f6512f71
features,expertise context,Features determine the definition of the expertise context, which is a crucial factor in making decisions based on expert knowledge.,bc6a794139c649a1a251c0a5f6512f71
expertise space partitioning,effective model,By partitioning the context space, partial models are learned on specific partitions, leading to an effective model for decision-making.,bc6a794139c649a1a251c0a5f6512f71
localized expertise,bandits with expert advice,Localized expertise refers to the dimension of decision-making where the optimal strategy depends on a subset of features, as opposed to the full context, in the context of bandit problems with multiple experts.,bc6a794139c649a1a251c0a5f6512f71
human experts,textual descriptions,Human experts can incorporate textual descriptions into their decision-making, but computational limitations might prevent algorithms from doing so.,bc6a794139c649a1a251c0a5f6512f71
computational cost,incorporation of features,The cost of including certain features, like textual descriptions, can be too high for algorithms to handle, impacting their ability to make decisions.,bc6a794139c649a1a251c0a5f6512f71
arm,bandits with expert advice,In the context of bandits, an arm represents a choice or option available to the decision-maker, with each expert contributing to the overall decision process.,bc6a794139c649a1a251c0a5f6512f71
cdm system,expertise,The CDM (Collective Decision-Making) system relies on the expertise of the experts involved to make decisions.,bc6a794139c649a1a251c0a5f6512f71
n,number of experts,N represents the total number of experts contributing to the decision-making process.,bc6a794139c649a1a251c0a5f6512f71
k,number of arms,K signifies the number of choices or arms available in the bandit problem.,bc6a794139c649a1a251c0a5f6512f71
expertise context,contextual multi-armed bandit,The problem is reduced to a contextual multi-armed bandit, where each arm represents an expert, and selecting an arm means following their advice.,e120c672de504612a53ba2708c2db007
expert,arm (in the constructed bandit),Each arm in the bandit corresponds to an expert in the original problem, implying following their advice.,e120c672de504612a53ba2708c2db007
quality estimate,expert (i.e., arm),Updating the quality estimate of the expert based on the observed reward for the chosen arm.,e120c672de504612a53ba2708c2db007
expertise context,quality of each expert,The quality of experts is a function of the expertise context.,e120c672de504612a53ba2708c2db007
contextual bandit algorithm,specializations,Different algorithms impact the types of specializations that can be learned, with tree-based ones being suitable for discrete expertise regions.,e120c672de504612a53ba2708c2db007
tree-based algorithms,feature selection,Tree-based algorithms perform feature selection, which is essential when expertise is discrete.,e120c672de504612a53ba2708c2db007
treeheuristic,example of tree-based algorithm,TreeHeuristic, as mentioned, is an example of a tree-based algorithm for contextual bandits.,e120c672de504612a53ba2708c2db007
meta multi-armed bandit,generalization,The approach can be seen as a generalization of a meta multi-armed bandit method.,e120c672de504612a53ba2708c2db007
auer et al., 2002a,reference for meta multi-armed bandit,The reference discusses using a standard multi-armed bandit algorithm for determining the best expert.,e120c672de504612a53ba2708c2db007
bandits-with-expert-advice learner,exp4,EXP4 is an example of a bandits-with-expert-advice learner, proposed by Auer et al. (2002a).,b56e2f2fa05c43dcbb2ac00c1ac4a93c
bandits-with-expert-advice learner,meta-cmab,Another bandits-with-expert-advice learner mentioned is Meta-CMAB, developed by Abels et al. (2023).,b56e2f2fa05c43dcbb2ac00c1ac4a93c
expertise space,regions,The expertise space is partitioned into regions for independent learning.,b56e2f2fa05c43dcbb2ac00c1ac4a93c
prior knowledge,features,Prior knowledge can be used to partition the expertise space based on likely features affecting expert performance.,b56e2f2fa05c43dcbb2ac00c1ac4a93c
bandits with expert advice,local learning principles,The algorithm adapts local learning principles to handle the bandits with expert advice setting.,b56e2f2fa05c43dcbb2ac00c1ac4a93c
expertise context,previous experiences,The algorithm samples experiences based on similarity to the current expertise context.,b56e2f2fa05c43dcbb2ac00c1ac4a93c
nearest p%,previous experiences,Nearest p% method uses a percentage of previous experiences to initialize a learner when no partition information is available.,b56e2f2fa05c43dcbb2ac00c1ac4a93c
method,knowledge,The method relies on the accuracy of the distance measure as a proxy for capturing local knowledge.,1818fe9cc6d5434288d38feab45dbcf8
distance threshold,overfitting/underfitting,Too large thresholds lead to overfitting by including previous experience from different regions, while too small values cause underfitting.,1818fe9cc6d5434288d38feab45dbcf8
expertise context,irrelevant features,Irrelevant features in the expertise context can impact the quality of the learned model.,1818fe9cc6d5434288d38feab45dbcf8
distance computation,model similarity,The performance of the approach depends on the accuracy of the distance computation for estimating model similarity.,1818fe9cc6d5434288d38feab45dbcf8
expertise trees,localized knowledge,Expertise Trees, a variant of Model Trees, are proposed to capture localized knowledge in the bandit setting.,1818fe9cc6d5434288d38feab45dbcf8
model trees,bandits with localized expert advice,A modified Model Tree algorithm is developed specifically for the bandits with localized expert advice scenario.,1818fe9cc6d5434288d38feab45dbcf8
linear regression model,leaves of the tree,In the proposed model trees, a linear regression model is fit on the leaves to define regions.,1818fe9cc6d5434288d38feab45dbcf8
bandits with localized expert advice,usual model tree setting,The context differentiates bandits from the traditional model tree setting, highlighting exploration and reward optimization as key aspects.,f5a8f7e42bfd4d7981d4120a39cf8655
bandit setting,exploration,In the bandit setting, there's a need for exploration due to the inherent uncertainty and different optimization goal compared to prediction error.,f5a8f7e42bfd4d7981d4120a39cf8655
bandit setting,optimization target,The optimization target in the bandit setting is reward, unlike model trees where it might be prediction error.,f5a8f7e42bfd4d7981d4120a39cf8655
traditional model trees,leaf models,In traditional model trees, the features used for splitting the space are the same as those in the leaf models.,f5a8f7e42bfd4d7981d4120a39cf8655
expertise space,expert advice (ξt),Expertise trees split the space based on the expert advice rather than the same features used in the leaf models.,f5a8f7e42bfd4d7981d4120a39cf8655
expertise trees,h (history of experience tuples),Expertise trees are built using a history of experience tuples, including advice matrix, chosen actions, rewards, and probabilities.,f5a8f7e42bfd4d7981d4120a39cf8655
alg<τ (i),alg≥τ (i),Given a history H, ALG<τ (i) and ALG≥τ (i) are two algorithms maintained based on partitioning experiences along the expertise context dimensions.,f5a8f7e42bfd4d7981d4120a39cf8655
q(alg, h),performance estimate,Q(ALG, H) represents an estimate of the performance of algorithm ALG on the set of experiences H, to be defined in the following section.,f5a8f7e42bfd4d7981d4120a39cf8655
incremental expertise trees,retraining,incremental: Incremental expertise trees are proposed to avoid the expense of retraining an expertise tree for each experience; retraining occurs only when the split improves the tree's quality.,2e5c8b9992b44525b3a419853681bb45
stochasticity of the problem,bad split,causality: Stochasticity can lead to bad splits in the incremental approach, impacting future performance.,2e5c8b9992b44525b3a419853681bb45
early splits,hoeffding bounds,comparison: Hoeffding bounds are mentioned as a method to limit early splits, but they are less useful in this context due to the nature of incremental exploration.,2e5c8b9992b44525b3a419853681bb45
additional exploration,unnecessary splits,cause-effect: Additional exploration from splits acts as an inhibitor against unnecessary splits, potentially causing a performance decrease.,2e5c8b9992b44525b3a419853681bb45
performance decrease,efficiency,trade-off: The proposed incremental algorithm sacrifices some performance to achieve significantly more efficient processing.,2e5c8b9992b44525b3a419853681bb45
expertise tree,incremental tree,Building an expertise tree is more time-intensive compared to updating an incremental tree. The construction requires O(2hgκ) model estimates, while updates take O(hgκ) vs. O(gκ) on average.,d5610d8ca510488eb0fa07c4d5e05152
depth of h,number of partitions,Depth h is logarithmic in the number of partitions; this relationship indicates a scaling aspect.,d5610d8ca510488eb0fa07c4d5e05152
expertise context g,candidate splits per feature κ,Dimensions of expertise context and the number of candidate splits influence the complexity of building and updating trees.,d5610d8ca510488eb0fa07c4d5e05152
regret,worst-case regret,The theorem establishes a lower bound on regret, showing that the regret scales with the number of regions of expertise, ,,Z,,.,d5610d8ca510488eb0fa07c4d5e05152
bandits with localized expertise,meta algorithm,Meta algorithms for bandits with localized expertise suffer regret proportional to the number of regions, ,,Z,,, times the regret of individual learners.,d5610d8ca510488eb0fa07c4d5e05152
regions of expertise z,homogeneous subsets,Each region in Z represents a homogeneous area where a single optimal policy applies.,d5610d8ca510488eb0fa07c4d5e05152
probability distribution p(z),region z,p(Z) represents the probability that a sampled context is contained within the region Z.,0be79747457849b488eca3d1026ab2b9
regret r(t),bandit with expert advice algorithm,R(T) is the regret incurred by the algorithm, and the total regret is the sum of regrets across all instances.,0be79747457849b488eca3d1026ab2b9
maxz∈z p(z),no localized expertise,Minimized when the maximum probability of a region is 1, implying uniform distribution and reduced regret.,0be79747457849b488eca3d1026ab2b9
entropy of p,maximized regret,Maximized when the entropy is maximum, leading to equal probabilities for all regions and proportional regret.,0be79747457849b488eca3d1026ab2b9
localized regret,non-localized bandit algorithm,Theorem 2 bounds the worst-case expected regret for algorithms that don't specialize in different contexts.,0be79747457849b488eca3d1026ab2b9
worst-case expected regret,ω( n −1 n t ),This lower bound on regret for non-localized algorithms scales with the number of experts and time.,0be79747457849b488eca3d1026ab2b9
expertise proportion p'(n),expert n,p'(n) represents the proportion of times expert n is optimal in its specialized contexts.,0be79747457849b488eca3d1026ab2b9
best expert,probability p'(n∗),An algorithm's probability of selecting the best expert in each region is at most p'(n∗).,0be79747457849b488eca3d1026ab2b9
linear regret,localized setting,Non-specialized algorithms incur linear regret as they fail to adapt to local expertise.,0be79747457849b488eca3d1026ab2b9
performance gap,additional exploration,The gap in performance is caused by the extra exploration introduced by the split.,24e628dc3f8c409aaddbdcdb2cb0fdd0
number of arms k,exploration cost,The exploration cost increases with both the number of arms K and the number of experts N.,24e628dc3f8c409aaddbdcdb2cb0fdd0
number of experts n,exploration cost,The exploration cost also increases with the number of experts N.,24e628dc3f8c409aaddbdcdb2cb0fdd0
number of timesteps t,exploration cost,Exploration cost decreases as the number of timesteps T increases.,24e628dc3f8c409aaddbdcdb2cb0fdd0
p,regret,A split incurs regret proportional to (1-p) times the regret of the parent node, with maximum impact when p=0.5.,24e628dc3f8c409aaddbdcdb2cb0fdd0
parent node,child nodes,Child nodes perform additional exploration, leading to degraded performance compared to the parent.,24e628dc3f8c409aaddbdcdb2cb0fdd0
unnecessary split,regret amplification,An unnecessary split magnifies the regret by a factor of pT when p=0.5.,24e628dc3f8c409aaddbdcdb2cb0fdd0
meta-cmab,state-of-the-art approach,Meta-CMAB is one of the algorithms being compared for average reward evaluation.,24e628dc3f8c409aaddbdcdb2cb0fdd0
meta-cmab,state-of-the-art approach for bandits with expert advice,Meta-CMAB is a specific algorithm within the broader category of bandit algorithms with expert advice.,57de7ae515954482aec2f26795281110
treeheuristic (elmachtoub et al., 2017),our reduction presented in section 2.2,TreeHeuristic is applied to the reduction technique described in the text, suggesting it is a method used in conjunction with the reduction.,57de7ae515954482aec2f26795281110
oracle,optimal partition,The Oracle algorithm relies on prior knowledge of the optimal way to divide the problem into regions.,57de7ae515954482aec2f26795281110
nearest 1% and 10%,models trained with the nearest past experiences,These algorithms make decisions based on models that use a small percentage of recent experiences.,57de7ae515954482aec2f26795281110
expertise tree algorithm,section 3.1,The algorithm is introduced and explained in Section 3.1 of the text.,57de7ae515954482aec2f26795281110
expertise trees,collective decision-making,Expertise Trees address limitations in the process of making collective decisions.,57de7ae515954482aec2f26795281110
problem complexity,identifying appropriate regions,Increased problem complexity involves not only identifying relevant regions but also learning effectively within those regions.,57de7ae515954482aec2f26795281110
problem complexity,learning appropriate models,Challenge in problem complexity also includes developing accurate models for each identified region.,57de7ae515954482aec2f26795281110
random correlations,discriminating power,The presence of random correlations leads to splits without actual discriminatory ability, impacting specialized algorithms negatively.,03f081726b274937bd9178e462aa6f78
irrelevant features,performance degradation,Splits resulting from random correlations cause the ExpertiseTree's incremental variant to suffer more from irrelevant features, affecting its performance.,03f081726b274937bd9178e462aa6f78
number of features,larger number,An increase in the number of features can lead to random correlations and subsequent performance issues.,03f081726b274937bd9178e462aa6f78
1% nearest neighbor variant,10% nearest neighbor variant,As the proportion of experiences decreases from 10% to 1%, the performance of the 1% variant improves relative to the 10% when the number of regions increases.,03f081726b274937bd9178e462aa6f78
expertise space,approximately 100 regions,Nearest Neighbor models assume a division of the expertise space into roughly equal-sized regions, which affects their performance.,03f081726b274937bd9178e462aa6f78
size of expertise context,quality of distance metric,An increase in the size of the expertise context decreases the accuracy of the distance metric as a proxy for expert similarity.,03f081726b274937bd9178e462aa6f78
distance metric,similarity in expert quality,The decline in the quality of the distance metric leads to a decrease in the performance of Nearest Neighbor algorithms.,03f081726b274937bd9178e462aa6f78
expertise heatmap,64 regions,The example in Figure 2 illustrates an expertise heatmap with a specific number of regions, where expertise values are assigned randomly.,03f081726b274937bd9178e462aa6f78
expertise values,adversarial advice,For low expertise values, experts provide adversarial advice.,ab72972f744b4605859ff74e5af4c536
classification problems,bandits,We build bandits out of classification problems, where a single arm represents the true label and other arms provide 0 reward.,ab72972f744b4605859ff74e5af4c536
reward distributions,over the arms,The reward distribution varies across arms in the bandit problem.,ab72972f744b4605859ff74e5af4c536
openml data repository,datasets,Datasets are chosen from the openml data repository for evaluation.,ab72972f744b4605859ff74e5af4c536
expertise heatmaps,expert quality,Expertise heatmaps map expertise contexts to expert quality, determining the quality of advice based on the expertise value.,ab72972f744b4605859ff74e5af4c536
context vector,expert advice,Experts provide advice on a context vector, which includes a subset of g features related to their expertise.,ab72972f744b4605859ff74e5af4c536
g features,expertise context,In each round, a randomly selected subset of g features forms the expertise context.,ab72972f744b4605859ff74e5af4c536
g features,2 correlated features,Out of the g features, 2 are correlated with expertise, posing a challenge for the learner.,ab72972f744b4605859ff74e5af4c536
expert,individual heatmap,Each expert is assigned an individual heatmap determining their quality based on the expertise value.,ab72972f744b4605859ff74e5af4c536
expertise value,quality,Quality of advice is directly related to the expertise value; high values result in honest advice.,ab72972f744b4605859ff74e5af4c536
expertise value,adversarial advice,Values close to 0 result in adversarial advice; higher expertise values lead to honest advice.,04775e67348a4ac882053472b4c8428b
expertise value,honest advice,High expertise values correspond to honest advice.,04775e67348a4ac882053472b4c8428b
regions,difficulty of the problem,Increased number of regions makes the problem more difficult.,04775e67348a4ac882053472b4c8428b
64 regions,hardest configuration,Correctly identifying 64 regions is challenging due to limited experiences.,04775e67348a4ac882053472b4c8428b
size of g,complexity of the problem,Increasing g makes the problem more complex by adding irrelevant features.,04775e67348a4ac882053472b4c8428b
reward,regret,Results are shown in terms of average reward rather than regret.,04775e67348a4ac882053472b4c8428b
treeheuristic algorithm,expertisetree algorithm,TreeHeuristic performs feature selection and partitioning like ExpertiseTree but suffers due to a single expert approach.,04775e67348a4ac882053472b4c8428b
treeheuristic algorithm,single expert approach,TreeHeuristic's single expert approach affects its decision-making and updates.,04775e67348a4ac882053472b4c8428b
learned model,generalizes less well,The learned model's performance deteriorates when only a small percentage of experiences are considered.,69c624c8eea7416587192f32991e16d0
1% of experiences,loss of performance,When only 1% of experiences are taken into account, there is a noticeable decrease in performance.,69c624c8eea7416587192f32991e16d0
expertisetree approach,single partition,ExpertiseTree maintains a single partition because no beneficial splits are made.,69c624c8eea7416587192f32991e16d0
expertisetree,meta-cmab,The performance of ExpertiseTree is nearly the same as Meta-CMAB, even with a large expertise context.,69c624c8eea7416587192f32991e16d0
incremental expertisetree,more significant performance loss,As the expertise context size grows, Incremental ExpertiseTree experiences a greater drop in performance.,69c624c8eea7416587192f32991e16d0
larger sizes,false correlations,Larger expertise context sizes are more prone to producing false correlations, causing unnecessary splits.,69c624c8eea7416587192f32991e16d0
execution time,number of regions,Execution time of ExpertiseTree methods grows logarithmically with the number of regions.,69c624c8eea7416587192f32991e16d0
execution time,expertise context size,Execution time of ExpertiseTree methods grows quasilinearly with the expertise context size.,69c624c8eea7416587192f32991e16d0
nearest neighbor algorithms,constant execution time,Their execution time remains constant regardless of the number of regions or expertise context size.,69c624c8eea7416587192f32991e16d0
