node_1,node_2,edge,chunk_id
bnns (bayesian neural networks),adversarial robustness,BNNs are the main focus, and the paper presents a novel algorithm BNN-DP that addresses the challenge of quantifying adversarial robustness with formal guarantees.,fb7703590d314601b5d7ae1f1b67b518
bnn-dp,scalability,BNN-DP is designed to be scalable, supporting posterior distributions typically used in BNNs, even those with unbounded support.,fb7703590d314601b5d7ae1f1b67b518
posterior distributions,bounded/unbounded support,The algorithm handles posterior distributions with both bounded and unbounded support, a characteristic common in BNNs.,fb7703590d314601b5d7ae1f1b67b518
regression setting,classification setting,BNN-DP is applicable to both regression and classification tasks.,fb7703590d314601b5d7ae1f1b67b518
input points (t),robustness of decision,The paper studies the robustness of BNN decisions for a compact set of input points, T.,fb7703590d314601b5d7ae1f1b67b518
exact computation of robustness,infeasible,Due to computational complexity, exact computation is not practical, motivating the use of approximations.,fb7703590d314601b5d7ae1f1b67b518
piecewise affine (pwa) upper and lower bounds,computation of robustness,The authors focus on computationally tractable PWA bounds for estimating adversarial robustness.,fb7703590d314601b5d7ae1f1b67b518
dynamic program (dp),bnns as stochastic dynamical systems,The problem of robustness is connected to viewing BNNs through the lens of dynamic programming, which breaks the problem into simpler layer-wise sub-problems.,fb7703590d314601b5d7ae1f1b67b518
deterministic neural networks (nns),bayesian neural networks (bnns),These methods are contrasted, as they focus on certifying NNs vs BNNs, where NNs have fixed weights, while BNNs have weights distributed according to the posterior.,b386e2af9e6645dd82bdb1bb685ee4ad
certification methods for nns,bayesian neural network (bnn) certification,The context highlights that traditional NN certification methods cannot be applied to BNNs due to the difference in weight distribution.,b386e2af9e6645dd82bdb1bb685ee4ad
wicker et al. (2020),robustness notion,Wicker et al.'s work deals with a different type of robustness not directly related to adversarial attacks on BNN decisions.,b386e2af9e6645dd82bdb1bb685ee4ad
berrada et al., 2021,dual optimization,Their method is based on dual optimization, limited to distributions with bounded support and computationally expensive for classification tasks.,b386e2af9e6645dd82bdb1bb685ee4ad
lechner et al., 2021,intrinsic safe bnn,Lechner's approach involves truncating the posterior in weight space to create a safer BNN.,b386e2af9e6645dd82bdb1bb685ee4ad
cardelli et al. (2019a), wicker et al. (2021),statistical approaches to quantify robustness,These works provide statistical measures but lack formal guarantees needed for safety-critical applications.,b386e2af9e6645dd82bdb1bb685ee4ad
adversarial attacks,bnn decision,The context implies that adversarial attacks are a concern for BNNs, impacting their decision-making process.,b386e2af9e6645dd82bdb1bb685ee4ad
bayesian neural networks (bnns),adversarial examples,BNNs are mentioned in the context of using uncertainty to flag adversarial examples, highlighting their relevance in safety-critical settings.,8bbd7a2cae60498a9f454949c86fe104
empirical methods,point-wise uncertainty estimates,These methods use uncertainty estimates specific to individual test points, as discussed in Rawat et al. (2017) and Smith & Gal (2018).,8bbd7a2cae60498a9f454949c86fe104
point-wise uncertainty estimates,worst-case adversarial perturbations,The context contrasts point-wise estimates with worst-case perturbations, emphasizing the need for more comprehensive approaches.,8bbd7a2cae60498a9f454949c86fe104
gaussian processes (gps),adversarial robustness,Recent works like Cardelli et al. (2019b), Smith & Gal (2018), and Patane et al. (2022) focus on computing adversarial robustness for GPs, which is not directly applicable to BNNs.,8bbd7a2cae60498a9f454949c86fe104
gaussian processes (gps),bnns,The techniques for GPs cannot be used in BNNs due to the non-Gaussian nature of the function distribution in BNNs.,8bbd7a2cae60498a9f454949c86fe104
robust certification of bnns,bnns,This section specifically addresses the challenge of certifying robustness in BNN architectures, as defined in Equation (1).,8bbd7a2cae60498a9f454949c86fe104
bayesian neural network (bnn),weights (wk),BNN has matrices of weights (Wk) corresponding to each layer, which define the mapping between layers.,c4ef825b62d74dc0b1add67f4736ad2d
weights (wk),biases,Wk includes both weights and biases for the kth layer.,c4ef825b62d74dc0b1add67f4736ad2d
layer k,input (ζk1),Layer k processes the input from the previous layer, ζk1, transforming it to ζk2.,c4ef825b62d74dc0b1add67f4736ad2d
final output (ζk+1),neural network,ζK+1 represents the final output, which can be a logit for classification problems.,c4ef825b62d74dc0b1add67f4736ad2d
parameters (w),prior distribution (p(w)),In the Bayesian setting, there's a prior distribution on the parameters w that governs the initial beliefs.,c4ef825b62d74dc0b1add67f4736ad2d
parameters (w),likelihood function (p(y,,x, w)),The likelihood function defines the relationship between the data and the model parameters, given an input x and its label y.,c4ef825b62d74dc0b1add67f4736ad2d
training dataset (d),posterior distribution (p(w,,d)),Learning involves calculating the posterior distribution based on the training data and prior.,c4ef825b62d74dc0b1add67f4736ad2d
posterior predictive distribution (p(y∗,,x∗, d)),input x∗,This distribution is obtained by marginalizing the posterior over the likelihood, given a new input x∗.,c4ef825b62d74dc0b1add67f4736ad2d
loss function (l),predictive distribution (p(y∗,,x∗, d)),The loss function is used to compute the final decision by minimizing the average loss over the predictive distribution.,c4ef825b62d74dc0b1add67f4736ad2d
convolutional neural networks (cnns),neural networks (eqn. 1),Eqn. 1 encompasses CNNs, indicating that the discussed framework applies to this type of neural network architecture.,c4ef825b62d74dc0b1add67f4736ad2d
convolutional neural networks (cnns),linear transformation,CNNs can be interpreted as a linear transformation into a larger space.,e01b0575fb034f9cba974fbd0ad73d97
chapter 3.4.1 in (gal & ghahramani, 2016),interpretation of convolutional operation,Chapter 3.4.1 explains the equivalence between convolutional layers and fully connected layers.,e01b0575fb034f9cba974fbd0ad73d97
convolutional layers,fully connected layers,Convolutional layers are represented as fully connected layers for verification purposes.,e01b0575fb034f9cba974fbd0ad73d97
bnn-dp: robustness certification of bayesian neural networks via dynamic programming,verification method,BNN-DP is a technique for robustness certification of Bayesian Neural Networks.,e01b0575fb034f9cba974fbd0ad73d97
regression,classification problems,The paper discusses both regression and classification tasks.,e01b0575fb034f9cba974fbd0ad73d97
l2 loss,classification,For classification, ℓ0−1 loss is typically employed, contrasting with the l2 loss used in regression.,e01b0575fb034f9cba974fbd0ad73d97
predictive posterior distribution,ˆy(x∗),ˆy(x∗) is computed as the mean of the predictive posterior distribution.,e01b0575fb034f9cba974fbd0ad73d97
neural network architecture,analytical computation of posterior,Non-linearity due to the architecture makes analytical computation impossible.,e01b0575fb034f9cba974fbd0ad73d97
approximate inference methods,mean-field gaussian variational inference (vi),Approximate inference methods, like VI, are used for computing posterior distributions.,e01b0575fb034f9cba974fbd0ad73d97
mean-field gaussian variational inference (vi),multivariate gaussian q(w),A multivariate Gaussian distribution, q(w), is fitted as an approximation to the true posterior.,e01b0575fb034f9cba974fbd0ad73d97
variational inference (vi),approximate inference methods,The techniques presented in the paper can be applied to other methods like Hamiltonian Monte Carlo (HMC) and Dropout, where the BNN predictions involve averaging over an ensemble of NNs.,d892b119bca447729367e42fd7658641
bayesian neural network (bnn),dataset d,A BNN is trained on a given dataset D for making predictions.,d892b119bca447729367e42fd7658641
test point x*,adversarial perturbations,The paper focuses on representing adversarial perturbations in a neighborhood T around x*, analyzing changes in BNN output due to limited perturbations.,d892b119bca447729367e42fd7658641
adversarial perturbations,compact neighbourhood t,These perturbations are constrained to lie within a defined neighborhood T.,d892b119bca447729367e42fd7658641
dynamic programming problem,computing piecewise linear relaxations,For inference methods beyond VI, the problem reduces to computing relaxations for weighted sums of deterministic NNs and propagating them backward.,d892b119bca447729367e42fd7658641
literature (madry et al., 2017),common practice,The representation of adversarial perturbations and their impact on BNN outputs follows the standard approach described by Madry et al. in their work.,d892b119bca447729367e42fd7658641
classification case,softmax,In the context, the classification case refers to the use of softmax function, where Eqns. (3) define the ranges for the expectation.,5db74cfd96bc42a8976245172e3cacf9
softmax,adversarial robustness,These quantities in Eqns. (3) are relevant for checking if a function f_w is adversarially robust when x is within a set T.,5db74cfd96bc42a8976245172e3cacf9
f_w,adversarially robust,The robustness of f_w is determined by the supremum of the difference between the softmax outputs for x and its adversarial example x*.,5db74cfd96bc42a8976245172e3cacf9
bnns,stochastic dynamical systems,BNNs are viewed as stochastic systems evolving through the layers of the neural network in the approach.,5db74cfd96bc42a8976245172e3cacf9
stochastic dynamical systems,dynamic programming problem,Adversarial robustness is characterized as a dynamic programming problem when considering the evolution of BNNs.,5db74cfd96bc42a8976245172e3cacf9
dynamic programming problem,optimization problems,The problem is broken down into K simpler optimization problems, one for each layer, requiring backpropagation of uncertainty.,5db74cfd96bc42a8976245172e3cacf9
convex relaxations,non-convex nature of bnn layers,Convex relaxations are used to overcome intractability in solving these optimization problems due to the non-convexity of BNN layers.,5db74cfd96bc42a8976245172e3cacf9
pwa relaxations,efficient computation,Piecewise-affine relaxations are obtained recursively to make the computation more feasible.,5db74cfd96bc42a8976245172e3cacf9
interval arithmetic,linear mapping m,interval arithmetic is performed using a linear mapping M, denoted as M ⊗ [ˇb, ˆb],48ac833fca3d4b98bb4ea2967694bc7f
dynamic programming (dp),backward recursion,Theorem 1 connects BNNs to a dynamic programming problem, where the expected value of a function is computed through a backward recursion,48ac833fca3d4b98bb4ea2967694bc7f
fully connected bnn,hidden layers,A fully connected BNN consists of multiple hidden layers, with layer outputs evolving according to Eqn. (4),48ac833fca3d4b98bb4ea2967694bc7f
bnn,weights and biases,In a BNN, weights and biases are random variables sampled from an approximate posterior distribution q(·), making the network a stochastic process,48ac833fca3d4b98bb4ea2967694bc7f
non-linear stochastic process,layers of the nn,The dynamics of a BNN can be seen as a non-linear stochastic process evolving over its layers,48ac833fca3d4b98bb4ea2967694bc7f
theorem 1,solution to a dp problem,The theorem provides a way to compute the expected output of a BNN as the solution to a backward recursion DP problem,48ac833fca3d4b98bb4ea2967694bc7f
initial condition,zk+1,The evolution starts with an initial condition z0 = x, which influences the subsequent layer outputs zk+1,48ac833fca3d4b98bb4ea2967694bc7f
function h,ew∼q(·) [h(f w (x))],Function h is applied to the final layer output of the BNN, and its expected value is computed with respect to the weight distribution q(·),48ac833fca3d4b98bb4ea2967694bc7f
backward-iteration scheme,theorem 1,The backward-iteration scheme illustrates the central piece of the framework, which is Theorem 1, for computing expectations in a two-hidden-layer BNN.,6ea181fdbe524fe79d5b9c7077e19ae5
two-hidden-layer bnn,value functions vk,Value functions Vk are constructed for each layer of the two-hidden-layer BNN, describing the transformation of the output in previous layers.,6ea181fdbe524fe79d5b9c7077e19ae5
problem 1,efficient methods,Theorem 1 enables the derivation of efficient methods to solve Problem 1, as the uncertainty in Vk−1 is independent of weights in higher layers.,6ea181fdbe524fe79d5b9c7077e19ae5
law of total expectation,independence of parameters distribution,The theorem relies on the law of total expectation and the independence of parameter distributions across different layers.,6ea181fdbe524fe79d5b9c7077e19ae5
weights of layer k − 1,uncertainty in vk−1,The uncertainty in Vk−1 depends solely on the weights of the previous layer (k-1), due to the deterministic nature of Vk.,6ea181fdbe524fe79d5b9c7077e19ae5
latent and input spaces,value functions vk,Vk maps the latent and input spaces to the mean of the output distribution, representing the propagation of information through the BNN.,6ea181fdbe524fe79d5b9c7077e19ae5
output distribution,mean,Vk computes the mean of the output distribution for a given latent and input space.,6ea181fdbe524fe79d5b9c7077e19ae5
bnn,non-convexity,Although Vk is computed layer-wise, the overall problem remains non-convex due to the complex interactions in the neural network.,6ea181fdbe524fe79d5b9c7077e19ae5
vk(z),non-convex function,Vk(z) is a non-convex function, implying its optimization is infeasible in practical settings.,895dd4c000b9476691f449c20658e85f
problem 1,optimization of vk(z),Solving Problem 1 requires recursively bounding Vk(z) using Eqns. (5a) and (5b).,895dd4c000b9476691f449c20658e85f
vi algorithms,assumption of independence,The majority of VI algorithms assume independence between layers, which can be generalized to correlated weight-spaces.,895dd4c000b9476691f449c20658e85f
corollary 1.1,relaxations of vk(zk),This corollary provides a method for recursively bounding Vk(zk) using relaxations ˇVk and ˆVk.,895dd4c000b9476691f449c20658e85f
pwa relaxations,ˇvk and ˆvk,The goal is to find Piecewise Affine (PWA) relaxations for Vk(zk) through initialization and backward propagation.,895dd4c000b9476691f449c20658e85f
section 5,details on pwa relaxation process,In this section, the process of initializing and propagating ˇVk and ˆVk through hidden layers is explained.,895dd4c000b9476691f449c20658e85f
backward propagation of ˇvk, ˆvk,hidden layer of the bnn,These terms are related as the propagation occurs through a hidden layer in the Bayesian Neural Network (BNN) using Equation (5b).,f63870dfbb884c8fbf15c8ebff5c39ce
efficient method,section 5,The efficient method for step (ii) is discussed in Section 5 of the text.,f63870dfbb884c8fbf15c8ebff5c39ce
pwa relaxation,dynamic programming,The main objective in Section 5 is to find Piecewise Affine (PWA) relaxations for dynamic programming problems.,f63870dfbb884c8fbf15c8ebff5c39ce
affine relaxations,value function,Affine relaxations are used to propagate upper and lower bounds on the value function through the BNN.,f63870dfbb884c8fbf15c8ebff5c39ce
ˆvk,ek,The notation ˆVk refers to an affine upper bound on Vk, and Ek is the expectation operator with respect to the Gaussian distribution q.,f63870dfbb884c8fbf15c8ebff5c39ce
gaussian distribution,linear transformations,Gaussian random variables are closed under linear transformations, which allows simplifying the expression for ˆVk−1.,f63870dfbb884c8fbf15c8ebff5c39ce
rk(z),sk(z),rk(z) is defined as the positive part of sk(z), indicating a relationship between two functions.,f63870dfbb884c8fbf15c8ebff5c39ce
compact set z,rk(z),Z is a subset of Rnk−1, and rk(z) is defined within this context, possibly indicating a restriction on the domain.,f63870dfbb884c8fbf15c8ebff5c39ce
piecewise affine value functions,relu activation functions,Piecewise Affine Value Functions generalize to ReLU activation functions as shown in Proposition 2.,b03078bf63ba4ec5910fb649a43e385a
piecewise affine relaxation,zk, j (support of f_w),An affine relaxation of Vk(zk) is defined w.r.t. Zk,j, ensuring Vk(zk) ≤ ˆVk,j.,b03078bf63ba4ec5910fb649a43e385a
zk, j,gaussian random variable (ζ),The propagation of the value function reduces to the propagation of a Gaussian random variable through the activation function.,b03078bf63ba4ec5910fb649a43e385a
vk-1(z),vk(zk),Vk-1(z) is related to Vk(zk) in the context of function approximation and upper bounds.,b03078bf63ba4ec5910fb649a43e385a
affine relaxation parameters,ˆvk,j (upper bound),ˆVk,j is an upper bound on Vk(zk) for zk ∈ Zk,j, with coefficients ˆAk,j and ˆbk,j.,b03078bf63ba4ec5910fb649a43e385a
mean (mk(z)),covariance (sk(z)),These quantities define the distribution of the Gaussian random variable ζ in the computation of ˆVk,j.,b03078bf63ba4ec5910fb649a43e385a
unbounded regions,vector ˇz,Similar results hold for regions defined by vector ˇz, extending to infinity or having a finite upper bound as specified.,82c5d1793522461a955230c32165afe2
identity function,ϕk,A similar relation can be obtained when ϕk represents the identity function, as demonstrated in Appendix B.3 and B.4.,82c5d1793522461a955230c32165afe2
last layer of bnn,interval relaxation,The last layer of a Bayesian Neural Network (BNN) requires relaxation for classification tasks due to the non-affine nature of the softmax function.,82c5d1793522461a955230c32165afe2
regression case (h=i),affine function,In the regression case, Eqn. (5a) reduces to an affine function, eliminating the need for relaxation.,82c5d1793522461a955230c32165afe2
softmax,output distribution of the bnn,For classification, the output distribution is computed using the softmax function, which necessitates additional relaxations.,82c5d1793522461a955230c32165afe2
dirac delta functions,relaxation of the distribution of wk(zt, 1)t,Interval relaxation for classification involves relaxing the distribution around extreme values of the softmax output using Dirac delta functions.,82c5d1793522461a955230c32165afe2
partition of supp(f_w(x)),zn,A partition of the support of f_w(x) is used to define the sets Z1, ..., ZN for the interval relaxation.,82c5d1793522461a955230c32165afe2
algorithm,region obtained via proposition 7,The algorithm denotes the region as Zk,main, which is a subset of supp(f_w0:k).,68ce77c623ce4fd39580b707ebcc01f4
zk,main,supp(f_w0:k),Zk,main is a subset of the support of the function f with weights up to k.,68ce77c623ce4fd39580b707ebcc01f4
interval splitting,refinement of zk,main,Interval splitting is used to further refine Zk,main after its initial definition.,68ce77c623ce4fd39580b707ebcc01f4
computational complexity,bounding procedures for deterministic neural networks,The cost of computing piecewise-affine relaxations for BNNs is polynomial in K and n, similar to deterministic NNs.,68ce77c623ce4fd39580b707ebcc01f4
computational complexity,exponential cost,Refinement procedure has an exponential cost in n, but in practice, it focuses on influential neurons.,68ce77c623ce4fd39580b707ebcc01f4
posterior variance,influence on the refining procedure,In BNNs, only a few neurons with high posterior variance significantly affect the refining process.,68ce77c623ce4fd39580b707ebcc01f4
bnn-dp,experimental evaluation,BNN-DP is empirically evaluated for various regression and classification tasks.,68ce77c623ce4fd39580b707ebcc01f4
bnns,noisy adam,Training BNNs uses Noisy Adam optimization algorithm.,68ce77c623ce4fd39580b707ebcc01f4
bnns,variational online gauss-newton,Variational online Gauss-Newton is another training method employed for BNNs.,68ce77c623ce4fd39580b707ebcc01f4
1d noisy sine,benchmark for bnns,The 1D Noisy Sine dataset is used for validating BNN-DP's bounds.,68ce77c623ce4fd39580b707ebcc01f4
2d dimensional equivalent,classification benchmarks,BNNs with various architectures are tested on 2D classification tasks.,68ce77c623ce4fd39580b707ebcc01f4
noisy sine,2d dimensional equivalent of 1d noisy sine,The context discusses analyzing BNNs trained on the 2D version of the 1D Noisy Sine dataset.,042961798e1e4b5aacaa5dd114943665
2d dimensional equivalent of 1d noisy sine,kin8nm dataset,These datasets are both used for regression tasks to benchmark BNNs.,042961798e1e4b5aacaa5dd114943665
kin8nm dataset,state-space readings for the dynamics of an 8 link robot arm,The Kin8nm dataset contains data related to the physical dynamics of a robot arm.,042961798e1e4b5aacaa5dd114943665
bnn-dp,fl (state-of-the-art approach),BNN-DP is compared to FL, which is the only existing method for robustness certification of BNNs in similar settings.,042961798e1e4b5aacaa5dd114943665
bnn-dp,bayesian neural networks (bnns),BNN-DP focuses on providing robustness certification specifically for BNNs.,042961798e1e4b5aacaa5dd114943665
bnn-dp,mnist, fashion mnist, cifar-10 datasets,These are used for classification tasks in the experiments with BNN-DP.,042961798e1e4b5aacaa5dd114943665
mnist,fashion mnist,Both are popular image classification datasets.,042961798e1e4b5aacaa5dd114943665
mnist,cifar-10,CIFAR-10 is another well-known image classification dataset, larger and more complex than MNIST.,042961798e1e4b5aacaa5dd114943665
fl,berrada et al. (2021),FL is the work by Berrada et al., which serves as a benchmark for robustness certification.,042961798e1e4b5aacaa5dd114943665
fully connected bnn architectures,k (number of hidden layers),K represents the architecture complexity, with more layers indicating deeper networks.,042961798e1e4b5aacaa5dd114943665
fully connected bnn architectures,nhid (number of neurons per layer),nhid determines the width of the network, with more neurons per layer increasing model capacity.,042961798e1e4b5aacaa5dd114943665
γ-robustness regression tasks,ε-robustness classification tasks,Comparison of robustness in different tasks,3bfb90b8f9d64da2a2c474a5471a3297
2d noisy sine,kin8nm,Both are mentioned as noisy datasets for evaluation,3bfb90b8f9d64da2a2c474a5471a3297
mnist,fashion mnist,Both are mentioned as classification datasets for evaluation,3bfb90b8f9d64da2a2c474a5471a3297
bnn-dpfl (5 std),fl (3 std),Comparison of two methods for uncertainty quantification, differing in the number of standard deviations used for truncation,3bfb90b8f9d64da2a2c474a5471a3297
bnn-dpfl,fl,BNN-DPFL is a formal method providing tighter bounds compared to FL, which is less rigorous,3bfb90b8f9d64da2a2c474a5471a3297
two hidden layer bnn,48 neurons per layer,Describing the complexity of the neural networks used for FL's evaluation,3bfb90b8f9d64da2a2c474a5471a3297
fl,subset of bnn posterior,FL's bounds are optimistic as they only account for a portion of the BNN's full posterior distribution,3bfb90b8f9d64da2a2c474a5471a3297
bnn-dp,whole posterior,BNN-DP provides formal bounds that cover the entire posterior distribution,3bfb90b8f9d64da2a2c474a5471a3297
bound validation,bnn-dp and fl,The section where the validation and comparison of the bounds occur,3bfb90b8f9d64da2a2c474a5471a3297
bnn-dp,bayesian neural networks (bnns),BNN-DP is a method specifically applied to BNNs.,8399c0998c924bf99befa4a25f403fbe
bnn-dp,fluctuation (fl) learning,BNN-DP is compared to FL, which gives wider bounds due to its conservative approach.,8399c0998c924bf99befa4a25f403fbe
1 hidden layer bnn,2 hidden layer bnn,There's a comparison between BNNs with different number of hidden layers.,8399c0998c924bf99befa4a25f403fbe
bnn-dp,guaranteed output intervals,BNN-DP provides tighter output intervals compared to FL, even with truncated posteriors.,8399c0998c924bf99befa4a25f403fbe
fl,posterior distribution truncation,FL uses truncated distributions, which affects the width of its output intervals.,8399c0998c924bf99befa4a25f403fbe
1 std,3 std,FL intervals widen as the standard deviation increases from 1 to 3.,8399c0998c924bf99befa4a25f403fbe
variance,one-hidden layer bnn,The higher variance in the one-hidden layer BNN contributes to looser FL bounds.,8399c0998c924bf99befa4a25f403fbe
two-hidden layers bnn,lower variance,The two-hidden layer BNN has lower variance, resulting in tighter FL bounds.,8399c0998c924bf99befa4a25f403fbe
higher variance,former bnn,The first sentence contrasts the higher variance of the former BNN with the second, implying that it is a characteristic that differentiates them.,6d02b27983244b1f89ec09228d90e149
complex deep learning benchmarks,analogous observations,The context suggests that similar observations apply to more complex benchmarks, suggesting a generalization of the discussed phenomenon.,6d02b27983244b1f89ec09228d90e149
bnns with various architectures,2d noisy sine and kin8nm regression datasets,These are the specific regression benchmarks used to evaluate the performance of BNNs.,6d02b27983244b1f89ec09228d90e149
γ-robustness,upper and lower bounds on the expectation,γ-robustness refers to the difference between these bounds, which measures the certification performance of BNNs.,6d02b27983244b1f89ec09228d90e149
bnn-dp,fl-baseline,BNN-DP significantly improves the γ-robustness compared to the FL-baseline.,6d02b27983244b1f89ec09228d90e149
model size,impact on γ-robustness,The larger the model size, the greater the improvement in γ-robustness provided by BNN-DP.,6d02b27983244b1f89ec09228d90e149
uncertainty,fl's performance,FL is negatively affected by the amount of uncertainty in the posterior distribution, as seen in the comparison with BNN-DP.,6d02b27983244b1f89ec09228d90e149
bnn-dp,adversarial robustness of bnns,BNN-DP is a method specifically designed to certify the adversarial robustness of Bayesian Neural Networks.,f1b14dcc84d24aed885be1849e745108
bnn-dp,dynamic program,BNN-DP is based on a reformulation of adversarial robustness as a dynamic programming problem.,f1b14dcc84d24aed885be1849e745108
dynamic program,efficient relaxations,Efficient relaxations can be derived for the dynamic program to make it computationally feasible.,f1b14dcc84d24aed885be1849e745108
experiments,multiple datasets,Experiments were conducted on various datasets for both regression and classification tasks.,f1b14dcc84d24aed885be1849e745108
experiments,state-of-the-art competitive methods,BNN-DP outperforms existing methods in the experiments, indicating its superiority.,f1b14dcc84d24aed885be1849e745108
bnns,safety-critical applications,The success of BNN-DP suggests its potential for use in applications where robustness is essential.,f1b14dcc84d24aed885be1849e745108
work,nsf grant 2039062,This research was partially funded by the National Science Foundation (NSF) grant.,f1b14dcc84d24aed885be1849e745108
