node_1,node_2,edge,chunk_id
sharpness aware minimization (sam) algorithm,training landscape curvature,SAM is designed to control curvature for better generalization, as it aims to minimize sharp minima and favor flatter regions.,3599052709ff430387e4d53716163664
sharpness aware minimization (sam),tractable first-order method,SAM is an efficient alternative to gradient descent, requiring only one extra gradient evaluation.,3599052709ff430387e4d53716163664
sam,modified loss function ˜l(θ),SAM operates on a modified loss function that penalizes sharpness by maximizing over a small perturbation δ.,3599052709ff430387e4d53716163664
sharpness aware minimization (sam),large eigenvalues of the loss hessian,Controlling large eigenvalues helps improve optimization and generalization.,3599052709ff430387e4d53716163664
sam,empirical evidence,The effectiveness of SAM is supported by empirical observations.,3599052709ff430387e4d53716163664
sam,open question,Understanding the mechanisms behind SAM's success is an unresolved issue.,3599052709ff430387e4d53716163664
sam,gradient descent on ˜l directly,SAM performs comparably or better to gradient descent on the modified loss, even though it's a first-order approximation.,3599052709ff430387e4d53716163664
sam,small batch sizes,SAM tends to work better with smaller batch sizes compared to larger ones.,3599052709ff430387e4d53716163664
sam,optimization,SAM improves optimization processes.,3599052709ff430387e4d53716163664
sam,generalization,Better optimization often leads to improved generalization performance.,3599052709ff430387e4d53716163664
sam,small batch sizes,SAM often works better with small batch sizes, indicating a performance contrast.,ca46bf9f155b4f9485aaaff2952d012b
deterministic gradient flow dynamics,sam,Small batch size in SAM induces non-trivial differences from deterministic gradient flow on the full batch objective.,ca46bf9f155b4f9485aaaff2952d012b
sam,finite step size curvature control,SAM's curvature-controlling properties are similar to those of first-order methods, especially in the full batch setting.,ca46bf9f155b4f9485aaaff2952d012b
largest hessian eigenvalues,eos,For intermediate learning rates, models show a tendency for largest eigenvalues to stabilize near the edge of stability (EOS).,ca46bf9f155b4f9485aaaff2952d012b
eos,sam,SAM displays modified EOS behavior, leading to stabilization of the largest eigenvalues at a lower magnitude.,ca46bf9f155b4f9485aaaff2952d012b
sam,non-linear feedback,The EOS effect in SAM can be explained by a non-linear feedback between large eigenvalues and parameter changes.,ca46bf9f155b4f9485aaaff2952d012b
large eigenvalue stabilization,sam,Non-linear discrete dynamics in SAM cause stabilization of large eigenvalues differently than in gradient flow.,ca46bf9f155b4f9485aaaff2952d012b
quadratic regression model,linear regression model,The quadratic regression model extends the linear regression model to second order in the parameters.,1c5b981c4b5f41f1ae64712840f0d2f7
quadratic regression model,parameter vector θ,The model has a parameter vector θ, whose output is affected by a second-order term Q(θ, θ).,1c5b981c4b5f41f1ae64712840f0d2f7
p-dimensional parameter vector θ,d-dimensional output,The model's output f(θ) is determined by a linear component (G(cid:62)θ), a quadratic component (Q(θ, θ)), and a constant y.,1c5b981c4b5f41f1ae64712840f0d2f7
sam (stochastic average momentum),full batch training,SAM is contrasted with full batch training, showing that its effects differ, especially in suppressing large eigenvalues.,1c5b981c4b5f41f1ae64712840f0d2f7
sam-eos (stability edge of sam),largest eigenvalue,SAM induces a modified stability edge where the largest eigenvalues stabilize at a smaller value compared to pure gradient descent.,1c5b981c4b5f41f1ae64712840f0d2f7
sam,dynamical effects,SAM can stabilize large curvatures of the loss function through non-linear, discrete dynamical effects.,1c5b981c4b5f41f1ae64712840f0d2f7
wideresnet 28-10 on cifar10,sam-eos prediction,The SAM-EOS accurately predicts the largest eigenvalue for this specific model.,1c5b981c4b5f41f1ae64712840f0d2f7
sam radius,ntk,SAM dynamics are controlled by the modified NTK (1 + ρJJ(cid:62))JJ(cid:62), which affects eigenvalues.,9d7cd1b324c147c09894e03388a94068
modified ntk,effective ntk,The term 'modified NTK' refers to the same concept as 'effective NTK', which emerges in the dynamics of SAM.,9d7cd1b324c147c09894e03388a94068
ntk,eigenvalues,The dynamics of SAM influence the eigenvalues of the NTK, particularly during early learning.,9d7cd1b324c147c09894e03388a94068
quadratic regression model,full batch gradient descent,In the context of randomly initialized quadratic regression models, full batch gradient descent is discussed for studying eigenvalue dynamics.,9d7cd1b324c147c09894e03388a94068
unnormalized sam,first step of dynamics,The change in J is analyzed for the first step of unnormalized SAM training.,9d7cd1b324c147c09894e03388a94068
σα (alpha-th singular value),j0 (initial jacobian),The theorem relates the change in the αth singular value of J0 to the dynamics of SAM.,9d7cd1b324c147c09894e03388a94068
αth singular value,left and right singular vectors,The αth singular value is associated with left and right singular vectors wα and vα.,49ea8fd22db04b63b783251a0ac4ceef
σα,jjt (jacobian transpose),wα is an eigenvector of JJT with eigenvalue σ2α.,49ea8fd22db04b63b783251a0ac4ceef
change in the singular value,negative,On average, at early times, the change is negative.,49ea8fd22db04b63b783251a0ac4ceef
change in the singular value,(wα · z0)2,The change depends linearly on the square of the dot product between wα and z0.,49ea8fd22db04b63b783251a0ac4ceef
sam (stochastic average momentum),regularizing effect,SAM causes stabilization, which can be weaker for larger modes in the GD setting.,49ea8fd22db04b63b783251a0ac4ceef
sgd (stochastic gradient descent),stronger regularization,SGD shows stronger regularization compared to SAM, especially with dependence on batch size.,49ea8fd22db04b63b783251a0ac4ceef
quadratic regression model,sgd dynamics,A full analysis of SGD's effects in the quadratic regression model is mentioned.,49ea8fd22db04b63b783251a0ac4ceef
β (batch size),dependence on sgd,The effects of SAM have a strong dependence on batch size, implying a contrasting relationship for SGD.,49ea8fd22db04b63b783251a0ac4ceef
quadratic regression model,sgd dynamics,The context discusses SGD dynamics in the context of a quadratic regression model.,1e9d0c0a06bc40c3bc9998989ae687cd
sgd,random projection matrix p_t,In SGD, a random projection matrix P_t is used to sample a random fraction B/D of training residuals at each step.,1e9d0c0a06bc40c3bc9998989ae687cd
random projection matrix p_t,b/d,P_t represents the random sampling with exactly B non-zero entries (diagonal) per step, where B is the batch size relative to D (total data points).,1e9d0c0a06bc40c3bc9998989ae687cd
second-order regression model,gradient descent,The theorem refers to a second-order regression model, which can be trained using gradient descent, including SGD.,1e9d0c0a06bc40c3bc9998989ae687cd
ntk (neural tangent kernel),regularization,The text suggests that for small learning rates, SAM (a variant of SGD) does not regularize the large NTK eigenvalues.,1e9d0c0a06bc40c3bc9998989ae687cd
sam,large ntk eigenvalues,SAM's behavior with respect to regularization of large NTK eigenvalues is contrasted when compared to gradient descent with a small learning rate.,1e9d0c0a06bc40c3bc9998989ae687cd
displacement x,minimum (in parameter space),x is the difference from the minimum in parameter space.,72d0a23258fb49d584d498e70e1cf088
xt+1,xt,The dynamics describe the update: xt+1 = xt - ηHxt.,72d0a23258fb49d584d498e70e1cf088
h,positive semi-definite hessian,H is the Hessian matrix at the minimum x = 0, responsible for approximating the dynamics.,72d0a23258fb49d584d498e70e1cf088
largest eigenvalue of h,edge of stability (eos),The condition for exponential convergence: ηλmax < 2, with η being the learning rate.,72d0a23258fb49d584d498e70e1cf088
normalized eigenvalue,ηλmax,A measure of stability, where a value greater than 2/η indicates instability.,72d0a23258fb49d584d498e70e1cf088
previous work,range of learning rates,These show that for some models, the largest eigenvalue stabilizes near the edge of stability even far from minima.,72d0a23258fb49d584d498e70e1cf088
full batch training,sgd training,The EOS effect is more robust in full batch training but can also appear in stochastic gradient descent (SGD).,72d0a23258fb49d584d498e70e1cf088
sam (sharpness-aware minimization),gd (gradient descent),SAM induces EOS stabilization at a smaller eigenvalue compared to GD.,72d0a23258fb49d584d498e70e1cf088
ntk (neural tangent kernel),eos behavior,For MSE loss, the large NTK eigenvalues exhibit EOS behavior too, especially in the context of low-order expansions.,72d0a23258fb49d584d498e70e1cf088
sam,loss 1,An analysis of un-normalized SAM is done on a specific loss function.,72d0a23258fb49d584d498e70e1cf088
sam normalized eigenvalue,gd case,The SAM normalized eigenvalue is smaller than that in the GD case, indicating a flatter region of convergence.,1a6845e408ee4d959ff697061d9bd920
sam,eos (edge of stability),SAM can cause a stabilization at the EOS due to its flatter region of the loss compared to GD.,1a6845e408ee4d959ff697061d9bd920
sam ntk,gd ntk,SAM NTK has a larger eigenvalue for larger ρ, affecting the low-order dynamics differently from GD.,1a6845e408ee4d959ff697061d9bd920
c∞ model,mse loss,The theorem applies to a C∞ model trained using Equation 6 with MSE loss.,1a6845e408ee4d959ff697061d9bd920
θ∗,z(θ∗) = 0,θ∗ is a point where the gradient-based representation z(θ) equals zero.,1a6845e408ee4d959ff697061d9bd920
η,λi,The condition (cid:15) < ηλi(1 + ρλi) relates the learning rate η to the eigenvalues λi of the Jacobian matrix.,1a6845e408ee4d959ff697061d9bd920
quadratic regression model,sam,Experiments are conducted on the quadratic regression model to analyze the effects of SAM and observe its behavior.,ed17daffa65442d08ed0168c80ae105a
small learning rates,large eigenvalues of j(θ*)j(θ*),For small learning rates, SAM does not significantly reduce the largest eigenvalues; instead, the progressive sharpening phenomenon increases them.,ed17daffa65442d08ed0168c80ae105a
larger learning rates,sam,At larger learning rates, SAM exhibits a strong suppressing effect on the largest eigenvalues, causing them to stabilize near the modified EOS boundary.,ed17daffa65442d08ed0168c80ae105a
modified eos boundary,η(λ_max + ρλ^2_max) = 2,This modified boundary suggests nonlinear stabilization of eigenvalues when SAM is applied at higher learning rates.,ed17daffa65442d08ed0168c80ae105a
progressive sharpening phenomenology,primary dynamics of large eigenvalues,The primary dynamics driving the change in large eigenvalues are influenced by the progressive sharpening effect studied in (Agarwala et al., 2022).,ed17daffa65442d08ed0168c80ae105a
stability condition,edge of stability,The stability condition refers to the point where a system becomes unstable, and 'edge of stability' is a term used to describe this boundary in the context of eigenvalues, specifically in the context of SGD.,5f7778e8ddb847ee87a43263f287c106
normalized eigenvalue,modified eos,The normalized eigenvalue is a transformed version of the eigenvalue, and its modified EOS behavior is observed when the ratio r (ρ/η) increases, leading to stronger regularization effects.,5f7778e8ddb847ee87a43263f287c106
ratio r,dimensionless parameter,Ratio r is a key dimensionless parameter in the quadratic regression model, where larger values indicate stronger regularization.,5f7778e8ddb847ee87a43263f287c106
hessian eigenvalue,ntk,The Hessian eigenvalue is compared to the Neural Tangent Kernel (NTK), with the former being computed using a Lanczos method for measuring the largest eigenvalue.,5f7778e8ddb847ee87a43263f287c106
lanczos method,approximate computation of λmax,The Lanczos method is employed to compute the largest eigenvalue (λmax) approximately.,5f7778e8ddb847ee87a43263f287c106
cifar-10,dataset,CIFAR-10 is a popular computer vision dataset used for benchmarking machine learning models, in this case, the WideResnet 28-10 architecture.,5f7778e8ddb847ee87a43263f287c106
wideresnet 28-10,architecture,The WideResnet 28-10 is a specific neural network architecture employed for experiments on the CIFAR-10 dataset.,5f7778e8ddb847ee87a43263f287c106
mse loss,cross-entropy loss,Both MSE (mean squared error) and cross-entropy losses are used for training, with the former requiring a tanh activation and rescaling of the one-hot targets.,5f7778e8ddb847ee87a43263f287c106
cross-entropy loss,mean squared error (mse) loss,The context discusses replacing softmax with Tanh and rescaling labels for cross-entropy, comparing it to MSE loss.,5eb0fc096ff24de7826885124e7d9a3a
mean squared error (mse) loss,softmax non-linearity,In the MSE loss, the softmax function is replaced with Tanh.,5eb0fc096ff24de7826885124e7d9a3a
cross-entropy,learning rate schedule,The experiment uses a cosine learning rate schedule for both cross-entropy and MSE.,5eb0fc096ff24de7826885124e7d9a3a
cosine learning rate schedule,sgd (stochastic gradient descent),Both cross-entropy and MSE experiments employ SGD, not Nesterov momentum.,5eb0fc096ff24de7826885124e7d9a3a
sam regularization,test error,The test error remains reasonable (4.4% for MSE, 5.3% for SGD) with SAM regularization.,5eb0fc096ff24de7826885124e7d9a3a
maximum eigenvalue,normalized curvature,Both increase during training, but the normalized curvature remains stable initially and decreases as the learning rate decreases.,5eb0fc096ff24de7826885124e7d9a3a
gradient descent (gd),edge of stability,The stability of GD is determined by the normalized curvature, which influences the dynamics of optimization.,5eb0fc096ff24de7826885124e7d9a3a
wideresnet paper,default hyper-parameters,All other hyper-parameters are kept to the defaults specified in the original paper.,5eb0fc096ff24de7826885124e7d9a3a
figure 4,results,The figure presents the comparison of the discussed phenomena across different approaches.,5eb0fc096ff24de7826885124e7d9a3a
learning rate,0,learning rate is reduced to 0, as shown in Figure 4 (middle),1c32f2a4dcd94e9cbbddac6095170056
results,figure 4,results are averaged over 10 seeds for visual clarity,1c32f2a4dcd94e9cbbddac6095170056
sgd,gradient descent edge of stability,SAM controls eigenvalues below GD's stability boundary, as seen in Figure 4 (middle),1c32f2a4dcd94e9cbbddac6095170056
sam radius,largest eigenvalue,as SAM radius increases, eigenvalues fall below GD-EOS, stabilizing early in training,1c32f2a4dcd94e9cbbddac6095170056
sam radius,sam-eos,altering SAM radius moves between GD-EOS and SAM-EOS,1c32f2a4dcd94e9cbbddac6095170056
eigenvalue,critical value of 2,SAM-normalized eigenvalues stay close to or above 2, supporting EOS stabilization,1c32f2a4dcd94e9cbbddac6095170056
sam,modified eos stabilization,SAM's effect on large eigenvalues includes modified EOS stabilization,1c32f2a4dcd94e9cbbddac6095170056
sam schedule,early sam,model trained with early SAM for 2500 steps before switching to SGD,1c32f2a4dcd94e9cbbddac6095170056
sam schedule,late sam,model trained with late SAM for 2500 steps, then only SGD,1c32f2a4dcd94e9cbbddac6095170056
sam-normalized value,critical value of 2,The SAM-normalized value approaches the critical value of 2 during the intermediate part of training, indicating the dynamics reach the edge of stability.,90aff733971e426685861991b32649a6
sam,cross-entropy loss,Both SAM and cross-entropy loss exhibit similar behavior, suggesting they have comparable dynamics.,90aff733971e426685861991b32649a6
mini-batch gradient magnitude,eigenvalues,The mini-batch gradient magnitude and eigenvalues vary more for networks with cross-entropy loss, potentially due to logit magnitudes affecting curvature.,90aff733971e426685861991b32649a6
mini-batch gradient magnitude,sgd,For SGD, gradient magnitudes initially stabilize and then drop by a factor of 4 towards the end of training.,90aff733971e426685861991b32649a6
mini-batch gradient magnitude,sam (normalized),SAM shows more stable gradient magnitudes, particularly for larger ρ, indicating little practical difference between normalized and un-normalized versions.,90aff733971e426685861991b32649a6
sam,generalization,Previous work has shown that the generalization performance of both SAM variants is similar.,90aff733971e426685861991b32649a6
sharpness dynamics near minima,insufficiency,The sharpness dynamics near minima are insufficient for certain aspects, as indicated by the SAM analysis.,90aff733971e426685861991b32649a6
eos (end of simulation),optimization dynamics,The relationship between EOS and optimization dynamics is that EOS effects become harder to understand when multiple eigenvalues are close to it, particularly at early times. SAM (Stochastic Average Momentum) influences eigenvalues during learning, and understanding regularization methods may involve analyzing these dynamics.,7507ba58898549b192080197c297daf0
sam (stochastic average momentum),largest eigenvalues,SAM can cause largest eigenvalues to decrease even without it, potentially affecting the dynamics of optimization away from the EOS.,7507ba58898549b192080197c297daf0
optimization trajectories,long-term dynamics,In the context of evolutionary dynamics, the details of optimization trajectories are crucial for understanding long-term dynamics, unlike approaches that focus on minima or convergence.,7507ba58898549b192080197c297daf0
cross-entropy loss,additional complications,For non-squared losses like cross-entropy, there are extra complexities not present in the analysis of squared loss.,7507ba58898549b192080197c297daf0
minima,learning,Contrast is drawn between understanding learning by focusing on minima and the importance of analyzing optimization dynamics at early or intermediate times.,7507ba58898549b192080197c297daf0
cross-entropy,non-squared losses,These terms are contrasted, as cross-entropy is mentioned as an example of a non-squared loss function.,cc067f50e40642af9d7376641cb71c05
eos dynamics,general conditions,The focus is on providing a detailed quantitative characterization of the EOS dynamics under these broader, more general circumstances.,cc067f50e40642af9d7376641cb71c05
sam (stochastic average momentum),sgd (stochastic gradient descent),Both SAM and SGD are mentioned as subjects of analysis, with a comparison between their effects.,cc067f50e40642af9d7376641cb71c05
lee & jang (2023),alternative formulation of the eos for sgd,This refers to a separate approach that gives consistent results with experiments, indicating a connection in the context of SGD analysis.,cc067f50e40642af9d7376641cb71c05
ep[(z · vi)2],quadratic loss function,The analysis of EP[(z · vi)2] is specifically mentioned for a quadratic loss, suggesting a contrast with the more general case.,cc067f50e40642af9d7376641cb71c05
cifar10 models,sgd gradient magnitude,The SGD gradient magnitude's stability over training is observed in the CIFAR10 models.,cc067f50e40642af9d7376641cb71c05
sgd gradient statistics,understanding sam,Understanding the statistics of the SGD gradient is crucial for interpreting the interaction between SAM and SGD.,cc067f50e40642af9d7376641cb71c05
sam algorithm,improvements in practice,Potential improvements to the SAM algorithm are suggested as a result of more detailed analysis.,cc067f50e40642af9d7376641cb71c05
ρ-schedules,active research field,ρ-schedules are a topic of ongoing research that could benefit from a more detailed theoretical understanding.,cc067f50e40642af9d7376641cb71c05
optimization,training dynamics,These two concepts are linked, with a focus on understanding their relationship to generalization.,cc067f50e40642af9d7376641cb71c05
namics,generalization,Namics is related to generalization as it is mentioned as a focus or objective in the context of further research into SAM and optimization methods.,9e8b64bd35f9404eb2efaaa01c03a611
