node_1,node_2,edge,chunk_id
fair representation,discriminatory outcomes,Fair representation aims to mitigate discriminatory outcomes to promote fairness and trustworthiness.,57bb6ec02771497fa68e0957582018d7
deep learning,mitigation of discriminatory outcomes,Deep learning is the primary context for addressing the issue of discriminatory outcomes.,57bb6ec02771497fa68e0957582018d7
previous research,inappropriate assumptions,Previous research in deep learning has relied on assumptions that are prone to unrealistic counterfactuals and performance issues.,57bb6ec02771497fa68e0957582018d7
alternative approaches,correlation-aware causal graphs,Alternative methods include using correlation-aware causal graphs as a means to address the limitations of prior research.,57bb6ec02771497fa68e0957582018d7
alternative approaches,mutual information proxies,Employing proxies for mutual information is another proposed alternative in the field.,57bb6ec02771497fa68e0957582018d7
fair disentanglement with sensitive relevance (fades),conditional mutual information,FADES utilizes conditional mutual information from information theory to overcome previous challenges.,57bb6ec02771497fa68e0957582018d7
sensitive relevant code,target labels,Sensitive relevant code helps direct correlated information between target labels and sensitive attributes, promoting fairness.,57bb6ec02771497fa68e0957582018d7
sensitive relevant code,sensitive attributes,The goal is to achieve conditional independence between target labels and sensitive attributes, improving separation in the latent space.,57bb6ec02771497fa68e0957582018d7
fades,latent space disentanglement,FADES employs an intuitive disentangling approach to enhance the structure and effectiveness of the model.,57bb6ec02771497fa68e0957582018d7
fades,performance,FADES consistently achieves superior performance in downstream classification tasks.,57bb6ec02771497fa68e0957582018d7
fades,counterfactual generations,FADES also excels in generating realistic counterfactuals across various benchmarks.,57bb6ec02771497fa68e0957582018d7
downstream classification,quantitative evaluation,Performance is assessed quantitatively in downstream classification tasks.,57bb6ec02771497fa68e0957582018d7
counterfactual generations,qualitative evaluation,FADES's fairness is evaluated qualitatively through its ability to generate meaningful counterfactuals.,57bb6ec02771497fa68e0957582018d7
variational autoencoder (vae),deep learning,VAEs significantly contributed to the evolution of deep learning and generative models.,a82eac34f4d74ca9ab14c8d6a3d62ee1
vae based models,deep learning and generative models,VAE based models offered a better understanding of the latent space and stable performance.,a82eac34f4d74ca9ab14c8d6a3d62ee1
deep learning,fairness,the deep representations are susceptible to absorbing spurious correlations with sensitive information, leading to fairness violations.,a82eac34f4d74ca9ab14c8d6a3d62ee1
fairness,trustworthiness,preventing discrimination is crucial for gaining trustworthiness of deep learning models.,a82eac34f4d74ca9ab14c8d6a3d62ee1
latent representation,spurious correlations,deep representations can absorb spurious correlations with sensitive information.,a82eac34f4d74ca9ab14c8d6a3d62ee1
latent representation,fair representation,proposed methods aim to learn fair representations to prevent discrimination.,a82eac34f4d74ca9ab14c8d6a3d62ee1
sensitive information,bias,can lead to potential fairness violations and biased outcomes.,a82eac34f4d74ca9ab14c8d6a3d62ee1
regularization terms,fair representation learning,introduced to learn representations that are invariant to sensitive information or disentangle features.,a82eac34f4d74ca9ab14c8d6a3d62ee1
accurate predictions,objective of previous works,previous works aimed to achieve perfectly separable subsets, but this becomes unattainable due to real-world complexities,172c267b8c164ed38a865b2210fc1a8d
hair color estimation task,gender bias,the task is known to be biased, where bald attribute is related to both hair color and gender,172c267b8c164ed38a865b2210fc1a8d
bald attribute,hair color,baldness is connected to hair color,172c267b8c164ed38a865b2210fc1a8d
bald attribute,gender,baldness is also related to gender,172c267b8c164ed38a865b2210fc1a8d
complex causal models,addressing fairness limitations,some works attempt to tackle the issue by considering intricate causal relationships,172c267b8c164ed38a865b2210fc1a8d
domain knowledge,building comprehensive graphs,required for understanding causality and creating such models,172c267b8c164ed38a865b2210fc1a8d
causal relationships,quality of generated counterfactuals,impaired without accurate knowledge of causality,172c267b8c164ed38a865b2210fc1a8d
sensitive relevant code,disentanglement learning for fairness,proposed solution to address fairness by directing correlated information to this code,172c267b8c164ed38a865b2210fc1a8d
conditional independence,ensuring fairness,method aims to maintain independence between target and sensitive information,172c267b8c164ed38a865b2210fc1a8d
fair representation,downstream tasks,The goal of learning fair representation is to make accurate predictions on these tasks while mitigating the impact of sensitive information.,737b946891ca44d291c7e82ecfc85d3b
learning fair representation,sensitive information,The objective is to filter out the influence of sensitive attributes during the learning process.,737b946891ca44d291c7e82ecfc85d3b
conditional mutual information,disentanglement,Our approach uses conditional mutual information to encourage optimal separation between sensitive and target codes.,737b946891ca44d291c7e82ecfc85d3b
sensitive relevant code,optimal disentanglement,The sensitive relevant code helps to achieve theoretically optimal separation between sensitive and target codes, resolving the inherent contradiction.,737b946891ca44d291c7e82ecfc85d3b
proposed method,fairness,The proposed method improves fairness, providing a better balance between fairness and utility.,737b946891ca44d291c7e82ecfc85d3b
proposed method,utility,It outperforms existing works in both fairness and utility, indicating its effectiveness.,737b946891ca44d291c7e82ecfc85d3b
information theory perspective,framework,The framework for disentanglement is based on principles from information theory.,737b946891ca44d291c7e82ecfc85d3b
domain knowledge,not required,The proposed method is simple and does not necessitate domain-specific expertise.,737b946891ca44d291c7e82ecfc85d3b
benchmark datasets,empirical validation,The effectiveness of the method is demonstrated through experiments on various benchmark datasets.,737b946891ca44d291c7e82ecfc85d3b
previous works,stability issues,Previous approaches suffer from instability due to the inherent conflict between fairness and performance under data bias.,737b946891ca44d291c7e82ecfc85d3b
sensitive information,fairness through blindness,Simply removing sensitive information is not sufficient; fairness through blindness is a strategy.,2fb50e8f2f534092879248a002acb045
fairness through blindness,achieving fairness,Fairness cannot be achieved solely by removing sensitive information.,2fb50e8f2f534092879248a002acb045
group fairness metrics,adversarial objectives,Madras et al. proposed to use group fairness metrics as adversarial objectives.,2fb50e8f2f534092879248a002acb045
equalized odds,demographic parity,Examples of group fairness metrics mentioned are equalized odds and demographic parity.,2fb50e8f2f534092879248a002acb045
single neural network,stability of adversarial network,A method integrates optimization within a single neural network to enhance stability.,2fb50e8f2f534092879248a002acb045
fairgan,discrimination-free representation,FairGAN focuses on generating fair data by fooling a discriminator to ignore sensitive group information.,2fb50e8f2f534092879248a002acb045
sensitive information,degradation in performance,Learning discrimination-free representations can lead to performance degradation in image synthesis.,2fb50e8f2f534092879248a002acb045
disentanglement learning,sensitive and target code,Disentangled representations separate the representation into two parts: target and sensitive components.,2fb50e8f2f534092879248a002acb045
β-vae,stronger prior constraint,β-VAE encourages stronger constraints on the variational distribution for semantic feature separation.,2fb50e8f2f534092879248a002acb045
factorvae,total correlation minimization,FactorVAE proposes to minimize total correlation for better decomposition.,2fb50e8f2f534092879248a002acb045
total correlation,decomposition,Total correlation is a term used in the context of minimizing it for further decomposition.,dd3c704789214082be36ef9674a764bd
total correlation,ffvae,FFVAE applies the total correlation technique for disentangling sensitive information.,dd3c704789214082be36ef9674a764bd
gvae,unwanted information leakage,GVAE employs adversaries to minimize the leakage of unwanted information in the latent space.,dd3c704789214082be36ef9674a764bd
odvae,orthogonal priors,ODVAE learns target and sensitive codes with orthogonal priors to ensure independence.,dd3c704789214082be36ef9674a764bd
fairdisco,distance covariance,FairDisCo uses non-adversarial distance covariance to enforce independence between codes.,dd3c704789214082be36ef9674a764bd
representation learning,recovery of sensitive and target information,The main goal of representation learning is to extract sensitive and target information from latent codes.,dd3c704789214082be36ef9674a764bd
existing fair methods,data bias,These methods overlook the inherent correlation between target and sensitive information, which contributes to data bias.,dd3c704789214082be36ef9674a764bd
counterfactual fairness,objective,Counterfactual fairness aims to constrain the model's behavior by considering hypothetical scenarios.,dd3c704789214082be36ef9674a764bd
counterfactual fairness,related concepts (e.g., facial attribute recognition, celeba dataset),It addresses issues like the correlation between sensitive attributes (e.g., mustache, gender, attractiveness) in real-world datasets.,dd3c704789214082be36ef9674a764bd
counterfactual fairness,sensitive attributes,Counterfactual Fairness aims to address biased decisions by altering sensitive attributes at the individual level, while keeping other features constant.,caf477dafb244dffa4e6bfb861ced6b9
sensitive attributes,potential outcomes,The evaluation of counterfactual fairness involves determining the outcomes if sensitive attributes were changed.,caf477dafb244dffa4e6bfb861ced6b9
causal inference technique,counterfactual instances,This technique is used to generate counterfactual examples for understanding feature connections.,caf477dafb244dffa4e6bfb861ced6b9
graph-based model,predefined intervention,A graph-based model is employed to study the causal effect between features, with specific variables set for interventions.,caf477dafb244dffa4e6bfb861ced6b9
domain knowledge,quality of counterfactuals,Accurate domain knowledge is crucial for generating high-quality counterfactuals; lack thereof can lead to unrealistic or low-quality data.,caf477dafb244dffa4e6bfb861ced6b9
sensitive relevant code,independence,We aim to achieve independence between target and sensitive information using conditional mutual information (CMI) by minimizing it.,caf477dafb244dffa4e6bfb861ced6b9
moyer et al. [40],sensitive-invariant representation,Moyer's work also employs mutual information to create representations that are independent of sensitive information.,caf477dafb244dffa4e6bfb861ced6b9
target,sensitive information,Our approach focuses on separating target and sensitive information through the use of sensitive relevant code.,caf477dafb244dffa4e6bfb861ced6b9
mutual information,sensitive-invariant representation,Learning a sensitive-invariant representation is the main focus, but the context mentions that it is too restrictive.,7dbffbee3e17430e9b564f658c1f6f05
recent work,cmi in rl,A recent study applied Causal Mutual Information (CMI) in the realm of Reinforcement Learning (RL).,7dbffbee3e17430e9b564f658c1f6f05
proposed method,fair representation accounting for data bias,The proposed method is novel and the first to address fairness by using CMI to learn a fair representation that considers data bias.,7dbffbee3e17430e9b564f658c1f6f05
variational inference,vae (variational autoencoder),Many works use variational inference, which involves maximizing the evidence lower bound (ELBO) inspired by VAE.,7dbffbee3e17430e9b564f658c1f6f05
evidence lower bound (elbo),encoder and decoder,The ELBO equation involves an encoder (f) and decoder (g), where the encoder generates a latent posterior and the decoder reconstructs the input.,7dbffbee3e17430e9b564f658c1f6f05
factorvae,disentanglement,FactorVAE promotes disentanglement by minimizing total correlation and encouraging independence among latent dimensions.,7dbffbee3e17430e9b564f658c1f6f05
discriminator,latent code,The discriminator in FactorVAE checks if the latent code is from the aggregate posterior or a permutation of marginal distributions.,7dbffbee3e17430e9b564f658c1f6f05
graphical models,approaches depicted in figure 1,The figure illustrates the graphical models for various representation learning approaches discussed.,7dbffbee3e17430e9b564f658c1f6f05
sensitive attribute a,latent variable z,Invariant learning aims to learn a unified latent variable z that is invariant to sensitive attribute A, making the predicted Y insensitive to sensitive information. Adversarial learning is often used to fool a discriminator trying to predict A from z.,c8501095553d46afa4d95ca842fc8cdb
unified latent variable z,predicted label y,The goal is to achieve z independent of A, ensuring the predicted Y remains invariant to sensitive information.,c8501095553d46afa4d95ca842fc8cdb
adversarial learning,discriminator,Adversarial learning is employed to fool the discriminator, which attempts to predict sensitive information from the learned latent variable z.,c8501095553d46afa4d95ca842fc8cdb
latent variable z,sensitive information,The objective is to make z independent of A, preventing the leakage of sensitive information.,c8501095553d46afa4d95ca842fc8cdb
disentanglement learning,latent codes (target and sensitive codes),Some studies propose disentangling the latent variable into separate components to prevent sensitive information leakage from z.,c8501095553d46afa4d95ca842fc8cdb
latent codes,sensitive information,Decomposing latent codes promotes disentanglement to separate sensitive information (zA) from non-sensitive (zX), aiming to prevent leakage.,0388e1a3ef9d42f381159ab165ba0211
mutual information,zx and za,Creager et al. aim to minimize mutual information between zX and zA using total correlation.,0388e1a3ef9d42f381159ab165ba0211
binary adversary,aggregate posterior qϕ(zx, za),The adversary learns to distinguish the joint distribution from the product of marginals by permuting zA.,0388e1a3ef9d42f381159ab165ba0211
gvae,specific subspaces (zt),GVAE incentivizes attributes in T to be projected into distinct subspaces to maintain independence.,0388e1a3ef9d42f381159ab165ba0211
target label y,sensitive attribute a,In disentanglement learning, there's a conflict between fairness loss (Lfair) and performance loss (LCE) due to data bias.,0388e1a3ef9d42f381159ab165ba0211
odvae,adversarial approaches,ODVAE addresses the convergence issue of adversarial methods by relaxing the independence condition.,0388e1a3ef9d42f381159ab165ba0211
disentanglement learning,fair disentanglement learning,The context discusses disentanglement learning as an example of fair disentanglement, which has two goals: predictiveness and fairness.,93eaf613c6104c68973f3510b9fe036e
predictiveness,fairness,Fair disentanglement learning aims to balance predictiveness (recovering Y and A from zX and zA) and fairness (making zX and zA independent). However, these objectives are in conflict due to data bias.,93eaf613c6104c68973f3510b9fe036e
cross-entropy lce,predictiveness objective,Cross-entropy loss, a common choice for predictiveness, is used to minimize the difference between ˆY and Y and ˆA and A.,93eaf613c6104c68973f3510b9fe036e
mutual information,predictiveness objective,Minimizing cross-entropy loss leads to high mutual information between Y and zX, and A and zA.,93eaf613c6104c68973f3510b9fe036e
lfair,fairness objective,The fairness objective involves minimizing Lfair to make zX and zA independent, ideally achieving ZX ⊥ ZA.,93eaf613c6104c68973f3510b9fe036e
target label y,sensitive information a,Data bias causes an undesired correlation between Y and A, making it difficult to attain simultaneous fairness and predictiveness.,93eaf613c6104c68973f3510b9fe036e
data bias,conflict between objectives,Data bias is a main cause of the contradiction between the predictiveness and fairness objectives in fair disentanglement learning.,93eaf613c6104c68973f3510b9fe036e
data bias,predictiveness objective,The predictiveness objective contradicts data bias as it requires ˆY ⊥ ˆA, making zX and zA non-independent.,b6c085a15fc04325a8993ac615b82e8c
predictiveness objective,fairness objective,These objectives are in conflict because the fairness objective necessitates independence, whereas the predictiveness objective does not.,b6c085a15fc04325a8993ac615b82e8c
fades,fair disentanglement,FADES is a proposed approach to address the issue by learning fair representations, acknowledging the inherent data bias and the correlation between Y and A.,b6c085a15fc04325a8993ac615b82e8c
fades,undesired correlation between y and a,FADES deals with the fact that the related information between Y and A cannot be explicitly separated.,b6c085a15fc04325a8993ac615b82e8c
sensitive relevant code (zr),information that overlaps between y and a,zR is introduced to handle the shared information between the two variables.,b6c085a15fc04325a8993ac615b82e8c
total correlation constraint,independence requirement,FADES imposes total correlation constraint to achieve independence between zY, zR, and zA.,b6c085a15fc04325a8993ac615b82e8c
conditional mutual information,minimization target in fades,FADES proposes to minimize conditional mutual information to improve fairness and accuracy.,b6c085a15fc04325a8993ac615b82e8c
first conditional entropy term,eqn (4),The first conditional entropy term is defined in Eqn (4), which likely refers to a mathematical equation within the context.,9f90afad1fc747e3b303e14b504fedb7
hϕ( ˆy ,,zr),definition,Hϕ( ˆY ,,zR) is defined as the conditional entropy with respect to zR, where ˆY is a variable and zR represents information.,9f90afad1fc747e3b303e14b504fedb7
zr,information correlated with y and a,zR is responsible for holding the information that makes Y and A correlated.,9f90afad1fc747e3b303e14b504fedb7
zy ⊥ za,independence,zY and zA are made independent by design, meaning they do not share any mutual information.,9f90afad1fc747e3b303e14b504fedb7
causal graph,figure 1d,The causal graph in Figure 1d demonstrates the relationship between Y, A, and zR, showing that Y and A are independent given zR.,9f90afad1fc747e3b303e14b504fedb7
y ⊥ a,,zr,causal independence,Imposing this causal independence ensures zR is the sole common cause of Y and A.,9f90afad1fc747e3b303e14b504fedb7
fades,data flow,FADES, as shown in Figure 3, illustrates the process of achieving independence between zY and zA.,9f90afad1fc747e3b303e14b504fedb7
zy,za,Green arrows in Figure 3 represent the goal of making zY and zA independent, which is essential for fairness.,9f90afad1fc747e3b303e14b504fedb7
zx,optional feature,zX is used to control irrelevant features, ensuring more controlled counterfactual generations.,9f90afad1fc747e3b303e14b504fedb7
conditional independence (ci),probability of prediction y conditioned on zr,The definition of CI states that pθ( ˆY , ˆA,,zR) equals the product of pθ( ˆY ,,zR) and pθ( ˆA,,zR), which implies calculating the probability of Y given zR.,dcb136acdfd14eb08d4bf0644f2a9a1b
probability of prediction y conditioned on zr,empirical computation,To estimate this probability, we compute the average over all zY within a batch, approximating it as a sum of individual probabilities pθ(y,,z(k)R , z(i)_Y ).,dcb136acdfd14eb08d4bf0644f2a9a1b
second conditional entropy,pθ( ˆy ,,a, zr),This involves computing the probability of ˆY given A and zR, which is done similarly to the first conditional entropy but with a subset of the batch where A has a specific value.,dcb136acdfd14eb08d4bf0644f2a9a1b
gvae,disentanglement learning method,GVAE is a method that focuses on minimizing mutual information between latent subspaces to learn fair representations.,dcb136acdfd14eb08d4bf0644f2a9a1b
odvae,disentanglement learning method,ODVAE also belongs to this category but avoids adversarial learning by enforcing orthogonal priors for the subspace.,dcb136acdfd14eb08d4bf0644f2a9a1b
hyperparameters,gvae and odvae,Both methods have hyperparameters that need to be set for their respective algorithms.,dcb136acdfd14eb08d4bf0644f2a9a1b
fair downstream classification,information bottleneck regularization,FADES incorporates an information bottleneck term (Lreg) to ensure zR captures only the correlated information Y ∩ A, preventing it from capturing the entire Y ∪ A.,8f09bb9f1f7646f68e0e23a14ed656bf
enforcing orthogonal priors,subspace,The method enforces the subspace to follow orthogonal priors to achieve EOD (Equalized Odds).,8f09bb9f1f7646f68e0e23a14ed656bf
λcmi, λtc,hyperparameters,These are tuning parameters for FADES, with values ranging from 0 to 100.,8f09bb9f1f7646f68e0e23a14ed656bf
resnet-18 architecture,vision tasks,All methods use ResNet-18 for vision tasks.,8f09bb9f1f7646f68e0e23a14ed656bf
3 layered mlp encoder-decoder,tabular dataset,For tabular data, the model employs a 3-layered MLP with 32 latent dimensions.,8f09bb9f1f7646f68e0e23a14ed656bf
lelbo (evidence lower bound),final objective function of fades,FADES integrates LELBO with additional terms to optimize the overall model.,8f09bb9f1f7646f68e0e23a14ed656bf
zr (latent representation),correlated information y ∩ a,zR is designed to encapsulate only the correlated information between Y and A.,8f09bb9f1f7646f68e0e23a14ed656bf
zx, zy, zr, za,full latent space,These components together represent the complete latent space in the model.,8f09bb9f1f7646f68e0e23a14ed656bf
pθ(x,,z),conditional likelihood,The model computes the likelihood of the input x given the latent variables.,8f09bb9f1f7646f68e0e23a14ed656bf
pθ(y,,zy, zr),conditional probability of y,Predicts the probability of y conditioned on zY and zR.,8f09bb9f1f7646f68e0e23a14ed656bf
qϕ(z,,x),recognition distribution,The recognition distribution used in the evidence lower bound calculation.,8f09bb9f1f7646f68e0e23a14ed656bf
p(z),prior distribution,The prior distribution for the latent variables, which is regularized.,8f09bb9f1f7646f68e0e23a14ed656bf
fades,lelbo,FADES integrates LELBO with additional terms to enforce fairness and latent space independence.,045874b3d37b43aeb9eca4fe4405dbfe
fades,λcmilcmi,FADES includes a term λCMILCMI to promote fairness.,045874b3d37b43aeb9eca4fe4405dbfe
fades,λtcltc,FADES also adds λTCLTC to ensure latent space independence.,045874b3d37b43aeb9eca4fe4405dbfe
fades,βlreg,FADES has a regularization term βLreg, with λ and β being hyperparameters.,045874b3d37b43aeb9eca4fe4405dbfe
graphical models,fairfactor-vae,FADES is compared to FairFactor-VAE as a method from the graphical models class.,045874b3d37b43aeb9eca4fe4405dbfe
graphical models,fairdisco,FADES compares to FairDisCo, another fair disentanglement learning method.,045874b3d37b43aeb9eca4fe4405dbfe
fairfactor-vae,invariant learning,FairFactor-VAE is an invariant learning method.,045874b3d37b43aeb9eca4fe4405dbfe
fairdisco,disentanglement learning,FairDisCo focuses on disentanglement learning.,045874b3d37b43aeb9eca4fe4405dbfe
ffvae,disentanglement learning,FFVAE is a disentanglement learning method too.,045874b3d37b43aeb9eca4fe4405dbfe
fair classification,predictive performance,Fair classification aims to balance fairness violations and predictive performance.,045874b3d37b43aeb9eca4fe4405dbfe
facial attribute classification,celeba dataset,Experiments are conducted on CelebA for predicting 'Smiling' attribute.,045874b3d37b43aeb9eca4fe4405dbfe
facial attribute classification,utkface dataset,Experiments also use UTKFace for classifying age with gender as the sensitive attribute.,045874b3d37b43aeb9eca4fe4405dbfe
dogs and cats dataset,color of fur,The goal is to classify dogs and cats based on their fur color.,045874b3d37b43aeb9eca4fe4405dbfe
gender,sensitive attribute,Gender is specified as the sensitive attribute in the context, indicating fairness considerations.,ae7b080ba5694f77a5bb824134cf4dbb
dogs and cats dataset,color of fur,The task is to distinguish dogs or cats based on the color of their fur, which serves as a distinguishing feature.,ae7b080ba5694f77a5bb824134cf4dbb
adult income dataset,gender,This dataset is used for evaluating fairness, with the goal of predicting income above $50K, where gender is the sensitive attribute.,ae7b080ba5694f77a5bb824134cf4dbb
3-layered mlp classifier,vision dataset,A 3-layered MLP is employed for vision datasets, using pre-trained disentangled representations.,ae7b080ba5694f77a5bb824134cf4dbb
2-layered mlp classifier,tabular dataset,A 2-layered MLP is used for tabular datasets, also employing pre-trained representations.,ae7b080ba5694f77a5bb824134cf4dbb
fades,disentanglement learning method,FADES is a disentanglement learning method that provides zY as input for fairness evaluation.,ae7b080ba5694f77a5bb824134cf4dbb
ffvae,disentanglement learning method,FFVAE is another discussed disentanglement method, with zX being used as input.,ae7b080ba5694f77a5bb824134cf4dbb
demographic parity (dp),fairness metric,DP is a fairness measure used to assess whether the model's outcomes are independent of the sensitive attribute.,ae7b080ba5694f77a5bb824134cf4dbb
equalized odds (eod),fairness metric,EOD is another fairness metric that ensures similar prediction performance across different groups defined by the sensitive attribute.,ae7b080ba5694f77a5bb824134cf4dbb
classification results,accuracy and fairness,The experiments aim to balance classification accuracy with fairness measures, with FADES performing well in this regard.,ae7b080ba5694f77a5bb824134cf4dbb
latent subspace,reference images,The latent subspace is depicted as smoothly translating into the generations by substituting portions with reference images.,11275a42686f49d688ed97b9bf3e4215
zr,y and a,zR captures features that are semantically correlated with both gender (Y) and the sensitive attribute (A), without requiring domain knowledge.,11275a42686f49d688ed97b9bf3e4215
za,makeup,Replacing only zA results in adding makeup to the image, as seen in the left half of the last row.,11275a42686f49d688ed97b9bf3e4215
za,mustache,Replacing only zA leads to adding a mustache to the image, as shown in the right half of the last row.,11275a42686f49d688ed97b9bf3e4215
fades,male with mustache,FADES generates images by linear interpolation of the sensitive code, as demonstrated in Figure 6 where it provides better image quality.,11275a42686f49d688ed97b9bf3e4215
fades,female sample,FADES can substitute the sensitive code with a female sample, maintaining other features while producing a natural image.,11275a42686f49d688ed97b9bf3e4215
ffvae,female with mustache,FFVAE generates an unnatural result - a female with a mustache, indicating a lack of disentanglement.,11275a42686f49d688ed97b9bf3e4215
gvae,irrelevant features (e.g., background color, hairstyle),GVAE has distortion on irrelevant features due to poor disentanglement, not considering the sensitive relevant feature.,11275a42686f49d688ed97b9bf3e4215
odvae,irrelevant features (e.g., background color, hairstyle),Similar to GVAE, ODVAE also exhibits distortion on irrelevant features, indicating a lack of focus on the sensitive attribute.,11275a42686f49d688ed97b9bf3e4215
fades,female image,FADES generates a more natural female image while keeping other features unchanged.,47e153f39f744a60af1b3583ad67f16f
feature translation,appendix.figure 6,More results on feature translation can be found in the figure referenced in the appendix.,47e153f39f744a60af1b3583ad67f16f
digit,color,In the MNIST dataset, digits are correlated with predefined colors, creating a color bias.,47e153f39f744a60af1b3583ad67f16f
vae-based models,latent space,The evaluation aims to investigate the models' ability to disentangle digit information from color bias in the hidden representation.,47e153f39f744a60af1b3583ad67f16f
mnist dataset,color bias,The dataset is used to measure color bias in a classifier, but here it's used for evaluating fair image reconstruction.,47e153f39f744a60af1b3583ad67f16f
classifier,accuracy,Quantitative evaluation uses pre-trained classifiers with high accuracy for digit and color prediction.,47e153f39f744a60af1b3583ad67f16f
reconstruction,test set,The models are trained on the biased training set and tested on the unbiased test set for image recovery.,47e153f39f744a60af1b3583ad67f16f
