node_1,node_2,edge,chunk_id
volume neural rendering,efficient point searching and sampling,The paper focuses on addressing the problem of efficient point searching and sampling for volume neural rendering.,e8e646f3f04b48e5bf9cf636e449712c
rasterization,ray tracing,Two typical approaches employed in volume neural rendering are rasterization (real-time with lower fidelity) and ray tracing (higher quality but longer rendering time).,e8e646f3f04b48e5bf9cf636e449712c
rasterization-based methods,real-time rendering,Rasterization enables real-time rendering but sacrifices memory and fidelity.,e8e646f3f04b48e5bf9cf636e449712c
ray-tracing-based methods,superior quality,Ray-tracing methods offer higher quality but have longer rendering times.,e8e646f3f04b48e5bf9cf636e449712c
hashpoint method,combination of rasterization and ray tracing,HashPoint combines rasterization for efficient point search and ray marching for rendering, optimizing both speed and quality.,e8e646f3f04b48e5bf9cf636e449712c
point searching,camera's view,HashPoint rasterizes points within the camera's view for rapid searches.,e8e646f3f04b48e5bf9cf636e449712c
adaptive sampling,primary surface encounter,HashPoint accelerates rendering by adaptive sampling on the primary surface encountered by the ray.,e8e646f3f04b48e5bf9cf636e449712c
nerf,global mlps,NeRF and its extensions use global MLPs for reconstructing radiance fields via ray marching, which can be slow.,e8e646f3f04b48e5bf9cf636e449712c
global mlps,slow rendering (per-scene),Global MLPs result in slow rendering times per scene.,e8e646f3f04b48e5bf9cf636e449712c
hashpoint,state-of-the-art ray-tracing methods,HashPoint provides speedup for a range of ray-tracing-based methods without compromising accuracy.,e8e646f3f04b48e5bf9cf636e449712c
synthetic test datasets,real test datasets,HashPoint maintains equivalent or superior accuracy across both synthetic and real-world test datasets.,e8e646f3f04b48e5bf9cf636e449712c
code availability,https://jiahao-ma.github.io/hashpoint/,The implementation code for HashPoint will be available at the provided URL.,e8e646f3f04b48e5bf9cf636e449712c
ray marching,slow per-scene neural network fitting,Ray marching leads to slow fitting due to extensive sampling of empty space.,16fea536d4f0439889244c7b94a1a75f
slow per-scene neural network fitting,prohibitive reconstruction and rendering times,Slow fitting results in increased reconstruction and rendering times.,16fea536d4f0439889244c7b94a1a75f
point clouds,straightforward representation of surfaces in space,Point clouds serve as a simple approximation of surface geometry.,16fea536d4f0439889244c7b94a1a75f
point clouds,expediting rendering process,Point clouds speed up rendering by sampling and aggregating near multiple surfaces.,16fea536d4f0439889244c7b94a1a75f
rendering strategies,rasterization,Rasterization framework involves projecting points onto the image plane using a z-buffer mechanism.,16fea536d4f0439889244c7b94a1a75f
rasterization,visible holes,Rasterization can exhibit visible holes due to sparse point cloud density.,16fea536d4f0439889244c7b94a1a75f
rasterization,hole filling,U-Net networks are used for hole filling in rasterization approaches.,16fea536d4f0439889244c7b94a1a75f
u-net,struggles to generate high-fidelity details,U-Net's downsampling and upsampling can limit detail generation.,16fea536d4f0439889244c7b94a1a75f
rendering strategies,ray tracing,Ray tracing is an alternative strategy to rasterization.,16fea536d4f0439889244c7b94a1a75f
point as a 3d shape,oriented disk or sphere,Some methods assign points to specific 3D shapes for improved performance.,16fea536d4f0439889244c7b94a1a75f
oriented disk,3d shape,A 3D shape, specifically an oriented disk, is a representation used in tive strategies.,6e196efb6a854fe9906489581b43db34
sphere,3d shape,Another type of 3D shape mentioned in the context is a sphere.,6e196efb6a854fe9906489581b43db34
optimal size,3d shape size,Determining the optimal size for 3D shapes like disks and spheres is a challenge.,6e196efb6a854fe9906489581b43db34
gaps in rendering,small shapes,Small shapes can cause gaps during rendering.,6e196efb6a854fe9906489581b43db34
artifacts,large shapes,Larger shapes may introduce artifacts when rendering.,6e196efb6a854fe9906489581b43db34
memory,storage,Rendering requires significant memory for storing the shapes.,6e196efb6a854fe9906489581b43db34
ray-tracing-based point cloud rendering,rendering method,This method addresses issues in rasterization-based approaches.,6e196efb6a854fe9906489581b43db34
real-time rendering,challenge,Achieving real-time rendering is a complex task due to the point cloud processing requirements.,6e196efb6a854fe9906489581b43db34
uniform grid,accelerated data structure,Methods like Uniform grid are employed to enhance point cloud searching efficiency.,6e196efb6a854fe9906489581b43db34
k-d tree,accelerated data structure,K-d tree is another commonly used data structure for this purpose.,6e196efb6a854fe9906489581b43db34
octree,accelerated data structure,OcTree is mentioned as another efficient data structure in point cloud rendering.,6e196efb6a854fe9906489581b43db34
bounding volume hierarchies (bvh),accelerated data structure,BVH is also utilized to optimize point cloud searching.,6e196efb6a854fe9906489581b43db34
surface features,rendering contribution,Not all surface features equally contribute to rendering; only those closest to the camera matter.,6e196efb6a854fe9906489581b43db34
k nearest points,color prediction,Some methods gather the K nearest points per ray to predict colors, but struggle with sparse point density.,6e196efb6a854fe9906489581b43db34
hashpoint,method,HashPoint is the main focus of the work, an optimized approach introduced in the context.,6e196efb6a854fe9906489581b43db34
hashpoint,point cloud searching approach,HashPoint is a specific type of optimized point cloud searching method.,1f0cdd12783741d6ac4b2d25bb86b715
primary surface features,hole issue,The method addresses the problem of missing or incomplete data (holes) on primary surfaces.,1f0cdd12783741d6ac4b2d25bb86b715
3d search space,2d image plane,The method transforms the 3D space into a 2D representation for efficient hash table lookup.,1f0cdd12783741d6ac4b2d25bb86b715
hash table,accelerated structure,The hash table enables fast point location along camera rays by preserving all points within each pixel.,1f0cdd12783741d6ac4b2d25bb86b715
adaptive sampling,searching range,The method uses a range that adjusts based on point distance and viewpoint, not a fixed radius.,1f0cdd12783741d6ac4b2d25bb86b715
sample points,feature aggregation quality,The selection of sample points affects the quality of aggregated features on the primary surface.,1f0cdd12783741d6ac4b2d25bb86b715
distance between point cloud and candidate,importance of sample points,Importance is calculated based on how close the sample point is to the viewpoint, inspired by volume rendering.,1f0cdd12783741d6ac4b2d25bb86b715
hashed-point searching,ray-tracing approach,Hashed-Point Searching is a novel technique that accelerates the ray-tracing approach by optimizing point searching for improved efficiency.,c6494051e62b4800a601134b5fa2da62
adaptive primary surface sampling,ray,This technique adaptively samples on the first encountered surface by the ray, based on the distance between points and the viewpoint.,c6494051e62b4800a601134b5fa2da62
adaptive primary surface sampling,distance between points and viewpoint,The sampling is determined by the distance, ensuring an adaptive process.,c6494051e62b4800a601134b5fa2da62
point cloud rasterization,rendering point clouds,Rasterization is a widely used technique for rendering point clouds, involving projection and z-buffer mechanism.,c6494051e62b4800a601134b5fa2da62
visibility splatting,point-cloud rasterization,Classical method like visibility splatting addresses gaps in point-cloud rasterization by substituting points with oriented disks.,c6494051e62b4800a601134b5fa2da62
gaps or holes,rendered output,A significant challenge in point-cloud rasterization is the unwanted occurrence of gaps or holes in the final image.,c6494051e62b4800a601134b5fa2da62
visibility splatting,oriented disks,These methods address gaps by substituting points with oriented disks, aiming to improve rendering quality.,5326d7a2c1c84f0481a92fafd27ba49c
determinable splatting,optimization,Differentiable splatting uses optimization to fine-tune the shape of disks for better rendering quality.,5326d7a2c1c84f0481a92fafd27ba49c
npbg,u-net,NPBG and NPBG++ employ U-Net for refinement, combining rasterization with neural networks to minimize image disparities.,5326d7a2c1c84f0481a92fafd27ba49c
rasterization,neural networks,These approaches integrate rasterization with neural networks for improved rendering.,5326d7a2c1c84f0481a92fafd27ba49c
npbg++,feature downsampling,NPBG++ leverages feature downsampling to address holes in rendered images.,5326d7a2c1c84f0481a92fafd27ba49c
upsampling,rasterizing features,Methods like NPBG++ use upsampling to enhance the quality of rasterized images.,5326d7a2c1c84f0481a92fafd27ba49c
radiance mapping,spatial frequency collapse,Radiance mapping aims to combat the issue of spatial frequency collapse in coarse regions.,5326d7a2c1c84f0481a92fafd27ba49c
freqpcr,adaptive frequency modulation,FreqPCR introduces an adaptive frequency modulation to capture local texture frequency information.,5326d7a2c1c84f0481a92fafd27ba49c
ray tracing,point cloud rendering,Ray tracing provides an alternative approach for rendering point clouds, using iterative strategies.,5326d7a2c1c84f0481a92fafd27ba49c
nplf,embedding features,NPLF focuses on feature embedding for more efficient point cloud rendering.,5326d7a2c1c84f0481a92fafd27ba49c
early works on ray tracing,approximating surfaces from point clouds,Early ray tracing methods worked on determining intersections with surface approximations from point clouds.,5326d7a2c1c84f0481a92fafd27ba49c
point clouds,nplf,NPLF is a method that focuses on embedding features at each point in a point cloud.,b383521f92314aa8a5b5dd3be73a42d8
nplf,query aggregation,NPLF aggregates features during a query process.,b383521f92314aa8a5b5dd3be73a42d8
pointersect,ray intersections,Pointersect directly determines ray intersections with the surface using point cloud positions.,b383521f92314aa8a5b5dd3be73a42d8
papr,point cloud positions,PAPR captures scene geometry using point cloud positions, even when the initial geometry differs.,b383521f92314aa8a5b5dd3be73a42d8
papr,primary surface,PAPR potentially misses primary surface features when dealing with sparse point clouds.,b383521f92314aa8a5b5dd3be73a42d8
point-slam,uniform sampling,Point-SLAM produces high-quality renderings by uniformly sampling across multiple surfaces.,b383521f92314aa8a5b5dd3be73a42d8
point-nerf,uniform sampling,Point-NeRF also uses uniform sampling for improved rendering quality.,b383521f92314aa8a5b5dd3be73a42d8
point-nerf,time-consuming,Point-NeRF's processes can be time-consuming due to extensive feature aggregation and MLP prediction.,b383521f92314aa8a5b5dd3be73a42d8
efficiency for neural radiance field,memory optimization,Recent works improve memory efficiency via hash encoding.,b383521f92314aa8a5b5dd3be73a42d8
efficiency for neural radiance field,sampling efficiency,Some works aim to improve sampling efficiency without sacrificing memory footprint.,b383521f92314aa8a5b5dd3be73a42d8
donerf,depth-trained oracle network,DONeRF enhances sampling efficiency with a depth-trained auxiliary network.,b383521f92314aa8a5b5dd3be73a42d8
terminerf,density-based sampling,TermiNeRF uses a density-based sampling network from a pre-trained NeRF.,b383521f92314aa8a5b5dd3be73a42d8
autoint,pre-training,AutoInt is designed to improve sampling efficiency with pre-training techniques.,b383521f92314aa8a5b5dd3be73a42d8
oracle network,terminerf,TermiNeRF is a method that uses a density-based sampling network from a pre-trained Oracle Network.,15eaf8f4c3e14ad2b7c06ecb57b156aa
terminerf,autoint,AutoInt is another approach that predicts segment lengths for sampling, which is also used in conjunction with pre-trained models like TermiNeRF.,15eaf8f4c3e14ad2b7c06ecb57b156aa
terminerf,adanerf,AdaNeRF has a dual-network architecture and is an alternative to TermiNeRF, focusing on incremental sparsity for improved sample quality.,15eaf8f4c3e14ad2b7c06ecb57b156aa
pre-trained modules,terminerf, autoint, adanerf,These methods utilize pre-trained modules, referring to the shared reliance on pre-existing neural networks.,15eaf8f4c3e14ad2b7c06ecb57b156aa
neural network-assisted sampling,terminerf, autoint, adanerf,All three methods involve neural network-assisted sampling as a common strategy.,15eaf8f4c3e14ad2b7c06ecb57b156aa
multi-view stereo (mvs),other approaches,Some approaches, including those mentioned, adopt MVS techniques for obtaining depth information.,15eaf8f4c3e14ad2b7c06ecb57b156aa
depth sensor,methods using mvs or depth sensor,Depth sensors are used by certain methods, like those based on MVS, to acquire depth data.,15eaf8f4c3e14ad2b7c06ecb57b156aa
primary surface sampling,hash-point method,The Hash-Point method introduces a novel approach to sampling on the primary surface, optimizing the use of explicit geometric representation.,15eaf8f4c3e14ad2b7c06ecb57b156aa
ray tracing,point cloud rendering,Ray tracing is the fundamental technique in point cloud rendering, employed by various methods.,15eaf8f4c3e14ad2b7c06ecb57b156aa
image-based rendering,point cloud rendering strategy,Image-based rendering is one of the two strategies used in ray-tracing-based point cloud rendering.,15eaf8f4c3e14ad2b7c06ecb57b156aa
image-based rendering,camera ray,Image-based rendering predicts the blending weight for camera ray r using appearance feature.,970018d969624315adbc1f5db5637a47
camera ray,proximate points,The final color of a camera ray is computed by considering the K nearest points.,970018d969624315adbc1f5db5637a47
volume rendering,surface sampling,Volume rendering methods uniformly sample on surfaces and aggregate point features.,970018d969624315adbc1f5db5637a47
surface sampling,sample points,Radiance is derived by traversing a ray through a pixel, sampling N points along the ray.,970018d969624315adbc1f5db5637a47
volume density,transmittance (τ),Volume transmittance accumulates radiance with decreasing density as points are sampled.,970018d969624315adbc1f5db5637a47
density (σj),color (csp_j),Each sample point has its own density and color contributing to the pixel's radiance.,970018d969624315adbc1f5db5637a47
volume transmittance,density,σj corresponds to the density for each sample point j,247b99c979264011bb4c2dd4c8d6d2b2
volume transmittance,color,σj also corresponds to the color for each sample point j,247b99c979264011bb4c2dd4c8d6d2b2
distance between adjacent sample points (∆t),3d space,The method innovates by shifting the search from 3D space to a 2D image plane,247b99c979264011bb4c2dd4c8d6d2b2
hashed-point searching,classical rasterization methods,Contrasts traditional approaches that use the z-buffer for nearest point searching,247b99c979264011bb4c2dd4c8d6d2b2
z-order (morton code),efficient retrieval and storage,Inspired by the Z-order, which provides a linear ordering for multi-dimensional data,247b99c979264011bb4c2dd4c8d6d2b2
positional adjustment of each point,cuda,Performed using atomic operations in CUDA for O(1) time complexity,247b99c979264011bb4c2dd4c8d6d2b2
hash table,point cloud list,Stores the position of each point in the adjusted point cloud list,247b99c979264011bb4c2dd4c8d6d2b2
hashed-point searching,point cloud,Hashed-Point Searching is a method used for efficient point cloud searching, where the point cloud is rasterized onto an image plane and organized into a hash table for optimized queries.,7b1c9471062d4e8b88c92ad2773cbfa5
hash table,position of points,In the hash table, the key represents the index of a pixel and its value stores the position of the first point associated with that pixel in the point list, along with the count of points.,7b1c9471062d4e8b88c92ad2773cbfa5
pixel,cone (for searching),Each pixel emits a cone for point cloud searching, inspired by previous works, which aids in feature aggregation.,7b1c9471062d4e8b88c92ad2773cbfa5
adaptive searching radius,distance from sampling point to ray origin,The proposed adaptive searching radius is proportional to the distance between the sampling point and the ray origin, aiming to reduce noise by focusing on relevant features.,7b1c9471062d4e8b88c92ad2773cbfa5
pixel,circle (on image plane),The pixel is represented as a circle on the image plane, serving as an approximation to the pixel's area.,7b1c9471062d4e8b88c92ad2773cbfa5
uniform grid,k-d tree,Both are mentioned as traditional point cloud search strategies, illustrating alternative methods to Hashed-Point Searching.,7b1c9471062d4e8b88c92ad2773cbfa5
uniform grid,octree,These are also compared to Hashed-Point Searching, highlighting different approaches to organizing and querying point clouds.,7b1c9471062d4e8b88c92ad2773cbfa5
k-d tree,axis-aligned bounding box (aabb),In the context, K-d tree is used for intersections, and AABBs are applied in conjunction with K-d trees to find points near a ray.,06b6a1f065c145ad92ae67d82195a583
k-d tree,sub-tree bounding boxes,The K-d tree leverages sub-tree bounding boxes to efficiently search for intersections among rays.,06b6a1f065c145ad92ae67d82195a583
octree,k-d tree,Both octree and K-d tree are tree data structures for spatial partitioning, with similar complexities for construction (O(n)) and ray-point search (O(mlog(n) + mq)).,06b6a1f065c145ad92ae67d82195a583
uniform grid,space,A uniform grid divides a three-dimensional space into regular grids for data allocation.,06b6a1f065c145ad92ae67d82195a583
uniform grid,point allocation,The uniform grid's construction involves traversing all points with complexity O(n) to allocate data to each grid cell.,06b6a1f065c145ad92ae67d82195a583
traversing,complexity o(n),The process of building the data structure involves a linear complexity, where n represents the number of points.,7cb618411ed44e3fbd0760cb20d73750
3dda algorithm,o(mg + mq) complexity,3DDA is used for searches, with a complexity that depends on the number of grid cells (g) and query rays (q).,7cb618411ed44e3fbd0760cb20d73750
hashed-point searching,o(n + mq) complexity,This method uses a hash table to accelerate queries, with a time complexity involving the initial construction (n) and subsequent lookup (mq).,7cb618411ed44e3fbd0760cb20d73750
adaptive primary surface sampling,point cloud selection strategies,The quality and efficiency of rendering depend on the chosen number and placement of points in the point cloud.,7cb618411ed44e3fbd0760cb20d73750
k-np extract,feature noise,K-NP Extract can lead to noise because the K nearest points may not lie on the primary surface due to point cloud density.,7cb618411ed44e3fbd0760cb20d73750
depth map sampling,redundant sampling,Depth Map Sampling relies on dense depth maps and can result in duplicate sampling when multiple surfaces are present.,7cb618411ed44e3fbd0760cb20d73750
multi-surface sampling,ray,The method involves finding all surfaces intersecting with the ray for rendering.,f87fd963a67546009c8c86779eef2bbc
multi-surface sampling,adaptive primary surface sampling,Multi-Surface Sampling is compared to Adaptive Primary Surface Sampling, which offers a better balance between precision and efficiency.,f87fd963a67546009c8c86779eef2bbc
adaptive primary surface sampling,section 3.3, 4.2, and 4.3,These sections explain the details of Adaptive Primary Surface Sampling.,f87fd963a67546009c8c86779eef2bbc
ours vs. 3d gaussian splatting,3d gaussian splatting,Our method differentiates from 3D Gaussian splatting in its rendering approach, using rasterization for point searching.,f87fd963a67546009c8c86779eef2bbc
ours,gaussian splatting,Our method requires fewer points due to interpolation from nearby points, using less storage (35Mb vs. 200Mb).,f87fd963a67546009c8c86779eef2bbc
ours,rasterization,Ours combines rasterization and ray tracing for enhanced neural rendering.,f87fd963a67546009c8c86779eef2bbc
ours,ray tracing,Ray tracing is complemented by rasterization in the proposed method.,f87fd963a67546009c8c86779eef2bbc
ray-tracing point cloud rendering,baselines,This section compares our method to four key baselines in the context of ray-tracing point cloud rendering.,f87fd963a67546009c8c86779eef2bbc
baselines,searching and sampling,The comparison focuses on the techniques used for searching and sampling in the baseline methods.,f87fd963a67546009c8c86779eef2bbc
table 1,baselines,Details of the comparison are outlined in the table.,f87fd963a67546009c8c86779eef2bbc
point-nerf [62],uniform grid (ug),Replaces UG with HashPoint (HS) for searching.,aceaa7460fe749a38db219c8f3d63948
point-nerf [62],surface sampling (ms),Replaces MS with primary surface sampling (PS) for improved efficiency.,aceaa7460fe749a38db219c8f3d63948
point-nerf [62],hashpoint (hs),HS is introduced to enhance the searching process.,aceaa7460fe749a38db219c8f3d63948
point-nerf [62],primary surface sampling (ps),PS is used after initial MS for better gradient propagation and efficiency.,aceaa7460fe749a38db219c8f3d63948
point-nerf [62],parameter γ,γ controls the transition between MS and PS.,aceaa7460fe749a38db219c8f3d63948
point-slam [48],single-surface (ss) sampling,Different approach than Point-NeRF's multi-surface sampling.,aceaa7460fe749a38db219c8f3d63948
point-slam [48],depth-guided sampling,Depends on dense depth input for efficiency, not always available.,aceaa7460fe749a38db219c8f3d63948
point-slam [48],uniform multi-surface,Performance compared with both depth-guided and uniform multi-surface methods.,aceaa7460fe749a38db219c8f3d63948
nplf [41],downsampling points,Initial step in NPLF's approach.,aceaa7460fe749a38db219c8f3d63948
nplf [41],brute force (bf),Used for nearby points search in NPLF.,aceaa7460fe749a38db219c8f3d63948
nplf [41],k nearest points (k-np),Renders on a fixed number of K nearest points.,aceaa7460fe749a38db219c8f3d63948
proposed method,hashpoint (hs),High-fidelity maintained by selecting K nearest points from the primary surface.,aceaa7460fe749a38db219c8f3d63948
pointersect,point-slam,Pointersect is compared to Point-SLAM, suggesting it is a competing or related method.,bc89a68c3dca427bbca1eeafce62d75b
uniform grid,brute force,Both uniform grid and brute force are mentioned in the context, possibly referring to different approaches for searching or sampling.,bc89a68c3dca427bbca1eeafce62d75b
uniform grid,multiple surfaces,The uniform grid is associated with multiple surfaces, indicating a connection in the context of surface representation.,bc89a68c3dca427bbca1eeafce62d75b
k nearest points,single surface,K nearest points are mentioned in relation to both single and primary surfaces, suggesting a technique for surface approximation.,bc89a68c3dca427bbca1eeafce62d75b
k nearest points,primary surfaces,K nearest points are selected from primary surfaces, highlighting their importance in the proposed method.,bc89a68c3dca427bbca1eeafce62d75b
pointersect,synthetic-nerf,Pointersect is evaluated on the Synthetic-NeRF dataset, indicating a benchmark comparison.,bc89a68c3dca427bbca1eeafce62d75b
point-nerf,nerf,Point-NeRF is compared to NeRF, showing that it is a variant or improvement upon the original method.,bc89a68c3dca427bbca1eeafce62d75b
point-nerf,various point-based approaches,Point-NeRF is compared to other point-based approaches, emphasizing its competitive nature.,bc89a68c3dca427bbca1eeafce62d75b
refinement,accuracy,Geometry refinement impacts accuracy, suggesting a trade-off or factor affecting performance.,bc89a68c3dca427bbca1eeafce62d75b
performance,speed,Performance and speed are evaluation metrics, implying that higher speed is desirable without compromising accuracy.,bc89a68c3dca427bbca1eeafce62d75b
speedup,performance,Our method achieves an 80-fold speedup while ranking as the second-highest performance.,5ca5a0b5263a4f8da1abfed8a9aa51b3
point-based methods,ray-tracing-based methods,The results show that Point-SLAM can produce multi-surface effects, making it a suitable balance between performance and speed for ray-tracing-based approaches.,5ca5a0b5263a4f8da1abfed8a9aa51b3
point-slam,voxel-based method,We compare Point-SLAM with voxel-based method [69] on the Replica dataset, focusing on rendering.,5ca5a0b5263a4f8da1abfed8a9aa51b3
point-slam,our approach,Our approach outperforms Point-SLAM in PSNR, SSIM, and is more efficient.,5ca5a0b5263a4f8da1abfed8a9aa51b3
depth-guided sampling,uniform multi-surface sampling (us),Point-SLAM uses depth-guided sampling, whereas our method dynamically collects points, making it 1.8 times faster than depth-guided and 11.5 times faster than US.,5ca5a0b5263a4f8da1abfed8a9aa51b3
bf,k-np,In the Waymo dataset evaluation, our methods replace BF and K-NP in the comparison with radiance-based methods.,5ca5a0b5263a4f8da1abfed8a9aa51b3
radiance-based methods,original method,Our method is compared with radiance-based methods and the original [41] on the Waymo dataset.,5ca5a0b5263a4f8da1abfed8a9aa51b3
shapenet dataset,pointersect,Our approach's integration with Pointersect improves performance over NPBG++ and Pointersect on ShapeNet, showing better search efficiency.,331a5fd3f34f4432a7886c5898c5e0a6
nvidia rtx 4090 gpu,processing large-scale point cloud data,The proposed method runs efficiently on the GPU, taking only 4 ms for 1 million points, demonstrating high efficiency in handling large data.,331a5fd3f34f4432a7886c5898c5e0a6
point-nerf,hs (ours),HS significantly outperforms Point-NeRF's UG by a factor of 5, showcasing better results.,331a5fd3f34f4432a7886c5898c5e0a6
primary surface sampling (ours),point-nerf's sampling,Our primary surface sampling is more efficient and accurate compared to Point-NeRF's sampling.,331a5fd3f34f4432a7886c5898c5e0a6
nerf-synthesis dataset,primary surface sampling (ours),Results on NeRF-Synthesis demonstrate that our primary sampling maintains accuracy while being more efficient.,331a5fd3f34f4432a7886c5898c5e0a6
waymo dataset,car body sampling,Comparison on Waymo shows that our primary sampling accurately captures car bodies compared to NPLF's K-nearest point selection.,331a5fd3f34f4432a7886c5898c5e0a6
method,nplf,Our method outperforms NPLF in accuracy and has enhanced efficiency compared to brute-force (BF) methods.,331a5fd3f34f4432a7886c5898c5e0a6
shapenet,per-scene optimization,The evaluation on ShapeNet is done without per-scene optimization, using Pointersect's training setting.,331a5fd3f34f4432a7886c5898c5e0a6
pointersect training setting,sketchfab dataset,The Pointersect model is trained on 48 meshes from the Sketchfab dataset.,47d4c425f2624b8eafc3b046a617f131
pointersect,48 training meshes,Pointersect is trained on these meshes during the training setting.,47d4c425f2624b8eafc3b046a617f131
pointersect architecture,reduced neighbor points input,The architecture is streamlined by decreasing the number of input neighbor points from 40 to 6.,47d4c425f2624b8eafc3b046a617f131
primary surface points,robust outcomes,Using only the K nearest points of the primary surface leads to robust results.,47d4c425f2624b8eafc3b046a617f131
primary surface points,efficiency enhancement,This approach accelerates the inference process.,47d4c425f2624b8eafc3b046a617f131
our method,traditional point cloud search methods,Our method outperforms uniform grid, K-d tree, and Octree in point cloud search efficiency.,47d4c425f2624b8eafc3b046a617f131
ours,uniform grid, k-d tree, octree,Comparison with traditional methods in Figure 7 shows superior performance.,47d4c425f2624b8eafc3b046a617f131
nerf-synthesis dataset,ablation study,An ablation study is conducted on the NeRF-Synthesis dataset.,47d4c425f2624b8eafc3b046a617f131
hashed-point searching (hs),adaptive primary surface sampling (ps),HS and PS are components of the ablation study in Figure 8.,47d4c425f2624b8eafc3b046a617f131
uniform grid (ug) searching,ablation study,UG searching is part of the comparison in the ablation study.,47d4c425f2624b8eafc3b046a617f131
hashed-point searching,adaptive primary surface sampling,Both are techniques mentioned in the context, where Hashed-Point Searching is combined with Adaptive Primary Surface Sampling for improved speed and efficiency.,bca1d1ca8bad4b46bb1caceff41395ca
uniform grid (ug) searching,multi-surfaces (ms) sampling,These are combined in option A, illustrating that they work together for better performance.,bca1d1ca8bad4b46bb1caceff41395ca
single surface sampling (ss),our primary surface sampling (ps),PS is compared to SS in Figure 8B, showing that PS adaptively collects points on the surface, providing a significant speed increase.,bca1d1ca8bad4b46bb1caceff41395ca
primary surface sampling (ps),point cloud distribution,PS is guided by the point cloud distribution, indicating a relationship based on data-driven sampling.,bca1d1ca8bad4b46bb1caceff41395ca
point-slam [48],single surface sampling (ss) comparison,Figure 8B compares PS to Point-SLAM, highlighting the advantage of PS over consistent gathering of points.,bca1d1ca8bad4b46bb1caceff41395ca
pointersect [10],k nearest points (k-np) selection,In Figure 8C, K-NP is shown to have higher accuracy than PS when initialized with noise, but PS still outperforms in overall performance.,bca1d1ca8bad4b46bb1caceff41395ca
point pruning and growing (p&g),necessity of geometry refinement,The left side of the illustration demonstrates the impact of P&G on PS, emphasizing its role in enhancing precision.,bca1d1ca8bad4b46bb1caceff41395ca
noise-initialized point clouds,k nearest points (k-np),K-NP uses noise-initialized points for selecting points near camera rays, affecting accuracy.,bca1d1ca8bad4b46bb1caceff41395ca
brute force (bf) searching,ug and k-np selection for sampling,These two are combined for sampling, suggesting a complementary relationship in the context.,bca1d1ca8bad4b46bb1caceff41395ca
primary surface sampling,point pruning and growing (p&g),Without P&G, points deviate from the true surface; P&G improves performance and contributes to process acceleration.,ee4d6cf5a2f24765987eb684b9aa00ac
primary surface sampling,k nearest points method (k-np),In noisy point clouds, K-NP outperforms PS; conversely, PS is superior in correct point clouds.,ee4d6cf5a2f24765987eb684b9aa00ac
point-nerf,point pruning and growing (p&g),Our method initializes with Mvsnet and applies P&G for optimizing noisy points.,ee4d6cf5a2f24765987eb684b9aa00ac
geometry refinement,point-nerf's strategy,Refinement improves performance by mitigating geometric noise's impact on feature extraction.,ee4d6cf5a2f24765987eb684b9aa00ac
point-slam,geometry optimization,Geometric optimization not applied in Point-SLAM results in lower performance.,ee4d6cf5a2f24765987eb684b9aa00ac
pointersect,geometry optimization,Similar to Point-SLAM, geometry optimization is not used in Pointersect, affecting its performance.,ee4d6cf5a2f24765987eb684b9aa00ac
nplf,geometry optimization,Geometric optimization absent in NPLF, leading to lower performance compared to our method with refinement.,ee4d6cf5a2f24765987eb684b9aa00ac
hashpoint searching,brute force (bf) approach,Hashpoint searching is five times faster than the BF approach.,ee4d6cf5a2f24765987eb684b9aa00ac
minute point optimization,training,minute point optimization is a technique used during the training process.,0888e9a527ec492fb07adf920747617a
speed gains,accuracy,The method achieves significant speed gains without compromising accuracy.,0888e9a527ec492fb07adf920747617a
γ and β parameters,noisy input,These parameters are used to manage noise in the input data.,0888e9a527ec492fb07adf920747617a
supplementary material,details,Additional details about the HashPoint technique are provided in the supplementary materials.,0888e9a527ec492fb07adf920747617a
ray tracing,rasterization,Ray tracing is combined with rasterization for enhanced point cloud rendering speed.,0888e9a527ec492fb07adf920747617a
hashpoint technique,hash table,HashPoint organizes point clouds in a hash table through rasterization for efficient searches.,0888e9a527ec492fb07adf920747617a
primary surface sampling,input points,Primary surface sampling reduces the number of input points, improving performance.,0888e9a527ec492fb07adf920747617a
rendering speed,million points,Searching through a million points is accelerated to 0.5 ms on a standard GPU.,0888e9a527ec492fb07adf920747617a
hashpoint approach,k nearest point methods,HashPoint outperforms KNN methods in both accuracy and speed.,0888e9a527ec492fb07adf920747617a
hashpoint,multi-surface sampling,HashPoint is faster than multi-surface sampling in rendering.,0888e9a527ec492fb07adf920747617a
accuracy,rendering speed,HashPoint advances both accuracy and rendering speed in point cloud rendering.,0888e9a527ec492fb07adf920747617a
