node_1,node_2,edge,chunk_id
abstracttext-based person search (tbps),natural language descriptions,TBPS aims to retrieve the person images using natural language descriptions,8cae603439ee4c8abc10bb26dcf67cd4
abstracttext-based person search (tbps),clip,facing the rise of research on the CLIP-based TBPS,8cae603439ee4c8abc10bb26dcf67cd4
clip,tbps,conduct a comprehensive empirical study of CLIP for TBPS,8cae603439ee4c8abc10bb26dcf67cd4
clip,downstream tasks,performed over various cross-modal downstream tasks,8cae603439ee4c8abc10bb26dcf67cd4
tbps,clip,make the first attempt to conduct a comprehensive empirical study of CLIP for TBPS,8cae603439ee4c8abc10bb26dcf67cd4
clip,model generalization,conduct the probing experiments of TBPS-CLIP in model generalization,8cae603439ee4c8abc10bb26dcf67cd4
clip,model compression,conduct the probing experiments of TBPS-CLIP in model compression,8cae603439ee4c8abc10bb26dcf67cd4
text-based person search (tbps),large-scale image database,TBPS retrieves the person images from a large-scale image database,793e33ea22794c428acd1099139baada
text-based person search (tbps),textual description,TBPS retrieves the person images from a large-scale image database given a textual description,793e33ea22794c428acd1099139baada
text-based person search (tbps),suspects,TBPS is gaining attention due to its potential applications in searching for suspects,793e33ea22794c428acd1099139baada
text-based person search (tbps),lost children,TBPS is gaining attention due to its potential applications in locating lost children,793e33ea22794c428acd1099139baada
fine-grained retrieval task,challenges,As a fine-grained retrieval task, it shows challenges in achieving effective cross-modal alignment and efficient cross-modal retrieval,793e33ea22794c428acd1099139baada
methods,challenges,Many methods focus on addressing the challenges of achieving effective cross-modal alignment and efficient cross-modal retrieval,793e33ea22794c428acd1099139baada
methods,representations,Many methods focus on projecting representations extracted from each modality into one shared space,793e33ea22794c428acd1099139baada
vlp models,cross-modal alignment,VLP models are equipped with an adequate understanding of cross-modal alignment,793e33ea22794c428acd1099139baada
vlp methods,performance,VLP methods have verified excellent performance on various cross-modal downstream tasks,793e33ea22794c428acd1099139baada
research,vlp for tbps,The research under VLP for TBPS is now in its infancy,793e33ea22794c428acd1099139baada
vlp,tbps,VLP for TBPS is mentioned in the context, indicating a relationship between VLP and TBPS,468073942e8a48ff95077313de58f404
clip,vlp,CLIP is mentioned as a method among VLP methods, indicating a relationship between CLIP and VLP,468073942e8a48ff95077313de58f404
clip,tbps,Researchers are exploring CLIP-based TBPS methods, indicating a relationship between CLIP and TBPS,468073942e8a48ff95077313de58f404
clip,data augmentation,The paper explores the fine-tuning potential of CLIP for TBPS from the perspective of data augmentation, indicating a relationship between CLIP and data augmentation,468073942e8a48ff95077313de58f404
random horizontal flip,image,The random horizontal flip is applied to the image, as mentioned in the context.,3584388e37e1420e8413c2d91b216d67
data augmentation strategies,tbps,Various data augmentation strategies are comprehensively evaluated for TBPS in the study.,3584388e37e1420e8413c2d91b216d67
loss function,performance,Designing rational and practical loss functions is critical to improving performance in TBPS.,3584388e37e1420e8413c2d91b216d67
loss function,research direction,Designing rational and practical loss functions has been an increasingly active research direction in TBPS community.,3584388e37e1420e8413c2d91b216d67
loss function,clip,CLIP is taken as a hotbed and a series of probing studies are conducted to analyze the effectiveness of various loss functions in TBPS.,3584388e37e1420e8413c2d91b216d67
tbps methods,loss functions,The loss functions in existing TBPS methods are well-designed mainly from exploring the TBPS task and belong to the task-oriented loss functions.,3584388e37e1420e8413c2d91b216d67
empirical studies,tricks,The empirical studies enable the development of a strong TBPS-CLIP baseline, combined with other valuable tricks detailed in later sections.,3584388e37e1420e8413c2d91b216d67
tbps-clip,performance,TBPS-CLIP attains competitive performance under a very lightweight and low-cost architecture.,3584388e37e1420e8413c2d91b216d67
clip,tbps-clip,TBPS-CLIP is targeted as the baseline of TBPS, for which its effectiveness as the baseline is experimentally proved. TBPS-CLIP offers high-performance, lightweight, cost-effective architecture and ease of use.,34a7ec0f07fe4a5196655586cb15bea5
clip,tasks,CLIP has become a baseline of various tasks due to its effectiveness and simplicity.,34a7ec0f07fe4a5196655586cb15bea5
tbps-clip,tasks,CLIP has become a baseline of various tasks due to its effectiveness and simplicity.,34a7ec0f07fe4a5196655586cb15bea5
tbps-clip,few-shot tbps,We provide a preliminary exploration of the few-shot TBPS under CLIP and the superiority of TBPS-CLIP in the few-shot setting is also proved.,34a7ec0f07fe4a5196655586cb15bea5
tbps-clip,model compression,We provide insights into the internal properties of TBPS-CLIP by investigating the contribution of each module to the final retrieval performance. These insights offer the guidance for compression of TBPS-CLIP.,34a7ec0f07fe4a5196655586cb15bea5
tbps-clip,tbps community,this paper contributes a strong TBPS-CLIP baseline to the TBPS community.,34a7ec0f07fe4a5196655586cb15bea5
tbps-clip,academia and industry,All these manifest the applicability of TBPS-CLIP in both academia and industry.,34a7ec0f07fe4a5196655586cb15bea5
tbps,person re-identification,TBPS is closely connected with person re-identification.,34a7ec0f07fe4a5196655586cb15bea5
tbps,image-text retrieval,TBPS is closely connected with image-text retrieval.,34a7ec0f07fe4a5196655586cb15bea5
tbps methods,unimodal pre-trained models,TBPS methods mainly adopt unimodal pre-trained models as backbones,35b323231c8b4a47b70d0d4a5bca562e
tbps methods,resnet-50,TBPS methods typically use ResNet-50 as the image encoder,35b323231c8b4a47b70d0d4a5bca562e
tbps methods,vit,TBPS methods typically use ViT as the image encoder,35b323231c8b4a47b70d0d4a5bca562e
tbps methods,lstm,TBPS methods typically use LSTM as the text encoder,35b323231c8b4a47b70d0d4a5bca562e
tbps methods,bert,TBPS methods typically use BERT as the text encoder,35b323231c8b4a47b70d0d4a5bca562e
tbps methods,specific losses,Some works design specific losses to learn discriminative representations based on the unimodal backbones,35b323231c8b4a47b70d0d4a5bca562e
vlp,cross-modal tasks,VLP’s great success on cross-modal tasks in recent years,35b323231c8b4a47b70d0d4a5bca562e
vlp,tbps solutions,researchers have begun pushing the frontier of TBPS solutions with VLP,35b323231c8b4a47b70d0d4a5bca562e
clip,text feature encoding,Han et al. enhance text feature encoding by using CLIP as the backbone,35b323231c8b4a47b70d0d4a5bca562e
cfine,cross-modal correspondence,CFine leverages CLIP image encoder to enhance cross-modal correspondence,35b323231c8b4a47b70d0d4a5bca562e
clip,image encoder,CLIP leverages the image encoder to enhance cross-modal correspondence by replacing the text encoder with BERT to prevent distortion of intra-modal information.,31269ed253a945a594019038ce9875d2
clip,bert,CLIP replaces the text encoder with BERT to prevent distortion of intra-modal information.,31269ed253a945a594019038ce9875d2
tp-tps,clip,TP-TPS probes textual capabilities of CLIP by aligning images with multi-integrity descriptions and attribute prompts.,31269ed253a945a594019038ce9875d2
irra,clip,IRRA designs an implicit relation reasoning module above CLIP to align fine-grained information across modalities.,31269ed253a945a594019038ce9875d2
rasa,albef,RaSa develops two novel losses under ALBEF.,31269ed253a945a594019038ce9875d2
bai et al.,vlp,Bai et al. leverage VLP knowledge to solve TBPS without parallel image-text data.,31269ed253a945a594019038ce9875d2
this paper,clip,This paper aims to maximize the potential of CLIP itself for TBPS without relying on additional modules, resulting in TBPS-CLIP with competitive performance.,31269ed253a945a594019038ce9875d2
vlp,pre-training,VLP methods leverage large-scale pre-training on abundant image-text pairs, enabling the models to learn robust cross-modal representations that can be further fine-tuned for different downstream tasks.,31269ed253a945a594019038ce9875d2
clip,radford et al.,CLIP stands out for its excellent performance according to Radford et al.,31269ed253a945a594019038ce9875d2
clip,slip,SLIP introduces a self-supervised learning loss alongside the contrastive loss in CLIP,cc70b504c8084f7197c69b69bd927e3f
clip,filip,FILIP employs a token-wise maximum similarity between visual and textual tokens to guide the contrastive loss in CLIP,cc70b504c8084f7197c69b69bd927e3f
clip,declip,DeCLIP exploits multiple supervisions, including self-supervision, multi-view supervision and nearest-neighbor supervision, to replace the single contrastive supervision in CLIP,cc70b504c8084f7197c69b69bd927e3f
coop,clip,CoOp utilizes learnable vectors as the prompts and achieves significant performance gain in a few-shot regime in CLIP,cc70b504c8084f7197c69b69bd927e3f
clip-adapter,clip,CLIP-Adapter appends the learnable module to CLIP and achieves decent few-shot results by only fine-tuning this module,cc70b504c8084f7197c69b69bd927e3f
clip,training tricks,The empirical study in Section 3.1 introduces some practical training tricks to strengthen the CLIP baseline,cc70b504c8084f7197c69b69bd927e3f
clip,data augmentations,The empirical study in Section 3.2 elaborates data augmentations for CLIP,cc70b504c8084f7197c69b69bd927e3f
clip,loss functions,The empirical study in Section 3.3 elaborates loss functions for CLIP,cc70b504c8084f7197c69b69bd927e3f
clip,model generalization,Model generalization is examined in Section 3.4 for CLIP,cc70b504c8084f7197c69b69bd927e3f
clip,model compression,Model compression is discussed in Section 3.5 for CLIP,cc70b504c8084f7197c69b69bd927e3f
appendix,contents,The Appendix contains the contents.,82593c0116224b3dbc960bd0b98d9bb4
model,figure 1.3.1,Figure 1.3.1 illustrates the overview of the model.,82593c0116224b3dbc960bd0b98d9bb4
training tricks,clip,The four common training tricks around CLIP are investigated.,82593c0116224b3dbc960bd0b98d9bb4
training tricks,global gradients back-propagation,Global gradients back-propagation is one of the four common training tricks investigated.,82593c0116224b3dbc960bd0b98d9bb4
training tricks,dropout,Dropout is one of the four common training tricks investigated.,82593c0116224b3dbc960bd0b98d9bb4
training tricks,locking bottom layers,Locking bottom layers is one of the four common training tricks investigated.,82593c0116224b3dbc960bd0b98d9bb4
training tricks,soft label,Soft label is one of the four common training tricks investigated.,82593c0116224b3dbc960bd0b98d9bb4
data augmentations,image augmentation,Image augmentations are classified into two groups: removal and alteration.,82593c0116224b3dbc960bd0b98d9bb4
removal,alteration,The two groups of image augmentation are removal and alteration.,82593c0116224b3dbc960bd0b98d9bb4
removal,randomresizedcrop,RandomResizedCrop is an operation that removes some information from the image.,82593c0116224b3dbc960bd0b98d9bb4
removal,randomerasing,RandomErasing is an operation that removes some information from the image.,82593c0116224b3dbc960bd0b98d9bb4
removal,randomgrayscale,RandomGrayscale is an operation that removes some information from the image.,82593c0116224b3dbc960bd0b98d9bb4
removal,gaussianblur,GaussianBlur is an operation that removes some information from the image.,82593c0116224b3dbc960bd0b98d9bb4
alteration,colorjitter,ColorJitter is an operation that alters the color or orientation of the image while keeping the main content.,82593c0116224b3dbc960bd0b98d9bb4
alteration,randomhorizontalflip,RandomHorizontalFlip is an operation that alters the orientation of the image while keeping the main content.,82593c0116224b3dbc960bd0b98d9bb4
alteration,randomverticalflip,RandomVerticalFlip is an operation that alters the orientation of the image while keeping the main content.,82593c0116224b3dbc960bd0b98d9bb4
alteration,randomrotation,RandomRotation is an operation that alters the orientation of the image while keeping the main content.,82593c0116224b3dbc960bd0b98d9bb4
multiple augmentations,original image,Using multiple augmentations simultaneously can introduce significant distortion to the original image, leading to a decline in performance.,82593c0116224b3dbc960bd0b98d9bb4
autoaugment,cubuk et al. 2018,AutoAugment automatically searches for the best augmentation policy using reinforcement learning.,82593c0116224b3dbc960bd0b98d9bb4
randaugment,cubuk et al. 2020,RandAugment randomly selects from a pool of augmentation operations.,82593c0116224b3dbc960bd0b98d9bb4
randaugment,autoaugment,RandAugment removes the searching stage in AutoAugment.,82593c0116224b3dbc960bd0b98d9bb4
randaugment,number of augmentations,RandAugment involves two hyperparameters: the number of augmentations.,82593c0116224b3dbc960bd0b98d9bb4
randaugment,magnitude,RandAugment involves two hyperparameters: the magnitude.,82593c0116224b3dbc960bd0b98d9bb4
randaugment,n,The default setting for N in RandAugment is 2.,82593c0116224b3dbc960bd0b98d9bb4
randaugment,m,The default setting for M in RandAugment is 9.,82593c0116224b3dbc960bd0b98d9bb4
trivialaugment,m¨uller,TrivialAugment is referenced to M¨uller.,82593c0116224b3dbc960bd0b98d9bb4
n,m,denoted as N, and the magnitude, denoted as M,ce8d1721d4a4428ebecff43790d12d9a
trivialaugment,randaugment,further drops the requirement of setting hyperparameters in RandAugment,ce8d1721d4a4428ebecff43790d12d9a
trivialaugment,augmentation pool strategy,An augmentation pool strategy is designed in this paper, inspired by the above-mentioned automatic data augmentations,ce8d1721d4a4428ebecff43790d12d9a
text augmentation,image augmentation,options are relatively more limited compared to image augmentation due to the abstract and discrete nature of language,ce8d1721d4a4428ebecff43790d12d9a
back translation,original text,translates the original text to a specific language and then translates it back,ce8d1721d4a4428ebecff43790d12d9a
synonym replacement,sentence,randomly selects words from the sentence and replaces with randomly chosen synonyms,ce8d1721d4a4428ebecff43790d12d9a
random insertion,sentence,randomly chooses some words from the sentence and the synonyms of selected words are then inserted into random positions of the sentence,ce8d1721d4a4428ebecff43790d12d9a
random swap,sentence,selects two words from the sentence at random and interchanges their positions,ce8d1721d4a4428ebecff43790d12d9a
random deletion,word,randomly removes each word in,ce8d1721d4a4428ebecff43790d12d9a
sentence,random,random deletion randomly removes each word in a sentence.,7234094960084f7b86c7b5e8926e9944
eda,sentence,EDA randomly selects one from synonym replacement, random insertion, random swap and random deletion and applies it to the sentence.,7234094960084f7b86c7b5e8926e9944
clip,image-text contrastive loss,CLIP equips with an image-text contrastive loss to pull positive samples together while pushing negative ones apart.,7234094960084f7b86c7b5e8926e9944
label,loss,Further, we normalize the label in the loss and obtain the normalized image-text contrastive loss.,7234094960084f7b86c7b5e8926e9944
n-itc,image-text contrastive loss,Beyond N-ITC, we study other losses in two directions.,7234094960084f7b86c7b5e8926e9944
self-supervised loss,ss,The self-supervised loss (SS) aims to maximize the similarity between two different augmentations of an image and prompts learning robust feature representations.,7234094960084f7b86c7b5e8926e9944
similarity,augmentations,The context mentions maximizing the similarity between two different augmentations of an image, indicating a direct relationship between the two concepts.,1b1f577ed7284f2c80dceb6872c7b2a2
feature representations,sample,The feature representations of two augmentations of the sample are mentioned, indicating a direct relationship between the two concepts.,1b1f577ed7284f2c80dceb6872c7b2a2
ss,image,The SS can be applied on the image, indicating a direct relationship between the two concepts.,1b1f577ed7284f2c80dceb6872c7b2a2
ss,text,The SS can be applied on the text, indicating a direct relationship between the two concepts.,1b1f577ed7284f2c80dceb6872c7b2a2
ss,image and text,The SS can be applied on both image and text, indicating a direct relationship between the two concepts.,1b1f577ed7284f2c80dceb6872c7b2a2
n-itc,augmented data view,The N-ITC leverages one augmented data view, indicating a direct relationship between the two concepts.,1b1f577ed7284f2c80dceb6872c7b2a2
mvs-i,image,The multi-view supervision loss of image (MVS-I) can be applied on the image, indicating a direct relationship between the two concepts.,1b1f577ed7284f2c80dceb6872c7b2a2
mvs-t,text,The multi-view supervision loss of text (MVS-T) can be applied on the text, indicating a direct relationship between the two concepts.,1b1f577ed7284f2c80dceb6872c7b2a2
mvs-it,image and text,The multi-view supervision loss of image and text (MVS-IT) can be applied on both image and text, indicating a direct relationship between the two concepts.,1b1f577ed7284f2c80dceb6872c7b2a2
n-itc,image-text pair,The N-ITC approximates optimizing DKL(Q∥P ) for the image-text pair, indicating a direct relationship between the two concepts.,1b1f577ed7284f2c80dceb6872c7b2a2
image-text pair,similarity probability,The concept of high similarity probability is associated with assigning the image-text pair to high similarity probability when its label distribution places a high probability (i.e., positive pair).,bca3cb26c7fc44a08194fd70b87a6a27
cmpm (zhang and lu 2018),dkl(p∥q),The concept of CMPM (Zhang and Lu 2018) is related to optimizing DKL(P∥Q), where P and Q are reversed in the N-ITC, and the reversed image-text contrastive loss (R-ITC).,bca3cb26c7fc44a08194fd70b87a6a27
c-itc,n-itc,The concept of C-ITC is compared to other matching losses like N-ITC and R-ITC as illustrated in Figure 2.,bca3cb26c7fc44a08194fd70b87a6a27
(ip, tp),(in, tn),The paired cross-modal data (Ip, Tp) and (In, Tn) are mentioned in relation to the query text Tq sharing the same identity with (Ip, Tp).,bca3cb26c7fc44a08194fd70b87a6a27
lr−it c,dkl(pi,j∥ˆqi,j) + dkl(pj,i∥ˆqj,i),The concept of LR−IT C is defined as a combination of DKL(pi,j∥ˆqi,j) and DKL(pj,i∥ˆqj,i) to separate negative pairs in the context.,bca3cb26c7fc44a08194fd70b87a6a27
cyclip (goel et al. 2022),c-itc,The concept of CyCLIP (Goel et al. 2022) is related to studying the cyclic image-text contrastive loss (C-ITC) to enhance geometrical consistency in data representation space.,bca3cb26c7fc44a08194fd70b87a6a27
c-itc,image-text contrastive loss (c-itc),The study focuses on mitigating the problem by using the cyclic image-text contrastive loss (C-ITC),f6434c54b7984113b47d34f719ecb64f
geometry of the resulting representation space,learned representations,The right-hand side of Figure 2 shows the geometry of the resulting representation space. Specifically, the learned representations are regularized,f6434c54b7984113b47d34f719ecb64f
in-modality regularization,cross-modality regularization,For the in-modality regularization, the loss enables reducing the gap between the distance of the similarity of two images and that between the corresponding texts. For the cross-modality regularization, given two image-text pairs, the gap between their distances is minimized,f6434c54b7984113b47d34f719ecb64f
c-itc,lci−it c,The C-ITC can be formulated as the sum of LCI−IT C and LCC−IT C,f6434c54b7984113b47d34f719ecb64f
c-itc,lcc−it c,The C-ITC can be formulated as the sum of LCI−IT C and LCC−IT C,f6434c54b7984113b47d34f719ecb64f
empirical study on data augmentation and loss function,model generalization,Apart from the empirical study on data augmentation and loss function, the model generalization is also verified from two sides,f6434c54b7984113b47d34f719ecb64f
tbps-clip,baseline,The generalization of TBPS-CLIP as a baseline is evaluated by applying it to other TBPS methods,f6434c54b7984113b47d34f719ecb64f
tbps-clip,small amount of tbps training data,TBPS-CLIP is fine-tuned using a small amount of TBPS training data to assess its generalization in the few-shot setting,f6434c54b7984113b47d34f719ecb64f
clip∗,training tricks,CLIP∗ represents CLIP with all four training tricks. Ablations of training tricks on CUHK-PEDES.,eb7f8f3132364c8ab3ee040bef09dcf6
model compression,module's contribution,evaluates a specific module’s contribution by removing the module and observing the performance drop.,eb7f8f3132364c8ab3ee040bef09dcf6
model compression,module's importance,examines the module’s importance by measuring how closely the module’s weights can approach their initial values while maintaining a certain level of performance.,eb7f8f3132364c8ab3ee040bef09dcf6
experimental analyses,empirical studies,experimental analyses of the empirical studies are detailed in this section.,eb7f8f3132364c8ab3ee040bef09dcf6
experimental analyses,common technologies,our studies are directed at common technologies to keep the model simple.,eb7f8f3132364c8ab3ee040bef09dcf6
experimental analyses,tbps-specific view,discussing why these technologies can work in TBPS.,eb7f8f3132364c8ab3ee040bef09dcf6
comparisons,other methods,comparisons with other methods are carried out on three datasets: CUHK-PEDES, ICFG-PEDES, RSTPReid.,eb7f8f3132364c8ab3ee040bef09dcf6
comparisons,ablation studies,extensive ablation studies are on CUHK-PEDES.,eb7f8f3132364c8ab3ee040bef09dcf6
performance evaluation,rank-k and mean average precision (map),evaluation of performance is based on Rank-k and mean Average Precision (mAP).,eb7f8f3132364c8ab3ee040bef09dcf6
age precision,map,age Precision (mAP),95ce674459024f1d8b063fada97dc5f2
dataset,evaluation metric,evaluation metric and dataset,95ce674459024f1d8b063fada97dc5f2
tricks,clip,training tricks and CLIP,95ce674459024f1d8b063fada97dc5f2
tricks,table 1,training tricks and Table 1,95ce674459024f1d8b063fada97dc5f2
augmentation,results,optimal results of augmentation,95ce674459024f1d8b063fada97dc5f2
augmentation,hyperparameters,augmentation and hyperparameters,95ce674459024f1d8b063fada97dc5f2
randomresizedcrop,randomerasing,RandomResizedCrop and RandomErasing,95ce674459024f1d8b063fada97dc5f2
randomresizedcrop,randomgrayscale,RandomResizedCrop and RandomGrayscale,95ce674459024f1d8b063fada97dc5f2
randomerasing,randomgrayscale,RandomErasing and RandomGrayscale,95ce674459024f1d8b063fada97dc5f2
image augmentations,table 2,image augmentations and Table 2,95ce674459024f1d8b063fada97dc5f2
removal augmentations,performance,removal augmentations and performance,95ce674459024f1d8b063fada97dc5f2
randomgrayscale,color information,RandomGrayscale and color information,95ce674459024f1d8b063fada97dc5f2
randomerasing,randomgrayscale,Both are image augmentation techniques indicated with a checkmark,c404a0c7d1f447d7a13fb2ad41642d90
randomgrayscale,gaussianblur,RandomGrayscale and GaussianBlur are both image augmentation techniques, but GaussianBlur significantly degrades performance,c404a0c7d1f447d7a13fb2ad41642d90
randomgrayscale,colorjitter-bcs,Both are image augmentation techniques indicated with a checkmark,c404a0c7d1f447d7a13fb2ad41642d90
colorjitter-bcs,randomhorizontalflip,Both are image augmentation techniques indicated with a checkmark,c404a0c7d1f447d7a13fb2ad41642d90
randomhorizontalflip,randomverticalflip,Both are image augmentation techniques,c404a0c7d1f447d7a13fb2ad41642d90
randomverticalflip,randomrotation,Both are image augmentation techniques indicated with a checkmark,c404a0c7d1f447d7a13fb2ad41642d90
randomrotation,stacking together,Both are image augmentation techniques mentioned to apply multiple augmentations,c404a0c7d1f447d7a13fb2ad41642d90
stacking together,autoaug,Both are image augmentation techniques mentioned in the context,c404a0c7d1f447d7a13fb2ad41642d90
autoaug,randaug,Both are image augmentation techniques mentioned in the context,c404a0c7d1f447d7a13fb2ad41642d90
randaug,trivialaug,Both are image augmentation techniques mentioned in the context,c404a0c7d1f447d7a13fb2ad41642d90
trivialaug,augmentation pool,Both are image augmentation techniques mentioned in the context,c404a0c7d1f447d7a13fb2ad41642d90
gaussianblur,colorjitter-bcs,ColorJitter-BCS is beneficial for the performance, while GaussianBlur significantly degrades performance,c404a0c7d1f447d7a13fb2ad41642d90
gaussianblur,randomhorizontalflip,RandomHorizontalFlip is beneficial for the performance, while GaussianBlur significantly degrades performance,c404a0c7d1f447d7a13fb2ad41642d90
gaussianblur,randomrotation,RandomRotation is beneficial for the performance, while GaussianBlur significantly degrades performance,c404a0c7d1f447d7a13fb2ad41642d90
colorjitter-bcs,randomhorizontalflip,Both are mentioned as beneficial for the performance, increasing image diversity without altering image semantics, enhancing model’s robustness to different images and leading to improved performance,3364ec543ebf4b9884928cd2a8e8cc99
colorjitter-bcs,randomrota-tion,Both are mentioned as beneficial for the performance, increasing image diversity without altering image semantics, enhancing model’s robustness to different images and leading to improved performance,3364ec543ebf4b9884928cd2a8e8cc99
colorjitter-bcs,colorjitter-hue,ColorJitter-Hue is mentioned as hurting performance while ColorJitter-BCS is mentioned as beneficial for the performance,3364ec543ebf4b9884928cd2a8e8cc99
colorjitter-bcs,randomverticalflip,RandomVerticalFlip is mentioned as hurting performance while ColorJitter-BCS is mentioned as beneficial for the performance,3364ec543ebf4b9884928cd2a8e8cc99
randomhorizontalflip,randomrota-tion,Both are mentioned as beneficial for the performance, increasing image diversity without altering image semantics, enhancing model’s robustness to different images and leading to improved performance,3364ec543ebf4b9884928cd2a8e8cc99
randomhorizontalflip,colorjitter-hue,ColorJitter-Hue is mentioned as hurting performance while RandomHorizontalFlip is mentioned as beneficial for the performance,3364ec543ebf4b9884928cd2a8e8cc99
randomhorizontalflip,randomverticalflip,RandomVerticalFlip is mentioned as hurting performance while RandomHorizontalFlip is mentioned as beneficial for the performance,3364ec543ebf4b9884928cd2a8e8cc99
randomrota-tion,colorjitter-hue,ColorJitter-Hue is mentioned as hurting performance while RandomRota-tion is mentioned as beneficial for the performance,3364ec543ebf4b9884928cd2a8e8cc99
randomrota-tion,randomverticalflip,RandomVerticalFlip is mentioned as hurting performance while RandomRota-tion is mentioned as beneficial for the performance,3364ec543ebf4b9884928cd2a8e8cc99
colorjitter-hue,randomverticalflip,Both are mentioned as hurting performance,3364ec543ebf4b9884928cd2a8e8cc99
back translation,random deletion,Both are mentioned as effective text augmentations,3364ec543ebf4b9884928cd2a8e8cc99
synonym replacement,random insertion,These two techniques are mentioned together and are part of the text augmentation process.,92a3049d4d364be7923cf78564fe8a20
random insertion,random swap,Both techniques are mentioned together and are part of the text augmentation process.,92a3049d4d364be7923cf78564fe8a20
random deletion,eda,Random Deletion is mentioned with EDA as a technique that positively impacts performance.,92a3049d4d364be7923cf78564fe8a20
synonym replacement,eda,Synonym Replacement is mentioned with EDA as a technique that negatively impacts performance.,92a3049d4d364be7923cf78564fe8a20
random insertion,eda,Random Insertion is mentioned with EDA as a technique that negatively impacts performance.,92a3049d4d364be7923cf78564fe8a20
random swap,eda,Random Swap is mentioned with EDA as a technique that negatively impacts performance.,92a3049d4d364be7923cf78564fe8a20
eda,performance,The context mentions that EDA does not enhance performance.,bf6262f154d64e95841324fb29d99287
optimal augmentations,performance,The context states that after combining all optimal data augmentations, the Rank-1 accuracy is significantly increased by 2.44%,bf6262f154d64e95841324fb29d99287
optimal augmentations,data augmentations,The context mentions that the gain in performance is only from exploiting data augmentations.,bf6262f154d64e95841324fb29d99287
optimal augmentations,image,The context mentions 'Augmentation Pool' for image, indicating a relation between optimal augmentations and image.,bf6262f154d64e95841324fb29d99287
optimal augmentations,text,The context mentions 'Stacking Together' for text, indicating a relation between optimal augmentations and text.,bf6262f154d64e95841324fb29d99287
table 5,loss functions,The context discusses the effectiveness of loss functions in Table 5.,bf6262f154d64e95841324fb29d99287
n-itc,rank-1,The context states that replacing the original image-text contrastive loss with N-ITC in CLIP∗+Aug results in a slight improvement of 0.13% at Rank-1.,bf6262f154d64e95841324fb29d99287
ss-i,data efficiency,The context mentions that SS-I achieves the best performance compared to other loss functions aimed at improving data efficiency.,bf6262f154d64e95841324fb29d99287
mvs-i,data efficiency,The context mentions that MVS-I outperforms other loss functions aimed at improving data efficiency.,bf6262f154d64e95841324fb29d99287
image,data efficiency,The context indicates that leveraging image data for improving data efficiency is more effective.,bf6262f154d64e95841324fb29d99287
loss functions,cuhk-pedes,Ablations of loss functions on CUHK-PEDES.,ab8dde21fe0f494781db72e292be2a68
‘stacking together’,multiple losses,‘Stacking Together’ denotes that multiple losses with the ‘✓’ symbol are used to CLIP∗+Aug.,ab8dde21fe0f494781db72e292be2a68
r-itc,clip+aug,R-ITC leads to a significant boost of 1.41% compared to CLIP+Aug.,ab8dde21fe0f494781db72e292be2a68
tbps-clip,vit-b/16,TBPS-CLIP with ViT-B/16 as the image encoder outperforms the state-of-the-art method IRRA on ICFG-PEDES and RSTPReid.,ab8dde21fe0f494781db72e292be2a68
irra,multimodal interaction encoder,IRRA incorporates a multimodal interaction encoder after CLIP.,ab8dde21fe0f494781db72e292be2a68
tbps-clip,irra,TBPS-CLIP achieves promising results and is more lightweight than IRRA,6b872af156b54ca98e9d48646970ece8
tbps-clip,rasa,Compared with the methods without CLIP, we notice that RaSa performs strongly. The proposed TBPS-CLIP has the potential as a baseline to provide broader applications,6b872af156b54ca98e9d48646970ece8
rasa,irra,Although having outstanding performance, RaSa is cumbersome and challenging to support its generalization, as shown in Table 9.,6b872af156b54ca98e9d48646970ece8
irra,jiang and ye 2023,IRRA is a CLIP-based TBPS method mentioned in the context, and Jiang and Ye 2023 is associated with IRRA, possibly as its developers or a reference to a publication,eb6572d451124111bfdbdf22bc8b5a74
tbps-clip,vit-b/32,TBPS-CLIP is associated with ViT-B/32, possibly as a specific version or configuration of TBPS-CLIP,eb6572d451124111bfdbdf22bc8b5a74
clip,vit-b/16,CLIP is associated with ViT-B/16, possibly as a specific version or configuration of CLIP,eb6572d451124111bfdbdf22bc8b5a74
tbps-clip,vit-b/16,TBPS-CLIP is associated with ViT-B/16, possibly as a specific version or configuration of TBPS-CLIP,eb6572d451124111bfdbdf22bc8b5a74
simplified tbps-clip,vit-b/16,Simplified TBPS-CLIP is associated with ViT-B/16, possibly as a specific version or configuration of Simplified TBPS-CLIP,eb6572d451124111bfdbdf22bc8b5a74
irra,icfg-pedes,IRRA is mentioned in relation to ICFG-PEDES, possibly in the context of comparison or evaluation,eb6572d451124111bfdbdf22bc8b5a74
irra,rstpreid,IRRA is mentioned in relation to RSTPReid, possibly in the context of comparison or evaluation,eb6572d451124111bfdbdf22bc8b5a74
tbps-clip,vit-b/16,TBPS-CLIP is mentioned in relation to ViT-B/16, possibly in the context of comparison or evaluation,eb6572d451124111bfdbdf22bc8b5a74
tbps-clip,simplified version,TBPS-CLIP is associated with its simplified version, possibly in the context of comparison or evaluation,eb6572d451124111bfdbdf22bc8b5a74
irra,clip-based tbps method,IRRA is mentioned as a CLIP-based TBPS method, possibly indicating its category or type of method,eb6572d451124111bfdbdf22bc8b5a74
tbps-clip,few-shot capabilities,TBPS-CLIP is mentioned in relation to few-shot capabilities, possibly in the context of evaluation or testing,eb6572d451124111bfdbdf22bc8b5a74
clip,few-shot tbps,CLIP is mentioned in relation to few-shot TBPS, possibly in the context of evaluation or testing,eb6572d451124111bfdbdf22bc8b5a74
clip,poor performance,CLIP presents a poor performance in few-shot TBPS, especially, the representative few-shot CLIP variants (CoOp and CLIP-(a) TBPS-CLIP(b) Simplified TBPS-CLIP,aad043b40d784238b9e20bb7e8456e39
clip,few-shot clip variants,CLIP presents a poor performance in few-shot TBPS, especially, the representative few-shot CLIP variants (CoOp and CLIP-(a) TBPS-CLIP(b) Simplified TBPS-CLIP,aad043b40d784238b9e20bb7e8456e39
clip,coop,CLIP presents a poor performance in few-shot TBPS, especially, the representative few-shot CLIP variants (CoOp and CLIP-(a) TBPS-CLIP(b) Simplified TBPS-CLIP,aad043b40d784238b9e20bb7e8456e39
clip,simplified tbps-clip,CLIP presents a poor performance in few-shot TBPS, especially, the representative few-shot CLIP variants (CoOp and CLIP-(a) TBPS-CLIP(b) Simplified TBPS-CLIP,aad043b40d784238b9e20bb7e8456e39
clip,tbps,The trend of performance when dropping/freezing some layers of the text encoder on CUHK-PEDES,aad043b40d784238b9e20bb7e8456e39
tbps,clip,The trend of performance when dropping/freezing some layers of the text encoder on CUHK-PEDES,aad043b40d784238b9e20bb7e8456e39
tbps,vitaa,w/o CLIP: ViTAA (Wang et al. 2020),aad043b40d784238b9e20bb7e8456e39
tbps,ssan,w/o CLIP: SSAN (Ding et al. 2021),aad043b40d784238b9e20bb7e8456e39
tbps,lgur,w/o CLIP: LGUR (Shao et al. 2022),aad043b40d784238b9e20bb7e8456e39
tbps,saf,w/o CLIP: SAF (Li, Cao, and Zhang 2022),aad043b40d784238b9e20bb7e8456e39
tbps,ivt,w/o CLIP: IVT (Shu et al. 2023),aad043b40d784238b9e20bb7e8456e39
tbps,rasa,w/o CLIP: RaSa (Bai et al. 2023a),aad043b40d784238b9e20bb7e8456e39
tbps,tp-tps,w/ CLIP: TP-TPS (Wang et al. 2023),aad043b40d784238b9e20bb7e8456e39
tbps,cfine,w/ CLIP: CFine (Yan et al. 2022),aad043b40d784238b9e20bb7e8456e39
tbps,irra,w/ CLIP: IRRA (Jiang and Ye 2023),aad043b40d784238b9e20bb7e8456e39
tbps,vit-b/32,CLIP (ViT-B/32),aad043b40d784238b9e20bb7e8456e39
tbps,vit-b/16,CLIP (ViT-B/16),aad043b40d784238b9e20bb7e8456e39
tp-tps,wang,TP-TPS is related to Wang et al. 2023,559b39db23c6432381c2a4c0d0166e0a
irra,jiang,IRRA is related to Jiang and Ye 2023,559b39db23c6432381c2a4c0d0166e0a
clip,vit-b/32,CLIP is related to ViT-B/32,559b39db23c6432381c2a4c0d0166e0a
tbps-clip,vit-b/32,TBPS-CLIP is related to ViT-B/32,559b39db23c6432381c2a4c0d0166e0a
tbps-clip,vit-b/16,TBPS-CLIP is related to ViT-B/16,559b39db23c6432381c2a4c0d0166e0a
simplified tbps-clip,vit-b/16,Simplified TBPS-CLIP is related to ViT-B/16,559b39db23c6432381c2a4c0d0166e0a
tbps-clip,clip,TBPS-CLIP is related to CLIP,559b39db23c6432381c2a4c0d0166e0a
metrics,methodsbaselinesparam,The computation of the metrics, along with the MethodsBaselinesParam.,a7d2601a13954b3093f182040a022219
epochalbef,rasa,The computation of the metrics, along with the MethodsBaselinesParam.,a7d2601a13954b3093f182040a022219
epochalbef,irra,The mean Inverse Negative Penalty (mINP) is used in IRRA and also adopted here for comparison.,a7d2601a13954b3093f182040a022219
irra,clip,The mean Inverse Negative Penalty (mINP) is used in IRRA and also adopted here for comparison.,a7d2601a13954b3093f182040a022219
irra,tbps-clip,The mean Inverse Negative Penalty (mINP) is used in IRRA and also adopted here for comparison.,a7d2601a13954b3093f182040a022219
irra,s. tbps-clip,The mean Inverse Negative Penalty (mINP) is used in IRRA and also adopted here for comparison.,a7d2601a13954b3093f182040a022219
tbps-clip,clip,Performance under few-shot settings (5% training data) on CUHK-PEDES.,a7d2601a13954b3093f182040a022219
tbps-clip,s. tbps-clip,Performance under few-shot settings (5% training data) on CUHK-PEDES.,a7d2601a13954b3093f182040a022219
figure 3,text encoder,Figure 3 shows that freezing some layers of the text encoder does not have much impact on performance,ee8e75d2cbd947b3b5abc01c16e83951
text encoder,dropping operation,Freezing some layers of the text encoder does not have much impact on performance while the dropping operation can negatively affect performance,ee8e75d2cbd947b3b5abc01c16e83951
tbps-clip,text encoder,We can compress TBPS-CLIP during training by freezing part of text encoder,ee8e75d2cbd947b3b5abc01c16e83951
clip,tbps,CLIP, equipped with common data augmentations, loss functions, and practical training tricks, can achieve promising results on multiple TBPS benchmarks,ee8e75d2cbd947b3b5abc01c16e83951
tbps-clip,model generalization,The proposed TBPS-CLIP is effective in terms of model generalization and model compression,ee8e75d2cbd947b3b5abc01c16e83951
tbps-clip,empirical study,Our empirical study aims to offer practical guidance for future research on CLIP-based TBPS,ee8e75d2cbd947b3b5abc01c16e83951
national science foundation of china,grant nsfc 62002252,This work was supported by the National Science Foundation of China under Grant NSFC 62002252,ee8e75d2cbd947b3b5abc01c16e83951
national science foundation of china,priority academic program development of jiangsu higher education institutions,This work was supported by the National Science Foundation of China under the Priority Academic Program Development of Jiangsu Higher Education Institutions,ee8e75d2cbd947b3b5abc01c16e83951
