node_1,node_2,edge,chunk_id
stylegan,state-of-the-art,is a,eab203f3629946f08daeef0a44b0c681
stylegan,initial noise vectors,maps to,eab203f3629946f08daeef0a44b0c681
initial noise vectors,style codes,control,eab203f3629946f08daeef0a44b0c681
latent spaces,disentangled,are heavily,eab203f3629946f08daeef0a44b0c681
latent spaces,manipulate,easy to,eab203f3629946f08daeef0a44b0c681
editing methods,stylegan,include,eab203f3629946f08daeef0a44b0c681
stylerig,3d morphable face model,required by,eab203f3629946f08daeef0a44b0c681
stylitgan,stylerig,comparison with,eab203f3629946f08daeef0a44b0c681
stylitgan,indoor scenes,can handle,eab203f3629946f08daeef0a44b0c681
yang et al.'s method,binary classifier,uses,eab203f3629946f08daeef0a44b0c681
latent space directions,indoor lighting,represent,eab203f3629946f08daeef0a44b0c681
stylitgan,stylerig,advantage over,eab203f3629946f08daeef0a44b0c681
stylitgan,complex indoor scenes,extends to,eab203f3629946f08daeef0a44b0c681
color or albedo,changed by yang et al.'s method,affected by,eab203f3629946f08daeef0a44b0c681
stylitgan,diverse realistic relighting effects,generates,eab203f3629946f08daeef0a44b0c681
styleflow,gan-control,requirement comparison,eab203f3629946f08daeef0a44b0c681
stylegan,latent variables (w+),StyleGAN is manipulated by adjusting the w+ latent variables without modifying the model weights.,e39974c6d5ba43dc8bc5228a81e3a6dc
latent variables (w+),lighting directions (di),The model seeks a set of lighting directions that are independent of w+ and influence the generated image.,e39974c6d5ba43dc8bc5228a81e3a6dc
lighting directions (di),generated images,These lighting directions, once found, are applied universally to all other generated images.,e39974c6d5ba43dc8bc5228a81e3a6dc
pretrained stylegan,random gaussian noise,An image is generated from random Gaussian noise using the pretrained StyleGAN.,e39974c6d5ba43dc8bc5228a81e3a6dc
novel relighted versions,original image,The model generates novel relighted versions of the same image by combining the original with different lighting directions.,e39974c6d5ba43dc8bc5228a81e3a6dc
latent directions,relighting directions,These two terms refer to the same set of directions in the context, which are used to change lighting conditions in the images.,fcac588c704c4cbc9e0f0b2673832074
classifier (f),latent directions,Classifier F is trained to predict the relighting directions applied to image pairs, and these directions are jointly updated with the classifier during training.,fcac588c704c4cbc9e0f0b2673832074
pretrained decomposition model (d),image decomposition,The first stage of the method uses a pretrained model to decompose images, likely separating the image into components like albedo and shading.,fcac588c704c4cbc9e0f0b2673832074
consistency loss,albedo,The consistency loss maintains the albedo unchanged while the image undergoes relighting, ensuring the focus on lighting-related changes.,fcac588c704c4cbc9e0f0b2673832074
diversity loss,shading,The diversity loss encourages diverse shading changes in the images, reflecting the variation in lighting conditions.,fcac588c704c4cbc9e0f0b2673832074
stylitgan,first stage,StyLitGAN has two stages; the first one involves decomposing images, while the second stage focuses on searching for and training the classifier F.,fcac588c704c4cbc9e0f0b2673832074
stylitgan,second stage,The second stage of StyLitGAN involves jointly optimizing the latent directions and classifier F for relighting-related tasks.,fcac588c704c4cbc9e0f0b2673832074
latent directions,relighting,Latent directions are specifically designed to pertain to relighting, ensuring that the generated images reflect changes in shading while preserving albedo.,1a40fa36f9064de58264b1af7c610384
baseline stylegan models,pretrained models,These models, from [49] for bedrooms, faces, and churches, and [13] for various room types, serve as the foundation for the research.,1a40fa36f9064de58264b1af7c610384
dual-contrastive loss,training method,The baseline models use a dual-contrastive loss to optimize the StyleGAN training.,1a40fa36f9064de58264b1af7c610384
stylegan2,baseline models,StyleGAN2 is another model type used with pre-trained models from [13] for specific room categories.,1a40fa36f9064de58264b1af7c610384
image decomposition,albedo, shading, gloss maps,Images are decomposed into separate components representing albedo, shading, and gloss (when available).,1a40fa36f9064de58264b1af7c610384
forsyth and rock method,decomposition technique,This self-supervised method, cited by [14], is employed for decomposition.,1a40fa36f9064de58264b1af7c610384
bhattad and forsyth variant,decomposition technique,A variant of Forsyth's method, from [3], is also used in the process.,1a40fa36f9064de58264b1af7c610384
statistical spatial models,decomposition parameterization,By adjusting these models, different decompositions can be created based on Land's Retinex theory.,1a40fa36f9064de58264b1af7c610384
forward selection process,finalizing relighting directions,A selection process is employed to choose directions that minimize albedo and geometry shifts while maintaining diverse relighting.,1a40fa36f9064de58264b1af7c610384
i(w+),stylegan-generated image,I(w+) represents the image produced by StyleGAN with modified style codes w+.,1a40fa36f9064de58264b1af7c610384
albedo,unchanged in relighting,In relighting, albedo should remain constant while shading undergoes change.,1a40fa36f9064de58264b1af7c610384
shading,variable in relighting,The primary focus of relighting is to alter the shading of an image.,1a40fa36f9064de58264b1af7c610384
gloss,variable (when available),Gloss may also change in the relit image, depending on the availability of a gloss map.,1a40fa36f9064de58264b1af7c610384
over-saturation penalty,under-saturation penalty,Both are components of the saturation penalty calculation, where λoversat and λundersat are their respective weights.,c39fbb666d3d46149540bd8db428da13
pixel intensity,saturation threshold,The penalty is computed as the mean squared difference between pixel intensity (Ii,j) and the saturation threshold (s).,c39fbb666d3d46149540bd8db428da13
stylegan,style code directions,StyleGAN is prompted to find directions that do not change albedo and strongly change the image.,c39fbb666d3d46149540bd8db428da13
albedo,shading components,During recoloring, the model swaps albedo and shading components, excluding decorrelation loss.,c39fbb666d3d46149540bd8db428da13
loss weights (λ coefficients),good results,Obtaining good results from image edits depends on carefully choosing the λ coefficients for various losses.,c39fbb666d3d46149540bd8db428da13
image decomposition models,admissible models,Multiple models are used to obtain directions, and a subset of them are chosen based on their suitability.,c39fbb666d3d46149540bd8db428da13
prompting stylegan,direction selection process,The process involves guiding StyleGAN to find specific directions through different model inputs.,c39fbb666d3d46149540bd8db428da13
hyperparameter settings,directions,Directions are obtained across various hyperparameter settings to ensure versatility.,c39fbb666d3d46149540bd8db428da13
admissible models,albedo change,We choose admissible models based on a plot of albedo change versus diversity, as there's no direct comparison between the effects.,f0f71a2b10514c0aaad9d5eb766b873f
admissible models,forward selection,After finding a subset of admissible models, forward selection is used to find a smaller set of polished directions within the pooled results.,f0f71a2b10514c0aaad9d5eb766b873f
superpoints [19],interest points,SuperPoints is employed to locate 100 interest points in the original StyleGAN-generated image.,f0f71a2b10514c0aaad9d5eb766b873f
image patches,albedo change measurement,Albedo change is measured between patches formed around interest points under different lightings.,f0f71a2b10514c0aaad9d5eb766b873f
rgb vectors,albedo difference,The difference in albedos is calculated for RGB vectors at each location, considering illumination changes.,f0f71a2b10514c0aaad9d5eb766b873f
illumination field,linear function approximation,The illumination field on small patches is modeled as a linear function.,f0f71a2b10514c0aaad9d5eb766b873f
albedo,illuminance intensity,The albedo remains constant while the illuminance intensity may change.,f0f71a2b10514c0aaad9d5eb766b873f
illumination field,albedo,The illumination field on a patch can be modeled as a linear function, where albedos 'a' and 'b' determine the relationship between pixel intensities.,ee3413cc664b4c5bb293c75aa2a014ce
linear function,pixel intensities,In the equation pij = (pxi + pyj + pc)aij and qij = (qxi + qyj + qc)bij, the pixel intensities (pxi, qxi) are multiplied by their respective albedos.,ee3413cc664b4c5bb293c75aa2a014ce
similar albedo,strong linear dependency,If two patches have similar albedos, they can result in similar pixel combinations, indicating a strong linear dependency.,ee3413cc664b4c5bb293c75aa2a014ce
cosine distance,linear independence,The cosine distance measures the linear independence of images, with a larger value indicating less linear dependency.,ee3413cc664b4c5bb293c75aa2a014ce
illumination cone theory,physically plausible shading,According to illumination cone theory, any non-negative linear combination of shadings represents a realistic shading.,ee3413cc664b4c5bb293c75aa2a014ce
linear combination,image independence,To determine if an image is new, it must not be expressible as a linear combination of existing ones, ensuring its uniqueness.,ee3413cc664b4c5bb293c75aa2a014ce
log det x,linear dependency measure,A large negative logarithm of the determinant of the image matrix indicates strong linear dependency among the images.,ee3413cc664b4c5bb293c75aa2a014ce
decomposition models,hyperparameters,We investigated different instances of decomposition models obtained using various hyperparameter settings.,ee3413cc664b4c5bb293c75aa2a014ce
decomposition models,three families,Three families of decomposition models were examined in total.,ee3413cc664b4c5bb293c75aa2a014ce
hyperparameter settings,three families of decomposition,The context describes different families of decomposition, which are derived from various hyperparameter settings.,a2db1e1d79c542fc8a65c3c8ba7a4fdc
stylitgan,first family,StyLitGAN is part of the first family of decomposition methods mentioned.,a2db1e1d79c542fc8a65c3c8ba7a4fdc
16 directions,stylitgan,Each model from StyLitGAN produces 16 directions, indicating the output of the algorithm.,a2db1e1d79c542fc8a65c3c8ba7a4fdc
albedo change,diversity,These are evaluated metrics for comparing models, showing their performance in altering albedo and maintaining diversity.,a2db1e1d79c542fc8a65c3c8ba7a4fdc
inadmissible models,16 strong relighting directions,Inadmissible models are excluded, resulting in the selection of 16 strong relighting directions.,a2db1e1d79c542fc8a65c3c8ba7a4fdc
yang et al. [48],sota unsupervised model,Yang et al.'s method is considered the state-of-the-art unsupervised model for image decomposition.,a2db1e1d79c542fc8a65c3c8ba7a4fdc
gan-control [39],relighting,GAN-control attempts relighting but sometimes changes the scene layout, which affects the evaluation.,a2db1e1d79c542fc8a65c3c8ba7a4fdc
example images,statistical models,Images used for decomposition are drawn from statistical models.,a2db1e1d79c542fc8a65c3c8ba7a4fdc
second family,albedo, shading, and gloss decomposition,The second family of decomposition includes additional components beyond albedo and shading.,a2db1e1d79c542fc8a65c3c8ba7a4fdc
statistical models,albedo, shading, and gloss decomposition,The second model is a variant of the statistical models family that decomposes into albedo, shading, and gloss.,fc42b1b81dcb4e8d92c435b30c00a49c
albedo, shading, and gloss decomposition,models representing a range of possible decompositions,These models were chosen to represent various decompositions, with the potential for better results.,fc42b1b81dcb4e8d92c435b30c00a49c
collection of models,rational process,We can choose a model from the collection through a rational process.,fc42b1b81dcb4e8d92c435b30c00a49c
approach for selecting directions,scatter plot of 25 instances,The approach involves creating a scatter plot to analyze different hyperparameters and image decomposition models.,fc42b1b81dcb4e8d92c435b30c00a49c
16 directions,final experiments,We find 16 directions in our final experiments, which took about 14 minutes on an A40 GPU.,fc42b1b81dcb4e8d92c435b30c00a49c
numbers of directions,complex and high-dimensional search space,Finding multiple directions is challenging due to the complexity and dimensionality of the search space.,fc42b1b81dcb4e8d92c435b30c00a49c
16 directions (n=4),better balance between relighting diversity and albedo change,16 directions provide a balance, with higher numbers leading to more albedo change and fewer for better diversity.,fc42b1b81dcb4e8d92c435b30c00a49c
forward selected set of directions,scene relightings,These directions are used to generate scene relightings, as seen in the bottom row of Figure 4.,fc42b1b81dcb4e8d92c435b30c00a49c
stylitgan,models in figure 3,Scene relightings from StyLitGAN are compared for reference in Figure 4, with model numbers corresponding to those in the figure.,fc42b1b81dcb4e8d92c435b30c00a49c
persistent semantics,columns,Each column corresponds to a type of illumination, illustrating the persistent meaning of the direction.,5b6e716f561849db9938722e54fec0cf
bedside lamps,d1, d2,Columns d1 and d2 control the activation of bedside lamps.,5b6e716f561849db9938722e54fec0cf
soft shadows,relights,Soft shadows are observed across different relightings.,5b6e716f561849db9938722e54fec0cf
cast shadows,relights,Cast shadows also change with respect to world coordinates during relighting.,5b6e716f561849db9938722e54fec0cf
inter-reflections,relights,Inter-reflections occur as part of the lighting changes in the scene.,5b6e716f561849db9938722e54fec0cf
glossy changes,relights,Glossy changes are evident when the lighting conditions alter.,5b6e716f561849db9938722e54fec0cf
world coordinates,relighting,All relightings are done with respect to world coordinates, not camera coordinates.,5b6e716f561849db9938722e54fec0cf
consistency loss,diversity loss,Consistency loss maintains shading and global illumination, while diversity loss handles color and material changes.,5b6e716f561849db9938722e54fec0cf
stylegan,resurfacing,Original StyleGAN generates images, which are then resurfaced using our approach.,5b6e716f561849db9938722e54fec0cf
recoloring directions,w+ + di,Recoloring directions allow for individual changes in surface colors and materials while preserving the original scene.,5b6e716f561849db9938722e54fec0cf
sota method [26],comparison,Our method is compared to a state-of-the-art physically motivated method that uses CGI data.,5b6e716f561849db9938722e54fec0cf
geometry,albedo,The method fixes geometry and albedo while altering shading.,5b6e716f561849db9938722e54fec0cf
clearly relightings,generated images,The goal is to generate images that visually demonstrate clear relightings.,5b6e716f561849db9938722e54fec0cf
scene,geometry,The context discusses the fixing of geometry in a scene.,916111940ece439c8c118c5c017ebc17
scene,albedo,Both geometry and albedo are mentioned as elements to be fixed in the scene.,916111940ece439c8c118c5c017ebc17
geometry,shading,Shading is mentioned as a component that can be visibly changed in the scene.,916111940ece439c8c118c5c017ebc17
shading,soft shadows,Soft shadows are an example of the shading effects that can be displayed.,916111940ece439c8c118c5c017ebc17
shading,cast shadows,Cast shadows are another type of shading effect discussed.,916111940ece439c8c118c5c017ebc17
shading,gloss,Gloss is also a part of the complicated illumination effects mentioned.,916111940ece439c8c118c5c017ebc17
resurfacing,relit-1,Relit-1 is one of the directions used for resurfacing, showcasing a method.,916111940ece439c8c118c5c017ebc17
resurfacing,relit-5,Relit-5 is another direction used in conjunction with Relit-1 for precise control over relighting.,916111940ece439c8c118c5c017ebc17
slider,user-controllable,A slider is provided for users to control the weight of relighting effects.,916111940ece439c8c118c5c017ebc17
slider,interpolation,Moving the slider results in a seamless interpolation between lighting directions.,916111940ece439c8c118c5c017ebc17
relit-2 direction,scalar coefficients,The effect of the direction is persistent and smooth when applied with varying scalar coefficients.,916111940ece439c8c118c5c017ebc17
image generation,original layout,The method generates images based on the original layout.,916111940ece439c8c118c5c017ebc17
image generation,material changes,Images can show different materials or colors.,916111940ece439c8c118c5c017ebc17
image generation,furniture changes,Furniture can be modified in the generated images.,916111940ece439c8c118c5c017ebc17
illumination effects,color changes,Consistent illumination effects are tied to the color changes in the images.,916111940ece439c8c118c5c017ebc17
figure 6,example,Figure 6 illustrates the described image generation capabilities.,916111940ece439c8c118c5c017ebc17
furniture changes,display illumination effects,The context discusses how the method addresses changes in furniture and ensures consistent display illumination according to those changes.,0e48015283694aadad59bb26ce303483
figure 6,method's goals,Figure 6 demonstrates the successful achievement of the method's objectives.,0e48015283694aadad59bb26ce303483
figure 7 and figure 8,relighting between directions,These figures showcase interpolation sequences for smooth lighting changes between different directions.,0e48015283694aadad59bb26ce303483
figure 15 (supplementary),relighting and recoloring directions,It shows the separation of relighting and recoloring effects.,0e48015283694aadad59bb26ce303483
quantitative evaluation,albedo and lighting shifts,This part evaluates shifts in albedo and lighting.,0e48015283694aadad59bb26ce303483
figure 3,evaluation of albedo and lighting shifts,Figure 3 provides a method for assessing these shifts.,0e48015283694aadad59bb26ce303483
table 1,clean-fid,Table 1 compares the generated image dataset's quality using FID scores.,0e48015283694aadad59bb26ce303483
gan-control (gc),lighting representation,GAN-control uses a spherical harmonic predictor for representing lighting.,0e48015283694aadad59bb26ce303483
kdl (kitchen, dining, living room),jointly trained dataset,KDL is a dataset where the method has been applied to jointly trained StyleGAN models.,0e48015283694aadad59bb26ce303483
stylegan,conference room, kitchen, etc. datasets,The method is applied to various room datasets using StyleGAN.,0e48015283694aadad59bb26ce303483
living room,conference room,The context suggests that both living rooms and conference rooms are types of spaces, possibly referring to different contexts where the SG model and its variants are applied.,b2397ea452b443d083afe586f0debef4
stylegan (sg),relighting (rl),SG + RL indicates that StyleGAN is combined with relighting techniques, suggesting a relationship in the context of image generation or modification.,b2397ea452b443d083afe586f0debef4
stylegan (sg),resurfacing (rs),SG + RS implies that StyleGAN can also incorporate resurfacing, another modification technique likely for images or surfaces.,b2397ea452b443d083afe586f0debef4
sg + rl + rs5.01,37.40trained on a parameterized 3d face reconstruction model,These two phrases are possibly related to the training process or a specific version of the model that combines StyleGAN with relighting and resurfacing for 3D face reconstruction.,b2397ea452b443d083afe586f0debef4
3d face reconstruction model,lsun bedroom dataset,The model is trained on the LSUN Bedroom dataset, indicating a source of data for the model's training.,b2397ea452b443d083afe586f0debef4
gc model,lsun bedroom dataset,GC model refers to a separate model trained on the LSUN Bedroom dataset, highlighting its connection to the bedroom dataset.,b2397ea452b443d083afe586f0debef4
gc model,gc in figures 3, 9,GC models are compared to each other, with GC in the figures showing their limitations in relighting.,b2397ea452b443d083afe586f0debef4
gan-control (gc),bedroom,GC (GAN-control) fails to relight complex bedroom scenes, demonstrating a deficiency in handling realistic environments.,b2397ea452b443d083afe586f0debef4
normal variance,multilum,Normal variance is measured using a predictor, potentially related to the Multilum dataset or method for evaluating lighting effects.,b2397ea452b443d083afe586f0debef4
multilum training data,angular error,The angular error is used as a measure for evaluating the performance of finetuning methods on the Multilum test set.,a72071706ccc4ddab21cab1506a536a6
multilum dataset,1000 indoor scenes,The Multilum dataset consists of 1000 scenes, each with 25 lighting conditions.,a72071706ccc4ddab21cab1506a536a6
multilum dataset,25 lighting conditions per scene,Each scene in the Multilum dataset has 25 physically relit and captured images.,a72071706ccc4ddab21cab1506a536a6
omnidata (normal predictor),surface normal prediction variance,Without finetuning, Omnidata produces surface normals with significant variance due to lighting changes.,a72071706ccc4ddab21cab1506a536a6
omnidata (finetuned),surface normal prediction consistency,Finetuning Omnidata with Multilum data reduces the variance in surface normal predictions.,a72071706ccc4ddab21cab1506a536a6
stylitgan images,improvement in surface normal prediction,Using StyLitGAN relights for finetuning also improves surface normal prediction, even with fewer relights.,a72071706ccc4ddab21cab1506a536a6
stylitgan,relighting directions for stylegans,StyLitGAN is capable of finding relighting directions for StyleGAN models trained on other datasets.,a72071706ccc4ddab21cab1506a536a6
taskonomy test images,general performance,The general performance of the finetuned normal predictor on Taskonomy test images is similar to that observed with the Multilum dataset.,a72071706ccc4ddab21cab1506a536a6
prediction consistency,relit images,The context discusses the focus on prediction consistency for re-lit images of the same scene.,fd64bbf4d771436798415364b99fe7e4
prediction consistency,general performance,The performance in question refers to the overall consistency across different relights.,fd64bbf4d771436798415364b99fe7e4
original model,general performance,The original model's performance is compared to the finetuned models.,fd64bbf4d771436798415364b99fe7e4
25 distinct relights,worse than,The context mentions that using 25 distinct relights performs better than the discussed method.,fd64bbf4d771436798415364b99fe7e4
base accuracy,not at the cost of,The improved method does not sacrifice base accuracy.,fd64bbf4d771436798415364b99fe7e4
finetuned models,accuracy,Finetuned models' accuracy is compared on the Taskonomy test set.,fd64bbf4d771436798415364b99fe7e4
finetuned models,losses in some blocks,Some finetuned models experience accuracy losses in certain blocks.,fd64bbf4d771436798415364b99fe7e4
taskonomy test set,comparison,Accuracy of finetuned models is compared on this extensive benchmark.,fd64bbf4d771436798415364b99fe7e4
stylegan,intrinsic images,In the follow-up work, StyleGAN is shown to understand intrinsic images.,fd64bbf4d771436798415364b99fe7e4
aniruddha kembhavi, derek hoiem, min jin chong, shenlong wang,acknowledgment,These individuals are thanked for their contribution.,fd64bbf4d771436798415364b99fe7e4
national science foundation,support,The research was supported by an NSF grant.,fd64bbf4d771436798415364b99fe7e4
nsf grant no. 2106825,funding,This specific grant number indicates the financial support received.,fd64bbf4d771436798415364b99fe7e4
boeing corporation,gift,The project also received a gift from Boeing Corporation.,fd64bbf4d771436798415364b99fe7e4
