node_1,node_2,edge,chunk_id
tn cores,tn topology,TN cores are regarded as nodes and operations as edges, forming a graph representation called TN topology.,89ec009ba9e942559767445ce615945b
tn topology,tn rank,The vector of edge weights in the topology is defined as the TN rank.,89ec009ba9e942559767445ce615945b
tn structure search (tn-ss),challenging np-hard problem,TN-SS aims to find a suitable structure for a given tensor, which is a computationally difficult task.,89ec009ba9e942559767445ce615945b
tn-ss,sampling-evaluation framework,Most existing methods, like TNGA and TNALE, follow this framework involving numerous structure evaluations.,89ec009ba9e942559767445ce615945b
tnga,computational cost,TNGA requires thousands of evaluations, leading to high computational cost for large tensors.,89ec009ba9e942559767445ce615945b
tnale,computational cost,TNALE also incurs high computational cost due to hundreds of evaluations, each requiring iterative optimization.,89ec009ba9e942559767445ce615945b
tensor network (tn) structure,computational issue,The context discusses optimizing the TN structure to address the computationally consuming issue, suggesting a solution to alleviate the problem.,87181ea0e3ac4387b46e98edd57af112
optimization of tn structure,sampling-evaluation framework,The paper aims to escape the sampling-evaluation framework by optimizing the TN structure during core computation.,87181ea0e3ac4387b46e98edd57af112
regularized modeling perspective,tn-ss problem,This perspective is introduced to solve the TN-Subspace Search (TN-SS) problem, which involves simultaneous TN structure optimization.,87181ea0e3ac4387b46e98edd57af112
svd-inspired tn decomposition (svdinstn),fully-connected topology,SVDinsTN is proposed for a 'fully-connected' topology, where diagonal factors are inserted to create a more compact structure.,87181ea0e3ac4387b46e98edd57af112
diagonal factors,compact tn structure,Inserted diagonal factors contribute to revealing a more compact structure, enhancing efficiency.,87181ea0e3ac4387b46e98edd57af112
tn cores,reconstruction error bound,The performance of SVDinsTN is compared based on reconstruction error bounds, indicating its accuracy.,87181ea0e3ac4387b46e98edd57af112
tn cores,diagonal factors,Merged with the diagonal factors to represent a given tensor.,1b6adb1d3eab4ff2b620db65d0e9473c
svdinstn,regularized model,Establishes a regularized model that updates TN cores and diagonal factors iteratively.,1b6adb1d3eab4ff2b620db65d0e9473c
svdinstn,sparse operator,Imposes a sparse operator to induce sparsity in the diagonal factors.,1b6adb1d3eab4ff2b620db65d0e9473c
proposed method,convergence guarantee,In theory, a convergence guarantee is proven for the proposed method.,1b6adb1d3eab4ff2b620db65d0e9473c
proposed method,upper bound for tn rank,Establishes an upper bound for the TN rank involved in SVDinsTN.,1b6adb1d3eab4ff2b620db65d0e9473c
upper bound,efficient initialization scheme,Serves as a guide for designing an efficient initialization scheme.,1b6adb1d3eab4ff2b620db65d0e9473c
svdinstn,computational cost reduction,Reduces the computational cost by optimizing the TN structure during computation.,1b6adb1d3eab4ff2b620db65d0e9473c
proposed method,customized tn structure,Capable of capturing a customized TN structure.,1b6adb1d3eab4ff2b620db65d0e9473c
svdinstn,compact representation,Provides a compact representation for a given tensor.,1b6adb1d3eab4ff2b620db65d0e9473c
proposed method,state-of-the-art tn-ss methods,Achieves 100 ∼ 1000 times acceleration compared to competitors.,1b6adb1d3eab4ff2b620db65d0e9473c
tensor network (tn) representation,state-of-the-art tn-ss methods,The context compares the given method to state-of-the-art TN-SS methods in terms of acceleration and representation ability.,6e93071572744192a7924446da3fff3c
tensor train (tt) decomposition,fixed tn topology,These works focus on TN representation with a predefined 'chain' topology.,6e93071572744192a7924446da3fff3c
tensor ring (tr) decomposition,fixed tn topology,Another example of TN representation with a 'ring' topology.,6e93071572744192a7924446da3fff3c
fully-connected tensor network (fctn) decomposition,fixed tn topology,A TN decomposition with a 'fully-connected' topology, mentioned alongside TT and TR.,6e93071572744192a7924446da3fff3c
svd in tn,compact tn structure,SVDinsTN can reveal a more compact structure compared to fixed topology methods.,6e93071572744192a7924446da3fff3c
tn structure search (tn-ss),suitable or optimal tn structure,TN-SS aims to find an optimal structure, including topology and rank, for a given tensor.,6e93071572744192a7924446da3fff3c
tn-ss methods,heuristic search algorithms,Existing TN-SS methods often rely on heuristics like greedy algorithm, genetic algorithm, and alternating local enumeration algorithm.,6e93071572744192a7924446da3fff3c
greedy algorithm,tn-ss methods,Used as a heuristic search algorithm in TN-SS to sample candidate structures.,6e93071572744192a7924446da3fff3c
genetic algorithm,tn-ss methods,Another heuristic used in TN-SS for structure optimization.,6e93071572744192a7924446da3fff3c
alternating local enumeration algorithm,tn-ss methods,A specific algorithm employed in TN-SS for structure search.,6e93071572744192a7924446da3fff3c
tensor network,tn cores,A tensor network consists of small-sized tensors called TN cores, where modes are contracted according to specific operations.,436e2e5e000e4fcc84841ae3709cbfbb
tensor network,tn topology,The TN topology is defined as a graph formed by TN cores and the operations between their modes, representing the structure of the network.,436e2e5e000e4fcc84841ae3709cbfbb
tn cores,edges (mode contraction),TN cores interact via mode contraction, which is the primary operation in this type of TN.,436e2e5e000e4fcc84841ae3709cbfbb
tensor network,tn rank,Each edge in the TN topology has a non-negative integer weight indicating the size of the corresponding mode, forming the TN rank.,436e2e5e000e4fcc84841ae3709cbfbb
fctn,tensor network,FCTN is a specific type of tensor network used to represent an Nth-order tensor, employing tensor contraction and having a simple graph topology.,436e2e5e000e4fcc84841ae3709cbfbb
fctn decomposition,n-th order tensor,The FCTN decomposition represents an Nth-order tensor by N small-sized cores, each corresponding to one mode.,fdce347a998042d88fa30c74ac713129
tn cores,modes of x,Each TN core corresponds to one mode of the tensor X.,fdce347a998042d88fa30c74ac713129
rank-r1,2, ..., r1,n, r2,3, ..., r2,n, ..., rn-1,n,fctn rank,The FCTN rank is defined as the vector representing shared dimensions for tensor contraction between cores.,fdce347a998042d88fa30c74ac713129
tensor contraction,expression of the tn,Removing rank-one edges in a TN topology does not change its expression.,fdce347a998042d88fa30c74ac713129
one-to-one correspondence,tn structure and fctn rank,There is a direct relationship between the TN structure and the FCTN rank, enabling optimization of the TN structure.,fdce347a998042d88fa30c74ac713129
compact tn structure,optimizing fctn rank,Searching for a compact TN structure can be achieved by minimizing the FCTN rank.,fdce347a998042d88fa30c74ac713129
proposed method,efficient tn-ss solution,The proposed method aims to solve the TN-SS problem from a regularized modeling perspective, optimizing the TN structure.,fdce347a998042d88fa30c74ac713129
svd-inspired tn decomposition (svdinstn),n-th order tensor,SVDinsTN is a decomposition method for N-th order tensors, extending the traditional SVD to handle high-order data.,5b9dd40a99ee4b38b5d37a73534c3cbd
tn cores,svdinstn,TN cores, denoted as {Gk,,k ∈ KN}, are the building blocks of SVDinsTN and are used to represent the tensor.,5b9dd40a99ee4b38b5d37a73534c3cbd
diagonal matrices (st,l),svdinstn,Diagonal matrices, {St,l,,(t, l) ∈ TLN}, are part of SVDinsTN and contribute to the sparsity of the decomposition.,5b9dd40a99ee4b38b5d37a73534c3cbd
compact tn structure,svdinstn,SVDinsTN utilizes the compactness of diagonal factors to expose a more efficient TN structure.,5b9dd40a99ee4b38b5d37a73534c3cbd
tn cores (merged with diagonal factors),tensor representation,In SVDinsTN, TN cores merged with diagonal factors are combined to effectively represent the original tensor.,5b9dd40a99ee4b38b5d37a73534c3cbd
remark 1 (svdinstn & svd),svd,SVDinsTN extends the traditional SVD (Single Value Decomposition) concept to higher-order tensors.,5b9dd40a99ee4b38b5d37a73534c3cbd
svdinstn,second-order cases,SVDinsTN degrades into SVD in second-order cases when TN cores satisfy orthogonality.,b2bf7ee681fe4f469967c323747f9f6a
svdinstn,fctn decomposition,SVDinsTN builds upon FCTN [41] by inserting diagonal factors and revealing FCTN rank.,b2bf7ee681fe4f469967c323747f9f6a
svdinstn,tn cores,Diagonal factors are inserted between TN cores in FCTN decomposition, and their non-zero elements determine the FCTN rank.,b2bf7ee681fe4f469967c323747f9f6a
tn cores,tensor contraction operation,SVDinsTN can transform into a TN decomposition by merging diagonal factors into TN cores using tensor contraction.,b2bf7ee681fe4f469967c323747f9f6a
svdinstn-based regularized method,sparsity,The method promotes sparsity in diagonal factors using an ℓ1-norm-based operator.,b2bf7ee681fe4f469967c323747f9f6a
svdinstn-based regularized method,tikhonov regularization,Tikhonov regularization is applied to TN cores to constrain their feasible range, ensuring a compact TN structure.,b2bf7ee681fe4f469967c323747f9f6a
diagonal factors,sparsity,The method imposes sparsity on diagonal factors to reveal a compact TN structure.,b2bf7ee681fe4f469967c323747f9f6a
algorithm 1,critical point,The sequence generated by Algorithm 1 converges to a critical point of the optimization problem.,fabdefabb0814680bdfc9e4201e64bee
initialization scheme,high computational cost,SVDinsTN encounters high computational cost initially due to a 'fully-connected' topology.,fabdefabb0814680bdfc9e4201e64bee
svdinstn,tn rank,The TN rank is initialized to reduce the computational cost in the first few iterations.,fabdefabb0814680bdfc9e4201e64bee
theorem 2,upper bound for tn rank,Theorem 2 provides an upper bound for the TN rank, which can guide the initialization.,fabdefabb0814680bdfc9e4201e64bee
min(rank(x(t)), rank(x(l))),initial value of tn rank,This value serves as the initial TN rank for mode-(t, l) slices in real-world data.,fabdefabb0814680bdfc9e4201e64bee
mode-(t, l) slices,truncated svd,The TN rank is initialized using the rank of mode-(t, l) slices calculated via truncated SVD.,fabdefabb0814680bdfc9e4201e64bee
step 1,mean of mode-(t, l) slices,In Step 1, the mean of all mode-(t, l) slices is computed.,fabdefabb0814680bdfc9e4201e64bee
step 1,svd on mode-(t, l) slices,After calculating the mean, SVD is performed on each mode-(t, l) slice.,fabdefabb0814680bdfc9e4201e64bee
svdinstn,customized tn structure,SVDinsTN can reveal a structure that aligns with the unique structure of a given tensor (Claim A).,c28427a78920489c992616cff5aa2090
svdinstn,time costs,SVDinsTN can greatly reduce time costs while maintaining a comparable representation ability (Claim B).,c28427a78920489c992616cff5aa2090
svdinstn,representation ability,SVDinsTN has a better representation ability than state-of-the-art TN-SS methods and predefined topology methods (Claim B).,c28427a78920489c992616cff5aa2090
svdinstn,tensor completion task,SVDinsTN outperforms existing tensor decomposition methods in the tensor completion task, demonstrating its effectiveness (Claim C).,c28427a78920489c992616cff5aa2090
tensor decomposition methods,predefined topologies,SVDinsTN surpasses these methods with predefined topologies in terms of representation ability.,c28427a78920489c992616cff5aa2090
success rates,test cases,The context states that the success rates consistently yield high values over 95% in these test cases.,cc344256721b4693bf71c64c84cb1582
claim b,experiments,Experiments are conducted to validate Claim B, which implies a cause-and-effect relationship.,cc344256721b4693bf71c64c84cb1582
real-world data,synthetic data,Both types of data are considered in the experiments, suggesting they are experimental variables.,cc344256721b4693bf71c64c84cb1582
light field data,bunny, knights, and truck,These are specific examples of light field data used in the experiment, representing diverse subjects.,cc344256721b4693bf71c64c84cb1582
tn-ss methods,tngreedy, tnga, tnls, and tnale,These are the methods being compared in the experiment as baselines.,cc344256721b4693bf71c64c84cb1582
compression ratio (cr),reconstruction error (re),CR is calculated based on the number of elements used, while RE measures the accuracy of reconstruction.,cc344256721b4693bf71c64c84cb1582
parameter γ,interval [10^(-7), 10^(-3)],γ is a variable selected from this range for the experiments.,cc344256721b4693bf71c64c84cb1582
table 2,cr and run time,This table presents the results of CR and run times for the various methods.,cc344256721b4693bf71c64c84cb1582
svdinstn,initialization scheme,SVDinsTN has a lower CR (compression ratio) compared to random initialization, while maintaining higher efficiency.,3781b19b6abe4b369480c5a22b294b25
initialization scheme,shrink operation,The impact of the shrink operation is analyzed, showing acceleration in the first five iterations of SVDinsTN.,3781b19b6abe4b369480c5a22b294b25
light field data,svdinstn,The comparison of run times is presented for SVDinsTN on light field data.,3781b19b6abe4b369480c5a22b294b25
run time,svdinstn,Runtime is measured in seconds, with '×1000s' indicating the scale.,3781b19b6abe4b369480c5a22b294b25
cr (compression ratio),svdinstn,CR is a measure of the effectiveness of the algorithm, with lower values indicating better performance.,3781b19b6abe4b369480c5a22b294b25
re bound,cr,The comparison is done at different RE bounds (a threshold).,3781b19b6abe4b369480c5a22b294b25
trals [38],fctnals [41],Both methods are part of the comparison, with TRALS having slightly higher CR and FCTNALS having lower CR but faster run time.,3781b19b6abe4b369480c5a22b294b25
tngreedy [12],tnga [15],TNGreedy and TNGA are also compared in terms of CR and run time, with TNGA potentially having lower CR but longer run times.,3781b19b6abe4b369480c5a22b294b25
random initialization,our method,Our method achieves significant acceleration even with random initialization compared to other TN-SS methods.,3781b19b6abe4b369480c5a22b294b25
initialization scheme,shrink operation,The shrink operation is included in the initialization scheme, which helps reduce computational costs in the early iterations.,377f6686fc7c4f94b03598761736fd0e
higher-order cases,6th-order tensors,Experiments involve randomly generated 6th-order tensors to test SVDinsTN's performance on higher orders.,377f6686fc7c4f94b03598761736fd0e
higher-order cases,8th-order tensors,Similarly, 8th-order tensors are randomly generated to assess the method's applicability to higher orders.,377f6686fc7c4f94b03598761736fd0e
higher-order cases,10th-order tensors,10th-order tensors are also used to demonstrate SVDinsTN's capability for orders up to 10.,377f6686fc7c4f94b03598761736fd0e
truncated svd,computational and storage efficiency,Truncated SVD in initialization contributes to improved efficiency by restricting the rank of edges to a smaller range.,377f6686fc7c4f94b03598761736fd0e
iterations,sparsity regularization,As iterations progress, sparsity regularization simplifies the learned structures, enhancing efficiency further.,377f6686fc7c4f94b03598761736fd0e
claim c,experiments,Experiments are conducted to validate Claim C, which suggests the effectiveness of the proposed method.,377f6686fc7c4f94b03598761736fd0e
svdinstn,tensor completion (tc),SVDinsTN is employed for a fundamental application, specifically tensor completion.,f41577bd0ae84264b9025dc54825fe04
proposed tc method,algorithm 1,The proposed TC method updates G and S using Algorithm 1.,f41577bd0ae84264b9025dc54825fe04
tensor completion (tc),fbcp [37],Comparison is made with six methods, including FBCP, for tensor completion with a missing ratio of 90%.,f41577bd0ae84264b9025dc54825fe04
tensor completion (tc),tmac [29],Methods like TMac, TMacTT, TRLRF, TW, and TNLS are also compared.,f41577bd0ae84264b9025dc54825fe04
tensor completion (tc),trlrf [33],TRLRF is among the comparison methods for tensor completion.,f41577bd0ae84264b9025dc54825fe04
tensor completion (tc),tw [28],TW is another competing method in the tensor completion experiment.,f41577bd0ae84264b9025dc54825fe04
tensor completion (tc),tnls6 [17],TNLS6 is included in the comparison for evaluating tensor completion performance.,f41577bd0ae84264b9025dc54825fe04
missing ratio (mr),90%,The experiments use a missing ratio of 90% for the incomplete tensor data.,f41577bd0ae84264b9025dc54825fe04
reconstructed quality,mean peak signal-to-noise ratio (mpsnr),Reconstructed quality is evaluated using MPSNR, which is computed across all frames.,f41577bd0ae84264b9025dc54825fe04
parameter γ,0.0003,The parameter γ is set to 0.0003 for the experiments.,f41577bd0ae84264b9025dc54825fe04
