node_1,node_2,edge,chunk_id
rework,production process,Rework is an optional step within a production process.,ad3fb108e8eb4e078ae6ecdac59fc246
rework,quality standards,Rework aims to eliminate errors and remedy products that do not meet the desired quality standards.,ad3fb108e8eb4e078ae6ecdac59fc246
production lot,rework,Reworking a production lot involves repeating a previous stage to ensure the final product meets specifications.,ad3fb108e8eb4e078ae6ecdac59fc246
yield,rework,Rework can increase yield by improving product quality but also incurs additional costs.,ad3fb108e8eb4e078ae6ecdac59fc246
costs,rework,Rework incurs extra costs due to the need for adjustments and potential part damage.,ad3fb108e8eb4e078ae6ecdac59fc246
double/debiased machine learning (dml),estimating treatment effect,DML is used to estimate the conditional treatment effect of the rework step on final product yield.,ad3fb108e8eb4e078ae6ecdac59fc246
causal inference,dml,Causal inference is a key aspect of DML in understanding the impact of rework on product yield.,ad3fb108e8eb4e078ae6ecdac59fc246
machine learning,heterogeneous treatment effects,Machine learning techniques, including DML, handle heterogeneous treatment effects in the context of rework.,ad3fb108e8eb4e078ae6ecdac59fc246
double machine learning,policy learning,DoubleML is used for policy learning in determining optimal rework strategies for components.,ad3fb108e8eb4e078ae6ecdac59fc246
coating of monochromatic leds,conversion layers,The paper focuses on the application to the coating process for LEDs with conversion layers.,ad3fb108e8eb4e078ae6ecdac59fc246
manufacturing companies,transformed products,manufacturing companies strive to transform products that do not meet quality targets,8d8eb3bfa65e438f9b250249fedc0fee
transformed products,sellable units,into sellable units by reworking,8d8eb3bfa65e438f9b250249fedc0fee
quality targets,reworking,products not fulfilling preset target specifications are reworked for ecological reasons,8d8eb3bfa65e438f9b250249fedc0fee
ecological reasons,reworking,reworking is preferable to discarding for environmental reasons,8d8eb3bfa65e438f9b250249fedc0fee
polychromatic light-emitting diodes (leds),traditional white light sources,LEDs extended applications where white light sources were predominant,8d8eb3bfa65e438f9b250249fedc0fee
leds,lcd displays,specific application example - LCD displays,8d8eb3bfa65e438f9b250249fedc0fee
conversion step,white-emitting leds,crucial for producing LEDs with desired color properties,8d8eb3bfa65e438f9b250249fedc0fee
coating of a monochromatic blue led,phosphor conversion layer,most successful approach for white LEDs - coating with phosphor,8d8eb3bfa65e438f9b250249fedc0fee
converted mean color point c1,mean color point c0,color shifting process from C0 to C1,8d8eb3bfa65e438f9b250249fedc0fee
rework workflow,leds with target color specifications,ensures high yield by matching customer requirements,8d8eb3bfa65e438f9b250249fedc0fee
unconverted monochromatic emission (c0),fully converted one (c2),The relation is that C0 refers to an initial state before conversion, while C2 represents the fully converted state; the conversion curve shows the progression between these two.,9b476d58c81c4c08863b8b3ce966d864
conversion curve,position on the conversion curve,The position is controlled by the amount of applied conversion material; the curve is approximately linear.,9b476d58c81c4c08863b8b3ce966d864
principal component analysis (pca),transformed color coordinates pca(c1),PCA is used to transform color coordinates into Cm (main) and Cs (secondary) components.,9b476d58c81c4c08863b8b3ce966d864
main color point measure (cm),secondary color point measure (cs),Cm represents the primary decision criteria, while Cs is influenced by process fluctuations.,9b476d58c81c4c08863b8b3ce966d864
directed acyclic graph (dag),causal structure,The DAG illustrates the assumed cause-and-effect relationships in the production process.,9b476d58c81c4c08863b8b3ce966d864
yield of a production lot,target color location,Yield depends on how close the chips are to the desired color location in quality control.,9b476d58c81c4c08863b8b3ce966d864
luminous properties of the opto-electronic chips,yield,Luminosity affects both the yield and the rework decision.,9b476d58c81c4c08863b8b3ce966d864
luminous properties of the opto-electronic chips,rework decision,Fluctuations in luminosity impact the need for reworking individual product lots.,9b476d58c81c4c08863b8b3ce966d864
gaussian approximations,confidence intervals,Gaussian approximations are used to construct pointwise and jointly valid confidence intervals.,de9adf9bf8444667b40890bf9a42fd38
first principal component of the production lot properties x,color target approximation,The first principal component is used to approximate being close to the color target.,de9adf9bf8444667b40890bf9a42fd38
first principal component of the covariates x,heterogeneity,The first principal component helps in accessing the heterogeneity associated with the treatment effect.,de9adf9bf8444667b40890bf9a42fd38
b-spline basis for b(˜x),flexible conditional treatment effect,A b-spline basis is employed to create a flexible model for the treatment effect conditioned on ˜x.,de9adf9bf8444667b40890bf9a42fd38
threshold ˆθ(˜x) ≥ γ,policy selection,The policy is determined by whether the treatment effect on yield exceeds the threshold γ, taking into account costs.,de9adf9bf8444667b40890bf9a42fd38
second principal component,treatment effect heterogeneity,Considering the second principal component provides additional information about treatment effect variability.,de9adf9bf8444667b40890bf9a42fd38
tensor product of b-splines,basis vector b(˜x),Used to construct a flexible model for the treatment effect based on the first two principal components.,de9adf9bf8444667b40890bf9a42fd38
figure 6,effect estimates and confidence intervals,The figure displays the estimated treatment effects along with their confidence intervals.,de9adf9bf8444667b40890bf9a42fd38
figure 5,principal components of chip properties,Figure 5 shows the principal components before treatment and the treatment decision.,de9adf9bf8444667b40890bf9a42fd38
product type ‘p1’,outcome in the data,The context discusses the observed outcome specifically related to the product type 'P1'.,0769ed1372c842fe824d89ad509b3ec1
first color point measurement,estimation of the cate,In Figure 6, the estimation of the Causal Treatment Effect (CATE) is shown along the first color point measurement.,0769ed1372c842fe824d89ad509b3ec1
horizontal dashed lines,policy thresholds γ,These lines represent different policy thresholds that define the decision points for intervention.,0769ed1372c842fe824d89ad509b3ec1
principal component,main heterogeneity in treatment effect,The first principal component captures the primary variation in treatment effects.,0769ed1372c842fe824d89ad509b3ec1
figure 7,cat e with respect to color point measurements,This figure displays the CATE based on both color point measurements.,0769ed1372c842fe824d89ad509b3ec1
lower bound of the confidence interval,more conservative policies,Using the lower bound accounts for estimation uncertainty and results in less aggressive policies.,0769ed1372c842fe824d89ad509b3ec1
percentage of reworked panels,incorporating capacity constraints,When deciding on policy thresholds, one considers the percentage of reworked panels to accommodate capacity limitations.,0769ed1372c842fe824d89ad509b3ec1
section 4,comparison of policies,The text mentions a comparison of the policies will take place in Section 4.,0769ed1372c842fe824d89ad509b3ec1
athey and wager (2021),policy learning approach,They propose a method for direct policy estimation based on Equation 5 in their work.,0769ed1372c842fe824d89ad509b3ec1
equation 5,treatment assignment rule,The estimated treatment assignment rule is derived from this equation.,0769ed1372c842fe824d89ad509b3ec1
regret r(π),maximizing performance under a policy class,Regret measures the difference between the optimal policy and the chosen policy within a given class.,0769ed1372c842fe824d89ad509b3ec1
regret bound,policy class π,The regret bound is derived for a given policy class, where the optimal policy aims to minimize the expected difference in rewards between the best policy in the class and the chosen policy.,6137ad5e64024679bec7a847e2b7b718
weighted classification problem,policy estimation,The learning problem in Equation 6 is reformulated as a weighted classification task, where the estimated policy (π) is determined by optimizing the weighted sum of classifier outputs for each data point.,6137ad5e64024679bec7a847e2b7b718
depth-m decision trees,possible policies π,The space of possible policies is defined as decision trees with a maximum depth of m, which serve as the structure for estimating the optimal policy.,6137ad5e64024679bec7a847e2b7b718
radial basis function (rbf) kernel,linear decision boundaries,Results also consider linear decision boundaries obtained using the rbf kernel, as an alternative to decision trees, in the policy class Π.,6137ad5e64024679bec7a847e2b7b718
doubleml package,policy estimation,The DoubleML package is used for implementing the estimation of policies, utilizing various machine learning algorithms to estimate the CATEs and handle nuisance parameters.,6137ad5e64024679bec7a847e2b7b718
principal component transformation,doubleml model,The DoubleML model is based on the original data without undergoing principal component transformation, indicating that the analysis is performed directly on the raw data.,6137ad5e64024679bec7a847e2b7b718
irm (individual treatment effects),doubleml package,The DoubleML package facilitates estimation of both Individualized Treatment Effects (IRM) and CATEs, which are central to the causal learning problem.,6137ad5e64024679bec7a847e2b7b718
policytree,sverdrup et al. (2020),The context refers to 'policytree' as a method introduced by Sverdrup et al. in 2020.,d9f065f1345048cd89da932c49454dcc
exact tree search,policytree,Exact tree search is a component of the policytree approach used for estimating the policy.,d9f065f1345048cd89da932c49454dcc
γ (threshold),policy,Different values of γ (0.01, 0.03, 0.05) are considered to illustrate the effect on the estimated policy.,d9f065f1345048cd89da932c49454dcc
one-dimensional cate policy,flexibility,The one-dimensional CATE policy lacks flexibility to display splits along secondary color measurements.,d9f065f1345048cd89da932c49454dcc
depth-1 tree,flexibility,Similar to the one-dimensional CATE policy, the depth-1 tree also has limited flexibility.,d9f065f1345048cd89da932c49454dcc
two-dimensional cate,flexibility,The two-dimensional CATE offers more flexibility by splitting along both color measurements.,d9f065f1345048cd89da932c49454dcc
depth-2 tree,flexibility,The depth-2 tree further splits the area, indicating increased adaptability.,d9f065f1345048cd89da932c49454dcc
estimated policies,decision rules,All methodologies produce similar decision rules despite varying levels of flexibility.,d9f065f1345048cd89da932c49454dcc
reworked panels,policy estimate,The table shows the share of reworked panels under each policy estimate, demonstrating the impact on workload.,d9f065f1345048cd89da932c49454dcc
treated observations,policy estimate,The share of treated observations highlights the potential increase in workload when considering stricter policies.,d9f065f1345048cd89da932c49454dcc
capacity restrictions,improvements in overall yield,Employing policies accounting for capacity restrictions could lead to better yield even with increased workload.,d9f065f1345048cd89da932c49454dcc
overfitting,statistical uncertainty,overfitting leads to large confidence intervals, indicating high statistical uncertainty in specific regions,900fbbf9dea24b418e2582e57026cf5b
causal inference,domain expert knowledge,combining causal inference with domain expert input is crucial for making value from data,900fbbf9dea24b418e2582e57026cf5b
possible cut-offs,feasible reworks,careful consideration of cut-offs and production capacities affects implementation and decision-makers' compliance,900fbbf9dea24b418e2582e57026cf5b
clear cut-off,main measurement,a clear cut-off simplifies implementation and promotes higher compliance among decision-makers,900fbbf9dea24b418e2582e57026cf5b
regression discontinuity,real effect measurement,used to measure the true effect at the cut-off point after initial decision-making,900fbbf9dea24b418e2582e57026cf5b
policy learning,greedy decision trees,policy estimation in policy learning uses DecisionTreeClassifier from scikit-learn,900fbbf9dea24b418e2582e57026cf5b
policy learning,weighted classification with rbf kernel,additional method for policy estimation, using a weighted classifier with a radial basis function (RBF) kernel,900fbbf9dea24b418e2582e57026cf5b
bayesian joint research program (bayvfp),digitization,funding source for the work,900fbbf9dea24b418e2582e57026cf5b
bavarian joint research program (bayvfp),dik0294/01,specific funding reference for the project,900fbbf9dea24b418e2582e57026cf5b
ams osram,economic ai,research partners contributing to the study,900fbbf9dea24b418e2582e57026cf5b
vdi/vde-it munich,free state of bavaria,financial support providers for the project,900fbbf9dea24b418e2582e57026cf5b
vdi/vde-it munich,organization,credit for organizing the collaboration,900fbbf9dea24b418e2582e57026cf5b
