node_1,node_2,edge,chunk_id
statistical inverse problem (sip),stochastic gradient descent (sgd) algorithms,In this paper, the authors discuss how SGD algorithms can be employed to solve linear SIP, demonstrating their application.,9fc57d5c92e1418b993dd72eae3c8990
stochastic gradient descent (sgd) algorithms,excess risk,The paper provides consistency and finite sample bounds for the excess risk associated with the SGD approach.,9fc57d5c92e1418b993dd72eae3c8990
sgd algorithm modification,machine learning methods,The proposed modification incorporates machine learning techniques to enhance the algorithm's performance by smoothing stochastic gradients.,9fc57d5c92e1418b993dd72eae3c8990
functional linear regression model,synthetic data example,The algorithm is exemplified using a functional linear regression model, including both a synthetic data scenario and a real-world classification problem.,9fc57d5c92e1418b993dd72eae3c8990
functional linear regression model,classification problem,The classification problem involves predicting the primary activity of bitcoin addresses based on their balances.,9fc57d5c92e1418b993dd72eae3c8990
inverse problems (ip),unknown parameter (function),Inverse problems generally involve searching for an unknown function that satisfies a given equation, even if the solution is ill-posed.,9fc57d5c92e1418b993dd72eae3c8990
inverse problems (ip),examples in daily life,Examples of inverse problems abound in various fields, such as medical imaging (e.g., CT and MRI).,9fc57d5c92e1418b993dd72eae3c8990
computerized tomography (ct),magnetic resonance imaging (mri),The context mentions CT and MRI as two imaging techniques that may be introduced together in an introductory text, possibly for comparison.,cc8e7ab11a0b4e0ba6e772dc9bd70670
statistical inverse problems (sip),deterministic problems,SIP is distinguished from deterministic problems where noise is often assumed small but not practically verifiable.,cc8e7ab11a0b4e0ba6e772dc9bd70670
probabilistic setting,statistical inverse problems (sip),The paper's focus is on SIP within a probabilistic framework that considers measurement uncertainty.,cc8e7ab11a0b4e0ba6e772dc9bd70670
stochastic inverse problems,gradient descent framework,The proposed algorithm is based on a gradient descent approach using stochastic gradients or base learners.,cc8e7ab11a0b4e0ba6e772dc9bd70670
main contributions,section 2-5 (organization of the paper),The paper's structure includes an introduction to the problem context, problem definition, practical problem examples, main results, and conclusion.,cc8e7ab11a0b4e0ba6e772dc9bd70670
functional linear regression problem (flr),36th conference on neural information processing systems (neurips 2022),The context mentions FLR as a topic being discussed at NeurIPS 2022.,7195598614d74b2c947bcfab1981b530
novel numerical method,stochastic gradient descent (sgd) algorithm,The text proposes a new method inspired by SGD for estimating functional parameters in SIP problems.,7195598614d74b2c947bcfab1981b530
stochastic gradient descent (sgd),boosting algorithms,The method extends the properties of SGD and connects it to boosting algorithms for a broader class of problems.,7195598614d74b2c947bcfab1981b530
sgd,deterministic ips,SGD is mentioned as having well-understood results in deterministic IPs, contrasting its application to SIP formulation.,7195598614d74b2c947bcfab1981b530
functional parameter estimation,regularization strategies,Most existing IP methods focus on regularization for inverting the operator A, while the proposed method avoids this approach.,7195598614d74b2c947bcfab1981b530
proposed algorithm,sample averaging,The algorithm is similar in spirit to sample averaging used in traditional SGD.,7195598614d74b2c947bcfab1981b530
risk consistency,statistical setting,The procedure ensures risk consistency both in expectation and high probability within the statistical context.,7195598614d74b2c947bcfab1981b530
algorithm modification,operator a,A suggested alteration is proposed to directly estimate the functional parameter without relying on inverting the operator A.,7195598614d74b2c947bcfab1981b530
statistical setting,sip problems,The context discusses the statistical setting as a broader context for SIP problems, which are a specific challenge within this setting.,2ca11ff3f4384d1fa000e4ec33744b17
algorithm modification,boosting algorithms,The proposed algorithm is inspired by boosting methods, such as Mason et al. [1999] and Friedman [2001], to address challenges in SIP.,2ca11ff3f4384d1fa000e4ec33744b17
sip problems,discretization procedures,A common challenge in SIP problems is the discretization of the operator A, which needs to be addressed.,2ca11ff3f4384d1fa000e4ec33744b17
sip,mathematical physics,SIP was initially introduced in Sudakovand and Khalfin [1964] as a statistical reformulation of IPs from Mathematical Physics.,2ca11ff3f4384d1fa000e4ec33744b17
parametric approach to sip,finite dimensional space,In the parametric approach, the unknown function is assumed to be described by a finite-dimensional parameter.,2ca11ff3f4384d1fa000e4ec33744b17
nonparametric framework,infinite dimensional space,The nonparametric framework considers the IP as searching for an element in an infinite-dimensional space.,2ca11ff3f4384d1fa000e4ec33744b17
ip regularization,roughness penalty,Regularization techniques, such as roughness penalties, are used to address the ill-posedness of IPs.,2ca11ff3f4384d1fa000e4ec33744b17
tikhonov regularization,spectral cut-off regularization,Other standard approaches for regularization include Tikhonov and spectral cut-off methods, as mentioned in Bissantz et al. [2007].,2ca11ff3f4384d1fa000e4ec33744b17
section 4,algorithms,In Section 4, the focus is on how the algorithms address problem (3) directly by calculating stochastic gradients for the populational risk.,0e1885d240c640aa83d44dafed2694c5
problem (3),formalization,Before formalizing the results, the context motivates the study of problem (3) with various applications.,0e1885d240c640aa83d44dafed2694c5
eq. (1),motivation,The equation Eq. (1) serves as motivation for the broader discussion.,0e1885d240c640aa83d44dafed2694c5
deconvolution,convolution equation,Deconvolution is an inverse problem involving a convolution equation where the relationship between Y and X is defined through a known kernel k.,0e1885d240c640aa83d44dafed2694c5
kernel k,deconvolution,The kernel k plays a central role in the deconvolution equation, connecting X and Y.,0e1885d240c640aa83d44dafed2694c5
w,d([0, t]),W is denoted as Rd, while D([0, T]) represents the space of functions for functional linear regression.,0e1885d240c640aa83d44dafed2694c5
functional linear regression,multivariate scalar regression,Functional Linear Regression is a specific type of multivariate scalar regression with stochastic processes and a model involving integration.,0e1885d240c640aa83d44dafed2694c5
ta[f ](x),functional linear regression model,TA[f ](x) defines the linear operator in the functional linear regression model, which involves integration over time.,0e1885d240c640aa83d44dafed2694c5
flr setting,classification problem,The model can be extended to deal with Y taking label values, demonstrating the applicability in different contexts, such as classification.,bd63be4bd5774817a3a2b52fe9ea7cdd
linear, bounded operator a : h → l2(x),sips (structured inverse problems),Linear SIPs are a wide class of problems that the paper focuses on, encompassing various applications across engineering, statistics, and computer science.,bd63be4bd5774817a3a2b52fe9ea7cdd
assumption 4.1.1,linear operator,This assumption assumes that the operator A is linear and bounded, which is a fundamental requirement for the study.,bd63be4bd5774817a3a2b52fe9ea7cdd
gradient based algorithms,assumption 2,Assumption 2 is a standard requirement for algorithms relying on gradients, typical in optimization and machine learning problems.,bd63be4bd5774817a3a2b52fe9ea7cdd
loss function,assumption 3,Assumption 3 relates to the integrability condition of the loss function, a key aspect in analyzing algorithms' convergence.,bd63be4bd5774817a3a2b52fe9ea7cdd
arg min f ∈ f ra(f),optimal solution f ◦,f ◦ is the optimal solution found under the constraint set F, where RA(f) represents the objective function.,bd63be4bd5774817a3a2b52fe9ea7cdd
d < ∞,uniform boundedness of functions in f,This assumption bounds the difference between any two functions in the set F, providing a measure of their variability.,bd63be4bd5774817a3a2b52fe9ea7cdd
hilbert space h,functions from w to rk,H is a space consisting of functions mapping from W to Rk.,e2a0a959f9b2456abd002e17e8007cf2
kernel φ,x × w,Φ is a kernel function that maps inputs from X and W to Rk×d.,e2a0a959f9b2456abd002e17e8007cf2
a*,h,A* is the adjoint operator applied to h in H, such that A*[h](w) is in H.,e2a0a959f9b2456abd002e17e8007cf2
rkhs (reproducing kernel hilbert space),h,Assumption 4.3 holds when H is an RKHS, which ensures the existence of φw.,e2a0a959f9b2456abd002e17e8007cf2
φw,l2(x),φw is a functional defined on L2(X) that maps h to A*[h](w).,e2a0a959f9b2456abd002e17e8007cf2
mw,+∞,Mw is a finite bound for the norm of φw, ensuring its dual representation.,e2a0a959f9b2456abd002e17e8007cf2
riesz representation theorem,a connection between φw and φ,This theorem connects φw to a kernel Φ, where A*[h](w) equals the inner product with Φ.,e2a0a959f9b2456abd002e17e8007cf2
kernel k,h,If H has a kernel K, Φ can be expressed as A[K(·, w)](x).,e2a0a959f9b2456abd002e17e8007cf2
integral operators,operators a,A more general class of operators considered, which are integral operators.,e2a0a959f9b2456abd002e17e8007cf2
integral operators,linear ips,The class of integral operators includes several important linear IPs.,aa2d6245c2724a6ca32746c2fd9c6aa3
integral operators,green's function formulation,Some PDEs IPs can be recast as integral equations using Green's function.,aa2d6245c2724a6ca32746c2fd9c6aa3
linear pde,initial condition recovery,Recovering the initial condition of a linear PDE is an example where integral equations are used.,aa2d6245c2724a6ca32746c2fd9c6aa3
risk function,gradient with respect to f,Under Assumption 4.3, the gradient of the risk function is given by the expected value of the product of Φ(X, w) and ϕf (X).,aa2d6245c2724a6ca32746c2fd9c6aa3
gradient of the risk function,unbiased estimator,An unbiased estimator for the gradient can be constructed based on the derived expression.,aa2d6245c2724a6ca32746c2fd9c6aa3
assumption 4.3,kernel φ(x, w),Assumption 4.3 relates to the adjoint operator and defines the kernel Φ(x, w) as the transpose of φ(x, w).,aa2d6245c2724a6ca32746c2fd9c6aa3
adjoint operator,definition of,The adjoint operator is defined through the relationship between the inner products of functions.,aa2d6245c2724a6ca32746c2fd9c6aa3
base-learner,boosting estimators,base-learner is a type of algorithm, similar to Boosting estimators, which are commonly used in regression problems.,4f8a823ae47847d19a1395c393fff7b4
ml-sgd,boosting estimators,ML-SGD is compared to boosting estimators, suggesting it shares a similar role in the context of regression.,4f8a823ae47847d19a1395c393fff7b4
sip mason et al. [1999],standard regression problem,SIP Mason et al.'s work is mentioned in the context of standard regression problems.,4f8a823ae47847d19a1395c393fff7b4
friedman [2001],standard regression problem,Friedman's reference also relates to standard regression problems, likely discussing similar techniques.,4f8a823ae47847d19a1395c393fff7b4
functional parameter f◦,overfitting,Estimating the functional parameter can lead to overfitting, which ML-SGD aims to avoid.,4f8a823ae47847d19a1395c393fff7b4
algorithm 1,algorithm 2,Both Algorithms 1 and 2 are discussed, with Algorithm 2 extending the result of Algorithm 1.,4f8a823ae47847d19a1395c393fff7b4
assumptions 4.1 and 4.3,finite sample bound,These assumptions provide the basis for the finite sample bound on the expected excess risk.,4f8a823ae47847d19a1395c393fff7b4
c = supx∈x ∥φ(x, ·)∥2 < +∞,kernel φ,The kernel's norm constraint (C) is a condition for the theorem's performance guarantee.,4f8a823ae47847d19a1395c393fff7b4
appendix b,appendix c,Both appendices provide additional numerical study in a different Inverse Problem: Deconvolution problem.,9dd4503710e944818f74bb0d1cb359f4
inverse problem: deconvolution problem,flr case,The operator in the FLR case is mentioned in the context of the Inverse Problem.,9dd4503710e944818f74bb0d1cb359f4
operator ta[f ](x),section 3,The definition of the operator is given in Section 3.,9dd4503710e944818f74bb0d1cb359f4
w,s,w is denoted by s in the context.,9dd4503710e944818f74bb0d1cb359f4
a∗[g],h,A∗[g] is shown to belong to the space H under the assumption of a finite norm for X.,9dd4503710e944818f74bb0d1cb359f4
φ(x, s),xt (s),Φ(x, s) is equal to xT (s) as derived in the context.,9dd4503710e944818f74bb0d1cb359f4
ui(s),xt (s),ui(s) is defined as xT (s) multiplied by a derivative term.,9dd4503710e944818f74bb0d1cb359f4
simulation study,gonzález-manteiga and martínez-calvo [2011],The simulation study is from the reference work by González-Manteiga and Martínez-Calvo.,9dd4503710e944818f74bb0d1cb359f4
w,[0, 1],W is set to the interval [0, 1] for the simulation.,9dd4503710e944818f74bb0d1cb359f4
f ◦(z),sin(4πz),f ◦(z) has a specific function form of sin(4πz) in the simulation.,9dd4503710e944818f74bb0d1cb359f4
x,brownian motion,X is simulated as a Brownian motion in the interval [0, 1].,9dd4503710e944818f74bb0d1cb359f4
noise-signal ratio,0.2,The ratio of noise to signal is set to 0.2.,9dd4503710e944818f74bb0d1cb359f4
100 samples of x and y,1000 points in [0, 1],The integral in the operator is approximated using 1000 points.,9dd4503710e944818f74bb0d1cb359f4
coarse grid,100 equally-spaced times,Functional samples are observed at 100 equally-spaced points for the algorithm.,9dd4503710e944818f74bb0d1cb359f4
ml-sgd algorithm,smoothing splines, regression trees,Base learners for ML-SGD include smoothing splines and regression trees.,9dd4503710e944818f74bb0d1cb359f4
penalized functional linear regression (pflr),cubic splines,PFLR uses cubic splines with cross-validation for selecting basis functions.,9dd4503710e944818f74bb0d1cb359f4
landweber iterations,sgd algorithm,Both Landweber iterations and the SGD algorithm are mentioned as noisy methods that seem to overfit the data.,473d8ae643e74e82892e2298f837f4b1
synthetic data,fitted results,The context refers to fitted results for the synthetic data, showing true values for f◦ as black dots.,473d8ae643e74e82892e2298f837f4b1
flr setting,classification problem,A real data application is discussed in the FLR setting, focusing on a classification problem with bitcoin addresses.,473d8ae643e74e82892e2298f837f4b1
bitcoin addresses,cumulative credit,The data set consists of 3000 bitcoin addresses with 501 equally spaced observations of cumulative credit.,473d8ae643e74e82892e2298f837f4b1
cumulative credit,predicted outcome,Cumulative credit at each point in time is used as the explanatory variable X for predicting the binary outcome Y.,473d8ae643e74e82892e2298f837f4b1
x (explanatory variables),y (predicted outcome),X represents the cumulative credit curves and Y is the indicator variable for whether an address is associated with illegal activities.,473d8ae643e74e82892e2298f837f4b1
log-likelihood of the negative binomial,model proposed,A model is proposed using the log-likelihood of the negative binomial to predict the probability of Y being 1 given X.,473d8ae643e74e82892e2298f837f4b1
log-likelihood of the negative binomial,classification loss functions,The log-likelihood of the negative binomial can be included in the equation alongside other classification loss functions for optimization.,9a2328d6ef6a4db2b076f2faf902c46e
sgd-sip algorithm,ml-sgd algorithm,SGD-SIP and ML-SGD algorithms are compared for performance, with SGD-SIP achieving the best average accuracy.,9a2328d6ef6a4db2b076f2faf902c46e
ml-sgd algorithm,base learner (regression trees),ML-SGD uses regression trees as one of its base learners.,9a2328d6ef6a4db2b076f2faf902c46e
ml-sgd algorithm,base learner (cubic splines),ML-SGD also employs cubic splines as another base learner.,9a2328d6ef6a4db2b076f2faf902c46e
pflr algorithm,cubic splines,PFLR uses cubic splines with different degrees of freedom and a quadratic penalty term.,9a2328d6ef6a4db2b076f2faf902c46e
pflr algorithm,functional data analysis problem,PFLR is specifically designed for Functional Data Analysis.,9a2328d6ef6a4db2b076f2faf902c46e
sgd-sip algorithm,accuracy,SGD-SIP achieves the best average performance in terms of accuracy.,9a2328d6ef6a4db2b076f2faf902c46e
functional plr,accuracy,Functional PLR with cubic splines and 20 knots provides similar performance.,9a2328d6ef6a4db2b076f2faf902c46e
ml-sgd algorithm,smoothness,ML-SGD with smooth splines has a smoother estimator.,9a2328d6ef6a4db2b076f2faf902c46e
number of knots,cubic splines,Number of knots in cubic splines is specified as 20.,9a2328d6ef6a4db2b076f2faf902c46e
penalization for derivative,pflr,PFLR uses a quadratic penalty term for the derivative of the estimate.,9a2328d6ef6a4db2b076f2faf902c46e
pflr,functional data analysis,PFLR is tailored specifically for Functional Data Analysis problems.,4079cc9635bc47e58a0037d1343b5c6a
our approach,linear sip problems,Our approach is flexible and adaptable to various Linear SIP problems.,4079cc9635bc47e58a0037d1343b5c6a
algorithm,online applications,The algorithm is suitable for online applications due to its ability to use only one sample per iteration.,4079cc9635bc47e58a0037d1343b5c6a
package refund,goldsmith et al. [2021],Package refund was used for fitting the PFLR model, developed by Goldsmith et al.,4079cc9635bc47e58a0037d1343b5c6a
table 2,results,Table 2 showcases the results for three-fold cross-validation with different models.,4079cc9635bc47e58a0037d1343b5c6a
sip,stochastic gradients,The method involves solving SIP using stochastic gradients with theoretical guarantees.,4079cc9635bc47e58a0037d1343b5c6a
base-learners,boosting algorithms,Base-learners are estimated in the spirit of boosting, enhancing algorithmic performance.,4079cc9635bc47e58a0037d1343b5c6a
deconvolution problems,integral equations,The framework can be applied to diverse settings including deconvolution and integral equations.,4079cc9635bc47e58a0037d1343b5c6a
pdes,linear ips,Related to partial differential equations (PDEs), our method addresses linear IPs.,4079cc9635bc47e58a0037d1343b5c6a
numerical studies,real-world application data,Performance is demonstrated through numerical studies and a real-world application.,4079cc9635bc47e58a0037d1343b5c6a
our method,flr setting,Our framework is compared to widely used techniques in the Functional Linear Regression (FLR) setting.,4079cc9635bc47e58a0037d1343b5c6a
