node_1,node_2,edge,chunk_id
abstractpolicy optimization (po),high-dimensional continuous control tasks,PO algorithms are designed to handle the high-dimensionality of real-world continuous control tasks.,706a2599f13740f980a19d7a809d2c7e
trust region policy optimization methods,popular approach,TRPO is a popular strategy within the context of PO to stabilize policy updates.,706a2599f13740f980a19d7a809d2c7e
kl divergence,used in trpo,TRPO traditionally relies on the KL divergence to limit policy changes.,706a2599f13740f980a19d7a809d2c7e
wasserstein distance,alternative to kl divergence,The Wasserstein distance is proposed as a natural alternative to define trust regions or regularize objectives.,706a2599f13740f980a19d7a809d2c7e
state-of-the-art works,approximations or limited to discrete spaces,Current methods either approximate the Wasserstein distance or don't provide a continuous-space algorithm.,706a2599f13740f980a19d7a809d2c7e
optimal transport trust region policy optimization (ot-trpo),proposed algorithm,We introduce OT-TRPO to address the lack of a suitable algorithm for continuous state-action spaces.,706a2599f13740f980a19d7a809d2c7e
infinite-dimensional optimization problem,avoided with dual reformulation,OT-TRPO provides a one-dimensional dual formulation to bypass the need for infinite-dimensional optimization.,706a2599f13740f980a19d7a809d2c7e
dual problem,solution for policy update,The optimal policy update is derived analytically from the solution of the dual problem.,706a2599f13740f980a19d7a809d2c7e
computation of optimal transport costs,optimal transport maps,OT-TRPO implicitly characterizes optimal transport costs and maps through the dual formulation.,706a2599f13740f980a19d7a809d2c7e
experimental evaluation,control tasks,The paper presents an experimental evaluation of OT-TRPO across various control tasks.,706a2599f13740f980a19d7a809d2c7e
experimental evaluation,control tasks,The context discusses providing an evaluation of the approach specifically for different control tasks.,635b9f7dd70d46908279311aeeb4c662
optimal transport discrepancies,advantage over state-of-the-art approaches,OT discrepancies are proposed as a means to offer an advantage compared to existing methods.,635b9f7dd70d46908279311aeeb4c662
reinforcement learning (rl),policy optimization (po),RL, including PO algorithms, is highlighted for its success in various domains, with PO being suited for high-dimensional control tasks.,635b9f7dd70d46908279311aeeb4c662
trust region policy optimization (trpo),kl divergence,TRPO uses the KL divergence as a similarity measure in policy optimization but alternatives like Wasserstein distance are mentioned.,635b9f7dd70d46908279311aeeb4c662
wasserstein distance,optimal transport discrepancy,The Wasserstein distance is a specific type of optimal transport discrepancy, which is seen as a potential alternative to the KL divergence.,635b9f7dd70d46908279311aeeb4c662
optimization problem,policy space,The main challenge in PO algorithms is optimizing policies within a constrained space, often measuring similarity using distance functions.,635b9f7dd70d46908279311aeeb4c662
optimal transport discrepancies,trust region,The context discusses using optimal transport discrepancies to construct a trust region, particularly in settings with continuous state-action spaces.,e0b13d88130341ba93a7afc368fed131
general compact polish spaces,continuous domains,These spaces refer to the type of domains where actions and states are continuous, such as physical control tasks.,e0b13d88130341ba93a7afc368fed131
policy optimization problem,strong duality,The paper establishes strong duality for the optimal transport trust region policy optimization problem in general metric spaces.,e0b13d88130341ba93a7afc368fed131
dual reformulation,optimal policy update,The dual reformulation helps ensure an optimal policy update within the trust region without requiring line searches.,e0b13d88130341ba93a7afc368fed131
analytical expression of transport maps,computation of optimal transport discrepancies,An analytical expression is used to avoid computationally intensive optimal transport discrepancy calculations.,e0b13d88130341ba93a7afc368fed131
optimal transport trust region policy optimization (ot-trpo),algorithm for continuous settings,OT-TRPO is the proposed algorithm that leverages the derived duality theory for policy optimization in continuous spaces.,e0b13d88130341ba93a7afc368fed131
policy updates,monotonic improvement,Policy updates in OT-TRPO are shown to lead to a monotonic increase in the performance function.,e0b13d88130341ba93a7afc368fed131
optimal transport discrepancy constraint,rl benchmarks,The context discusses the use of optimal transport discrepancies in the context of reinforcement learning (RL) benchmarks, where our method is compared to state-of-the-art approaches.,a54c5e5efb4840be8961e8fd20fb1c52
our method,po (policy optimization),Our method is specifically designed for policy optimization and shown to be effective in comparison to other PO algorithms.,a54c5e5efb4840be8961e8fd20fb1c52
behavior guided policy gradient (bgpg),wasserstein distance penalty,BGPG replaces the KL divergence trust region in TRPO with a Wasserstein distance-based penalty in a behavioral space.,a54c5e5efb4840be8961e8fd20fb1c52
trpo (proximal policy optimization),ppo (proximal policy optimization),Both TRPO and PPO are mentioned as traditional methods, with PPO being slower than TRPO according to the text.,a54c5e5efb4840be8961e8fd20fb1c52
wasserstein natural policy gradient (wnpg),speeding up po,WNPG attempts to enhance PO by incorporating local behavior information but is slower than TRPO and PPO.,a54c5e5efb4840be8961e8fd20fb1c52
trust regions,guarantee,Our approach guarantees the use of trust regions, unlike other methods discussed.,a54c5e5efb4840be8961e8fd20fb1c52
[22] (bgpg),[29] (trpo),References to specific algorithms, where [22] is BGPG and [29] is TRPO, illustrating differences in methodology.,a54c5e5efb4840be8961e8fd20fb1c52
[20] (wnpg),wasserstein information matrix,WNPG incorporates the Wasserstein Information Matrix to improve PO efficiency.,a54c5e5efb4840be8961e8fd20fb1c52
trust regions policy optimization (trpo),idea of trust regions,TRPO does not build on the idea of trust regions, ensuring policy updates are close to the previous one using an optimal transport discrepancy.,0bfe8bd0f21b4b32a876d87e3f8dce52
wasserstein policy optimization (wpo),related work,The closest related work to TRPO is WPO, studied for discrete action spaces, but the present work addresses general compact Polish spaces.,0bfe8bd0f21b4b32a876d87e3f8dce52
compact polish spaces,general setting,This work encompasses both continuous and discrete state-action spaces, making it more general than WPO.,0bfe8bd0f21b4b32a876d87e3f8dce52
non-direct policy parametrizations,level of generality,The generality of the work allows for non-direct policy parametrizations, which is a challenge compared to the discrete action space setting.,0bfe8bd0f21b4b32a876d87e3f8dce52
wasserstein distributionally robust optimization (dro),connection,The work is connected to DRO, although the focus is different – DRO quantifies worst-case risk, while TRPO uses optimal transport for exact policy updates.,0bfe8bd0f21b4b32a876d87e3f8dce52
exact optimal transport-based trpo,continuous settings,TRPO performs exact updates in continuous settings by leveraging optimal transport theory to avoid computational burdens.,0bfe8bd0f21b4b32a876d87e3f8dce52
discrete-time markov chain,mdp (markov decision process),A policy induces a discrete-time Markov chain, which is a part of the MDP controlled by the policy.,95db780902e94aafb59ef9cce203db91
state of the system,state space s,The state of the system, denoted by 'st', is a variable in the state space S.,95db780902e94aafb59ef9cce203db91
probability distribution p⇢,⇡,markov chain,P⇢,⇡ represents the probability distribution of the Markov chain generated by the MDP under policy ⇡, starting from initial state distribution ⇢.,95db780902e94aafb59ef9cce203db91
state-value function v海尔潁(s),expected long-term return,V海尔潁(s) represents the expected long-term return when starting from state s under policy ⇡.,95db780902e94aafb59ef9cce203db91
action-value function q海尔潁(s, a),state-value function v海尔潁(s),Q海尔潨(s, a) is related to V海尔潨(s) as it provides the expected future rewards for taking action a in state s.,95db780902e94aafb59ef9cce203db91
expected long-term return r,action-value function q海尔潨(s, a),The expected long-term return is calculated based on the action-value function Q海尔潨(s, a).,95db780902e94aafb59ef9cce203db91
po problem,unknown state transition kernel p,The PO problem involves solving an MDP with an unknown state transition kernel P.,95db780902e94aafb59ef9cce203db91
finite state and action spaces,optimal policy,In finite spaces, an optimal policy exists, ensuring optimality in the long run.,95db780902e94aafb59ef9cce203db91
continuous state and action spaces,measurable optimal policy,For continuous spaces, an optimal policy is also measurable, although it may not be computationally feasible.,95db780902e94aafb59ef9cce203db91
finite state-action space,optimal policy,An optimal policy is guaranteed to exist when the state-action space is finite.,5248073089b648a9b1b8a1134ef06916
continuous state-action space,measurable optimal policy,In the continuous setting, a measurable optimal policy is guaranteed to exist under certain assumptions.,5248073089b648a9b1b8a1134ef06916
theorem 6.11.11 (reference),appropriate assumptions,This theorem guarantees the existence of an optimal policy with specific conditions on state and action spaces, reward function, and transition kernel.,5248073089b648a9b1b8a1134ef06916
polish space,transport cost,A Polish space, often denoted as 0, is used in the context of optimal transport to define the cost associated with moving mass between spaces.,5248073089b648a9b1b8a1134ef06916
probability measures,optimal transport discrepancy,The optimal transport discrepancy measures the minimum cost to transform one probability measure into another, considering the cost function c.,5248073089b648a9b1b8a1134ef06916
type-p wasserstein distance,c(µ, ⌫) with c = dp,When the cost function is the p-norm of a distance, it reduces to the type-p Wasserstein distance.,5248073089b648a9b1b8a1134ef06916
po context,optimal transport discrepancy,In the policy optimization context, the discrepancy is used to compare and evaluate different policies.,5248073089b648a9b1b8a1134ef06916
trpo (trust region policy optimization),trust region,TRPO employs a trust region to update policies, ensuring stability during optimization.,5248073089b648a9b1b8a1134ef06916
policy discrepancy,optimization problem,The discrepancy serves as a measure of closeness between policies, and the problem is shown to have an amenable dual reformulation.,fa62882e34d34670ac069a271e3a1fdc
dual optimal solution,primal solution,Given the dual optimal solution, the primal solution has an analytical expression, facilitating monotonic improvement of the performance index.,fa62882e34d34670ac069a271e3a1fdc
policy iteration algorithm,optimal transport-based trust regions,The algorithm uses trust regions based on optimal transport to address the complexity of the discounted state-occupancy measure.,fa62882e34d34670ac069a271e3a1fdc
expected return,discounted state-occupancy measure,The approximation L⇡(˜⇡) replaces the complex dependency on the discounted state-occupancy measure ⇢˜⇡ with ⇢⇡ for stability.,fa62882e34d34670ac069a271e3a1fdc
policy update rule,l⇡(˜⇡),The rule involves maximizing the approximation L⇡(˜⇡) at each time step to improve the current policy.,fa62882e34d34670ac069a271e3a1fdc
policy (⇡),policy change,A conservative policy update is made, considering the influence of policy changes on the discounted state-occupancy measure.,fa62882e34d34670ac069a271e3a1fdc
optimal transport discrepancy,trust region,The method uses an optimal transport discrepancy instead of the KL divergence to define the trust region, ensuring stability during policy updates.,a13d4ceb3b7a4cc3abeb8d14f568976e
problem (p),intractable,Problem (P) is considered intractable due to its infinite-dimensional nature when the state or action spaces are continuous, and the need for infinite computations to evaluate the trust-region constraint.,a13d4ceb3b7a4cc3abeb8d14f568976e
continuous state or action space,infinite-dimensional optimization problem,The complexity arises from the continuous nature of the state and action spaces, making the problem computationally difficult.,a13d4ceb3b7a4cc3abeb8d14f568976e
line search (trpo),computations of optimal transport discrepancy,In TRPO, evaluating the trust region constraint requires potentially infinitely many computations of the optimal transport discrepancy, which is a challenge.,a13d4ceb3b7a4cc3abeb8d14f568976e
wasserstein distributionally robust optimization (dro),tractable dual reformulation,The algorithm draws inspiration from prior works on Wasserstein DRO to find a more manageable dual representation of Problem (P).,a13d4ceb3b7a4cc3abeb8d14f568976e
assumption 1,state space,This assumption likely pertains to some specific properties or requirements of the state space for the dual reformulation to hold.,a13d4ceb3b7a4cc3abeb8d14f568976e
state space,compact subset of a polish space,Assumption 1 states that the state space is assumed to be a compact subset of a Polish space.,ae42fa963b174422abf5259e338e30ce
reward function,continuous function,The reward function r is assumed to be continuous.,ae42fa963b174422abf5259e338e30ce
action spaces,continuous in both s and a,Action spaces are assumed to be continuous in both state s and action a.,ae42fa963b174422abf5259e338e30ce
optimal measurable (stationary) policy,po problem,There exists an optimal policy for the PO problem formulated in Section 3.,ae42fa963b174422abf5259e338e30ce
duality result,[24, theorem 6.11.11, p. 262],The referenced theorem provides a statement under milder assumptions.,ae42fa963b174422abf5259e338e30ce
transport cost,c(a, a0),The transport cost c is continuous and satisfies c(a, a) = 0.,ae42fa963b174422abf5259e338e30ce
advantage function,a⇡(s, a),The advantage function A⇡ is used in the dual formulation.,ae42fa963b174422abf5259e338e30ce
primal problem (p),dual problem (d),Strong duality holds between Problems (P) and (D).,ae42fa963b174422abf5259e338e30ce
problem (d),one-dimensional and convex,Problem (D) has a simple structure involving only the current policy.,ae42fa963b174422abf5259e338e30ce
trust region constraint,optimal policy,The optimal policy results from balancing the proximity to the closest (T⇤(s, a)) and farthest (T⇤(s, a)) maximizers, satisfying the trust region constraint.,c9f77e7a65f34f1b957e2295a04f783d
maximizers of the ⇤-regularized advantage ⇤(s, a),optimal policy,In the case ⇤=0, the policy is determined by displacing all probability mass to the closest maximizer of the advantage functions (T0(s, a)).,c9f77e7a65f34f1b957e2295a04f783d
ambiguous set,dro (distributionally robust optimization),Similar results in DRO deal with evaluating the worst-case cost over an ambiguous set, which inspires the proof but differs in context.,c9f77e7a65f34f1b957e2295a04f783d
corollary 2,results of this section,Corollary 2 provides specific insights on the relationship between the trust region constraint and the optimal policy.,c9f77e7a65f34f1b957e2295a04f783d
t⇤(s, a),t⇤-regularized advantage,The trust region constraint influences the optimal policy by considering both T⇤(s, a) and T⇤(s, a) in the decision-making process.,c9f77e7a65f34f1b957e2295a04f783d
t0(s, a),closest maximizer of advantage functions,When ⇤=0, the policy solely relies on the closest maximizer without the trust region constraint.,c9f77e7a65f34f1b957e2295a04f783d
dro (distributionally robust optimization),ambiguous set of probability distributions,In DRO, the focus is on evaluating the worst-case cost over this set, replacing the average optimal transport discrepancy with a single one.,e824267873ae46c7a365b00999cdd334
optimal transport discrepancy,trust region constraint,The trust region constraint in DRO involves a single optimal transport discrepancy instead of an average.,e824267873ae46c7a365b00999cdd334
state space,joint continuity of advantage in state and action,The problem's regularity depends on the joint continuity, which is assumed for the state space to be compact.,e824267873ae46c7a365b00999cdd334
finite-dimensional linear optimization problem,discrete case,In the discrete setting, problem (P) is simpler due to strong duality, allowing linear programming techniques.,e824267873ae46c7a365b00999cdd334
uncountable product of polish spaces,applicability of dro results,In the continuous setting, the uncountable nature prevents direct application of DRO and optimal transport results.,e824267873ae46c7a365b00999cdd334
policy,probability measure over state space,A potential alternative approach is to view a policy as a probability measure, but this raises issues due to the non-Polish nature of the uncountable product.,e824267873ae46c7a365b00999cdd334
[33] (reference),similar result in the discrete case,This reference presents a similar result, contrasting it with the continuous setting discussed.,e824267873ae46c7a365b00999cdd334
continuous setting,infinite-dimensional linear programming,The proof strategy in the continuous setting requires the use of abstract machinery from infinite-dimensional linear programming.,454f78dcaa174a819cf9b4835cf6816f
discrete setting,continuity and measurability,In the discrete setting, these properties are inherent, unlike the continuous case where they need careful analysis.,454f78dcaa174a819cf9b4835cf6816f
optimal policy update,singleton,In the continuous case, the optimal policy update implicitly assumes a singleton D(s, a), which is often not practical.,454f78dcaa174a819cf9b4835cf6816f
convex optimization problem,dual multiplier,Our proof shows that finding the dual multiplier is a one-dimensional convex problem, allowing efficient solution without approximation techniques.,454f78dcaa174a819cf9b4835cf6816f
discrete state-action spaces,finite state-action spaces,We specialize to discrete spaces, where the state and action spaces are finite (M and N are integers).,454f78dcaa174a819cf9b4835cf6816f
policy ϖ,state-occupancy measure ρ,Policy ϖ is represented as a discrete measure on states and actions, with ρ_i denoting the probability of being in state s_i under policy ϖ.,454f78dcaa174a819cf9b4835cf6816f
state-occupancy measure ρ,probability distribution,ρ_i represents the probability distribution over states under policy ϖ.,454f78dcaa174a819cf9b4835cf6816f
corollary 3,strong duality,Corollary 3 states that for a given policy, strong duality holds in the discrete setting for a positive value of the parameter.,454f78dcaa174a819cf9b4835cf6816f
strong duality result,theorem 1,The strong duality result is analogous to Theorem 1.,05b2df18aa294036bba2fb399d910df6
theorem 1,corollary 2,Analogous results to Theorem 1 also include Corollary 2.,05b2df18aa294036bba2fb399d910df6
corollary 2,problem (p),Corollary 3 provides an implementable algorithm for the policy update, which avoids the mixed-integer optimization problem (P).,05b2df18aa294036bba2fb399d910df6
problem (p),problem (d),Substituting discrete measures in (P) and (D) leads to finite support observations.,05b2df18aa294036bba2fb399d910df6
discrete-p,discrete-d,Both discrete-P and discrete-D are optimization problems with finite sample spaces.,05b2df18aa294036bba2fb399d910df6
policy update,corollary 3,An optimal policy is derived from Corollary 3, offering a practical solution.,05b2df18aa294036bba2fb399d910df6
state-action space,empirical distributions,The representation is applicable when policies and state-occupancy measures are empirical distributions.,05b2df18aa294036bba2fb399d910df6
policies,state-occupancy measures,Policies and state-occupancy measures are interrelated in the context.,05b2df18aa294036bba2fb399d910df6
mixed-integer optimization problem (discrete-p),one-dimensional convex program (discrete-d),Solving discrete-D provides the optimal Lagrange multiplier for the trust region constraint in discrete-P.,3ef7e3aa835140da97c620f2972a05bf
primal problem,trust region constraint,The optimal Lagrange multiplier from discrete-D is used to compute actions for the primal problem's trust region constraint.,3ef7e3aa835140da97c620f2972a05bf
policy update (10),[33, theorem 1, (5)],Our policy update deviates from the one in [33], as our approach involves 'splitting the probability mass' (referring to b⇤i,j and b⇤i,j).,3ef7e3aa835140da97c620f2972a05bf
probability mass splitting,wasserstein dro literature,This 'mass splitting' is consistent with the Wasserstein Distributionally Robust Optimization (DRO) literature.,3ef7e3aa835140da97c620f2972a05bf
b⇤i,j,b⇤i,j,b⇤i,j and b⇤i,j are different components of the policy update where mass is split.,3ef7e3aa835140da97c620f2972a05bf
d(i, aj),singleton,The case where b⇤i,j = b⇤i,j corresponds to D(i, aj) being a singleton.,3ef7e3aa835140da97c620f2972a05bf
performance function j,advantage function estimation error,Proposition 4 shows that our policy update improves performance function J up to the estimated advantage function error.,3ef7e3aa835140da97c620f2972a05bf
estimated advantage function ˆa⇡,true advantage function a⇡,The improvement is guaranteed if the estimated advantage function is close to the true one (with a given error condition).,3ef7e3aa835140da97c620f2972a05bf
estimated advantage function ˆa,performance function,Optimal transport-based trust region policy optimization leads to monotonic improvement of the performance function.,cf45c95228ad490a8513a933399096d5
true advantage function,performance difference lemma,The proof builds on the performance difference lemma (see (2)).,cf45c95228ad490a8513a933399096d5
problem (p),closed-form expression of the optimal policy,The proof of Theorem 1 constructs a closed-form expression for the optimal policy solving problem (P).,cf45c95228ad490a8513a933399096d5
finite action space,[33, theorem 2, p. 5],Analogous result for a finite action space was proved in [33, Theorem 2, p. 5].,cf45c95228ad490a8513a933399096d5
continuous state-action space setting,novelty,This result is novel for the continuous state-action space setting.,cf45c95228ad490a8513a933399096d5
duality results,practical algorithm for ot-trpo,We use duality results on Section 4 to derive a practical algorithm for OT-TRPO.,cf45c95228ad490a8513a933399096d5
policy search set ⇧,set of policies ⇡✓,Restricted to the set of policies parametrized by a Rd for continuous differentiability.,cf45c95228ad490a8513a933399096d5
rd,policy parametrization,Covered for policy parametrizations like softmax and Gaussian policies.,cf45c95228ad490a8513a933399096d5
policy parametrizations,softmax and gaussian policies,The context mentions that commonly used policy parametrizations include softmax and the Gaussian policies, which are specific examples.,0e62e94374aa441f864a0d22d0b94e91
dual problem (d),one-dimensional convex problem,The dual problem D is reformulated as a one-dimensional convex problem for every vector in Rd.,0e62e94374aa441f864a0d22d0b94e91
current policy,vector ✓,A current policy is represented by the vector ✓, which is updated in the algorithm.,0e62e94374aa441f864a0d22d0b94e91
trust region,optimal policy update,The optimal policy update is derived within the trust region after solving the one-dimensional convex problem.,0e62e94374aa441f864a0d22d0b94e91
discrete setting,monte carlo methods,In the discrete setting, the visitation frequency is estimated using Monte Carlo methods.,0e62e94374aa441f864a0d22d0b94e91
continuous case,weighting every visited state equally,In the continuous case, states are weighted equally during estimation.,0e62e94374aa441f864a0d22d0b94e91
advantage function,estimation methods,The advantage function is estimated using Monte Carlo methods, TD-learning, GAE, or non-linear approximators like neural networks.,0e62e94374aa441f864a0d22d0b94e91
gae,neural network approximation,GAE uses a neural network to approximate the value function, similar to standard actor-critic methods.,0e62e94374aa441f864a0d22d0b94e91
evaluation of g,various ways,The context mentions different methods for evaluating G, applicable to both continuous and discrete states.,0e62e94374aa441f864a0d22d0b94e91
finite actions,convex optimization problem,The evaluation of finite actions relates to solving a one-dimensional convex optimization problem in Algorithm 1.,b38c33d9551b4f1d8c0af1f062af795e
gaussian policy parametrization,approximation of g(., ✓),A Gaussian policy is used to approximate the value function G(., ✓) by considering the mean m(s) and fixed variance.,b38c33d9551b4f1d8c0af1f062af795e
gaussian policy,mean (m(s)),In the Gaussian policy, m(s) represents the mean of the policy distribution for a given state s.,b38c33d9551b4f1d8c0af1f062af795e
policy approximation,neural network (nn),A neural network is used to approximate the advantage function, which is part of the policy approximation process.,b38c33d9551b4f1d8c0af1f062af795e
direct parametrization,convex optimization solver,Direct parametrization involves solving a one-dimensional convex optimization problem, where a solver is used to find the optimal value (⇤).,b38c33d9551b4f1d8c0af1f062af795e
direct parametrization,policy update,In the direct parametrization, updates are performed according to equations (10) and (9), leading to policy improvement.,b38c33d9551b4f1d8c0af1f062af795e
continuous states, discrete actions,policy network update,For continuous states and discrete actions, policy updates involve gradient descent on a loss function L(✓) after computing the optimal policy at visited states.,b38c33d9551b4f1d8c0af1f062af795e
standard deviation,independent runs,The standard deviation is calculated across 10 independent runs.,a9da8ada84d44419a06b201884731c90
policy evaluation,mean,Each policy evaluation represents the mean of 10 sampled trajectories.,a9da8ada84d44419a06b201884731c90
ot-trpo,larger final returns,OT-TRPO leads to larger final returns.,a9da8ada84d44419a06b201884731c90
ot-trpo,lower variance,It also has lower variance compared to other algorithms.,a9da8ada84d44419a06b201884731c90
ot-trpo,slower learning curve,In few cases, it may have a slightly slower learning curve.,a9da8ada84d44419a06b201884731c90
performance gain,bgpg and wngp,OT-TRPO's performance gain confirms trust regions stabilize training.,a9da8ada84d44419a06b201884731c90
optimal transport discrepancies,kl divergence,OT discrepancies provide a more natural notion of closeness than KL divergence.,a9da8ada84d44419a06b201884731c90
cliffwalking-v0,optimal policy ⇡⇤,Example in CliffWalking-v0 shows the difference between optimal and candidate policies.,a9da8ada84d44419a06b201884731c90
cliffwalking-v0,candidate policy ⇡,Both policies differ at one state.,a9da8ada84d44419a06b201884731c90
trpo,optimal policy,TRPO cannot converge to the optimal policy with KL divergence due to lack of shared support.,a9da8ada84d44419a06b201884731c90
wpo,ot-trpo,OT-TRPO improves upon WPO in terms of policy performance and trust region constraint.,a9da8ada84d44419a06b201884731c90
trust region constraint,violation,In Taxi-v3, WPO violates the trust region constraint in 72% of updates.,a9da8ada84d44419a06b201884731c90
costs,actionable knobs,Costs are related to actionable knobs, as they serve as a means to control or manipulate the trust region.,73d3aa26de19450bba13d61f018c7492
trust region,geometry,The trust region's geometry is shaped by the costs, indicating its size or boundaries.,73d3aa26de19450bba13d61f018c7492
costs,prior knowledge,Costs can encode prior knowledge about the environment or exploration preferences.,73d3aa26de19450bba13d61f018c7492
costs,exploration strategies,Costs influence the chosen exploration strategies within the problem context.,73d3aa26de19450bba13d61f018c7492
algorithm,convergence properties,The main focus is on studying the convergence properties of the proposed algorithm.,73d3aa26de19450bba13d61f018c7492
project,funding sources,The project receives funding from various sources, including Google Brain and Swiss National Science Foundation.,73d3aa26de19450bba13d61f018c7492
project,nccr automation,It is part of the NCCR Automation grant (51NF40_180545).,73d3aa26de19450bba13d61f018c7492
project,eth,The project is partially supported by the ETH (Swiss Federal Institute of Technology).,73d3aa26de19450bba13d61f018c7492
