node_1,node_2,edge,chunk_id
online manner,subset of elements,Elements arrive in an online manner refers to the sequential arrival of items, and the main focus is on selecting a subset of these elements.,e22885b059994da28b3afc95bdad08c7
subset of elements,combinatorial constraints,The selection process is subject to combinatorial constraints, which define the rules or limitations for choosing elements.,e22885b059994da28b3afc95bdad08c7
single element,simplest example of constraint,A simple constraint is selecting only one element, which serves as a basic scenario for the more general problem.,e22885b059994da28b3afc95bdad08c7
online manner,binary decision,In this formulation, the decision-making involves a binary choice - whether to select an active element as they become known.,e22885b059994da28b3afc95bdad08c7
active element,selecting at most one,The constraint restricts the selection to at most one active element throughout the process.,e22885b059994da28b3afc95bdad08c7
prophet inequality problems,famous examples,Prophet inequality problems and secretary problems are well-known instances of the broader setting discussed.,e22885b059994da28b3afc95bdad08c7
secretary problems,famous examples,Similarly, secretary problems are another prominent example in the context, with applications in auctions.,e22885b059994da28b3afc95bdad08c7
continuous relaxation,approach for solving,A common strategy is to use continuous relaxation of the problem to find an optimal fractional solution.,e22885b059994da28b3afc95bdad08c7
fractional solution,upper bound,The optimal value of the relaxation provides an upper bound on the performance of online or offline algorithms.,e22885b059994da28b3afc95bdad08c7
optimal fractional solution,marginals of elements,The fractional solution x* represents the probabilities or weights associated with each element.,e22885b059994da28b3afc95bdad08c7
online algorithm,maximizing value,The optimal solution x* is used to design an online algorithm that aims to maximize the value of the selected subset.,e22885b059994da28b3afc95bdad08c7
algorithm,online rounding procedure,The algorithm corresponds to an online rounding procedure for an optimal solution.,902a70532e8e487ea5d5a5f7d2340e01
online rounding procedure,x∗,It is designed to maximize the value of the subset of elements selected, corresponding to x∗.,902a70532e8e487ea5d5a5f7d2340e01
problem,linear program,The paper contributes algorithms for rounding an optimal solution to a linear program in an online manner.,902a70532e8e487ea5d5a5f7d2340e01
online nature,ai,The online nature is relevant in AI due to the inability to control the arrival order of agents.,902a70532e8e487ea5d5a5f7d2340e01
rounding algorithms,online contention resolution schemes,These algorithms are a type of CRS for online problems, introduced by Chekuri, Vondrák, and Zenklusen.,902a70532e8e487ea5d5a5f7d2340e01
contention resolution schemes (crss),submodular function maximization,Originally designed to maximize submodular functions, CRSs generalize to various combinatorial constraints.,902a70532e8e487ea5d5a5f7d2340e01
constraint family,examples,Examples include independent sets in matroids, matchings in graphs, and others.,902a70532e8e487ea5d5a5f7d2340e01
combinatorial constraints,independent set,One example is selecting an independent set in a given matroid.,902a70532e8e487ea5d5a5f7d2340e01
combinatorial constraints,feasible matching,Another example is selecting a feasible matching in a given graph.,902a70532e8e487ea5d5a5f7d2340e01
transversal matroids,matching markets,Transversal matroids have been used to model matching markets, like [DRS09, CFMP, BIK07].,902a70532e8e487ea5d5a5f7d2340e01
independent set,matroid,An independent set is a concept in matroid theory, where a subset of elements is chosen such that no element can be added without violating the independence property.,c4d428b7a01f4cf2bab63b4657f11db2
feasible matching,graph,A feasible matching refers to a set of edges in a graph where no two edges share an endpoint and are compatible with the given constraints.,c4d428b7a01f4cf2bab63b4657f11db2
feasible set,knapsack constraint,A feasible set under a knapsack constraint consists of elements whose total size does not exceed a given capacity while satisfying other conditions.,c4d428b7a01f4cf2bab63b4657f11db2
chekuri, vondrák, and zenklusen (cvz11),constraint resolution schemes (crss),CVZ11 introduced the first CRSs for various constraint families, including the ones mentioned earlier.,c4d428b7a01f4cf2bab63b4657f11db2
random set r,active elements,In CRSs, a random set R is drawn from a product distribution based on a fractional point x* and represents the 'active' elements.,c4d428b7a01f4cf2bab63b4657f11db2
r,r',R' is a feasible subset of R obtained after dropping specific elements to meet the constraints.,c4d428b7a01f4cf2bab63b4657f11db2
online contention resolution schemes (ocrss),bayesian and stochastic online optimization,OCRSs were introduced by Feldman, Svensson, and Zenklusen to address the limitations of CRSs in online settings.,c4d428b7a01f4cf2bab63b4657f11db2
ocrss,prophet inequalities,OCRSs are applicable in a range of online optimization problems, including prophet inequalities where decisions must be made sequentially.,c4d428b7a01f4cf2bab63b4657f11db2
bayesian and stochastic online optimization,prophet inequalities,Prophet inequalities are a specific type of problem within the broader context of Bayesian and stochastic online optimization.,0a9b02a9b311408e898e675330d89ea4
prophet inequalities,[ls18],LS18 refers to a paper that discusses or contributes to the topic of prophet inequalities.,0a9b02a9b311408e898e675330d89ea4
stochastic probing,[asw16, gn13, gns16, gns17],These are papers that discuss or contribute to the stochastic probing mechanism, which is another subtopic within the online optimization context.,0a9b02a9b311408e898e675330d89ea4
posted pricing mechanisms,[hks07],HKS07 is a reference to a paper dealing with posted pricing mechanisms, another aspect of online optimization.,0a9b02a9b311408e898e675330d89ea4
ocrss,greedy ocrss,OCRSs (Online Combinatorial Resource Scheduling) include a subclass called greedy OCRSs, which have simpler structure.,0a9b02a9b311408e898e675330d89ea4
greedy ocrss,linear programming duality,Greedy OCRSs often require linear programming duality for optimal design, as demonstrated in the approach of [LS18].,0a9b02a9b311408e898e675330d89ea4
greedy ocrss,non-greedy ocrss,Greedy OCRSs are suboptimal compared to non-greedy OCRSs but are simpler in design.,0a9b02a9b311408e898e675330d89ea4
non-trivial constraint,linear programming duality,To optimize non-trivial constraints, non-greedy OCRSs typically rely on linear programming duality, making the algorithms more complex.,0a9b02a9b311408e898e675330d89ea4
single-item setting,1/e-selectable ocrs,Theorem 1.1 states that there exists a 1/e-selectable OCRS specifically designed for the single-item setting.,21fb351714874a61802e38ad824eb6cd
1/e-selectable ocrs,theorem 1.3,Theorem 1.3 demonstrates that this 1/e-selectable OCRS is optimal for the single-item setting, as no better greedy OCRS exists.,21fb351714874a61802e38ad824eb6cd
theorem 1.3,ε > 0,The theorem asserts that for any positive ε, no greedy OCRS can improve beyond the 1/e guarantee for the single-item setting.,21fb351714874a61802e38ad824eb6cd
single-item setting,1/2 (non-greedy) ocrs,In contrast, a non-greedy OCRS achieves a 1/2 guarantee for the single-item setting, as mentioned in the corollary.,21fb351714874a61802e38ad824eb6cd
partition matroid constraint,corollary 1.2,Corollary 1.2 extends the single-item greedy OCRS to partition matroids, making it 1/e-selectable as well.,21fb351714874a61802e38ad824eb6cd
greedy ocrs,transversal matroids,The OCRS is further extended to transversal matroids in the text, with improved selectability for certain special cases.,21fb351714874a61802e38ad824eb6cd
bayesian mechanism design,posterior price mechanisms,CHMS10 and CVZ11 discuss applications of CRSs, specifically mentioning Bayesian mechanism design as a topic in the former.,bb19360bcbba49b5912f348b252a9f82
crss (correlation selective mechanisms),prophet inequality problem,OCRSs were developed with Bayesian mechanism design as a motivation, and they directly relate to competitive ratios for the prophet inequality problem.,bb19360bcbba49b5912f348b252a9f82
ocrss (optimal correlation selective mechanisms),greedy ocrs for matroids,Feldman, Svensson, and Zenklusen introduced the first greedy OCRS for matroids, achieving a 1/4-selectable ratio.,bb19360bcbba49b5912f348b252a9f82
greedy ocrs for matroids,1/2-selectable ocrs for matroids,Lee and Singla showed a connection, providing a non-greedy 1/2-selectable OCRS for matroids.,bb19360bcbba49b5912f348b252a9f82
1/2-selectable ocrs for matroids,1/(k+1)-selectable rocrs for k matroids,Adamczyk and Wlodarczyk's work includes a 1/(k+1)-selectable ROCRS for the intersection of k matroids.,bb19360bcbba49b5912f348b252a9f82
rocrss (random order crss),improved bounds for random arrival order,ROCRSs yield better bounds when the arrival order is random, indicating they adapt to uncertainty.,bb19360bcbba49b5912f348b252a9f82
matching problem,0.337-selectable ocrs for bipartite graphs,Ezra et al designed a 0.337-selectable OCRS specifically for bipartite matching in the context of OCRSs.,bb19360bcbba49b5912f348b252a9f82
monotone crss,polyhedral approach by bruggmann and zenklusen,Bruggmann and Zenklusen developed optimal monotone CRSs using a novel polyhedral method.,bb19360bcbba49b5912f348b252a9f82
stochastic optimization,online algorithms,This work connects to both stochastic optimization and online algorithms, as they are relevant to dynamic decision-making under uncertainty.,bb19360bcbba49b5912f348b252a9f82
mechanism design,subfield of economics,The broader context highlights the relevance of mechanism design as a subfield within economic theory.,bb19360bcbba49b5912f348b252a9f82
oblivious ocrs,non-oblivious ocrs,The context contrasts the oblivious OCRS with a non-oblivious OCRS, stating that the former cannot be (1/e + ε)-selectable for any ε > 0, while the latter is not specified as having this property.,a0feea3ead96428f97df8eed968f0bed
1/e-selectable ocrs,optimality,The first main result presented in Section 3 is a 1/e-selectable OCRS, which is shown to be optimal in Section 4.,a0feea3ead96428f97df8eed968f0bed
greedy ocrs,obliviousness,The OCRS described is not oblivious, as it uses the fractional point x, distinguishing it from an oblivious scheme.,a0feea3ead96428f97df8eed968f0bed
fractional point x,fractional point y,The obliviousness criterion refers to the equality of πx(S) and πy(S) distributions for any two fractional points x and y.,a0feea3ead96428f97df8eed968f0bed
crs (combinatorial rate shaping),supplementary material,The appendix contains all omitted proofs and the code used for experiments, which are part of the supplementary material.,a0feea3ead96428f97df8eed968f0bed
experimental results,previous schemes,Section 6 presents experimental results demonstrating the superiority of the new schemes over previously known ones.,a0feea3ead96428f97df8eed968f0bed
probability,monotone,A scheme is considered monotone if the probability of selecting an element i increases when its inclusion set A1 expands (A1 ⊆ A2).,1d08e0b8aa3d494b96474fccdf7691fd
probability xi,random subset r(x),In an OCRS, each element i appears in the random subset R(x) independently with probability xi.,1d08e0b8aa3d494b96474fccdf7691fd
random order contention resolution schemes (rocrs),adversarial arrival order,ROCRS refers to the case where element arrival order is chosen uniformly at random, unlike adversarial settings.,1d08e0b8aa3d494b96474fccdf7691fd
adversarial arrival order,three different adversaries,There are three types of adversaries distinguished in the context of adversarial arrival order.,1d08e0b8aa3d494b96474fccdf7691fd
online contention resolution schemes (ocrs),immediate decision,An OCRS requires immediate and irrevocable decision-making for each observed element.,1d08e0b8aa3d494b96474fccdf7691fd
ocrs,subset i ⊆ r(x),An OCRS algorithm selects a subset I from the set of active elements R(x) after observing them.,1d08e0b8aa3d494b96474fccdf7691fd
adamczyk and wlodarczyk,results on rocrss,Adamczyk and Wlodarczyk provide interesting results specifically on Random Order Contention Resolution Schemes in [AW18].,1d08e0b8aa3d494b96474fccdf7691fd
arrival order,adversary,The context introduces 'arrival order' as the main subject and explains that there are three types of adversaries in terms of the information they have: offline, online, and almighty.,2a3ace709986492bbdfc3abd7abfe4c0
offline adversary,almighty adversary,These adversaries are contrasted; the offline adversary is the weakest, while the almighty adversary is the most powerful.,2a3ace709986492bbdfc3abd7abfe4c0
online adversary,offline adversary, almighty adversary,The online adversary falls between the two extremes, having limited information compared to the other two.,2a3ace709986492bbdfc3abd7abfe4c0
information,adversary,The strength of an adversary is determined by the information they have access to.,2a3ace709986492bbdfc3abd7abfe4c0
random events,almighty adversary,An almighty adversary has access to realizations of all random events, giving them complete knowledge.,2a3ace709986492bbdfc3abd7abfe4c0
realization of elements,online adversary,The online adversary's choices are based on the realizations of elements revealed up to that point.,2a3ace709986492bbdfc3abd7abfe4c0
feasible sets,ocr,The context defines a 'greedy OCRS' which interacts with feasible sets in the context of optimizing some process.,2a3ace709986492bbdfc3abd7abfe4c0
greedy ocrs,p, f, fπ,x,A greedy OCRS works with a relaxation of feasible sets (P) and creates a down-closed subfamily Fπ,x for a given input x.,2a3ace709986492bbdfc3abd7abfe4c0
relaxation,p,P is a relaxation of feasible sets, indicating a less strict version of the constraints.,2a3ace709986492bbdfc3abd7abfe4c0
down-closed subfamily,fπ,x,Fπ,x represents a subset of feasible sets that are closed under taking subsets, ensuring a certain level of adaptability.,2a3ace709986492bbdfc3abd7abfe4c0
fsz16,definition,FSZ16 is a reference to a source that defines or discusses greedy OCRSs.,2a3ace709986492bbdfc3abd7abfe4c0
randomized greedy ocrs,deterministic greedy ocrs,relation: contrast, where a randomized OCRS is randomized in choosing Fx, while a deterministic one is not.,77a132d7c7bf471595e872de47928694
greedy ocrs,c-selectability,relation: a greedy OCRS is characterized by its c-selectability, which ensures a minimum probability of selecting an active element.,77a132d7c7bf471595e872de47928694
c-selectable,active element e,relation: a c-selectable OCRS must maintain feasibility with probability at least c when including an active element e in the selection.,77a132d7c7bf471595e872de47928694
fractional point x,1/4-selectable single item greedy ocrs,relation: the example given is of a 1/4-selectable OCRS, where the selection decision for each item is probabilistic (1/2 chance of selection).,77a132d7c7bf471595e872de47928694
step i,element i,relation: the process unfolds in steps, with the OCRS observing and potentially selecting element i at each step.,77a132d7c7bf471595e872de47928694
greedy ocrs,single item setting,There is no 1/2-selectable greedy OCRS for the single item setting.,0a07ef9971fa460a8d6dc78b94dca74d
theorem 1.1,section 4,The proof of Theorem 1.1 is discussed in Section 4.,0a07ef9971fa460a8d6dc78b94dca74d
uniform matroid of rank 1,m = (n, i),M refers to the uniform matroid of rank 1 with respect to the ground set N.,0a07ef9971fa460a8d6dc78b94dca74d
polyhedral relaxation,p,P is a polyhedral relaxation of the uniform matroid M, defined by constraints in the text.,0a07ef9971fa460a8d6dc78b94dca74d
ocrs,π = πx,πx is the OCRS created from a given x in the polyhedral relaxation P.,0a07ef9971fa460a8d6dc78b94dca74d
r(q),random set drawn by π,π draws a random set R(q) at each query.,0a07ef9971fa460a8d6dc78b94dca74d
greedy ocrs,instance with xi = 1/n,The theorem's proof discusses the performance of a greedy OCRS on an instance where all elements have equal probability (xi = 1/n), analyzing the worst-case selection probability.,694ddbe3e78e417a957815ffd567479f
active element,arrival order,An active element's worst-case selection probability is determined by its position in the arrival order, as a greedy OCRS selects earlier elements if they become active.,694ddbe3e78e417a957815ffd567479f
jan vondrák's alternate scheme,personal communication,Jan Vondrák developed an alternate scheme after being informed about the presented OCRS, and the scheme is included in the appendix.,694ddbe3e78e417a957815ffd567479f
1/e-selectable (randomized) ocrs,probability guarantee,A 1/e-selectable OCRS guarantees a minimum probability of selecting an element from the set of active elements.,694ddbe3e78e417a957815ffd567479f
theorem 1.3,worst-case probability,The theorem presents the analysis of the worst-case probability for a greedy OCRS in a specific instance.,694ddbe3e78e417a957815ffd567479f
probability of selection,element from s,The probability of selecting an element from the subset S chosen by the OCRS depends on its position in the set.,694ddbe3e78e417a957815ffd567479f
greedy ocrs,probability,A greedy OCRS (π) ensures that an element e ∈ N is selected with a probability greater than (1 - 1/n),,S,,−1, where S is a subset of F.,44457118b32c4c8392a6fe067894f6e7
probability,c-selectability,For c-selectability, the OCRS must guarantee that Pr[e ∈ π(A) ,, e ∈ A] is at least c, which relates to the probability distribution of elements being selected.,44457118b32c4c8392a6fe067894f6e7
probability,ε,The probability cannot be (c + ε)-selectable for any ε > 0, showing a lower bound on selection probability.,44457118b32c4c8392a6fe067894f6e7
transversal matroid,bipartite graph,A transversal matroid M is defined by a bipartite graph G = (U ∪ V, E), where U's independence corresponds to matchings covering U.,44457118b32c4c8392a6fe067894f6e7
polyhedral relaxation,natural polyhedral relaxation,P denotes the natural polyhedral relaxation of the matroid, which is used to create the OCRS πx.,44457118b32c4c8392a6fe067894f6e7
x,qu,In the OCRS πx, each element u ∈ U has a probability qu drawn from x ∈ P, determining the selection randomness for neighbors in V.,44457118b32c4c8392a6fe067894f6e7
qu,probability distribution,qu represents the probability of selecting u ∈ U given its neighbors in N (v) for v ∈ V.,44457118b32c4c8392a6fe067894f6e7
