node_1,node_2,edge,chunk_id
infinite width limit,generalization and optimization aspects,The infinite width limit contributes to understanding the generalization properties and optimization mechanisms of deep learning.,a6af4990402e4767be4c079f7f2e9100
deep learning,kernel methods,Deep learning is connected to kernel methods, particularly in the context of neural networks.,a6af4990402e4767be4c079f7f2e9100
kernel methods,limited utility,Kernel methods were previously limited in large-scale learning due to high computational and memory requirements.,a6af4990402e4767be4c079f7f2e9100
relu activation,prior focus,Most prior works on neural kernels concentrated on ReLU activation because of its popularity and computational challenges.,a6af4990402e4767be4c079f7f2e9100
general activations,difficulty in computing kernels,Computing kernels for general activation functions was challenging, which this work addresses.,a6af4990402e4767be4c079f7f2e9100
exact dual activation expressions,method for computing neural kernels,The work provides methods for exact or approximate computation of neural kernels based on exact dual activation expressions.,a6af4990402e4767be4c079f7f2e9100
multi-layered neural network gaussian process (nngp) kernel,fast sketching method,A fast sketching method is introduced to approximate NNGP and NTK matrices for various activation functions.,a6af4990402e4767be4c079f7f2e9100
truncated hermite expansion,approximation technique,The method relies on the truncated Hermite expansion to handle different activation functions.,a6af4990402e4767be4c079f7f2e9100
unit sphere limitation,previous works,Prior works required data points on the unit sphere, while the proposed method removes this constraint.,a6af4990402e4767be4c079f7f2e9100
neural tangent kernel (ntk),proposed approximation,The method applies to a wide range of activation functions, including NTK matrices.,a6af4990402e4767be4c079f7f2e9100
data points in r^d,applicability,The proposed methods are applicable to datasets with arbitrary point distributions in Euclidean space.,a6af4990402e4767be4c079f7f2e9100
infinite width limit,general activation function,The importance of expanding the tool set to general activation functions is highlighted as a significant step forward.,5ff927201a3742199f45e4049d8f2545
exact neural kernel computation,computing resources,It requires a large amount of computing resources, potentially hundreds to thousands of GPU hours, even for simple models.,5ff927201a3742199f45e4049d8f2545
order of few 100 to 1,000 gpu hours,depth 10 convolutional neural networks,The time needed to compute the exact NTK for these networks on the CIFAR-10 dataset.,5ff927201a3742199f45e4049d8f2545
monte carlo estimation of the ntk,random sampling,Novak et al. [40] improved estimation but random sampling remains impractical due to high computation and inference costs.,5ff927201a3742199f45e4049d8f2545
ntk approximation via sketching algorithms,zandieh et al. [41],Their work proposes an efficient method to approximate NTKs, particularly for ReLU activation.,5ff927201a3742199f45e4049d8f2545
sketching algorithms,other activations,The paper aims to address the lack of extension of sketching algorithms to handle non-ReLU activations.,5ff927201a3742199f45e4049d8f2545
series expansion,neural kernel for arbitrary smooth activation,The authors show that arbitrary smooth activation functions can be expressed in a series expansion form.,5ff927201a3742199f45e4049d8f2545
single hidden layer,kernel function,The focus initially is on expressing the kernel function for networks with a single hidden layer under the infinite width limit.,5ff927201a3742199f45e4049d8f2545
dual kernel,polynomial activation,The dual kernel serves as a building block for infinite-width neural kernel computations, particularly for polynomial activation functions.,c879cdad1f944d9aa6c0aab68f93f7c1
non-polynomial activation,truncated hermite expansion,For non-polynomial activations, a truncated Hermite expansion is suggested, and an error bound for the dual kernel is analyzed.,c879cdad1f944d9aa6c0aab68f93f7c1
table 1,known dual kernels,Table 1 compiles and expands existing dual kernels for point-wise activations, acting as a reference for analytic expressions and NTK computations.,c879cdad1f944d9aa6c0aab68f93f7c1
ntk computation,coefficients of taylor series,Taylor series coefficients are required for NTK computation, including the dual kernel of the activation's derivative.,c879cdad1f944d9aa6c0aab68f93f7c1
analytic computation,ntk transformations,This work provides a comprehensive coverage of NNGP and NTK transformations for various activations, even when the activation function or its derivative's dual kernel is not directly available.,c879cdad1f944d9aa6c0aab68f93f7c1
ntk computation,derivative of the activation,The proposed method allows automatic computation of the dual kernel for the derivative without explicit knowledge of the activation, applicable to cases like normalized Gaussian or GeLU/ELU.,c879cdad1f944d9aa6c0aab68f93f7c1
kernel approximation,pointwise error bound,The analysis focuses on a pointwise error bound for approximating the dual kernel.,c879cdad1f944d9aa6c0aab68f93f7c1
truncated hermite expansion,activation,The context discusses the use of truncated Hermite expansion as a method for approximating activation functions in the Neural Tangent Kernel (NTK).,7b16452ebf8643cb956c4d49f2ed6d71
estimation error,degree,The error can decay polynomially faster with respect to the finite degree used in the expansion.,7b16452ebf8643cb956c4d49f2ed6d71
kernel formulation,sketching techniques,The kernel is accelerated by employing sketching techniques, similar to those in [41], which improves computational efficiency.,7b16452ebf8643cb956c4d49f2ed6d71
convolutional ntk,sketching method,A novel sketching method is proposed specifically for the Convolutional NTK with homogeneous activations.,7b16452ebf8643cb956c4d49f2ed6d71
ntk approximation,quadratic scaling,The exact CNTK computation has a runtime scaling that is quadratic in the number of pixels, while the proposed sketching method is linear.,7b16452ebf8643cb956c4d49f2ed6d71
neural tangents library,open-sourced implementation,The authors open-source the NNGP and NTK computations, including their new sketching algorithm, within the Neural Tangents library.,7b16452ebf8643cb956c4d49f2ed6d71
ntk (neural tangent kernel),nngp (neural network gaussian process),Both NTK and NNGP are discussed as kernel-based methods in the context of neural networks.,7b16452ebf8643cb956c4d49f2ed6d71
recursive formula,ntk computation,Computing NTK and NNGP can be done using a recursive formula, as mentioned in [2±5].,7b16452ebf8643cb956c4d49f2ed6d71
static kernel function,non-linear activation,The static kernel function is defined as the expectation of a function of non-linear activation.,0932ea96497b432bb2b3769733476955
static kernel function,standard normal distribution,The kernel function is computed over the standard normal distribution.,0932ea96497b432bb2b3769733476955
dual kernel,erf(t),Williams [43] studied the dual kernel of erf(t), which is a special case.,0932ea96497b432bb2b3769733476955
dual kernel,rectified monomial,Cho and Saul [44] derived dual kernels for rectified monomials, with ReLU activation being a specific example.,0932ea96497b432bb2b3769733476955
relu activation,arc-cosine kernel,ReLU's dual kernel corresponds to the arc-cosine kernel when q=1.,0932ea96497b432bb2b3769733476955
sinusoidal activations,gaussian rbf kernel,Rahimi and Recht [45] showed that sinusoidal activations lead to the Gaussian RBF kernel via the Fourier transform.,0932ea96497b432bb2b3769733476955
hermite polynomials,dual kernel,Daniely et al. [46] proposed a method to obtain a dual kernel for activations expandable by Hermite polynomials.,0932ea96497b432bb2b3769733476955
inputs,unit sphere,Some dual kernels' inputs are restricted to be on the unit sphere.,0932ea96497b432bb2b3769733476955
gelu,dual kernel,Tsuchida et al. [48] studied the dual kernel of GeLU and ELU.,0932ea96497b432bb2b3769733476955
elu,dual kernel,Tsuchida et al. [48] also studied the dual kernel of ELU.,0932ea96497b432bb2b3769733476955
ntk,fully-connected neural network,Simon et al. [49] discovered the Neural Tangent Kernel (NTK) of fully-connected networks.,0932ea96497b432bb2b3769733476955
coefficient cj,space of square-integrable functions,cj is computed as a coefficient for a set of orthogonal basis functions in the L2 space.,fc4087574e094147bfa457c11609e050
hermite expansion,l2 space of functions l2(r, (0,1)),The Hermite expansion is unique for functions in the L2 space.,fc4087574e094147bfa457c11609e050
fully-connected l-layered neural network,relu activation function,The network uses ReLU activation function σ.,fc4087574e094147bfa457c11609e050
neural tangent kernel (ntk),infinite-width neural network,NTK is the kernel obtained from the static behavior of an infinitely wide network during training.,fc4087574e094147bfa457c11609e050
infinitely wide network,gaussian process,At initialization, the output of an infinitely wide network is equivalent to a Gaussian process with a specific covariance.,fc4087574e094147bfa457c11609e050
gaussian process,neural network gaussian process (nngp),The Gaussian process with mean zero and covariance Σ(L) is referred to as the Neural Network Gaussian Process, or NNGP.,64bdf8ed492642609786945eec5e02fe
mean zero,gaussian process,The Gaussian process starts with a mean of zero.,64bdf8ed492642609786945eec5e02fe
covariance σ(l),gaussian process,Covariance is a measure of how the values of the process are correlated, with Σ(L) representing the covariance at layer L.,64bdf8ed492642609786945eec5e02fe
neural network gaussian process kernel (nngp kernel),kernel function,The NNGP kernel is a specific type of kernel function used in neural networks.,64bdf8ed492642609786945eec5e02fe
recursive expression,nngp and ntk,Both NNGP and NTK have recursive procedures for computation.,64bdf8ed492642609786945eec5e02fe
neural tangent kernel (ntk),nngp,The NTK is closely related to the NNGP, with a connection described in the recursive computation.,64bdf8ed492642609786945eec5e02fe
depth-l nngp kernel,recursive procedure,The depth-L NNGP kernel is calculated through a recursive process across layers.,64bdf8ed492642609786945eec5e02fe
depth-l ntk,depth-l nngp kernel,The NTK is derived from the NNGP kernel and also has a recursive structure.,64bdf8ed492642609786945eec5e02fe
2-dimensional gaussian distribution,expectation term,The computation of NTK involves an expectation term based on a 2D Gaussian distribution.,64bdf8ed492642609786945eec5e02fe
symmetric covariance matrices,2-dimensional gaussian distribution,The extension to general covariance matrices allows for a broader range of distributions in the NTK computation.,64bdf8ed492642609786945eec5e02fe
dual kernel,bivariate gaussian random variables,Equation (5) defines the dual kernel using a bivariate Gaussian distribution.,446a26e7990741d6b9e5432905b3e3e6
dual kernel,activation function,The dual kernel is related to the activation function in the sense that it is the expected value of the product of the activations under a specific Gaussian distribution.,446a26e7990741d6b9e5432905b3e3e6
dual activation,function,The dual activation of σ with respect to Λa,b,c is a specific function derived from the dual kernel.,446a26e7990741d6b9e5432905b3e3e6
ntk (neural tangent kernel),dual kernel,The NTK is connected to the dual kernel because Kσ(x, y) corresponds to the NNGP kernel of a 1-hidden layer neural network, and the NTK can be computed analytically when the dual kernel has a closed-form expression.,446a26e7990741d6b9e5432905b3e3e6
ntk,smooth activation functions,This section focuses on NNGP and NTK for a wide range of smooth activation functions, indicating that these kernels are applicable to such functions.,446a26e7990741d6b9e5432905b3e3e6
cnn-gp (convolutional neural network gaussian process),kernel,The discussion also extends to kernels related to convolutional neural networks, showing that they fall under the same framework as the NTK.,446a26e7990741d6b9e5432905b3e3e6
cntk (computationally tractable kernel),kernel,CNTK is another type of kernel mentioned in the context, suggesting it shares similarities with the NTK and possibly the dual kernel.,446a26e7990741d6b9e5432905b3e3e6
series expansion for the dual kernel,activation function,The dual kernel's series expansion is derived from that of the activation function, which is essential for NNGP kernel computation.,d11533bc1be249a99ce4e82b4d803450
hermite dual kernel,kσ(x, y),The dual kernel Kσ(x, y) is expressed as an infinite sum of Hermite polynomials' coefficients, with equality when expanded for absolutely continuous σ.,d11533bc1be249a99ce4e82b4d803450
non-homogeneous activation function,polynomial activation,We specifically focus on polynomial activations, which are not q-homogeneous, as a special case.,d11533bc1be249a99ce4e82b4d803450
relu,rectified polynomial,Examples of non-homogeneous activations include leaky ReLU and rectified polynomials.,d11533bc1be249a99ce4e82b4d803450
input radial part,input angular part,To apply the result, inputs are factored into radial and angular components for further analysis.,d11533bc1be249a99ce4e82b4d803450
hermite polynomial basis,monomials,Monomials are expressed in the Hermite polynomial basis, enabling the rewriting of the activation function.,d11533bc1be249a99ce4e82b4d803450
ntk (neural tangent kernel),derivative of the activation function,The Neural Tangent Kernel can be computed by taking the expectation of the activation function's derivative with respect to inputs.,d11533bc1be249a99ce4e82b4d803450
polynomial activation,dual kernel,The theorem provides the dual kernel for a polynomial activation function, which is the focus of the discussion.,3b521956668e459f8b726b1907b2d2df
dual kernel (keσ),theorem 1,Theorem 1 computes the dual kernel explicitly for polynomial activation functions.,3b521956668e459f8b726b1907b2d2df
hermite expansion,non-polynomial activations,For non-polynomial activations, Hermite expansion can be used to approximate the dual kernel.,3b521956668e459f8b726b1907b2d2df
taylor expansion,approximating σ,One can use Taylor expansion to approximate activation functions for deriving the dual kernel.,3b521956668e459f8b726b1907b2d2df
theorem 2,k-th order differentiable activation functions,Theorem 2 applies to activation functions with specific differentiability properties.,3b521956668e459f8b726b1907b2d2df
hermite coefficients,σ(i)(νt),The Hermite expansion coefficients are related to the derivatives of the activation function.,3b521956668e459f8b726b1907b2d2df
ν,absolute continuity,ν is a parameter involved in the analysis, and σ(i) is required to be absolutely continuous.,3b521956668e459f8b726b1907b2d2df
gaussian kernel,dual kernel,Gaussian kernel is mentioned as the dual kernel in the context, implying it is a related concept.,fddd4f9cb4b34fdaafb5d69d9a91deb4
nngp (neural network gaussian process),relu ntk (rectified linear unit neural tangent kernel),NNGP with the Gaussian kernel is said to perform better than ReLU NTK, indicating a comparison.,fddd4f9cb4b34fdaafb5d69d9a91deb4
activation function,hermite series expansion,The activation function must be 1-homogeneous, and its expansion is discussed in the context.,fddd4f9cb4b34fdaafb5d69d9a91deb4
dual kernel of derivative of activation,ntk (neural tangent kernel),The theorem provides a way to derive the dual kernel of the derivative, which relates to NTK.,fddd4f9cb4b34fdaafb5d69d9a91deb4
equation (13),equation (14),These equations are part of the theoretical development, showing they are related to each other within the context.,fddd4f9cb4b34fdaafb5d69d9a91deb4
hermite polynomial,coefficients,The coefficients of the Hermite series expansion are mentioned as being generally unknown.,fddd4f9cb4b34fdaafb5d69d9a91deb4
relu activation,ntk assumption,[49] assumes a specific condition on the Hermite expansion and equality of norms for ReLU activation.,fddd4f9cb4b34fdaafb5d69d9a91deb4
ntk function,normalized gaussian kernel,In the previous work [54], the authors reported only the NNGP performance of the normalized Gaussian kernel.,4d4b035dfd284d3586e44abec7ba4422
normalized gaussian kernel,ªnngpº,The paper discusses the performance of the kernel specifically in terms of NNGP.,4d4b035dfd284d3586e44abec7ba4422
dual activation,nngp,With Theorem 3, knowing the dual activation is sufficient to compute both NNGP and NTK.,4d4b035dfd284d3586e44abec7ba4422
gelu,nngp,Tsuchida et al. [48] knew the dual activation (and thus NNGP) of GeLU, but the explicit form of kσ' was not derived.,4d4b035dfd284d3586e44abec7ba4422
dual activation,ntk,Theorem 3 enables computing kσ' without needing the multivariate Gaussian distribution or manual differentiation; it's used to calculate NTK.,4d4b035dfd284d3586e44abec7ba4422
gauss-hermite quadrature,evaluation of dual activation,This method uses numerical integration to find the dual activation for functions without a closed-form expression.,4d4b035dfd284d3586e44abec7ba4422
2d gaussian distribution,gauss-hermite quadrature,Gauss-Hermite quadrature approximates the expectation under the 2d Gaussian distribution.,4d4b035dfd284d3586e44abec7ba4422
hermite polynomial,gauss-hermite quadrature,The roots and weights of Hermite polynomials (hi(x), wi) play a role in this numerical integration technique.,4d4b035dfd284d3586e44abec7ba4422
quadrature formula,hermite polynomial,The quadrature formula is derived from the Hermite polynomials, where (xi, wi) correspond to the i-th root of degree q Hermite polynomial hi(x) and associated weights.,dfed24c836484c9ea75a58869c323517
approximate (non-sketched) kernels,general activation functions,Our method computes approximate kernels for general activation functions, which becomes expensive without sketching due to quadratic complexities.,dfed24c836484c9ea75a58869c323517
ntk (neural tangent kernel),cntk (computationally expensive),Computing all NTK entries has high runtime (Ω(n^2(d+Lq^2))) and memory requirements (Ω(n^2)) for CNTK, especially when dealing with large datasets.,dfed24c836484c9ea75a58869c323517
feature maps,randomized sketching,To avoid quadratic complexities, sketching is adopted for constructing fast and efficient feature maps, reducing runtime and memory.,dfed24c836484c9ea75a58869c323517
relu activation,previous approach,The previous approach was specific to ReLU activation, but our method extends to more general activation functions.,dfed24c836484c9ea75a58869c323517
ntk and nngp (neural network gaussian process),σ (x, y) and ϕ(l)(x), ϕ(l)(y),Equation (16) shows the approximation of NTK and NNGP using σ(x, y) and their transformed forms ϕ(L)(x) and ϕ(L)(y).,dfed24c836484c9ea75a58869c323517
relu activation,hermite expansion,The context discusses using the ReLU activation function, which is approximated by its Hermite expansion for various degrees q.,8cd26bf506a84c55962af95eb1bf0a95
abs activation,hermite expansion,Similar to ReLU, the Abs activation (σ(t) = ,,t,,) is also approximated using Hermite expansion.,8cd26bf506a84c55962af95eb1bf0a95
sin activation,hermite expansion,The sine function is another activation approximated in the experiment via Hermite expansion.,8cd26bf506a84c55962af95eb1bf0a95
gaussian activation,hermite expansion,A Gaussian activation is among those tested, and its dual kernel is approximated using Hermite polynomials.,8cd26bf506a84c55962af95eb1bf0a95
erf activation,hermite expansion,The error function (erf) is another non-linear activation whose dual kernel is estimated using Hermite expansion.,8cd26bf506a84c55962af95eb1bf0a95
gelu activation,hermite expansion,Gated Linear Unit (GeLU) is an activation function, and it is also expanded using Hermite polynomials.,8cd26bf506a84c55962af95eb1bf0a95
ntk kernel matrix,normalized gaussian dual kernel,The context mentions the NTK kernel matrix being associated with the normalized Gaussian dual kernel.,8cd26bf506a84c55962af95eb1bf0a95
algorithm 1,subspace embedding,Algorithm 1 is used to obtain a subspace embedding for the NTK kernel matrix.,8cd26bf506a84c55962af95eb1bf0a95
runtime,optimal up to poly(log n) factors,The runtime of the algorithm is optimal for a fixed number of layers, considering logarithmic factors.,8cd26bf506a84c55962af95eb1bf0a95
target dimension,poly(log n),The target dimension for the subspace embedding is stated to be a polynomial in log n.,8cd26bf506a84c55962af95eb1bf0a95
proposed neural kernels,dual kernel approximation,Experiments focus on approximating dual kernels for the proposed neural kernels.,8cd26bf506a84c55962af95eb1bf0a95
monte carlo estimation,comparison,The approach is compared to Monte Carlo estimation of the dual kernel.,8cd26bf506a84c55962af95eb1bf0a95
inputs,randomly generated,Inputs used in the experiments are randomly generated 256-dimensional vectors.,8cd26bf506a84c55962af95eb1bf0a95
standard gaussian vectors,i.i.d.,The comparison involves i.i.d. standard Gaussian vectors for kernel estimation.,8cd26bf506a84c55962af95eb1bf0a95
kernel approximation,frobenius norm,The context discusses the relative errors of the Frobenius norm of kernel approximations in terms of wall-clock times and polynomial degree.,ee665ffc4faf4ad69d39f47a9be494b9
hermite expansion,monte carlo method,Hermite expansion is compared to the Monte Carlo method, with the former outperforming the latter for smooth activations like sin and Gaussian.,ee665ffc4faf4ad69d39f47a9be494b9
sin activation,gaussian activation,Both sin and Gaussian activations are mentioned as being well-approximated due to their smoothness and bounded derivative norms.,ee665ffc4faf4ad69d39f47a9be494b9
cifar-10 classification,ridge regression problem,The context involves benchmarking a CNTK algorithm for CIFAR-10 classification by solving a ridge regression problem.,ee665ffc4faf4ad69d39f47a9be494b9
myrtle5,cntk features,Myrtle5, a 5-layer convolutional neural network, is used to extract CNTK features for the classification task.,ee665ffc4faf4ad69d39f47a9be494b9
degree q = 8,feature dimension m,The sketching algorithm uses a fixed degree q and explores different feature dimensions m.,ee665ffc4faf4ad69d39f47a9be494b9
relu activation,abrelu activation,These are among the dual activation functions explored in the experiment.,ee665ffc4faf4ad69d39f47a9be494b9
deep normalized gaussian kernels,2 scaling factors,The experiment involves Gaussian kernels with adjustable scaling factors for better performance.,ee665ffc4faf4ad69d39f47a9be494b9
test accuracy,best ridge parameters,The test accuracy is reported after experimenting with 20 choices of ridge parameters.,ee665ffc4faf4ad69d39f47a9be494b9
zca preprocessing,image classes,Image classes are converted to one-hot vectors and pre-processed using regularized ZCA.,ee665ffc4faf4ad69d39f47a9be494b9
normalized gaussian,relu,The normalized Gaussian is compared to ReLU, showing better performance (78.13% vs 75.56%) due to faster coefficient decay, leading to a lower approximation error.,8a9e4ae05a9849398a3052d874814289
scaled normalized gaussian,relu cntk features,The scaled normalized Gaussian outperforms ReLU CNTK features with 78.13% accuracy compared to 75.56%.,8a9e4ae05a9849398a3052d874814289
relu cntk features,myrtle-5,ReLU CNTK features in Myrtle-5 achieve 86-87% test accuracy but require 151 GPU hours, whereas our method takes 1.4 GPU hours and has comparable accuracy.,8a9e4ae05a9849398a3052d874814289
cntk features for the normalized gaussian kernel,exact cntk of myrtle-5,Our CNTK features for the normalized Gaussian kernel have a smaller runtime (1.4 GPU hours vs 151 GPU hours) and slightly lower accuracy (77% vs 86-87%).,8a9e4ae05a9849398a3052d874814289
approximation,accuracy,Our approximation results in a faster runtime without significant loss of accuracy.,8a9e4ae05a9849398a3052d874814289
methods,acceleration,Our methods offer acceleration, making the process more efficient.,8a9e4ae05a9849398a3052d874814289
efficient computation,neural kernels,We introduced methods to efficiently compute neural kernels, demonstrating a significant speedup.,567beff2de304f22bbe1788cb9a6858b
speedup,acceleration,The methods lead to faster computation without loss of accuracy, opening doors to wider applications.,567beff2de304f22bbe1788cb9a6858b
training data,20,000×××6,Using less training data allows for efficient construction of neural kernels.,567beff2de304f22bbe1788cb9a6858b
methods,principled exploration of activations,Our work empowers researchers to explore activation functions in a more systematic manner.,567beff2de304f22bbe1788cb9a6858b
sketching method,compute efficiency,Sketching method provides orders of magnitude improvement in compute efficiency.,567beff2de304f22bbe1788cb9a6858b
compute efficiency,dataset distillation,Efficient compute opens up opportunities for dataset distillation and other applications.,567beff2de304f22bbe1788cb9a6858b
compute efficiency,uncertainty critical problems,It enables applications in fields like autonomous driving, healthcare, and science, which are critical for uncertainty.,567beff2de304f22bbe1788cb9a6858b
amir zandieh,swiss nsf grant,Amir Zandieh received funding from the Swiss National Science Foundation.,567beff2de304f22bbe1788cb9a6858b
insu han,amin karbasi,Both Insu Han and Amin Karbasi had direct support for this work.,567beff2de304f22bbe1788cb9a6858b
nsf (iis-1845032),funding source,Insu Han and Amin Karbasi acknowledge funding from the National Science Foundation.,567beff2de304f22bbe1788cb9a6858b
onr (n00014-19-1-2406),funding source,They also acknowledge funding from the Office of Naval Research.,567beff2de304f22bbe1788cb9a6858b
ai institute for learning-enabled optimization at scale (tilos),funding source,Support from the AI Institute for Learning-Enabled Optimization at Scale is acknowledged.,567beff2de304f22bbe1788cb9a6858b
timothy nguyen,jeffrey pennington,Both Timothy and Jeffrey provided discussions and feedback on the project.,567beff2de304f22bbe1788cb9a6858b
