node_1,node_2,edge,chunk_id
pre-trained models,machine learning research and practice,The context discusses how pre-trained models are transforming the landscape of ML research, moving from scratch training to fine-tuning.,8ffc7b6fc57d4586b745bbb9f3551138
fine-tuning paradigm,training from scratch,The text contrasts the traditional approach of training models from scratch with the modern fine-tuning method.,8ffc7b6fc57d4586b745bbb9f3551138
reward maximization (rm),distribution matching (dm),Two main approaches mentioned to address the challenge of steering pre-trained distributions are RM, which uses RL techniques like Policy Gradients, and DM, which involves explicitly approximating a target distribution.,8ffc7b6fc57d4586b745bbb9f3551138
reinforcement learning (rl),policy gradients,RM employs RL techniques, specifically Policy Gradients, to optimize the model's performance.,8ffc7b6fc57d4586b745bbb9f3551138
distribution matching (dm),explicit target distribution,DM requires making the target distribution explicit before fine-tuning the model to approximate it.,8ffc7b6fc57d4586b745bbb9f3551138
kl-control,rm,KL-control, a technique in RM, is discussed as having connections to DM.,8ffc7b6fc57d4586b745bbb9f3551138
distribution matching (dm),similar training difficulties,Both RM and DM face challenges like high gradient variance during training.,8ffc7b6fc57d4586b745bbb9f3551138
baseline,distribution matching (dm),Connections between RM and DM are used to introduce the concept of baselines in DM methods.,8ffc7b6fc57d4586b745bbb9f3551138
language model,controllable language generation tasks,The benefits of baselines are empirically tested on tasks like controlling topic, sentiment, and gender distributions in texts generated from a language model.,8ffc7b6fc57d4586b745bbb9f3551138
language model,pre-trained language models,The context discusses pre-trained language models as a type of language model with strong generative capabilities.,be8c3cca86f740c78b5301cc4b1b3b4d
global preferences,nudging language models,These models are influenced by global preferences, which can be adjusted without extensive training.,be8c3cca86f740c78b5301cc4b1b3b4d
distribution matching (dm),reward maximization (rm),The study connects DM and RM as two paradigms for aligning language models to specific objectives.,be8c3cca86f740c78b5301cc4b1b3b4d
constraint satisfaction,stability,Both are mentioned as performance measures in the context of language model alignment.,be8c3cca86f740c78b5301cc4b1b3b4d
sample efficiency,evaluating language models,Sample efficiency is a factor considered when assessing the effectiveness of the alignment methods.,be8c3cca86f740c78b5301cc4b1b3b4d
topic and sentiment,generated sequences,Preferences can include controlling topics and sentiments in the sequences produced by the model.,be8c3cca86f740c78b5301cc4b1b3b4d
naver labs europe,work done at naver labs europe,The context mentions work done at Naver Labs Europe as part of an internship or independently.,be8c3cca86f740c78b5301cc4b1b3b4d
neurips 2022,36th conference on neural information processing systems,The findings were presented at NeurIPS 2022.,be8c3cca86f740c78b5301cc4b1b3b4d
alignment of language models,study's focus,The central theme of the study is the connection between aligning language models to various objectives.,be8c3cca86f740c78b5301cc4b1b3b4d
reward maximization (rm),distribution matching (dm),RM is a technique that influences pre-trained models towards specific preferences by providing global sequence-level rewards. It contrasts with DM, which is another approach not mentioned directly but implied as a competing or complementary method.,8da4d17f48ed47cbaabc366c5e05f3f1
reinforcement learning (rl),catastrophic forgetting,RL is used within RM to discourage undesirable behaviors, but it can lead to catastrophic forgetting where the model loses its original distribution.,8da4d17f48ed47cbaabc366c5e05f3f1
fluency,hand-crafted general rewards,Fluency is a desirable feature often targeted in studies using hand-crafted rewards, which are challenging to create perfectly.,8da4d17f48ed47cbaabc366c5e05f3f1
machine translation,overall effectiveness of rm,The effectiveness of RM for machine translation is a topic of discussion, with Choshen et al. and Kiegeland & Kreutzer examining its implications.,8da4d17f48ed47cbaabc366c5e05f3f1
kl-control,catastrophic forgetting (mentioned in rm with kl-control),KL-Control, as part of RM, aims to address the issue of catastrophic forgetting by including a distributional term in the reward.,8da4d17f48ed47cbaabc366c5e05f3f1
jaques et al. (2017b, 2019),ziegler et al. (2019),Both works are cited for RM approaches that incorporate distributional terms to mitigate forgetting.,8da4d17f48ed47cbaabc366c5e05f3f1
stiennon et al. (2020),ouyang et al. (2022),These authors also contribute to RM with distributional considerations, suggesting they are contemporaneous or related works.,8da4d17f48ed47cbaabc366c5e05f3f1
bai et al. (2022),perez,Bai et al. and Perez are likely additional references related to RM with distribution control, although no specific relation is described.,8da4d17f48ed47cbaabc366c5e05f3f1
dpg algorithms,policy gradients,We compare the family of DPG algorithms to Policy Gradients, highlighting the difference between parametric and non-parametric rewards.,deebf96a788f4913ae771d759eb7b1fd
rm (reinforcement learning),dm (distribution matching),We interpret KL-control techniques from a distribution matching perspective, situating them between RM and DM.,deebf96a788f4913ae771d759eb7b1fd
kl-control techniques,rm (reinforcement learning),These connections position KL-control techniques as intermediate between reinforcement learning (RM) and distribution matching (DM).,deebf96a788f4913ae771d759eb7b1fd
kl-control techniques,dm (distribution matching),KL-control techniques bridge the gap between RM and DM.,deebf96a788f4913ae771d759eb7b1fd
variance reduction technique from rl,dpg (deterministic policy gradients),We apply a variance reduction technique from reinforcement learning to DPG, demonstrating cross-pollination.,deebf96a788f4913ae771d759eb7b1fd
baselines,variance reduction technique from rl,Adding baselines from reinforcement learning improves performance, stability, and sample efficiency.,deebf96a788f4913ae771d759eb7b1fd
language models,preferences,Adapting language models involves assigning reward scores to sequences to align with specific preferences.,deebf96a788f4913ae771d759eb7b1fd
language models,controllable language generation experiments,Experiments involve evaluating the performance of language models on controlled tasks.,deebf96a788f4913ae771d759eb7b1fd
constraint satisfaction,sample efficiency,Adding baselines enhances performance in constraint satisfaction and makes the model more efficient in terms of samples.,deebf96a788f4913ae771d759eb7b1fd
small batch sizes,stability,Improved stability is observed when using baselines with smaller batch sizes.,deebf96a788f4913ae771d759eb7b1fd
autoregressive language model (policy),reinforce algorithm,The REINFORCE algorithm is a simple policy gradient method that aims to find the policy that maximizes the reward assigned by the autoregressive language model.,db2bc93224e3421f8dcaa067cd9b1512
reward score r(x),policy gradient algorithm,Policy gradient algorithms, like REINFORCE, seek to optimize the policy that maximizes the expected reward R(x).,db2bc93224e3421f8dcaa067cd9b1512
reinforce (williams, 1992a),gradient ascent algorithm,REINFORCE is a gradient ascent algorithm that updates policy parameters by sampling from the model and adjusting them proportional to the reward and the log probability.,db2bc93224e3421f8dcaa067cd9b1512
log derivative trick,gradient ascent algorithm,The 'log derivative trick' is a technique used in REINFORCE to calculate gradients for updating the policy.,db2bc93224e3421f8dcaa067cd9b1512
kullback-leibler (kl) penalty term,pretrained model a(x),Jaques et al. and Ziegler et al. added a KL penalty to the reward function to prevent large deviations from the original pretrained model.,db2bc93224e3421f8dcaa067cd9b1512
kl penalty,trade-off,The KL penalty term controls a trade-off between maximizing the reward and maintaining similarity to the pretrained model.,db2bc93224e3421f8dcaa067cd9b1512
distributional policy gradients (dpg),ebm (energy-based model),DPG is a method that fits an autoregressive policy to the distribution induced by an Energy-Based Model (EBM), aiming to minimize the KL divergence between the two distributions.,db2bc93224e3421f8dcaa067cd9b1512
ebm p(x),partition function z,In DPG, the partition function Z is the normalization constant required to compute the probability distribution p(x).,db2bc93224e3421f8dcaa067cd9b1512
reward gradient term (rg-term),policy gradient term (pg-term),The equation (8) consists of two terms: the RG-term involving the gradient of the reward, and the PG-term obtained using the log derivative trick, which represents the gradient of the policy.,97a726f5339a443ba9c7c1682f259c37
kl-control,parametric reward,KL-control adds a KL-penalty term to the reward, resulting in a parametric reward where the RG-term vanishes, leaving only the PG-term.,97a726f5339a443ba9c7c1682f259c37
maximization of reward with kl penalty,distributional matching,The objective of maximizing reward with the KL penalty is equivalent to distributional matching, where an underlying emergent sequential EBM plays a role.,97a726f5339a443ba9c7c1682f259c37
sequential ebm (underlying emergent ebm),dpg (deep policy gradient),The distributional matching with the sequential EBM shares some similarities with DPG, as they both involve emergent models for decision-making.,97a726f5339a443ba9c7c1682f259c37
equation (8),expected reward,In standard RL, the gradient of expected reward consists solely of the PG-term, but when the reward depends on ✓, both RG-term and PG-term contribute.,97a726f5339a443ba9c7c1682f259c37
pz(x) (normalized distribution),a(x) and er(x) (ebm components),Equation (9) defines the EBM, with pz(x) being the normalized distribution and a(x) and er(x) contributing to its probability density function.,97a726f5339a443ba9c7c1682f259c37
pz(x),z (partition function),The partition function Z normalizes the distribution, ensuring the probabilities sum up to 1.,97a726f5339a443ba9c7c1682f259c37
arg max⇡✓ ex,theorem 1,Theorem 1 presents a relationship between the EBM and the optimization process, involving the maximization of an expectation with respect to x.,97a726f5339a443ba9c7c1682f259c37
reverse kl divergence,optimal policy,The optimal policy (pz) is found by minimizing the reverse KL divergence between the current policy distribution (⇡✓) and a target distribution (pz).,8ffb12e3a4084671b0432262d5e5497f
arg max⇡✓,reward function,The arg max expression involves maximizing the expected reward (Ex⇡✓ R(x)) under the policy.,8ffb12e3a4084671b0432262d5e5497f
policy gradient method,reward function,In Policy Gradients, the gradient of the loss function includes the product of the reward and the logarithm of the policy probability (r✓ log ⇡✓(x)).,8ffb12e3a4084671b0432262d5e5497f
distributional policy gradients,policy gradients,Distributional Policy Gradients is a variant of Policy Gradients, with a different form of the reward term and inclusion of a baseline for variance reduction.,8ffb12e3a4084671b0432262d5e5497f
reverse kl divergence,connection to the optimal policy,The proof of the optimal policy reveals a connection to the reverse KL divergence, showing that minimizing it leads to the optimal policy.,8ffb12e3a4084671b0432262d5e5497f
kl divergence,reverse kl divergence,The KL divergence is mentioned to be minimized, specifically the reverse KL divergence, which indicates a relationship of being a type or component of the broader concept.,d30c0b3469e04e21b1d667b8e6e3c48a
distributional term (kl-penalty),underlying distribution pz(x),The distributional term contributes to the definition of an emergent underlying distribution pz(x), suggesting that it influences or generates this distribution.,d30c0b3469e04e21b1d667b8e6e3c48a
distributional markov decision process (dm),explicit distributional objective,DPG methods are designed for DM, which implies they operate on explicit distributional objectives, contrasting with the implicit definition of pz(x) in the reward function.,d30c0b3469e04e21b1d667b8e6e3c48a
kl-control,researcher's maxims (rm) paradigm,KL-control is associated with the RM paradigm, indicating that it operates within the framework of optimizing certain research objectives.,d30c0b3469e04e21b1d667b8e6e3c48a
dpg (deep policy gradients),policy gradients,DPG is mentioned to be a DM method that connects to Policy Gradients, suggesting that Policy Gradients can be seen as a broader category or technique.,d30c0b3469e04e21b1d667b8e6e3c48a
reward function,average 'reward' r✓(x),The reward function is used to calculate the average 'reward' R✓(x), which is a key component in both RM and DM approaches.,d30c0b3469e04e21b1d667b8e6e3c48a
reward function (r(x)),baseline (b),The idea is to subtract a value B from the reward function R(x) to reduce variance without introducing bias.,3272fd02b2b94b2899e26799a5eaf0dd
dpg (deep deterministic policy gradient),gradient estimates,The subtraction of B from R(x) in DPG does not introduce bias into the gradient estimates.,3272fd02b2b94b2899e26799a5eaf0dd
baseline for dpg (b),average of rewards for the policy (brl),In standard RL, BRL is simply the average of rewards for the policy, whereas DPG's baseline B is more flexible and can be estimated without depending on the current policy.,3272fd02b2b94b2899e26799a5eaf0dd
baseline (b),policy distribution (⇡✓(x), p(x)),For DPG, the baseline B is defined as the expected reward under the policy distribution.,3272fd02b2b94b2899e26799a5eaf0dd
bias,gradient estimates,Subtracting B from R(x) maintains unbiased gradient estimates in both standard RL and DPG.,3272fd02b2b94b2899e26799a5eaf0dd
re-estimation of brl,dependence on the policy (✓),BRL must be re-estimated after each gradient update due to its dependence on the current policy, while B does not.,3272fd02b2b94b2899e26799a5eaf0dd
more accurate estimation,b (dpg's baseline),Estimating B by averaging over samples from different policies provides a more accurate estimation because it does not require frequent updates.,3272fd02b2b94b2899e26799a5eaf0dd
off-policy dpg version,kl-adaptive variant,The off-policy DPG version introduced by Parshakova et al. (2019b) is compared to its KL-adaptive variant by Khalifa et al. (2021), both using a proposal distribution q instead of the policy.,cf5e2a66ac37457780676de4192a30d9
proposal distribution q,policy,Both off-policy DPG and its KL-adaptive variant sample from q instead of directly using the policy.,cf5e2a66ac37457780676de4192a30d9
dkl(pz),q,The KL divergence between pZ and q is a component in the calculation of importance weights.,cf5e2a66ac37457780676de4192a30d9
importance weight,bias introduced by sampling from q,Importance weights are used to correct for the bias caused by not sampling directly from the true policy.,cf5e2a66ac37457780676de4192a30d9
baseline,advantage,A baseline is added to KL-adaptive DPG to center the advantage around zero, improving performance.,cf5e2a66ac37457780676de4192a30d9
advantage,dpg gradient estimates,Subtracting the baseline from R✓(x) does not bias DPG gradient estimates.,cf5e2a66ac37457780676de4192a30d9
constant baselines,dpg,This paper focuses on applying simple constant baselines to DPG, which can be used '✓-locally'.,cf5e2a66ac37457780676de4192a30d9
female person,science,The context mentions that the language model is constrained to generate half of its sequences about females, with the other half being about science.,1914d576612145c2b28ff08f3c21bdb3
language model,moments,The moments (µi) control the features of the language model, which can be estimated and adjusted using self-normalized importance sampling and SGD.,1914d576612145c2b28ff08f3c21bdb3
language model,constraints,The fine-tuning objective is to satisfy constraints while minimizing deviation from the original language model a(x).,1914d576612145c2b28ff08f3c21bdb3
pointwise constraints,single-word constraints,These tasks involve constraints based on specific words appearing in generated sequences, which is a subset of the broader pointwise constraints category.,1914d576612145c2b28ff08f3c21bdb3
distributional constraints,mixed type constraints,Tasks with distributional constraints have a range of 0 < ¯µi < 1, indicating a more nuanced requirement compared to the purely pointwise or mixed constraints.,1914d576612145c2b28ff08f3c21bdb3
single-word constraints,frequent words,Single-word constraints involve checking if a given word appears in a sequence (task 1: 'amazing', task 2: 'WikiLeaks').,94b28955f30840c6b31853e3ceb4f3ee
wordlist constraints,politics wordlist,Wordlist constraints check if a sequence contains at least one word associated with politics (task 3).,94b28955f30840c6b31853e3ceb4f3ee
wordlist constraints,science wordlist,Similarly, there's a list for science-related words (task 4).,94b28955f30840c6b31853e3ceb4f3ee
sentiment classifier constraints,positive sentiment,This constraint assigns a positive classification to a sequence (task 5).,94b28955f30840c6b31853e3ceb4f3ee
sentiment classifier constraints,negative sentiment,Contrastingly, sequences are classified as negative (task 6).,94b28955f30840c6b31853e3ceb4f3ee
distributional constraint,female figure mention,A constraint checks for the presence of a female figure, with a probability threshold of 0.5 (task 8).,94b28955f30840c6b31853e3ceb4f3ee
distributional constraints,science, art, sports, business wordlists,Four distributional constraints involve sequences containing words from these respective categories (task 8).,94b28955f30840c6b31853e3ceb4f3ee
hybrid constraints,female pronouns,One hybrid constraint compares female and male pronouns, favoring more female mentions (task 9).,94b28955f30840c6b31853e3ceb4f3ee
hybrid constraints,sports wordlist,Another hybrid constraint involves sequences with at least one sports-related word (task 10).,94b28955f30840c6b31853e3ceb4f3ee
gdc framework,kl-dpg algorithm,GDC++ modifies the GDC framework, specifically using the KL-DPG algorithm for its experiments.,94b28955f30840c6b31853e3ceb4f3ee
gdc++,baseline,Algorithm 1 introduces a new baseline for comparison within GDC++.,94b28955f30840c6b31853e3ceb4f3ee
gdc++,reward maximization baselines,GDC++ is compared to Reinforce, a reward maximization approach.,94b28955f30840c6b31853e3ceb4f3ee
gdc++,gdc,Comparison between GDC++ and GDC is made as reward maximization baselines.,5090b01ead6f4487bc3056f56602f8e1
reinforce,gdc++,Reinforce is one of the reward maximization baselines being compared alongside GDC++.,5090b01ead6f4487bc3056f56602f8e1
ziegler,gdc++,Ziegler is another reward maximization baseline, distinct from GDC++, with a different objective.,5090b01ead6f4487bc3056f56602f8e1
kl-control approach,ziegler,Ziegler's objective includes a KL penalty term for deviation from a certain distribution.,5090b01ead6f4487bc3056f56602f8e1
hybrid and distributional constraints,tasks 8-10,These tasks specifically involve hybrid and distributional constraints in the evaluation.,5090b01ead6f4487bc3056f56602f8e1
distinct-1,figure 3,Distinct-1 is an evaluation metric shown in Figure 3 for tasks 1-6.,5090b01ead6f4487bc3056f56602f8e1
dkl(p, ⇡✓),forward kl divergence,DKL(p, ⇡✓) measures the divergence between the optimal target distribution and the generated samples.,5090b01ead6f4487bc3056f56602f8e1
dkl(⇡✓, a),reverse kl divergence,DKL(⇡✓, a) assesses the divergence from the original pretrained language model a.,5090b01ead6f4487bc3056f56602f8e1
ebm,(khalifa et al., 2021),The exact EBM formulation is described in Khalifa et al. (2021) for hybrid and distributional constraints.,5090b01ead6f4487bc3056f56602f8e1
gdc++,rm objective (ziegler and reinforce),Ziegler and Reinforce do not handle hybrid and distributional constraints, limiting their comparison with GDC++.,5090b01ead6f4487bc3056f56602f8e1
pointwise constraints,tasks 1-6,Aggregated results for pointwise constraints are shown in Figure 6 for GDC++, GDC, Ziegler, and Reinforce.,5090b01ead6f4487bc3056f56602f8e1
distributional constraints,aggregated experiments,Additional results for distributional constraints can be found in the appendix, including Figures 7-10 and Table 4.,5090b01ead6f4487bc3056f56602f8e1
pre-trained language model a,reverse kl divergence dkl(⇡✓, a),DKL measures the difference between the probability distributions of the original model a and the modified model.,990d0acb61464c6dbc0ff22e15fe2ffd
distinct-n score,text diversity,Distinct-n score is a measure of diversity within a single sample, proposed by Li et al. (2016a).,990d0acb61464c6dbc0ff22e15fe2ffd
self-bleu-n,text diversity,Self-BLEU-n assesses diversity across samples and prevents convergence to limited sequences, as described by Zhu et al. (2018) and Caccia et al. (2020).,990d0acb61464c6dbc0ff22e15fe2ffd
gpt-2 small,original language model a,Used as the base model for tasks 1-6, a variant of GPT-2 with 117M parameters, according to Radford et al. (2019).,990d0acb61464c6dbc0ff22e15fe2ffd
gpt-2 small,wikibio dataset,Fine-tuned on the WikiBio dataset for tasks 7-10, as mentioned by Lebret et al. (2016).,990d0acb61464c6dbc0ff22e15fe2ffd
reinforce,constraint satisfaction,Reinforce shows quick constraint satisfaction but sacrifices diversity, as observed by Khalifa et al. (2021) and Korbak et al. (2022a).,990d0acb61464c6dbc0ff22e15fe2ffd
self-bleu-5,diversity of generated samples,Indicates the diversity of samples produced by the model during training, with lower Self-BLEU-5 scores indicating higher diversity.,990d0acb61464c6dbc0ff22e15fe2ffd
diversity of generated samples,self-bleu-5 and distinct-1,The diversity is measured using Self-BLEU-5 and Distinct-1 scores, which decrease when diversity decreases.,d59549cc41d04e1f8d96c18102b4cd8d
deviation from a,ziegler's objective,Ziegler's objective imposes an upper bound on the deviation, which results in a drop in diversity despite being significant.,d59549cc41d04e1f8d96c18102b4cd8d
ziegler's objective,very unstable training,Ziegler's objective leads to unstable training dynamics.,d59549cc41d04e1f8d96c18102b4cd8d
constraint satisfaction,gdc and gdc++,GDC and GDC++ are the only fine-tuning methods addressing constraint satisfaction with a clear formal objective.,d59549cc41d04e1f8d96c18102b4cd8d
divergence from p,gdc and gdc++,These methods aim to reduce the divergence from the target distribution p, maintaining diversity.,d59549cc41d04e1f8d96c18102b4cd8d
baseline,variance reduction,The addition of a baseline helps reduce variance during training.,d59549cc41d04e1f8d96c18102b4cd8d
sample variance,lower batch sizes,Reduced gradient estimate variance allows for training with lower batch sizes without compromising performance.,d59549cc41d04e1f8d96c18102b4cd8d
dkl(p, ⇡✓),computational detail,See Appendix D for a description of the computation of DKL(p, ⇡✓), which is related to the divergence between distributions.,d59549cc41d04e1f8d96c18102b4cd8d
training stability,baseline,The baseline also contributes to a smoother training process.,d59549cc41d04e1f8d96c18102b4cd8d
ziegler objective,gdc,The Ziegler objective exhibits large fluctuations compared to the more stable training curves of GDC.,57f78fb2f69e43c7b5831122efb0ba89
ziegler objective,gdc++,GDC++ has even more stable training curves than GDC.,57f78fb2f69e43c7b5831122efb0ba89
disaggregated curves,appendix,Disaggregated curves are found in the appendix.,57f78fb2f69e43c7b5831122efb0ba89
task 1,pointwise constraint,Task 1 involves a pointwise constraint.,57f78fb2f69e43c7b5831122efb0ba89
task 8,set of distributional constraints,Task 8 consists of a set of distributional constraints.,57f78fb2f69e43c7b5831122efb0ba89
constraint satisfaction,figure 4,Constraint satisfaction is shown as a function in Figure 4.,57f78fb2f69e43c7b5831122efb0ba89
sample efficiency,smaller batch sizes,Smaller batch sizes lead to better sample efficiency.,57f78fb2f69e43c7b5831122efb0ba89
task 1 (a pointwise constraint),task 8 (distributional constraints),Both tasks are compared for different batch sizes.,57f78fb2f69e43c7b5831122efb0ba89
batch size 256,gdc++,GDC++ with batch size 256 shows significant improvement in constraint satisfaction and sample efficiency.,57f78fb2f69e43c7b5831122efb0ba89
task 1,pointwise constraint,Task 1 refers to a specific task, which is further described as having a pointwise constraint.,0dce7a7307fb48cc8c03dc4828fc6c33
task 7,distribuational constraints,Task 7 is another task mentioned alongside task 1, involving distribuational constraints.,0dce7a7307fb48cc8c03dc4828fc6c33
gdc++,batch size 256,GDC++ performance is compared with different batch sizes, such as 256 and 2048.,0dce7a7307fb48cc8c03dc4828fc6c33
gdc++,batch size 2048,GDC++'s need for more samples (4M) with batch size 2048 highlights the impact of the baseline on larger batch sizes.,0dce7a7307fb48cc8c03dc4828fc6c33
gdc,batch size 256,GDC with batch size 256 is shown to not achieve certain performance (Ex⇡✓(x) = 0.5) without the baseline.,0dce7a7307fb48cc8c03dc4828fc6c33
baseline,variance reduction,The baseline is crucial for reducing variance in the gradient estimates and advantage computations.,0dce7a7307fb48cc8c03dc4828fc6c33
gradient variance,forward kl loss,Gradient variance is calculated using the gradient of the forward KL loss with respect to the parameters.,0dce7a7307fb48cc8c03dc4828fc6c33
advantage variance,mean of the advantage,Variance of the advantage is defined as the difference between the mean of the advantage and its expected value.,0dce7a7307fb48cc8c03dc4828fc6c33
expected absolute value of the advantage,standard measure of distributional discrepancy,This metric measures the discrepancy between distributions p and ⇡✓ using Total Variation Distance (TVD).,0dce7a7307fb48cc8c03dc4828fc6c33
tvd (total variation distance),p and ⇡✓,TVD is used to quantify the difference between probability distributions p and ⇡✓.,0dce7a7307fb48cc8c03dc4828fc6c33
total variation distance (tvd),trained policy ⇡✓,The edge represents the decreasing trend in the TVD distance between the trained policy and the optimal distribution p.,77bbc46b61f94eed9f8a121d2f777795
gdc++,gradient estimates var(g✓),GDC++ has lower variance in gradient estimates compared to its non-baseline counterpart GDC.,77bbc46b61f94eed9f8a121d2f777795
gdc++,variance of the advantage var(a),GDC++ also exhibits lower variance in the advantage compared to its non-baseline counterpart.,77bbc46b61f94eed9f8a121d2f777795
mean absolute value of the advantage µ,,,decreasing trend,A decreasing trend in the mean absolute value of the advantage is correlated with the reduction in TVD.,77bbc46b61f94eed9f8a121d2f777795
kl-control,maximum entropy rl (maxent rl),KL-control can be seen as a generalization of MaxEnt RL, both involving distribution matching in the RL literature.,77bbc46b61f94eed9f8a121d2f777795
kl-control,entropy bonus,If the KL penalty in KL-control is reduced to a uniform distribution, it becomes similar to an entropy bonus in MaxEnt RL.,77bbc46b61f94eed9f8a121d2f777795
control-as-inference framework,minimising kl from a certain target distribution,KL-control and MaxEnt RL are part of a broader framework that posits control as minimizing KL divergence to a target distribution.,77bbc46b61f94eed9f8a121d2f777795
maxent rl,informed priors,MaxEnt RL involves informed priors, differentiating it from vanilla RL.,77bbc46b61f94eed9f8a121d2f777795
maxent rl family,target policy,Most practical algorithms in the MaxEnt RL family minimize KL divergence from a target policy that changes during training.,4273ac4f68144a74a5d345133aab151a
dpg,target distribution,DPG's target distribution p and KL-control's implicit target distribution pz are defined at the trajectory level and remain fixed throughout training.,4273ac4f68144a74a5d345133aab151a
awr,off-policy target distribution,AWR (Peng et al., 2019) also minimizes the forward KL divergence, similar to DPG, but with an off-policy target distribution.,4273ac4f68144a74a5d345133aab151a
state marginal matching (smm),target state distribution,SMM aims to learn a policy that matches a target state distribution, though its target is fixed and defined for individual states.,4273ac4f68144a74a5d345133aab151a
controllable language generation tasks,target distribution,In controllable language generation, the target distribution is defined over complete trajectories rather than individual states.,4273ac4f68144a74a5d345133aab151a
rm (reinforcement model fine-tuning),dm (discriminative model fine-tuning),This paper analyzes the relation between RM and DM, two popular fine-tuning paradigms for adapting large language models.,4273ac4f68144a74a5d345133aab151a
large language models,task-level preferences,Fine-tuning large language models is important for adapting them to specific task preferences.,4273ac4f68144a74a5d345133aab151a
large language models,social risks,Fine-tuning also addresses social risks like 'distributional' stereotyping.,4273ac4f68144a74a5d345133aab151a
rm (reinforcement model fine-tuning),social risks,The paper delves into the connection between RM and mitigating social risks in fine-tuning.,4273ac4f68144a74a5d345133aab151a
rm (fine-tuning paradigm),dm (fine-tuning paradigm),KL-control can be seen as a form of DM; RM and DM are distinct but connected.,31060c17073d4f8599009e2b2ae63f74
kl-control,dm,KL-control is a type of DM.,31060c17073d4f8599009e2b2ae63f74
dpg (rl algorithm),pg (rl algorithm),DPG and PG have different goals but share similar gradient estimates.,31060c17073d4f8599009e2b2ae63f74
dpg,rl (reinforcement learning),Despite differences, some RL results and techniques can be applied to DPG within a DM framework.,31060c17073d4f8599009e2b2ae63f74
variance reduction,baselines in dpg,We propose adding a baseline to DPG to reduce gradient estimate variance.,31060c17073d4f8599009e2b2ae63f74
trpo (rl algorithm),ppo (rl algorithm),Both TRPO and PPO are mentioned as examples of trust region methods that could be adapted to DPG.,31060c17073d4f8599009e2b2ae63f74
ebms (energy-based models),kl-control,Future work could analyze the connection between explicit EBMs in DPG and implicit ones in KL-control.,31060c17073d4f8599009e2b2ae63f74
