node_1,node_2,edge,chunk_id
machine learning,statistics,The context discusses the commonality of popular algorithms in machine learning and statistics, which are often applied to tasks like classification, regression, and data analysis.,352c0cc1b8c9437881e9574ec234d385
linear classification,regression,Both are mentioned as examples of applications within the field of machine learning and statistics.,352c0cc1b8c9437881e9574ec234d385
data analysis,feature selection,These are mentioned as related tasks that algorithms in the context aim to address.,352c0cc1b8c9437881e9574ec234d385
supervised dataset,rm with m datapoints and p features,The dataset is described as having m instances and p features, and is used for training the algorithms.,352c0cc1b8c9437881e9574ec234d385
regularization coefficients, elasticnet,The ElasticNet algorithm uses both `1 and `2 regularization coefficients, with specific cases being Ridge and LASSO.,352c0cc1b8c9437881e9574ec234d385
elasticnet,ridge,ElasticNet is a generalization that includes Ridge (setting `1 = 0).,352c0cc1b8c9437881e9574ec234d385
elasticnet,lasso,ElasticNet also includes LASSO (setting `2 = 0).,352c0cc1b8c9437881e9574ec234d385
`1 norm,provable generalization guarantees,Setting `1 provides theoretical benefits in preventing overfitting.,352c0cc1b8c9437881e9574ec234d385
`2 norm,uniformly shrinking coefficients,The `2 norm contributes to model parsimony and interpretability.,352c0cc1b8c9437881e9574ec234d385
bayesian statistics,specifying priors on coefficients,In Bayesian context, `1 and `2 coefficients relate to prior distributions on the model parameters.,352c0cc1b8c9437881e9574ec234d385
sparsity,underfitting,Too high values of regularization can lead to underfitting by reducing model complexity.,352c0cc1b8c9437881e9574ec234d385
trade-offs,sparsity, feature correlation, bias,Setting both `1 and `2 requires balancing these factors in ElasticNet.,352c0cc1b8c9437881e9574ec234d385
feature correlation,bias,These terms are related in the context of being simultaneously considered and their impact on parameter tuning in machine learning.,675e30fccb134942a1e7e57925546b57
parameter tuning,heuristics,The state-of-the-art methods often involve heuristic approaches without formal guarantees.,675e30fccb134942a1e7e57925546b57
parameter tuning,finite grid optimization,Proposed work sometimes optimizes over a limited grid rather than the entire continuous domain.,675e30fccb134942a1e7e57925546b57
parameter tuning,random set optimization,Other approaches optimize over a random set instead of a comprehensive search.,675e30fccb134942a1e7e57925546b57
parameter tuning,strong theoretical assumptions,Some analyses make assumptions to simplify the problem, but our work does not.,675e30fccb134942a1e7e57925546b57
dataset,validation dataset,We focus on a collection of datasets where the goal is to find a model with low loss on this validation set.,675e30fccb134942a1e7e57925546b57
regression problem,collection of datasets,Each dataset represents an instance of the same underlying regression problem.,675e30fccb134942a1e7e57925546b57
practical settings,new supervised data,This formulation is useful when new supervised data is acquired multiple times.,675e30fccb134942a1e7e57925546b57
practical settings,features changing frequently,It also applies when the set of available features changes.,675e30fccb134942a1e7e57925546b57
cross-validation,multi-task learning,These are examples of more general data generation scenarios captured by our approach.,675e30fccb134942a1e7e57925546b57
cross-validation,multi-task learning,These are related scenarios mentioned together, indicating they are alternative or complementary methods for model evaluation and training.,5ce4bd765ef34037b839d86b7822c844
problem formulation,standard single dataset setting,Our formulation distinguishes itself from the conventional approach where data comes from a single source.,5ce4bd765ef34037b839d86b7822c844
data-driven algorithm design,combinatorial problems,The formulation connects to algorithm design techniques used to solve problems with many possible solutions, like selecting regularization coefficients.,5ce4bd765ef34037b839d86b7822c844
data-driven algorithm design,meta-learning,It also has connections to the broader field of meta-learning, which focuses on learning from multiple tasks or datasets.,5ce4bd765ef34037b839d86b7822c844
elasticnet regression problem,ridge and lasso regressions,Ridge and LASSO are special cases of the ElasticNet Regression, highlighting a hierarchy or inclusion relationship.,5ce4bd765ef34037b839d86b7822c844
multiple-instance setting,online learning setting,Our results apply to both offline (multiple-instance) and online learning contexts, showcasing versatility.,5ce4bd765ef34037b839d86b7822c844
elasticnet tuning,linear classification algorithms,The contributions extend to tuning not only ElasticNet but also related classification algorithms.,5ce4bd765ef34037b839d86b7822c844
structural result (theorem 2.2),loss of the elasticnet fit,This theorem characterizes the loss landscape, revealing a specific structure that facilitates optimization.,5ce4bd765ef34037b839d86b7822c844
hyperparameter space,polynomial curves,The hyperparameter space is partitioned into regions defined by polynomial curves of bounded degrees.,5ce4bd765ef34037b839d86b7822c844
bivariate rational function,loss,Within each partition, the loss is expressed as a rational function, providing insights into its behavior.,5ce4bd765ef34037b839d86b7822c844
elasticnet validation objective,information criteria (aic, bic),The result holds for both the ElasticNet validation objective and when it is augmented with information criteria like AIC or BIC.,11c2b21df29b4bac8b7285e2f1c59b8f
pseudo-dimension,loss function class,Our structural result bounds the pseudo-dimension for the loss function class, leading to strong generalization bounds.,11c2b21df29b4bac8b7285e2f1c59b8f
best (1, 2),elasticnet regression problems,An -approximation to the best (1, 2) parameters can be learned for ElasticNet regression problems with at most p parameters.,11c2b21df29b4bac8b7285e2f1c59b8f
problem instances,probability at least 1,For any problem distribution, we show that sufficient instances yield a high probability of achieving good approximation.,11c2b21df29b4bac8b7285e2f1c59b8f
online setting,vanishing regret,In the online setting, we obtain vanishing regret relative to the optimal parameter with a rate of ˜O(1/pT) for a sequence of instances.,11c2b21df29b4bac8b7285e2f1c59b8f
dispersion condition,mild data assumptions,The problem satisfies a dispersion condition under weaker assumptions than prior work.,11c2b21df29b4bac8b7285e2f1c59b8f
regularized classifiers,theorems 4.1, 4.2,Results for regularized classifiers are also provided in the theorems.,11c2b21df29b4bac8b7285e2f1c59b8f
multiple-instance formulation,same number of,Different problem instances in the multiple-instance formulation don't necessarily have the same number of something (likely instances or features).,11c2b21df29b4bac8b7285e2f1c59b8f
optimality conditions,precise piecewise structure,The optimality conditions are used to determine a specific structure for the problem.,7ac7dc411a55462cac9cabaea463e3aa
precise piecewise structure,algebraic curves,These curves, which are polynomial equations in 1 and 2, define the partition of the parameter domain.,7ac7dc411a55462cac9cabaea463e3aa
algebraic curves,zero-set of curves,The zero-set contains the possible discontinuities of the loss function.,7ac7dc411a55462cac9cabaea463e3aa
loss function,piece of the partition,The loss function behaves well in each individual piece resulting from the partition.,7ac7dc411a55462cac9cabaea463e3aa
structural complexity,strong generalization guarantees,A bound on structural complexity is needed to ensure good generalization performance.,7ac7dc411a55462cac9cabaea463e3aa
algebraic curves,additional structure,The curves have further structure that prevents concentration in any region of the domain.,7ac7dc411a55462cac9cabaea463e3aa
online learning recipe,[8] (a reference),This recipe is applied due to the non-concentration property of the curves.,7ac7dc411a55462cac9cabaea463e3aa
model selection,ridge regression, lasso, elasticnet,Model selection typically involves choosing a regularization parameter for these methods.,7ac7dc411a55462cac9cabaea463e3aa
regularization parameter,tuning,Tuning the regularization parameter is a central issue in these models.,7ac7dc411a55462cac9cabaea463e3aa
parameter tuning,heuristic methods,Much of the existing effort is based on heuristics or focuses on tuning objectives beyond validation accuracy.,7ac7dc411a55462cac9cabaea463e3aa
tuning objectives,aic, bic,Examples of tuning objectives include AIC and BIC, which are criteria for model selection.,7ac7dc411a55462cac9cabaea463e3aa
standard approach,grid search, random set of parameters,Common practice for optimizing tuning objectives is to search over a predefined set of values.,7ac7dc411a55462cac9cabaea463e3aa
tuning objective,grid or random set of parameters,The approach aims to optimize the tuning objective by searching over a grid or random selection of parameters.,ba35c3953e954e76bb843b08409f140d
grid or random set of parameters,optimality,These parameter sets do not guarantee optimality over the entire continuous tuning domain.,ba35c3953e954e76bb843b08409f140d
grid or random set of parameters,inefficiency,A fine grid can lead to inefficiency, while a coarse one may result in inaccurate estimates.,ba35c3953e954e76bb843b08409f140d
guarantees,sub-gaussian noise,Some guarantees assume sub-Gaussian noise, which may not always hold.,ba35c3953e954e76bb843b08409f140d
guarantees,unknown parameters,Guarantees can depend on unknown parameters that are difficult to quantify in practical situations.,ba35c3953e954e76bb843b08409f140d
cross-validation,ridge regression,Asymptotic consistency of cross-validation is shown for ridge regression, particularly relevant in the overparameterized regime.,ba35c3953e954e76bb843b08409f140d
regularization paths,efﬁcient model acquisition,Efficient methods focus on obtaining models for various values of a regularization parameter.,ba35c3953e954e76bb843b08409f140d
principled approaches,near-optimality,Our approaches provide near-optimality guarantees with high confidence across the entire continuous parameter space.,ba35c3953e954e76bb843b08409f140d
data-driven algorithm design,parameter tuning,This design has been successful in tuning parameters for combinatorial problems like clustering and graph-based learning.,ba35c3953e954e76bb843b08409f140d
combinatorial problems,clustering, integer programming, auction design, graph-based learning,Examples of successful applications include clustering, integer programming, auction design, and graph-based learning.,ba35c3953e954e76bb843b08409f140d
elasticnet,ridge regression,Setting f = f2 with f2() = 2 yields Ridge regression.,2f6ae7bf663a43048b8a142b9889282f
elasticnet,lasso,Setting f() = f1() := k1 corresponds to LASSO.,2f6ae7bf663a43048b8a142b9889282f
elasticnet,regularization parameter,fEN() = (f1(), f2()) gives the ElasticNet with regularization parameter (1, 2).,2f6ae7bf663a43048b8a142b9889282f
prediction,dot product,On any instance Rp, the prediction is given by the dot product between Rm0 and ˆθ(f).,2f6ae7bf663a43048b8a142b9889282f
average squared loss,training loss,Computed using the training data (X, y) with lr(ˆθ(f), (X, y)).,2f6ae7bf663a43048b8a142b9889282f
validation split,average squared loss on validation set,Noted as `EN(θ, P(i)) = lr(ˆθ(X(i), y(i)), yval).,2f6ae7bf663a43048b8a142b9889282f
distributional setting,problem space,Consists of n instances of the regression problem P(i) = (X(i), y(i), X(i)).,2f6ae7bf663a43048b8a142b9889282f
statistical setting,problem distribution,Receives a collection of n instances, where the loss is given by the squared loss on each instance.,2f6ae7bf663a43048b8a142b9889282f
validation set,training set,The analysis does not assume a relation between the training and validation sets.,97f83835bd8840efb723f3558ae931a5
elasticnet regressors,loss functions,These criteria are used for computing the squared loss on the training set as an alternative to cross-validation.,97f83835bd8840efb723f3558ae931a5
en (x, y),bicen (x, p),BICEN is a modification of EN, adding a term for model complexity.,97f83835bd8840efb723f3558ae931a5
signed equicorrelation set,elasticnet coefficients,The coefficients can be characterized when the signed equicorrelation set is fixed.,97f83835bd8840efb723f3558ae931a5
parameter space,boundary function curves,The loss functions form piecewise rational polynomial functions with regions separated by these curves.,97f83835bd8840efb723f3558ae931a5
fixed side of all the curves,signed equicorrelation set,A region with a fixed sign pattern in Definition 1 has the same signed equicorrelation set.,29e153378c13425fb485ef232a899af9
covariate,enter or leave the set,Covariates may enter or leave the set at the boundary functions, which are algebraic curves.,29e153378c13425fb485ef232a899af9
piecewise structure,elasticnet loss,The ElasticNet loss has a piecewise structure, with different pieces defined by regions where specific bounded degree polynomials have a fixed relationship.,29e153378c13425fb485ef232a899af9
matrix b(λ),entries,Each entry of B(λ) is a rational polynomial Pij(λ)/Q(λ), where Pij has degree at most s1 and Q has degree s.,29e153378c13425fb485ef232a899af9
pij(λ),q(λ),For i=j, Pij has lower degree, and Q has leading coefficient 1.,29e153378c13425fb485ef232a899af9
dual class loss functions,boundary functions,The boundary functions are part of the dual class loss functions and provide piecewise definitions.,29e153378c13425fb485ef232a899af9
problem instance p,regularization parameter λ,The theorem relates a specific problem instance P to the regularization parameter λ, with the dual class loss structure.,29e153378c13425fb485ef232a899af9
theorem 2.2,generalization guarantees,Theorem 2.2 is a key structural result that contributes to the proof of generalization guarantees.,29e153378c13425fb485ef232a899af9
theorem 2.2,online regret guarantees,This theorem also plays a role in establishing online regret guarantees in Section 3.,29e153378c13425fb485ef232a899af9
regression problem instance p,regularization parameter (1, 2),The theorem discusses the relationship between a regression problem P and its regularization parameter, which is fixed at (1, 2).,f7ceaafb0bce43d79443b11e9b51ef81
dual class q1, q2,degrees at most 2p,The dual class consists of functions q1 and q2, whose degrees are bounded by 2p.,f7ceaafb0bce43d79443b11e9b51ef81
degrees at most 2p,bounded by algebraic curves gr,These functions are further constrained by algebraic curves gr, which define their upper bounds.,f7ceaafb0bce43d79443b11e9b51ef81
elasticnet,validation loss `en(., p ),ElasticNet's solution is connected to the validation loss function, which measures its performance.,f7ceaafb0bce43d79443b11e9b51ef81
elasticnet,p-piecewise decomposable,The solution is characterized by being p-piecewise decomposable, involving semi-algebraic sets.,f7ceaafb0bce43d79443b11e9b51ef81
signed equicorrelation set (, s),loss function `en(., p ),The loss function depends on the signed equicorrelation set, which remains fixed over R.,f7ceaafb0bce43d79443b11e9b51ef81
rational polynomial functions fq1, q2,loss function `en(., p ),The loss function is expressed as a rational function of q1 and q2, with q1 being a bivariate polynomial.,f7ceaafb0bce43d79443b11e9b51ef81
data-driven design techniques,optimization challenge,Data-driven design techniques are proposed to overcome the optimization challenge faced.,41915090a13c4bfaa048d56107bff45f
algorithm 1,data-driven design techniques,Algorithm 1 demonstrates the application of data-driven design techniques for overcoming the optimization challenge.,41915090a13c4bfaa048d56107bff45f
problem domain,elasticnet parameters,The focus is on learning suitable ElasticNet parameters for a given problem domain.,41915090a13c4bfaa048d56107bff45f
elasticnet,lars,ElasticNet parameters also apply to simpler regression techniques like LARS, especially when features are not multicollinear.,41915090a13c4bfaa048d56107bff45f
elasticnet,lasso,LASSO is a simpler regression technique mentioned alongside ElasticNet for variable selection.,41915090a13c4bfaa048d56107bff45f
loss functions,elasticnet,The section discusses the pseudo-dimension of loss functions for the ElasticNet, implying learnability with polynomial instances.,41915090a13c4bfaa048d56107bff45f
pseudo-dimension (pdim),elasticnet,The theorem states PDIM for ElasticNet is O(p^2), highlighting its complexity in the distributional setting.,41915090a13c4bfaa048d56107bff45f
pdim,aic,The proof sketch involves bounding the PDIM for the ElasticNet class, which is compared to AIC (Akaike Information Criterion).,41915090a13c4bfaa048d56107bff45f
pdim,bic,BIC (Bayesian Information Criterion) is also mentioned as another measure in the context of PDIM.,41915090a13c4bfaa048d56107bff45f
vc dimension,dual class of boundary functions,The VC dimension of the dual class of boundary functions is bounded by O(p) using a standard linearization argument.,cda3c49c396e4d059cca07cd3e34b8a3
pseudo-dimension,fgha,The key challenge is bounding the pseudo-dimension of rational functions of bounded degrees, as stated in Lemma C.5.,cda3c49c396e4d059cca07cd3e34b8a3
pseudo-dimension,theorem c.3,The powerful result from Theorem C.3 allows bounding the pseudodimension of the functions, which impacts the sample complexity.,cda3c49c396e4d059cca07cd3e34b8a3
sample complexity,learning the elasticnet tuning parameter,The sample complexity of learning the ElasticNet tuning parameter is directly related to the number of regression problem instances needed for a given approximation and confidence level.,cda3c49c396e4d059cca07cd3e34b8a3
theorem 3.1,theorem 3.2 (sample complexity of tuning the elasticnet),Theorem 3.2's proof relies on the result from Theorem 3.1 to derive the sample complexity guarantee.,cda3c49c396e4d059cca07cd3e34b8a3
elasticnet,regularization parameter,The algorithm aims to output a regularization parameter for the ElasticNet model based on the sampled problem instances.,cda3c49c396e4d059cca07cd3e34b8a3
empirical risk minimization (erm),sample complexity bound,ERM is used to achieve the sample complexity bound stated in Theorem 3.2.,4ee92e46e7fb4cc8b408fd778ceed0ce
polynomial number of samples,guarantee for nearly-optimal parameters,Even though ERM requires polynomially many samples, efficient implementation is unclear.,4ee92e46e7fb4cc8b408fd778ceed0ce
feature reset,different problem instances,Our approach can handle situations where problem instances vary in both example count and feature count.,4ee92e46e7fb4cc8b408fd778ceed0ce
leave-one-out cross validation (loocv),inefficient for large datasets,LOOCV involves mtr regression fits, which can be computationally expensive for large mtr.,4ee92e46e7fb4cc8b408fd778ceed0ce
monte carlo cross validation,fixed proportion test-validation splits,An alternative method for cross-validation that generates problem instances from a fixed dataset.,4ee92e46e7fb4cc8b408fd778ceed0ce
elasticnet parameter,loss within ✏ (w.h.p.),The theorem suggests determining ˜O(p^2/✏^2) iterations to get an ElasticNet parameter close to the optimal.,4ee92e46e7fb4cc8b408fd778ceed0ce
dataset of size mtr,regression fits for loocv,Each regression fit corresponds to one instance when using LOOCV with a dataset of mtr.,4ee92e46e7fb4cc8b408fd778ceed0ce
distribution dloo,problem instances p,DLOO generates problem instances from a fixed dataset X, y by sampling m+1 times.,4ee92e46e7fb4cc8b408fd778ceed0ce
distributional setting,problem instances,The context discusses a distributional setting that applies to an adversarial sequence of problem instances.,a0ec39fce2724325a218ff92dc4b4d54
problem datasets,worst-case scenario,The results hold for worst-case problem datasets, implying they are applicable under challenging conditions.,a0ec39fce2724325a218ff92dc4b4d54
assumption 1,boundedness of feature and prediction values,This assumption bounds the range of feature values and predictions.,a0ec39fce2724325a218ff92dc4b4d54
assumption 1,r (absolute constant),All feature values and predictions are limited by the constant R.,a0ec39fce2724325a218ff92dc4b4d54
deﬁnition 3,distribution smoothness,Smoothness refers to the probability density function's upper bound for continuous distributions.,a0ec39fce2724325a218ff92dc4b4d54
smooth distribution,training set,The predicted variable y in the training set follows a smooth distribution, not necessarily sub-Gaussian.,a0ec39fce2724325a218ff92dc4b4d54
smooth distribution,adversary,The adversary can change the distribution as long as it remains smooth.,a0ec39fce2724325a218ff92dc4b4d54
preprocessing steps,captured by the assumption,Our assumption covers common preprocessing techniques.,a0ec39fce2724325a218ff92dc4b4d54
dispersion,random loss functions,The sequence of random loss functions is defined as dispersed in Definition 4.,3c67aa6b93a14dcf888b663cb37f51b9
lipschitz constant,distance between points,A function is not L-Lipschitz if it fails to satisfy the condition for points at a distance ✏ in the domain.,3c67aa6b93a14dcf888b663cb37f51b9
assumptions 1 and 2,online algorithm,Theorem 3.3 states that under these assumptions, there exists an online algorithm with specific expected regret.,3c67aa6b93a14dcf888b663cb37f51b9
elasticnet regularization parameter,loss functions (li),Each loss function li depends on the ElasticNet parameter (1, 2), lr( ˆ(X (i),y(i)) val ).,3c67aa6b93a14dcf888b663cb37f51b9
loss functions (li),information criteria (aic, bic),The result holds even when loss functions are adjusted using AIC and BIC.,3c67aa6b93a14dcf888b663cb37f51b9
theorem 2.2,piecewise structure,Additional structure of the problem involves characterizing the location of boundary functions within the piecewise structure.,3c67aa6b93a14dcf888b663cb37f51b9
information criteria,aic,AIC (Akaike Information Criterion) is a type of information criteria mentioned within the context, which is a measure used in model selection.,deb9e784f2ec44faa3e3fd258d7f3817
information criteria,bic,BIC (Bayesian Information Criterion) is another information criterion also discussed, often used for model selection alongside AIC.,deb9e784f2ec44faa3e3fd258d7f3817
aic,bic,Both AIC and BIC are competing methods for determining the optimal model complexity; they are alternatives in the context of selecting among statistical models.,deb9e784f2ec44faa3e3fd258d7f3817
theorem 2.2,function⇤en,Theorem 2.2 refers to a specific function (⇤EN) that plays a role in the proof sketch, likely related to the analysis or optimization process.,deb9e784f2ec44faa3e3fd258d7f3817
piecewise decomposable structure,dual class,The context discusses a 'piecewise decomposable structure' for the dual class, suggesting a connection between the two in the context of mathematical modeling or optimization.,deb9e784f2ec44faa3e3fd258d7f3817
rational piece functions,piecewise decomposable structure,Rational piece functions contribute to the piecewise decomposable structure, implying that they are part of the same concept or technique.,deb9e784f2ec44faa3e3fd258d7f3817
lasso,ridge,LASSO and Ridge are mentioned as examples of regularization techniques, both are algorithms used in statistics for linear regression.,deb9e784f2ec44faa3e3fd258d7f3817
elasticnet,r+2⇢,ElasticNet is another regularization method, mentioned in the context of an algorithm (Algorithm 1) alongside LASSO and Ridge.,deb9e784f2ec44faa3e3fd258d7f3817
dispersion,online learnability,Dispersion is connected to online learnability, indicating that these are related concepts in the field of machine learning, where models adapt to new data.,deb9e784f2ec44faa3e3fd258d7f3817
ridge regression,lasso,The context discusses statistical and online learning guarantees for both Ridge and LASSO, implying they are related regression models.,9899113a6ace465aa2355dc35cfc0df3
elasticnet,ridge regression, lasso,ElasticNet is an extension mentioned in the context, needing modifications from the previous sections for classification settings, which connects it to Ridge and LASSO.,9899113a6ace465aa2355dc35cfc0df3
estimator ˆ,regression estimate,The estimator is obtained for regression and its prediction on a test instance uses a thresholded regression estimate.,9899113a6ace465aa2355dc35cfc0df3
threshold,linear classifier bias,The threshold corresponds to the intercept or bias in the learned linear classifier, acting as a tunable hyperparameter.,9899113a6ace465aa2355dc35cfc0df3
average 0-1 loss,test dataset,This loss is calculated over the dataset (X, y) using the sign function and a threshold.,9899113a6ace465aa2355dc35cfc0df3
pseudo-dimension,classiﬁcation loss,Bounds on the pseudo-dimension for binary classification loss are derived, affecting generalization.,9899113a6ace465aa2355dc35cfc0df3
distributional setting,binary labels,The context shifts to a binary label scenario, with a different approach for prediction.,9899113a6ace465aa2355dc35cfc0df3
problem instances,sufficient samples,Polynomially many samples are required for good generalization in the binary classification setting.,9899113a6ace465aa2355dc35cfc0df3
learning-theoretic guarantees,problem distribution,The context discusses the guarantees in learning from multiple problems, where these problems can be drawn independently and identically distributed (i.i.d.) from an arbitrary problem distribution.,bf96abd305bb45919bde044c25f1fde9
problem distribution,online sequence,The problems can also arrive in an online sequence with smoothness properties, suggesting they are related to each other in the context of sequential learning.,bf96abd305bb45919bde044c25f1fde9
sample complexity,pseudodimension,The paper provides upper bounds on sample complexity by bounding the pseudodimension, indicating a relationship between these two concepts in the analysis.,bf96abd305bb45919bde044c25f1fde9
upper bounds on sample complexity,lower bounds,The work leaves open the possibility of giving lower bounds as a future direction, implying a contrast between the current findings and what remains unproven.,bf96abd305bb45919bde044c25f1fde9
future work,lower bounds,Finding lower bounds is mentioned as an interesting direction for future work, highlighting its relevance as a complementary research topic.,bf96abd305bb45919bde044c25f1fde9
this work,single training set tuning,The focus is on the more standard setting of tuning a single training set, which is different from the current investigation.,bf96abd305bb45919bde044c25f1fde9
funding agencies,national science foundation,The paper acknowledges support from various funding agencies, with the National Science Foundation being one of them.,bf96abd305bb45919bde044c25f1fde9
funding agencies,defense advanced research projects agency,Another supporting agency is the Defense Advanced Research Projects Agency (DARPA), indicating collaboration or funding for the research.,bf96abd305bb45919bde044c25f1fde9
simons investigator award,amazon research award,The author(s) have received awards from multiple sources, including a Simons Investigator Award and an Amazon Research Award.,bf96abd305bb45919bde044c25f1fde9
acknowledgments,ryan tibshirani,Special thanks are given to Ryan Tibshirani for his helpful discussions during the research.,bf96abd305bb45919bde044c25f1fde9
funding agencies,meta, morgan stanley, amazon, facebook phd fellowship,Additional funding comes from companies like Meta, Morgan Stanley, Amazon, and a Facebook PhD Fellowship, reflecting industry support.,bf96abd305bb45919bde044c25f1fde9
