node_1,node_2,edge,chunk_id
discrete step,candidate sentences,The method involves generating a list of candidate sentences through transformations on token sequences.,d6aeb17578374672a75d632d1ec4dfb6
candidate sentences,combined reconstruction loss,Candidate selection is based on minimizing the combined loss of reconstruction and perplexity.,d6aeb17578374672a75d632d1ec4dfb6
candidate sentences,perplexity,Perplexity is measured using a language model like GPT-2 to evaluate the likelihood of the text being natural.,d6aeb17578374672a75d632d1ec4dfb6
gpt-2,auxiliary language model,GPT-2 is used as a tool to measure perplexity and guide the search for natural candidates.,d6aeb17578374672a75d632d1ec4dfb6
reconstruction attack,lamp (language model-guided attack on pre-trained models),LAMP is the proposed attack method for extracting text from transformer models.,d6aeb17578374672a75d632d1ec4dfb6
lamp,continuous and discrete optimization steps,The search procedure in LAMP alternates between continuous and discrete optimization during reconstruction.,d6aeb17578374672a75d632d1ec4dfb6
effectiveness,lamp,LAMP is shown to be effective in reconstructing more text than prior work, especially in complex scenarios.,d6aeb17578374672a75d632d1ec4dfb6
lamp,private text,LAMP is capable of extracting large portions of private text, even from defended models.,d6aeb17578374672a75d632d1ec4dfb6
main contributions,lamp,LAMP's primary contribution lies in its novel attack approach and ability to handle various settings.,d6aeb17578374672a75d632d1ec4dfb6
lamp,implementation of lamp,The sentence describes LAMP as an implementation, with the focus being on its detailed experimental evaluation.,009f8fa49d694d1f8584c12811f9cc33
lamp,privacy,LAMP is mentioned in the context of demonstrating its ability to reconstruct significantly more private text than prior work, implying a relationship with privacy preservation.,009f8fa49d694d1f8584c12811f9cc33
prior work,text attacks,These terms are related as they are both discussed in the context of experimental evaluation, specifically showing that previous approaches had issues with gradient-based privacy leakage.,009f8fa49d694d1f8584c12811f9cc33
federated learning,decentralized way,Federated learning is described as a method that allows for decentralized training without sharing user data, indicating a relationship with privacy and distributed computing.,009f8fa49d694d1f8584c12811f9cc33
federated learning,gradient updates,Individual clients calculate local gradient updates in federated learning, suggesting a connection between the two.,009f8fa49d694d1f8584c12811f9cc33
gradient leakage,privacy assumption,Gradient leakage is mentioned as invalidating the fundamental privacy assumption of federated learning.,009f8fa49d694d1f8584c12811f9cc33
gradients,information leakage,Gradients are shown to leak information, highlighting a negative impact on privacy.,009f8fa49d694d1f8584c12811f9cc33
auxiliary model,improvement in reconstruction quality,An auxiliary model is cited as enhancing the ability to reconstruct information from gradients.,009f8fa49d694d1f8584c12811f9cc33
prior information,improvement in reconstruction quality,Prior information is also mentioned as contributing to better reconstruction, suggesting a relationship with the attack's effectiveness.,009f8fa49d694d1f8584c12811f9cc33
huang et al.,gradient leakage discovery,Huang et al.'s work is noted for noticing gradient leakage, linking them to this particular aspect of privacy research.,009f8fa49d694d1f8584c12811f9cc33
private data (x*',gradient updates (∇θk l(x*')),The context describes an attack that tries to obtain private data using gradient updates sent by the client to the server.,7b3f5169e43a4381a433de69602af970
honest-but-curious servers,federated training protocol,These terms are related because they refer to the assumption made about the server's behavior in the federated learning setup, where the server is not allowed to alter the agreed-upon protocol.,7b3f5169e43a4381a433de69602af970
optimization problem,distance measure (δ),The optimization problem involves finding dummy data with similar gradients using a distance measure like L2, L1, or cosine distance.,7b3f5169e43a4381a433de69602af970
true label (y*',gradient descent approaches,When the true label is known, solving the optimization problem becomes simpler, utilizing gradient descent methods.,7b3f5169e43a4381a433de69602af970
transformer networks,input text,The focus of the paper is on gradient leakage in transformer networks, which process input text through tokenization, embedding conversion, and transformation.,7b3f5169e43a4381a433de69602af970
tokens (t1, t2, ..., tn),embedding vectors (x1, x2, ..., xn),Tokens are transformed into embedding vectors through multiplication with a trained embedding matrix.,7b3f5169e43a4381a433de69602af970
embedding matrix (wembed),embedding vectors (xn),The embedding matrix is responsible for converting tokens into the dense embedding vectors in the transformer model.,7b3f5169e43a4381a433de69602af970
chosen embedding size,trained embedding matrix wembed,The chosen embedding size multiplies a trained matrix (Wembed) which represents the embeddings of tokens.,6b5b614af9374787bbc9a1ba49fada49
trained embedding matrix wembed,rows of wembed (e1, e2, ..., ev),The rows of Wembed correspond to the individual token embeddings.,6b5b614af9374787bbc9a1ba49fada49
token embeddings (e1, e2, ..., ev),positional embedding matrix wpos,Token embeddings are combined with positional embeddings for sequence encoding.,6b5b614af9374787bbc9a1ba49fada49
positional embedding matrix wpos,positional embeddings (p1, p2, ..., pn),Wpos encodes positions in the sequence, with p1, p2, ..., pn representing the positional information.,6b5b614af9374787bbc9a1ba49fada49
input to self-attention layers,sum of token embeddings and positional embeddings (x and p),The combined embeddings (x and p) serve as input for the self-attention layers.,6b5b614af9374787bbc9a1ba49fada49
self-attention layers,final classification output,The output of the last self-attention layer is used for classification after a linear layer and tanh activation.,6b5b614af9374787bbc9a1ba49fada49
large pretrained language models,gpt-2,Pretrained models like GPT-2 are used for assessing the quality of generated text.,6b5b614af9374787bbc9a1ba49fada49
pretrained language models,probability calculation,These models calculate the probability of token sequences for training.,6b5b614af9374787bbc9a1ba49fada49
probability calculation,inserting token tn,Models predict P(tn ,, t1, t2, ..., tn−1), the probability of inserting a token at the end of a sequence.,6b5b614af9374787bbc9a1ba49fada49
probability calculation,sequence likelihood,The likelihood of a sequence is computed by multiplying probabilities of all its tokens.,6b5b614af9374787bbc9a1ba49fada49
sequence of tokens,likelihood,P(t1, t2, ..., tn) is calculated as the product of conditional probabilities P(tl+1 ,, t1, t2, ..., tl) for each token.,ec247ed0ca924ab783548e20bb7d6ede
negative log-likelihood,perplexity,To overcome the length dependency, perplexity is defined as the average negative log-probability Ll(t1, t2, ..., tn) = - sum(log P(tl+1 ,, t1, t2, ..., tl)).,ec247ed0ca924ab783548e20bb7d6ede
continuous optimization,gradient descent,In the attack, continuous optimization using gradient descent is employed to improve the reconstruction.,ec247ed0ca924ab783548e20bb7d6ede
discrete optimization,language models,The attack alternates between continuous and discrete optimization, where language models guide the search for more natural text.,ec247ed0ca924ab783548e20bb7d6ede
attacked neural network,parameters,The attacked model is represented by f and its parameters are denoted as θ.,ec247ed0ca924ab783548e20bb7d6ede
client token sequence,label,(t*, y*) refers to the original client's input and its corresponding label.,ec247ed0ca924ab783548e20bb7d6ede
reconstructions,natural text,The goal is to reconstruct natural text by optimizing (t, y) using the continuous and discrete methods.,ec247ed0ca924ab783548e20bb7d6ede
embedding,tokens,xi and ei represent the embeddings for the i-th token in the sequence.,ec247ed0ca924ab783548e20bb7d6ede
x*,x,x* and x are matrices containing the embeddings for the original and reconstructed sequences, respectively.,ec247ed0ca924ab783548e20bb7d6ede
e,vocabulary,e is the matrix of embeddings for all tokens in the vocabulary.,ec247ed0ca924ab783548e20bb7d6ede
gradient reconstruction error,lrec(x),Lrec(x) is the final gradient reconstruction error, which is the sum of Lgrad(x) and the regularization term Lreg(x) with αreg being the regularization weighting factor.,59f97350f4a4433ca28cdd704d9fdfba
continuous optimization,reconstruction loss lrec(x),In continuous optimization, gradient descent is applied to minimize Lrec(x), which requires computing a second-order derivative using automatic differentiation in PyTorch.,59f97350f4a4433ca28cdd704d9fdfba
randomly initialized sequence,dummy token embeddings x,x is initialized randomly as a sequence of embeddings, xi ∈ Rd, for reconstructing the token sequence t*.,59f97350f4a4433ca28cdd704d9fdfba
discrete optimization,continuous optimization,Continuous optimization is followed by discrete optimization to address issues with token order, as it can produce unnatural reconstructions.,59f97350f4a4433ca28cdd704d9fdfba
positional embeddings,influence on output,Positional embeddings can affect the order of reconstructed tokens, leading to the need for discrete optimization to find a more natural sequence.,59f97350f4a4433ca28cdd704d9fdfba
sentence 'weather is nice.',sentence 'nice weather is.',Both sentences have similar reconstruction losses but different naturalness due to positional influence.,59f97350f4a4433ca28cdd704d9fdfba
sequence transformations,discrete optimization,Discrete optimization includes applying various sequence transformations to select the most natural order.,59f97350f4a4433ca28cdd704d9fdfba
algorithm 1,reconstruction,Algorithm 1 presents the end-to-end attack, which initializes reconstruction by sampling from a Gaussian distribution and iteratively optimizes between continuous and discrete steps to minimize reconstruction loss.,54b741df646e45b3ad006d0486d4bec3
continuous optimization,reconstruction loss,In the algorithm, continuous optimization is performed for nc steps to minimize the reconstruction loss.,54b741df646e45b3ad006d0486d4bec3
discrete optimization,reconstruction loss and perplexity,After continuous optimization, nd steps of discrete optimization aim to minimize both reconstruction loss and perplexity.,54b741df646e45b3ad006d0486d4bec3
projection,continuous embeddings,In Line 20, the algorithm projects continuous embeddings to their nearest token representation based on cosine similarity.,54b741df646e45b3ad006d0486d4bec3
prior work,text length,Prior work shows that text length significantly affects reconstruction from gradients; experiments consider this factor across datasets.,54b741df646e45b3ad006d0486d4bec3
binary classification,datasets,Experiments are conducted on multiple binary classification datasets to evaluate the effectiveness of LAMP.,54b741df646e45b3ad006d0486d4bec3
lamp,effectiveness,The main focus is on demonstrating the superiority of LAMP over previous methods in various settings.,54b741df646e45b3ad006d0486d4bec3
binary classification datasets,cola [37], sst-2 [33], rottentomatoes [26],These are the three datasets used for experimentation, with varying levels of complexity.,8e4697f1ba724ade8a37b4a26c803b89
cola [37],grammatically correct sentences,CoLA contains sentences annotated for grammatical correctness.,8e4697f1ba724ade8a37b4a26c803b89
sst-2 [33],movie reviews,SST-2 consists of sentiment-labeled movie reviews.,8e4697f1ba724ade8a37b4a26c803b89
rottentomatoes [26],sentiment analysis,RottenTomatoes also involves sentiment analysis of movie reviews.,8e4697f1ba724ade8a37b4a26c803b89
sequence lengths,5-9 words (cola), 3-13 words (sst-2), 14-27 words (rottentomatoes),These are the approximate word counts in the datasets.,8e4697f1ba724ade8a37b4a26c803b89
target models,bertbase, bertlarge, tinybert6,Models used for evaluation, including BERT's base, large, and TinyBERT variants.,8e4697f1ba724ade8a37b4a26c803b89
bertbase,12 layers, 768 hidden units, 3072 feed-forward filter size, 12 attention heads,Detailed architecture of the main BERT model.,8e4697f1ba724ade8a37b4a26c803b89
bertlarge,24 layers, 1024 hidden units, 4096 feed-forward filter size, 16 attention heads,A larger model variant for illustrating generality.,8e4697f1ba724ade8a37b4a26c803b89
tinybert6,6 layers, 768 hidden units, 3072 feed-forward filter size,A smaller model from Jiao et al., demonstrating the approach's applicability to different sizes.,8e4697f1ba724ade8a37b4a26c803b89
tinybert6,jiao et al.,The model TinyBERT6 is from the work of Jiao et al.,7af6c09a3c494909bd377ebfe21ab510
tinybert6,6 layers,TinyBERT6 has 6 layers.,7af6c09a3c494909bd377ebfe21ab510
tinybert6,768 hidden units,It has 768 hidden units.,7af6c09a3c494909bd377ebfe21ab510
tinybert6,feed-forward filter size of 3072,The feed-forward filter size is 3072.,7af6c09a3c494909bd377ebfe21ab510
tinybert6,12 attention heads,It has 12 attention heads.,7af6c09a3c494909bd377ebfe21ab510
bertbase,wikipedia,BERTBASE is pretrained on the Wikipedia dataset.,7af6c09a3c494909bd377ebfe21ab510
bertbase,bookcorpus,It's also pretrained on the BookCorpus dataset.,7af6c09a3c494909bd377ebfe21ab510
tinybert6,bertbase,TinyBERT6 is distilled from BERTBASE.,7af6c09a3c494909bd377ebfe21ab510
gpt-2,pretrained,GPT-2 is a pretrained language model.,7af6c09a3c494909bd377ebfe21ab510
gpt-2,guo et al.,Guo et al. provided the pretrained GPT-2.,7af6c09a3c494909bd377ebfe21ab510
metrics,rouge family,ROUGE family is used for evaluation, including ROUGE-1, ROUGE-2, and ROUGE-L.,7af6c09a3c494909bd377ebfe21ab510
dlg,tag,Baselines include DLG and TAG, discussed in Section 2.,7af6c09a3c494909bd377ebfe21ab510
tag,public code,TAG does not have publicly available code.,7af6c09a3c494909bd377ebfe21ab510
attack,lampcos,Two variants of the attack are considered: LAMPCos and LAMPL2+L1.,7af6c09a3c494909bd377ebfe21ab510
deng et al. [3],attack (lampcos, lampl2+l1),The context mentions Deng et al.'s work as the source, and the attack variants are derived from their research.,ac4979d930f840f9ae1eafbceebea5f6
attack variants (lampcos, lampl2+l1),gradient matching losses,These attack variants utilize Lcos and Ltag gradient matching losses for optimizing a continuous objective.,ac4979d930f840f9ae1eafbceebea5f6
bertbase,tinybert6,Both are models mentioned together, suggesting they might be compared or used in similar experiments.,ac4979d930f840f9ae1eafbceebea5f6
bertbase, tinybert6,continuous optimization,They undergo continuous optimization with specific parameters (it, nc, nd) and stopping criteria.,ac4979d930f840f9ae1eafbceebea5f6
bertlarge,bertbase, tinybert6,BERTLARGE is a more complex model, requiring different optimization settings (lower it, nc) and longer steps.,ac4979d930f840f9ae1eafbceebea5f6
dlg, tag,bertlarge,DLG and TAG are compared or applied to BERTLARGE, with different optimization steps.,ac4979d930f840f9ae1eafbceebea5f6
adam [17] (except bertlarge),continuous optimization,Adam optimizer with learning rate decay is used for most models, excluding BERTLARGE.,ac4979d930f840f9ae1eafbceebea5f6
adamw [21] (bertlarge),bertlarge,AdamW with a linear learning rate decay schedule is employed specifically for BERTLARGE.,ac4979d930f840f9ae1eafbceebea5f6
hyperparameters,tag, lampcos, lampl2+l1,Hyperparameters are tuned separately for each method on CoLA and then applied universally.,ac4979d930f840f9ae1eafbceebea5f6
sst-2,cola, rottentomatoes,Optimal hyperparameters for SST-2 are chosen based on those found for CoLA and RottenTomatoes.,ac4979d930f840f9ae1eafbceebea5f6
bertlarge experiments,learning rate λ,A separate tuning is done for the learning rate in BERTLARGE experiments.,ac4979d930f840f9ae1eafbceebea5f6
bertlarge experiments,hyperparameters,The context mentions that BERTLARGE experiments are conducted separately, with other hyperparameters kept fixed.,d79e83aa3c834c8894e7040ad950c8d5
two-step initialization procedure,embedding vectors,This procedure involves initializing embedding vectors with random samples and selecting the best based on Lgrad(x), followed by permutation and selection.,d79e83aa3c834c8894e7040ad950c8d5
best initialization,permutations,After the initial best initialization, 500 permutations are computed and the best one is chosen based on Lgrad(x).,d79e83aa3c834c8894e7040ad950c8d5
lamp,dlg [43],LAMP is evaluated against DLG, another method, on BERTBASE, BERTLARGE, and TinyBERT6 architectures.,d79e83aa3c834c8894e7040ad950c8d5
lamp,tag [3],LAMP is also compared to TAG in the evaluation.,d79e83aa3c834c8894e7040ad950c8d5
bertbase,bertlarge,Both models are fine-tuned and attacked, with BERTBASE being fine-tuned for 2 epochs.,d79e83aa3c834c8894e7040ad950c8d5
bertbase,tinybert6,Evaluation includes these three architectures in the comparison.,d79e83aa3c834c8894e7040ad950c8d5
attack on already trained networks,bertbase (fine-tuned),Attacks are performed on BERTBASE after it has been fine-tuned for 2 epochs, showing increased difficulty.,d79e83aa3c834c8894e7040ad950c8d5
rouge-1,results,ROUGE-1 scores are presented in Table 1 for the evaluation of text reconstruction from gradients.,d79e83aa3c834c8894e7040ad950c8d5
batch size,1,The first experiment considers a setting where the batch size is equal to 1.,d79e83aa3c834c8894e7040ad950c8d5
tinybert6,bertbase,TinyBERT6 is more vulnerable than BERTBASE.,684587365c9c44f09a4d6a89078050db
bertbase,bertbase-ft,BERTBASE-FT is slightly worse in reconstruction compared to BERTBASE.,684587365c9c44f09a4d6a89078050db
bertbase,bertlarge,BERTLARGE reconfirms the vulnerability of BERTBASE to attacks.,684587365c9c44f09a4d6a89078050db
lampcos method,random initialization,LAMPCos method's variability tested with 10 random seeds.,684587365c9c44f09a4d6a89078050db
bertbase,cola dataset,BERTBASE experiment on CoLA with 10 random seeds.,684587365c9c44f09a4d6a89078050db
sentence choice,variability assessment,Variability assessed in Appendix C.1.,684587365c9c44f09a4d6a89078050db
batch sizes,attacks,Attacks evaluated on larger batch sizes.,684587365c9c44f09a4d6a89078050db
bertbase,batch size 2,Results for BERTBASE with batch size 2 on RottenTomatoes.,684587365c9c44f09a4d6a89078050db
tag,rouge-1,TAG slightly outperforms BERTBASE on ROUGE-1 with batch size 2.,684587365c9c44f09a4d6a89078050db
gradient leakage,security threat,The context suggests that gradient leakage can be a realistic security threat in practice.,d4d8efb092604d78b3e0f9982597e92c
lampl2+l1,lampcos,LAMPCos is better than LAMPL2+L1 in most metrics on batch size 1, but the trend changes as batch size increases.,d4d8efb092604d78b3e0f9982597e92c
lamp,tag baseline,LAMP's sequence reconstructions are more coherent and qualitatively superior to the TAG baseline, as shown in Table 3.,d4d8efb092604d78b3e0f9982597e92c
rouge-1,rouge-2,ROUGE-1, ROUGE-2, and ROUGE-L scores are used to evaluate text reconstruction quality.,d4d8efb092604d78b3e0f9982597e92c
rouge-1,rouge-l,These scores (R-1, R-2, and R-L) denote measures of text overlap for evaluation.,d4d8efb092604d78b3e0f9982597e92c
bertbase model,cola,Experiments on CoLA dataset are performed using the BERTBASE model.,d4d8efb092604d78b3e0f9982597e92c
bertbase model,sst-2,Experiments also involve the SST-2 dataset with the BERTBASE model.,d4d8efb092604d78b3e0f9982597e92c
batch size,convergence rate,LAMP's convergence rate is compared to baselines on an example sequence in Appendix B.,d4d8efb092604d78b3e0f9982597e92c
bertbase,tag,relation: comparison, BERTBASE is compared with TAG in the context of text reconstruction performance.,a553b92efe8b48988a1877900852e70c
tag,lampcos,relation: alternative, TAG is mentioned as a better baseline while LAMPCos is superior in some cases.,a553b92efe8b48988a1877900852e70c
lampcos,rotten tomatoes,relation: evaluation, LAMPCos is evaluated on Rotten Tomatoes for movie reviews.,a553b92efe8b48988a1877900852e70c
well-made,lovely,relation: conjunction, both 'well-made' and 'lovely' describe the depiction of friendship.,a553b92efe8b48988a1877900852e70c
proposed component,method,relation: part_of, the proposed components are parts of the described method.,a553b92efe8b48988a1877900852e70c
lamp,cosine loss,relation: variant, LAMP includes cosine loss as one of its variants.,a553b92efe8b48988a1877900852e70c
l1 + l2 loss,lamp,relation: variant, LAMP compares with L1 + L2 loss as another variant.,a553b92efe8b48988a1877900852e70c
embedding regularization,lamp,relation: variant, LAMP includes embedding regularization as a feature.,a553b92efe8b48988a1877900852e70c
discrete optimization,continuous optimization,relation: alternation, LAMP alternates between discrete and continuous optimization steps.,a553b92efe8b48988a1877900852e70c
discrete transformations,lamp,relation: exclusion, LAMP excludes discrete transformations when nd = 0.,a553b92efe8b48988a1877900852e70c
gaussian noise,dp-sgd,Gaussian noise is added to gradients, which corresponds to the Differential Privacy-based Stochastic Gradient Descent (DP-SGD) algorithm.,f21f0f7dd8bb4c0293ae344d8d2bfe4f
trade-off,privacy and accuracy,There is a trade-off between privacy and accuracy; increasing noise level provides better privacy but reduces model performance.,f21f0f7dd8bb4c0293ae344d8d2bfe4f
privacy,accuracy,The relationship between privacy and accuracy is inversely proportional; more privacy implies worse accuracy.,f21f0f7dd8bb4c0293ae344d8d2bfe4f
gaussian noise level,mcc score,MCC scores are used to measure the model's performance after defending with Gaussian noise; higher noise levels result in lower MCC values.,f21f0f7dd8bb4c0293ae344d8d2bfe4f
undefended model,mcc,The undefended model has an MCC of 0.557, while defended models experience a significant drop in this metric.,f21f0f7dd8bb4c0293ae344d8d2bfe4f
lamp method,baselines,LAMP (proposed method) outperforms baseline methods in maintaining text recoverability even with added noise.,f21f0f7dd8bb4c0293ae344d8d2bfe4f
text recovery,noise levels,Despite the degradation in reconstruction metrics, most text remains recoverable for the chosen noise levels.,f21f0f7dd8bb4c0293ae344d8d2bfe4f
lamp,language model priors,LAMP leverages language model priors for reconstructing private text data.,dd336c6c8d0f4429ab357db4d041a299
lamp,strong reconstruction attacks,LAMP outperforms baselines in defending against strong reconstruction attacks.,dd336c6c8d0f4429ab357db4d041a299
fedsgd algorithm,fedavg algorithm,The experiment applies LAMP to the FedAvg algorithm, showing its effectiveness beyond FedSGD.,dd336c6c8d0f4429ab357db4d041a299
fedavg,small learning rates,FedAvg's reconstruction performance is influenced by using small learning rates, similar to FedSGD.,dd336c6c8d0f4429ab357db4d041a299
fedavg,b=1 per step, lr=5e-5,Experimental setup for attacking FedAvg includes batch size of 1 and learning rate of 5e-5.,dd336c6c8d0f4429ab357db4d041a299
fedavg,r-1, r-2, r-l,Performance metrics used to evaluate reconstruction: R-1, R-2, and R-L.,dd336c6c8d0f4429ab357db4d041a299
private text data,gradients,LAMP reconstructs private text data from gradients.,dd336c6c8d0f4429ab357db4d041a299
lamp,challenging settings,LAMP performs well in various challenging scenarios, such as larger batch sizes and noisy environments.,dd336c6c8d0f4429ab357db4d041a299
private data,federated learning algorithms,The context suggests that private text data is not sufficiently protected by these algorithms, implying a lack of security.,8b6a81fc174447ec8b8f19573c7ba31e
federated learning algorithms,issue of protecting private data,It indicates that there is a need for further work to address the problem of protecting private data in the context of federated learning.,8b6a81fc174447ec8b8f19573c7ba31e
bigger batch sizes,challenging settings,These are mentioned together, suggesting they are part of the various difficult conditions under which data reconstruction is considered.,8b6a81fc174447ec8b8f19573c7ba31e
noise-defended gradients,challenging settings,Noise-defended gradients are another aspect of the challenging situations where data reconstruction is researched.,8b6a81fc174447ec8b8f19573c7ba31e
fine-tuned models,challenging settings,Fine-tuned models are also listed among the challenging contexts for private data reconstruction.,8b6a81fc174447ec8b8f19573c7ba31e
