node_1,node_2,edge,chunk_id
stochastic gradient descent (sgd) algorithm,general stochastic sequence,The SGD algorithm is driven by a general stochastic sequence, which includes various types like i.i.d. noise and random walks on graphs.,58a38094351f42699b18191d9fd7ac50
stochastic gradient descent (sgd) algorithm,markov chain monte carlo (mcmc) samplers,SGD algorithms are compared using the notion of 'efficiency ordering', which is used to analyze MCMC samplers.,58a38094351f42699b18191d9fd7ac50
efficiency ordering,covariance matrices,Efficiency ordering is applied to the covariance matrices of the scaled iterate errors in SGD's long-term behavior.,58a38094351f42699b18191d9fd7ac50
input sequences,performance,More efficient input sequences lead to better performance for both MCMC and SGD in terms of covariance and mean squared error (MSE) in the limit.,58a38094351f42699b18191d9fd7ac50
sgd,decentralized optimization,In decentralized optimization and swarm learning, SGD is used in a random walk manner on the communication graph due to cost and data privacy concerns.,58a38094351f42699b18191d9fd7ac50
sgd,mini-batch gradient descent,Our analysis unifies the understanding of gradient descent with shuffling and mini-batch gradient descent under the efficiency ordering framework.,58a38094351f42699b18191d9fd7ac50
non-markovian processes,markovian counterparts,Non-Markovian processes can outperform their Markovian counterparts in the context of efficiency ordering for SGD, especially when mixing-time bounds are difficult to obtain.,58a38094351f42699b18191d9fd7ac50
stochastic gradient descent (sgd),machine learning,SGD is widely used in machine learning as a primary optimization technique.,7ec2f19246034d5c8c1e81001c117b7e
stochastic gradient descent (sgd),signal processing,SGD is also employed in signal processing, alongside its role in machine learning.,7ec2f19246034d5c8c1e81001c117b7e
stochastic gradient descent (sgd),engineering fields,It finds applications in various engineering disciplines where optimization problems need to be solved.,7ec2f19246034d5c8c1e81001c117b7e
optimization problem,closed and convex set θ,The optimization problem involves finding the minimum over a set Θ which is closed and convex.,7ec2f19246034d5c8c1e81001c117b7e
θ*,minimumimizer,θ* is the minimizer of the function f, satisfying ∇f(θ*) = 0.,7ec2f19246034d5c8c1e81001c117b7e
step size γt,update rule,The iterative update rule involves adjusting θ with the step size γt and the gradient of the current function.,7ec2f19246034d5c8c1e81001c117b7e
projection operator projθ,constraint set θ,ProjΘ projects the updated value back onto the constraint set to maintain feasibility.,7ec2f19246034d5c8c1e81001c117b7e
sequence {xt},stochastic sampling,The sequence {Xt} is generated stochastically, often using i.i.d. random variables.,7ec2f19246034d5c8c1e81001c117b7e
adam,variants of sgd,Adam is an example of a variant of SGD, suggesting that there are multiple variations of this algorithm.,7ec2f19246034d5c8c1e81001c117b7e
efficiency ordering,broader family of stochastic optimization algorithms,The paper explores extending the concept of efficiency ordering to a wider range of optimization methods.,7ec2f19246034d5c8c1e81001c117b7e
wireless sensor networks,robotics,These two concepts are mentioned together in the context, indicating that they are often considered together due to their low communication cost and asynchronous nature.,641fe134e9584e619d32141d10219165
rwsgd algorithms,metropolis-hastings random walk (mhrw),RWSGD algorithms are based on the underlying Markov chain in the form of MHRW, suggesting that MHRW is a key component in these decentralized optimization algorithms.,641fe134e9584e619d32141d10219165
markov chain,finite time bounds,The analysis of RWSGD algorithms typically involves finite-time bounds, which are used to infer the convergence rate of the algorithm and are closely tied to the Markov chain's properties.,641fe134e9584e619d32141d10219165
mixing time,second largest eigenvalue modulus (slem),The mixing time of the Markov chain is related to the second largest eigenvalue modulus (SLEM), with smaller SLEM values indicating faster mixing.,641fe134e9584e619d32141d10219165
diminishing step sizes,convergence rate,Diminishing step sizes (γt = t−α) influence the convergence rate of the iterate sequence, as seen in the upper bounds on expected error.,641fe134e9584e619d32141d10219165
local gradients,m (quantity),M is often proportional to local gradients evaluated at the minimizer, reflecting its importance in the analysis of algorithm performance.,641fe134e9584e619d32141d10219165
mixing time,convergence rate,The mixing time is crucial in determining the convergence rate of the SGD algorithm, suggesting acceleration using faster mixing Markov chains.,80a42774741746bbafca2323e6422f7f
mixing time,stationary distribution,Mixing time captures the rate at which a Markov chain converges to its stationary distribution.,80a42774741746bbafca2323e6422f7f
sgd algorithm,markov-chain-driven gradient descent,The SGD algorithm's convergence rate can be influenced by the mixing time of the Markov chains driving the sequence.,80a42774741746bbafca2323e6422f7f
asymptotic variance (av),second-order properties of markov chains,The asymptotic variance is a measure of the second-order properties of Markov chains, characterizing their convergence behavior.,80a42774741746bbafca2323e6422f7f
estimator ˆµt(g),average of g(xi),The estimator ˆµt(g) represents the average of function values g(Xi) up to time t in a Markov chain.,80a42774741746bbafca2323e6422f7f
asymptotic variance (av),limiting variance of the estimator,The AV is the long-term variance of the estimator ˆµt(g) as t approaches infinity.,80a42774741746bbafca2323e6422f7f
central limit theorem,av (for functions with finite eπ(g2)),The Central Limit Theorem is connected to the AV, providing a statistical basis for understanding the estimator's behavior.,80a42774741746bbafca2323e6422f7f
central limit theorem (clt),markovian kernel,The AV is associated with the CLT for any Markovian kernel on a finite state space.,c7227c4557e94dbebdfbb317fd92da9d
average variance (av),mixing time of a markov chain,The AV is very strongly related to the mixing time; a smaller AV indicates chain efficiency.,c7227c4557e94dbebdfbb317fd92da9d
markov chain,burn-in period,Achieving desired accuracy in a Markov chain is often done by using a burn-in period to eliminate correlation with the initial state.,c7227c4557e94dbebdfbb317fd92da9d
sample size (t),desired accuracy,A smaller AV means fewer samples are needed after mixing to reach a desired level of accuracy.,c7227c4557e94dbebdfbb317fd92da9d
epoch,shuffling,An epoch refers to one complete pass over the data set, either in the same order (single shuffling) or randomly (random shuffling).,c7227c4557e94dbebdfbb317fd92da9d
step size,optimality,The step size is a parameter in optimization algorithms, and its order (e.g., O(t^(-α))) affects the optimality of the algorithm.,c7227c4557e94dbebdfbb317fd92da9d
signal-to-noise ratio (slem),av,The AV has an upper bound in terms of the SLEM; a smaller SLEM implies faster mixing and potentially a smaller AV.,c7227c4557e94dbebdfbb317fd92da9d
worst-performing chain,largest mean square error (mse),The worst-performing chain has the largest mean square error, indicating its poor performance.,b7c75c10264f46deb955896d120927c2
mhrw,modified-mhrw,MHRW and Modified-MHRW share the same SLEM but exhibit different performance, despite their similarity.,b7c75c10264f46deb955896d120927c2
mhrw (p1),modified-mhrw (p2),Both P1 and P2 are compared as stochastic inputs for RWSGD, with performance discrepancies.,b7c75c10264f46deb955896d120927c2
mhrw (p1),fmmc (p3),P1, P2, and P3 (FMMC) are compared as stochastic inputs, with P3 potentially having a different approach.,b7c75c10264f46deb955896d120927c2
slem,performance difference,The intuition from SLEM does not hold for MHRW and Modified-MHRW, suggesting other factors influence performance.,b7c75c10264f46deb955896d120927c2
av (asymptotic variance),performance judgment,AV can be used as an alternative to SLEM for judging the performance of stochastic inputs in SGD.,b7c75c10264f46deb955896d120927c2
stochastic approximation (sa) algorithms,clt (central limit theorem),The asymptotic variance appears in the CLT for SA algorithms, influencing the limiting behavior of errors.,b7c75c10264f46deb955896d120927c2
scaled iterate errors,limiting covariance matrix,The covariance matrix contains more information than MSE bounds and relates to the scaled iterate errors.,b7c75c10264f46deb955896d120927c2
sgd algorithms,section 3,In the context of SGD, further analysis is provided in Section 3.,b7c75c10264f46deb955896d120927c2
sgd algorithms,exact vector-valued gradient,The context mentions that SGD algorithms embed the 'exact vector-valued gradient' evaluated at the optimizer.,df2728d17eca47d199d0c08b648d1c9e
sgd algorithms,transition matrix,SGD algorithms have information about the 'transition matrix'; this contrasts with bounds based on mixing time that typically consider only the second largest eigenvalue modulus.,df2728d17eca47d199d0c08b648d1c9e
clt (central limit theorem),covariance matrix,The CLT suggests that the covariance matrix plays a significant role in finite-time MSE bounds, often dominating as a leading term.,df2728d17eca47d199d0c08b648d1c9e
finite-time mse bounds,weighted mse,Weighted MSE is a broader concept used in areas like wireless MIMO and process optimization, and it has finite-time bounds.,df2728d17eca47d199d0c08b648d1c9e
asymptotic analysis,av (average variance) in mcmc literature,The paper connects asymptotic analysis in Markov Chain Monte Carlo (MCMC) with AV, suggesting a framework for designing random walks and understanding efficiency.,df2728d17eca47d199d0c08b648d1c9e
asymptotic analysis,efficiency ordering,The proposed framework links asymptotic analysis to efficiency ordering, which is a measure of performance in stochastic optimization.,df2728d17eca47d199d0c08b648d1c9e
sgd algorithms,random walk variants,The framework can be used to design different variants of random walks.,ac823bee637e44ad8fb2ef50520c2d10
sgd iteration (2),sampling methods,The framework compares existing sampling methods within the SGD iteration.,ac823bee637e44ad8fb2ef50520c2d10
reversible markov chains,av (asymptotic variance),The AV is related to every eigenvalue of the transition matrix.,ac823bee637e44ad8fb2ef50520c2d10
transition matrix,mixing time,Mixing time is connected to the SLEM (spectral gap) analysis.,ac823bee637e44ad8fb2ef50520c2d10
loewner ordering,covariance matrices,Covariance matrices of efficient random walks are Loewner ordered.,ac823bee637e44ad8fb2ef50520c2d10
non-markovian stochastic processes,markovian counterpart,Efficiency ordering applies even to non-Markovian processes compared to their Markovian counterparts.,ac823bee637e44ad8fb2ef50520c2d10
weighted mse (mean squared error),improvement,Efficiency ordering leads to reduced weighted MSE.,ac823bee637e44ad8fb2ef50520c2d10
state space augmentation,sgd analysis,The augmented state space enables analyzing single and random shuffling.,ac823bee637e44ad8fb2ef50520c2d10
i.i.d. sampling,shuffling,Shuffling is shown to be more efficient than i.i.d. sampling for certain objective functions.,ac823bee637e44ad8fb2ef50520c2d10
mini-batch sgd algorithms,comparison,Efficiency ordering extends to mini-batch SGD.,ac823bee637e44ad8fb2ef50520c2d10
efficiency ordering,accuracy improvement,Higher efficiency leads to smaller errors in SGD.,ac823bee637e44ad8fb2ef50520c2d10
asymptotic analysis,numerical results,Efficiency ordering holds over time and input sequences.,ac823bee637e44ad8fb2ef50520c2d10
matrix (m),l2 norm (∥ · ∥2),The l2 norm is used for vectors or the 2-norm for matrices.,56e7b1cf433840cfbce16a7bc568be7d
jacobian matrix (∇f),vector-valued function (f),∇f represents the derivative of the vector-valued function f.,56e7b1cf433840cfbce16a7bc568be7d
hessian matrix (∇2g),scalar-valued function (g),∇2g denotes the second derivative of the scalar-valued function g.,56e7b1cf433840cfbce16a7bc568be7d
gradient (∇θg),parameter (θ),The gradient of the scalar-valued function g is taken with respect to the parameter θ.,56e7b1cf433840cfbce16a7bc568be7d
loewner ordering ('≤l'),matrices,A ≤L B indicates that matrix A is less than or equal to matrix B in the Loewner sense.,56e7b1cf433840cfbce16a7bc568be7d
trace (t r(a)),matrix (a),T r(A) refers to the sum of the diagonal elements of matrix A.,56e7b1cf433840cfbce16a7bc568be7d
graph (g(v, e)),node set (v),G(V, E) describes a graph with nodes represented by V and edges represented by E.,56e7b1cf433840cfbce16a7bc568be7d
node set (v),degree vector (d),d is the vector with elements representing the number of neighbors for each node in V.,56e7b1cf433840cfbce16a7bc568be7d
neighbor set (n (i)),node i,N (i) consists of the neighbors of node i in the graph.,56e7b1cf433840cfbce16a7bc568be7d
random walk ({xt})t≥0,stationary distribution (π),π is the limiting distribution reached by the random walk as t approaches infinity.,56e7b1cf433840cfbce16a7bc568be7d
ergodic markov chain,stationary distribution π,The stationary distribution π is defined for an ergodic Markov chain, allowing for a more general input sequence.,a3301173d36c4230a848e769a78fad79
objective in (1),stationary distribution π,The objective is rewritten using π as the expectation of a function G(θ, X), where X is sampled from π.,a3301173d36c4230a848e769a78fad79
generalized update rule,input sequence,The generalized update rule applies to input sequences with non-uniform stationary distributions, such as MHRWs or simple random walks on graphs.,a3301173d36c4230a848e769a78fad79
mhrw (markov hardcore random walk),uniform target distribution,An example of input sequence is MHRW with a uniform target distribution π = 1/n, which reduces the update rule to a simpler form.,a3301173d36c4230a848e769a78fad79
simple random walk,connected graph g(v, e),If the input sequence is a simple random walk, the graph G has a stationary distribution proportional to the degree d, and G(θ, i) is defined accordingly.,a3301173d36c4230a848e769a78fad79
asymptotic covariance matrix,finite, irreducible markov chain,The asymptotic covariance matrix is derived for finite, irreducible Markov chains, with the estimator based on the chain's sample paths.,a3301173d36c4230a848e769a78fad79
ergodic theorem,stationary distribution π,The ergodic theorem ensures that for functions g, the average value of g(Xk) converges to Eπ(g) as t goes to infinity.,a3301173d36c4230a848e769a78fad79
asymptotic covariance matrix,σx,In the context, the asymptotic covariance matrix is denoted by ΣX and is equal to ΣX (∇G(θ∗, ·)).,999dcd3fd1b4456c9d9fb2607eb36e52
averaged iterates,θt,The averaged iterates are represented by the sequence {θt}t≥0, with the average at time t being ¯θt = 1/ti=0 θt.,999dcd3fd1b4456c9d9fb2607eb36e52
averaged iterates,¯θt,As t goes to infinity, ¯θt converges to θ∗ almost surely, and √t(¯θt - θ∗) follows a normal distribution.,999dcd3fd1b4456c9d9fb2607eb36e52
averaged iterates,n(0, v′x),The limiting distribution of √t(¯θt - θ∗) is a normal distribution with mean 0 and variance V′X.,999dcd3fd1b4456c9d9fb2607eb36e52
objective function,f(·),The context mentions a non-convex objective function f(θ), which is the focus of the study.,999dcd3fd1b4456c9d9fb2607eb36e52
polyak-łojasiewicz inequality,(a2),Assumption (A2) is compared to the Polyak-Łojasiewicz inequality, which is a common assumption in non-convex optimization.,999dcd3fd1b4456c9d9fb2607eb36e52
stochastic approximation algorithms (sa),clt result,A general CLT result for SA algorithms is provided in Appendix A, and a specific lemma is mentioned as a special case.,999dcd3fd1b4456c9d9fb2607eb36e52
iterates converging to minimizer,minimizers,For the case of multiple minimizers, iterates need to be conditioned to converge to one of them.,999dcd3fd1b4456c9d9fb2607eb36e52
random walk with sgd (rwsgd),assumptions (a3) and (a5),Assumptions (A3) and (A5) are typical in the RWSGD literature.,999dcd3fd1b4456c9d9fb2607eb36e52
confidence interval,accuracy,A smaller value of wT VX w leads to a narrower confidence interval and thus higher accuracy.,53511338cfd3415b81e655ab7a70a143
loewner ordering,performance of sgd algorithms,The form wT VX w suggests that Loewner ordering is relevant when assessing the performance of Stochastic Gradient Descent (SGD) algorithms.,53511338cfd3415b81e655ab7a70a143
efficiency ordering,markov chains,Efficiency ordering is a comparison of Markov chains based on their average values (AV), and it is extended in the context.,53511338cfd3415b81e655ab7a70a143
efficiency ordering (definition 3.5),random walks,It compares random walks {Xt}t≥0 and {Yt}t≥0 with the same stationary distribution, where one is said to be more efficient if its efficiency is greater.,53511338cfd3415b81e655ab7a70a143
scalar-valued avs,asymptotic covariance matrices,The equivalence is proved between comparing these AVs and the Loewner ordering of their asymptotic covariance matrices.,53511338cfd3415b81e655ab7a70a143
sgd iteration,random walks,The SGD iteration (7) uses two random walks {Xt}t≥0 and {Yt}t≥0 as input sequences.,0a3dc1a8c9b24c8d892229926e2deedd
stationary distribution π,random walks {xt}t≥0, {yt}t≥0,Both random walks have the same stationary distribution π.,0a3dc1a8c9b24c8d892229926e2deedd
loewner ordering,covariance matrices,Covariance matrices are compared in the Loewner ordering (ΣX (g) ≤L ΣY (g)).,0a3dc1a8c9b24c8d892229926e2deedd
theorem 3.6(i),x ≥ e y,This theorem states that X has a greater expected value than Y if ΣX (g) ≤L ΣY (g).,0a3dc1a8c9b24c8d892229926e2deedd
theorem 3.6(ii),vx ≤l vy,If the condition on the gradient covariance matrices holds, then the variances of the iterates are also ordered.,0a3dc1a8c9b24c8d892229926e2deedd
confidence intervals,loewner ordering,A smaller covariance matrix leads to smaller confidence intervals over time.,0a3dc1a8c9b24c8d892229926e2deedd
mean square error (mse),covariance matrix,A smaller covariance matrix implies a potentially smaller MSE, as it is the trace of the matrix.,0a3dc1a8c9b24c8d892229926e2deedd
weighted mean square error (weighted mse),covariance matrix,For weighted MSE, a smaller covariance matrix also contributes to a smaller weighted MSE.,0a3dc1a8c9b24c8d892229926e2deedd
clt (central limit theorem),sgd with diminishing step size,Appendix E includes CLT results for both diminishing and constant step sizes for SGD.,0a3dc1a8c9b24c8d892229926e2deedd
simple random walk (srw),non-backtracking random walk (nbrw),NBRW is a non-Markovian extension of SRW with the same limiting distribution.,f95651b79272400082011cf7e99a0396
markov chain,simple random walk (srw),SRW is a popular Markov chain extensively studied in the literature.,f95651b79272400082011cf7e99a0396
non-backtracking random walk (nbrw),second-order non-reversible markov chain,NBRW is a second-order non-reversible variant of a Markov chain.,f95651b79272400082011cf7e99a0396
mcmc literature,non-backtracking random walk (nbrw),NBRW has been a focus in the MCMC literature.,f95651b79272400082011cf7e99a0396
mini-batch version,sgd algorithm,The discussion for a mini-batch version of the approach is deferred to Appendix H.3.,f95651b79272400082011cf7e99a0396
shuffling-based gradient descent,sgd with i.i.d input,The paper compares shuffling-based GD to SGD with independent and identically distributed inputs.,f95651b79272400082011cf7e99a0396
section,efficiency ordering of sgd,The section presents an analysis of different SGD variants in terms of efficiency.,f95651b79272400082011cf7e99a0396
theorem 3.6,constant step sizes and quadratic objective functions,Similar results for constant step sizes and quadratic objectives are discussed in Appendix E.,f95651b79272400082011cf7e99a0396
appendix e,theorem 3.6,The statement of Theorem 3.6 is provided in Appendix E.,f95651b79272400082011cf7e99a0396
appendix h.3,mini-batch version,A more general mini-batch discussion is deferred to this appendix.,f95651b79272400082011cf7e99a0396
nbrw,srw,NBRW can be used as the input for SGD iterations with the same re-weighted local functions as SRW.,58a945bbde58483cb4a906e4d68a3944
nbrw,asymptotic covariance matrix,The efficiency of NBRW is shown to have a smaller asymptotic covariance compared to SRW.,58a945bbde58483cb4a906e4d68a3944
nbrw,markov chain,NBRW can be represented as a Markov chain Zt = (Yt-1, Yt) in the augmented state space.,58a945bbde58483cb4a906e4d68a3944
augmented process {zt},clt,A central limit theorem (CLT) is built for an SGD iteration using the augmented process {Zt}.,58a945bbde58483cb4a906e4d68a3944
σy (∇g(θ∗, ·)),asymptotic covariance matrix,ΣY (∇G(θ∗, ·)) is the asymptotic covariance matrix for NBRW in the context of the CLT.,58a945bbde58483cb4a906e4d68a3944
stationary distribution of {zt}t≥0,augmented state space v × v,The stationary distribution of {Zt}t≥0 is related to the augmented state space V × V, as established in [53].,9b4690dab14643cd84a88cc81e3126d2
stationary distribution of {zt}t≥0,{yt}t≥0,There is a cultivation of the relationship between the stationary distribution of {Zt}t≥0 and {Yt}t≥0 on the node space V.,9b4690dab14643cd84a88cc81e3126d2
nbrw (non-backtracking random walk),srw (simple random walk),NBRW is more efficient than SRW for the SGD iteration (7), as per Theorem 3.6 and efficiency ordering in MCMC literature [53, 41].,9b4690dab14643cd84a88cc81e3126d2
mixing time,nbrw,Non-backtracking walks mix faster when the graph is d-regular, suggesting a faster convergence rate based on mixing time bounds.,9b4690dab14643cd84a88cc81e3126d2
mixing time,slem (shuffled exponential linear model),No mixing time comparison exists for NBRW on a general graph, indicating the need for Proposition 4.1 to demonstrate the utility of the approach.,9b4690dab14643cd84a88cc81e3126d2
shuffling-based methods,machine learning applications,Shuffling-based methods are commonly used in machine learning, involving repeated passes over the entire state space without repetition.,9b4690dab14643cd84a88cc81e3126d2
random shuffling,single shuffling,Random shuffling and single shuffling are two versions of shuffling methods, differing in the order of passing over the state space [n]. Random shuffling is random, while single shuffling is not specified.,9b4690dab14643cd84a88cc81e3126d2
stochastic inputs,random shuffling,Proposition 4.3 discusses the SGD iteration with both stochastic inputs and random shuffling, highlighting the challenge in applying Theorem 3.6 due to the time-inhomogeneity of random shuffling.,c1003760ff044652a1acb0c375a0519a
random shuffling,time-homogeneous periodic markov chain,To overcome the difficulty, a non-trivial augmentation is used to transform random shuffling into a time-homogeneous Markov chain.,c1003760ff044652a1acb0c375a0519a
random shuffling,single shuffling,Both single shuffling and random shuffling are shown to satisfy (A4), enabling the application of Theorem 3.6.,c1003760ff044652a1acb0c375a0519a
sgd iteration (7),quadratic objective functions,For quadratic objectives, shuffling-based methods, including the SGD iteration, can have faster convergence in terms of MSE compared to i.i.d inputs.,c1003760ff044652a1acb0c375a0519a
shuffling,i.i.d inputs,The efficiency of shuffling versus i.i.d inputs is demonstrated by a faster convergence speed in terms of MSE for quadratic objectives.,c1003760ff044652a1acb0c375a0519a
shuffling-based methods,finite-time error bounds,Recent works provide more informative bounds on the MSE for shuffling-based methods, specifically mentioning studies of matrix norms and AM-GM inequality.,c1003760ff044652a1acb0c375a0519a
shuffling-based methods,i.i.d inputs,These works show faster convergence rates for shuffling-based methods compared to i.i.d inputs in certain cases.,c1003760ff044652a1acb0c375a0519a
relative performance,inputs,The context discusses measuring the relative performance of different inputs.,4ee0eb4797924f838bdb3272e3ac3981
scaled mse,clt result,It refers to the relationship between the scaled MSE and the Central Limit Theorem result (9).,4ee0eb4797924f838bdb3272e3ac3981
efficiency ordering,noise sequences,The text mentions an efficiency ordering for SGD variants when comparing their iterations under different noise sequences.,4ee0eb4797924f838bdb3272e3ac3981
nbrw (neighbor-based random walk),srw (simple random walk),NBRW consistently has smaller MSE compared to SRW, as seen in Figure 2a and 2c.,4ee0eb4797924f838bdb3272e3ac3981
nbrw,uniform sampling,NBRW performs better than uniform sampling in terms of MSE, as shown in Figure 2.,4ee0eb4797924f838bdb3272e3ac3981
single shuffling,random shuffling,Single shuffling has an oscillation due to a fixed data sampling sequence, while random shuffling provides more variability.,4ee0eb4797924f838bdb3272e3ac3981
efficiency ordering,stochastic inputs,Processes with smaller asymptotic covariance are more efficient as input sequences for SGD algorithms.,af5ce7a052a24191a1bf0479aa7d5562
stochastic gradient descent (sgd),nesterov accelerated sgd,The efficiency ordering is also observed in SGD variants like Nesterov accelerated SGD.,af5ce7a052a24191a1bf0479aa7d5562
stochastic gradient descent (sgd),adam,Efficiency ordering is observed in SGD variants, including ADAM.,af5ce7a052a24191a1bf0479aa7d5562
asymptotic covariance,efficiency,Processes with smaller asymptotic covariance are more efficient.,af5ce7a052a24191a1bf0479aa7d5562
scaled mean squared error (scaled mse),performance,The curves of NBRW, SRW, and uniform sampling show performance based on scaled MSE.,af5ce7a052a24191a1bf0479aa7d5562
normalized belief random walk (nbrw),sum-non-convex function,NBRW has better performance than SRW for sum-non-convex functions.,af5ce7a052a24191a1bf0479aa7d5562
sum-non-convex function,scaled mse,The curve of sum-non-convex function in Figure 2d is still increasing in scaled MSE.,af5ce7a052a24191a1bf0479aa7d5562
shuffling methods,uniform sampling,Uniform sampling and shuffling methods enter the regime where covariance matrix becomes dominant later.,af5ce7a052a24191a1bf0479aa7d5562
graph,dolphins,Performance comparison is shown on the 'Dolphins' graph.,af5ce7a052a24191a1bf0479aa7d5562
central limit theorem (clt),result,The curves approaching constants after some time align with the CLT result.,af5ce7a052a24191a1bf0479aa7d5562
