node_1,node_2,edge,chunk_id
multi-agent reinforcement learning frameworks,centralized training,Referred to as a method for performing well in these frameworks.,75a6a86bdd7142fa8e269bc8db6a97ea
centralized training,dense rewards,Not readily available in the real world, both are often used together.,75a6a86bdd7142fa8e269bc8db6a97ea
current multi-agent algorithms,decentralized training,Struggle to learn without centralized training, highlighting the alternative setup.,75a6a86bdd7142fa8e269bc8db6a97ea
decentralized training,sparse rewards,The alternative setup that current algorithms face, often leading to learning difficulties.,75a6a86bdd7142fa8e269bc8db6a97ea
self-supervised intrinsic reward elign,expectation alignment principle,Inspired by self-organization in Zoology, where animals collaborate in a decentralized manner.,75a6a86bdd7142fa8e269bc8db6a97ea
expectation alignment,decentralized collaboration,Agents learn behaviors that match their neighbors' expectations, promoting collaboration.,75a6a86bdd7142fa8e269bc8db6a97ea
elign,external reward,Does not require external reward for learning collaborative behaviors.,75a6a86bdd7142fa8e269bc8db6a97ea
elign,centralized training,Outperforms existing methods like sparse and curiosity-based rewards in decentralized training scenarios.,75a6a86bdd7142fa8e269bc8db6a97ea
multi-agent particle environment,google research football environment,Used as testbeds for evaluating ELIGN across multiple tasks.,75a6a86bdd7142fa8e269bc8db6a97ea
increasing number of agents,scaling,ELIGN scales well in most multi-agent tasks, especially when agents have similar capabilities.,75a6a86bdd7142fa8e269bc8db6a97ea
coordination improvement,expectation alignment,Agents learn to divide tasks, break symmetries, and confuse adversaries due to this alignment.,75a6a86bdd7142fa8e269bc8db6a97ea
curiosity-driven exploration,alternative strategy,ELIGN identifies tasks where curiosity-driven exploration might not be as effective for multi-agent coordination.,75a6a86bdd7142fa8e269bc8db6a97ea
multi-agent coordination,curiosity-driven exploration,The context suggests that curiosity-driven exploration is a less useful strategy compared to multi-agent coordination, as it enables agents to achieve zero-shot coordination.,d71ebbdc37bf427aaf2ac383c15f5f9b
multi-agent systems,real-world ai applications,Multi-agent systems are a type of application found in various real-world scenarios such as autonomous vehicles, resource management, traffic control, robot swarms, and multi-player video games.,d71ebbdc37bf427aaf2ac383c15f5f9b
adaptive coordination algorithms,partial observability,Adaptive coordination is more difficult in decentralized training where agents operate under partial observability, meaning they cannot see the entire state of the environment.,d71ebbdc37bf427aaf2ac383c15f5f9b
decentralized training,centralized training,In contrast to decentralized training, centralized training assumes agents have access to all information, which simplifies the learning process.,d71ebbdc37bf427aaf2ac383c15f5f9b
partial observability,real world,Partial observability is a characteristic of real-world environments where agents must operate without complete knowledge of their surroundings.,d71ebbdc37bf427aaf2ac383c15f5f9b
most successful multi-agent algorithms,centralized critic,Typically, these algorithms rely on a centralized critic during training, but this is not feasible in fully decentralized settings.,d71ebbdc37bf427aaf2ac383c15f5f9b
decentralized training,real-world constraints,The limitations of decentralized training reflect the constraints faced by agents in the real world, where they must function independently and coordinate without direct communication.,d71ebbdc37bf427aaf2ac383c15f5f9b
collaboration,deception,These rewards involve either maximizing information, shaping influence, hiding intentions, building accurate models, or breaking extrinsic rewards.,8ee698064d9c4c6fbcb50c2975df17b0
information conveyed by an agent's actions,maximization,The rewards aim to maximize the information communicated by an agent.,8ee698064d9c4c6fbcb50c2975df17b0
influence of an agent,shaping,Rewards also shape the impact an agent has on others.,8ee698064d9c4c6fbcb50c2975df17b0
intentions,hiding,Agents may be incentivized to conceal their intentions.,8ee698064d9c4c6fbcb50c2975df17b0
accurate models of other agents' policies,building,The rewards encourage agents to create accurate models of同伴 behavior.,8ee698064d9c4c6fbcb50c2975df17b0
theory of mind,closely related component,The ability to model others is a key aspect of Theory of Mind, which supports coordination.,8ee698064d9c4c6fbcb50c2975df17b0
our work,using theory of mind,Our approach involves using a dynamic model to calculate intrinsic motivation based on a Theory of Mind understanding.,8ee698064d9c4c6fbcb50c2975df17b0
single dynamics model,scalability,Our method learns a single model that scales with increasing numbers of agents, unlike per-agent models.,8ee698064d9c4c6fbcb50c2975df17b0
model-based reinforcement learning,related,Our work connects to model-based RL, but focuses on learning a dynamics model for reward calculation, not control.,8ee698064d9c4c6fbcb50c2975df17b0
predicting an agent's future states,auxiliary loss,Our proposal is similar to a recent approach that uses an auxiliary loss for state prediction.,8ee698064d9c4c6fbcb50c2975df17b0
ndousse et al. (2021),recently proposed auxiliary loss,This reference points to a concurrent study with a similar focus on predicting future states.,8ee698064d9c4c6fbcb50c2975df17b0
decentralized training framework,nonstationarity challenge,The decentralized training framework addresses the nonstationarity challenge.,32f3b1b6ada84c56b66bc2f398f6964a
intrinsic reward,agent's ability to model others,The intrinsic reward aims to enhance the agent's capacity to understand and predict the behavior of others.,32f3b1b6ada84c56b66bc2f398f6964a
expectation alignment,centralized training,Expectation alignment is applied to centralized training, improving cooperation and some competitive tasks.,32f3b1b6ada84c56b66bc2f398f6964a
partially observable markov game (pomg),state space,A POMG consists of a state space that represents the possible configurations of the environment.,32f3b1b6ada84c56b66bc2f398f6964a
observation space,private partial view of the state,Each agent has a private observation space that reflects their limited knowledge of the environment.,32f3b1b6ada84c56b66bc2f398f6964a
action space,stochastic policy πθi,Agents use stochastic policies (parameterized by θi) to choose actions based on their observations.,32f3b1b6ada84c56b66bc2f398f6964a
state transition function,next state,The state transition function determines the next state based on the current state and agents' actions.,32f3b1b6ada84c56b66bc2f398f6964a
extrinsic reward,total expected return,The team's objective is to maximize the total extrinsic reward over time.,32f3b1b6ada84c56b66bc2f398f6964a
adversarial agents,own reward structure,In the environment, there may be adversarial agents with separate reward objectives.,32f3b1b6ada84c56b66bc2f398f6964a
cooperative navigation task,n agents,In the cooperative navigation task, N agents are involved, working together to occupy goal locations simultaneously.,13536469e9194cc1874f333c53900dba
agent i,agent j,Agent i predicts future states for agent j based on its dynamics model, influencing agent j's expectations.,13536469e9194cc1874f333c53900dba
dynamics model,future states,The dynamics model predicts how future states will evolve from the perspective of other agents.,13536469e9194cc1874f333c53900dba
elign,agent behavior predictability,ELIGN promotes predictability in agent behaviors by aligning shared expectations.,13536469e9194cc1874f333c53900dba
figure 1(a),action alignment,In Figure 1(a), agent i pursues the action that agent j expects, enhancing cooperation.,13536469e9194cc1874f333c53900dba
agent j's receptive field,environment inference,Observations outside the receptive field can indicate environmental conditions, like the presence of an adversary.,13536469e9194cc1874f333c53900dba
training algorithm,phases of learning,The algorithm consists of three interconnected phases: dynamics model training, ELIGN reward calculation, and policy optimization.,13536469e9194cc1874f333c53900dba
dynamics model training,prior work,It follows the approach of Wang et al. (2018) and Kidambi et al. (2020) in learning dynamics models.,13536469e9194cc1874f333c53900dba
algorithm 1,policy optimization,Algorithm 1 outlines the process by which the agent's policy is optimized during training.,13536469e9194cc1874f333c53900dba
multi-layer perceptron,dynamics model,A three-layer Multi-Layer Perceptron is used as the dynamics model, which predicts the next observation.,de51c1a15b0842e19ad9a1f05980075d
mean squared error,loss function,The model is trained to minimize the mean squared error between its prediction and the ground truth next observation.,de51c1a15b0842e19ad9a1f05980075d
intrinsic reward,elign reward,The ELIGN reward measures how well the agent aligns with neighbors' expectations of its next state.,de51c1a15b0842e19ad9a1f05980075d
theory of mind,mind-reading ability,Calculating the intrinsic reward involves simulating Theory of Mind, which implies the ability to understand others' thoughts.,de51c1a15b0842e19ad9a1f05980075d
receptive field,social interaction range,N(i) represents the set of neighbors within the agent's receptive field, indicating the agents it interacts with.,de51c1a15b0842e19ad9a1f05980075d
decentralized training,collaborative learning,In a decentralized setup, agents learn without direct access to each other's models, relying on approximations.,de51c1a15b0842e19ad9a1f05980075d
observation radius,spatial awareness,Agents approximate each other's dynamics using their own models and knowledge of their observation radii.,de51c1a15b0842e19ad9a1f05980075d
expectation alignment,competitive tasks,ELIGN is extended to competitive tasks where agents are encouraged to misalign with their adversaries' expectations.,bd40cd0e706448f697b1734cab600827
fθi(oi, ai),decentralized training,Agents update their dynamics θi using fθi, which is part of the decentralized training process.,bd40cd0e706448f697b1734cab600827
intrinsic reward,elign,ELIGN is compared to sparse and curiosity-based intrinsic rewards in experiments.,bd40cd0e706448f697b1734cab600827
decentralized training,partial observability,Experiments focus on decentralized training under conditions where agents have limited information.,bd40cd0e706448f697b1734cab600827
multi-agent particle tasks,scalability,The number of agents is varied to test the scalability of the ELIGN method.,bd40cd0e706448f697b1734cab600827
elign,coordination improvement,ELIGN is investigated for its impact on improving coordination among agents.,bd40cd0e706448f697b1734cab600827
elign,fully observable tasks,ELIGN can augment centralized methods and be applied to tasks with full observability.,bd40cd0e706448f697b1734cab600827
google research football environment,evaluation,Experiments are conducted in various environments, including Google Research Football, for evaluation.,bd40cd0e706448f697b1734cab600827
sparse,curiosity-based intrinsic rewards,ELIGN is compared to these alternative reward systems for performance.,bd40cd0e706448f697b1734cab600827
multi-agent particle environment,google research football environment,Both are environments used for evaluating decentralized algorithms, with the multi-agent particle environment being more general-purpose and the Google Research football environment focusing on a specific domain.,eff0b82d8f7f447faf18a7cc5e9341c9
decentralized algorithms,elignself,ELIGNself is an algorithm that performs well in cooperative tasks within these environments, demonstrating its effectiveness under partial observability.,eff0b82d8f7f447faf18a7cc5e9341c9
decentralized algorithms,elignadv,ELIGNadv is another algorithm that excels in competitive tasks, showcasing the benefit of using alignment as an intrinsic reward.,eff0b82d8f7f447faf18a7cc5e9341c9
elign,intrinsic reward,ELIGN uses alignment as an intrinsic reward to improve the training of decentralized policies, resulting in better performance.,eff0b82d8f7f447faf18a7cc5e9341c9
partial observability,decentralized policies,The evaluation is done under partial observability, which poses challenges for the agents to coordinate without full knowledge of the environment.,eff0b82d8f7f447faf18a7cc5e9341c9
multi-agent particle environment,mordatch & abbeel (2017),This environment is based on work by Mordatch & Abbeel (2017), providing a framework for studying cooperative and competitive tasks.,eff0b82d8f7f447faf18a7cc5e9341c9
google research football environment,kurach et al., 2019,The Google Research football environment was introduced by Kurach et al. (2019) and is another platform for evaluating AI agents.,eff0b82d8f7f447faf18a7cc5e9341c9
pred-prey (2v2),competitive tasks,Pred-prey is a type of competitive task within the evaluated environments.,eff0b82d8f7f447faf18a7cc5e9341c9
keep-away (2v2),competitive tasks,Keep-away is another competitive task where agents must avoid each other.,eff0b82d8f7f447faf18a7cc5e9341c9
multi-agent particle environment,two-dimensional world,The multi-agent particle environment is a two-dimensional space.,329a8b12d79a4c2eb3de2954f9f16d56
google research football environment,three-dimensional world,The Google Research football environment is a three-dimensional variant.,329a8b12d79a4c2eb3de2954f9f16d56
multi-agent particle environment,continuous state space,Both environments have continuous state spaces.,329a8b12d79a4c2eb3de2954f9f16d56
google research football environment,discrete action space,Both environments have discrete action spaces.,329a8b12d79a4c2eb3de2954f9f16d56
particle agent,position,Particle agents observe all agents' positions.,329a8b12d79a4c2eb3de2954f9f16d56
particle agent,velocity,Particle agents observe all agents' velocities.,329a8b12d79a4c2eb3de2954f9f16d56
football agent,one player,Each football agent controls one player.,329a8b12d79a4c2eb3de2954f9f16d56
player,ball observation,Players observe the ball.,329a8b12d79a4c2eb3de2954f9f16d56
player,other players' positions,Players observe other players' positions.,329a8b12d79a4c2eb3de2954f9f16d56
player,directions,Players observe other players' directions.,329a8b12d79a4c2eb3de2954f9f16d56
player,actions,They can apply one of ten actions.,329a8b12d79a4c2eb3de2954f9f16d56
original environments,full observability,Original environments assume full observability.,329a8b12d79a4c2eb3de2954f9f16d56
extended environments,partial observability,We extend these environments to be partially observable.,329a8b12d79a4c2eb3de2954f9f16d56
receptive field,vicinity threshold,Observation is hidden beyond a vicinity threshold.,329a8b12d79a4c2eb3de2954f9f16d56
τ,0.5 (vicinity threshold),We set τ = 0.5 for partially observable.,329a8b12d79a4c2eb3de2954f9f16d56
heterogeneous navigation,n agents,N agents are the main subject in this context, differing in speed and size, with a focus on reaching their respective goals.,569f70ea1c894bb5902d7817b97c042e
n agents,n2 agents,N agents are contrasted with N2 agents, where N2 agents are faster and smaller.,569f70ea1c894bb5902d7817b97c042e
physical deception,n agents,N cooperative agents work together to deceive N2 adversaries, aiming to prevent them from reaching the goal.,569f70ea1c894bb5902d7817b97c042e
physical deception,n2 adversaries,N2 adversaries are the opposing force in this scenario, trying to infer the goal from the agents' actions.,569f70ea1c894bb5902d7817b97c042e
keep-away,n landmarks,The game involves N landmarks, with one being the goal, known to N agents, and the objective is to prevent M adversaries from reaching it.,569f70ea1c894bb5902d7817b97c042e
keep-away,m adversaries,M adversaries are the opponents in this game, attempting to push the agents away from the goal.,569f70ea1c894bb5902d7817b97c042e
predator-prey,n slow adversaries,N slow adversaries chase and capture N fast agents, creating a pursuit scenario.,569f70ea1c894bb5902d7817b97c042e
predator-prey,n fast agents,N fast agents are the prey in this scenario, working together to evade the adversaries.,569f70ea1c894bb5902d7817b97c042e
google research football,academy 3vs1 with keeper competitive task,This context refers to a specific task within the Google Research football environment, involving three offensive agents against one keeper.,569f70ea1c894bb5902d7817b97c042e
google research football,kurach et al., 2019,The reference to Kurach et al., 2019 indicates the source or origin of the Academy 3vs1 with Keeper task.,569f70ea1c894bb5902d7817b97c042e
multi-agent particle environment,training,The task is trained within the multi-agent particle environment, where each experiment utilizes one Tesla K40 GPU.,7494c5352af54b329badbb3683045092
tesla k40 gpu,training resource,Each experiment uses a Tesla K40 GPU for training until convergence.,7494c5352af54b329badbb3683045092
convergence,training criteria,Convergence is determined by the best evaluation episode reward not changing for 100 epochs.,7494c5352af54b329badbb3683045092
epochs,training iteration,Each epoch consists of 4,000 episodes with 25 timesteps.,7494c5352af54b329badbb3683045092
test episodes,evaluation method,Algorithms are evaluated by running 1,000 test episodes of 25 timesteps.,7494c5352af54b329badbb3683045092
mean average test episode reward,performance metric,Reported as a measure of algorithm performance.,7494c5352af54b329badbb3683045092
google research football,baseline environment,Also used for training and evaluation, with a different training duration of 5M timesteps.,7494c5352af54b329badbb3683045092
soft actor-critic algorithm,methodology,Two versions used: decentralized (original) and centralized.,7494c5352af54b329badbb3683045092
decentralized soft-actor critic,algorithm variant,Trains each agent individually without access to others' observations and actions.,7494c5352af54b329badbb3683045092
centralized soft-actor critic,algorithm variant,Involves access to other agents' observations and actions for training.,7494c5352af54b329badbb3683045092
soft-actor critic algorithm,centralized one,The context describes a comparison between the original soft-actor critic algorithm, which is decentralized, and a centralized version with access to other agents' observations and actions.,8d510f786f43452fb1bcf16683f62aeb
intrinsic reward,coma (foerster et al., 2018),The text suggests that the intrinsic reward can be added to non-actor-critic methods like COMA, implying that these are alternative approaches to the discussed method.,8d510f786f43452fb1bcf16683f62aeb
intrinsic reward,vdn (sunehag et al., 2017),Both COMA and VDN are mentioned as examples of non-actor-critic methods that can incorporate the proposed intrinsic reward.,8d510f786f43452fb1bcf16683f62aeb
sparse,goal state,SPARSE rewards agents only when they reach a specific goal state, indicating a dependency on reaching a defined outcome.,8d510f786f43452fb1bcf16683f62aeb
curioteam,multi-agent intrinsic reward,CURIOteam is a curiosity-based reward system designed for multi-agent environments, encouraging exploration and novel state discovery.,8d510f786f43452fb1bcf16683f62aeb
elign,expectation alignment,ELIGN rewards are focused on aligning agents' expectations, with different variants targeting self, team, or adversarial alignment.,8d510f786f43452fb1bcf16683f62aeb
elignself,auxiliary loss (ndousse et al., 2021),ELIGNself shares similarities with the auxiliary loss in Ndousse et al., but its purpose is policy optimization rather than state encoding.,8d510f786f43452fb1bcf16683f62aeb
hand-crafted dense rewards,oracle performance,These rewards are added as a reference to showcase the highest possible performance, acting as a benchmark for the learned policies.,8d510f786f43452fb1bcf16683f62aeb
cooperative navigation,task division,In the context, cooperative navigation is used as an example to demonstrate how expectation alignment improves sub-task allocation, addressing the challenge of efficient task division.,1150b9085f77438482660e0098c100f6
expectation alignment,multi-agent collaboration,Expectation alignment is a core aspect in multi-agent collaboration, as it contributes to better sub-task allocation and enables agents to coordinate with new partners in a zero-shot setting.,1150b9085f77438482660e0098c100f6
symmetry-breaking,cooperative navigation,Symmetry-breaking is necessary in cooperative navigation when agents are initialized in states without an optimal sub-task allocation, as shown in Figure 4.,1150b9085f77438482660e0098c100f6
elign,multi-agent strategies,ELIGN, including ELIGNself, ELIGNteam, and ELIGNadv, are different strategies that perform well in various multi-agent tasks, showcasing the effectiveness of expectation alignment.,1150b9085f77438482660e0098c100f6
physical deception,elignteam,ELIGNteam is the best strategy for Physical deception, indicating its success in this specific task.,1150b9085f77438482660e0098c100f6
predator-prey,elignadv,ELIGNadv excels in Predator-prey, demonstrating the adaptability of expectation alignment to different scenarios.,1150b9085f77438482660e0098c100f6
generalization to new partners,zero-shot coordination,The context highlights that expectation alignment aids agents in generalizing to collaborate effectively with unfamiliar partners, which is a key aspect of zero-shot coordination.,1150b9085f77438482660e0098c100f6
multi-agent environments,exploration complexity,Future work should develop new multi-agent environments that demand exploration complexity.,14b20fc5951840f8b4dc51336c3c0874
exploration complexity,curiosity,Curiosity would encourage 'search' in a multi-agent environment with exploration complexity.,14b20fc5951840f8b4dc51336c3c0874
exploration complexity,expectation alignment,Both curiosity and expectation alignment would be necessary for collaboration in complex environments.,14b20fc5951840f8b4dc51336c3c0874
search and rescue task,curiosity,In a search and rescue task, curiosity would encourage 'search'.,14b20fc5951840f8b4dc51336c3c0874
search and rescue task,expectation alignment,ELIGN would speed up 'rescue' in the search and rescue task.,14b20fc5951840f8b4dc51336c3c0874
elign,curiosity,Both curiosity and ELIGN are forms of rewards for successful collaboration.,14b20fc5951840f8b4dc51336c3c0874
elign,expectation alignment,ELIGN emphasizes expectation alignment for multi-agent collaboration.,14b20fc5951840f8b4dc51336c3c0874
legible agents,human environments,Enabling stable multi-agent training without centralized training opens opportunities for legible agents in human environments.,14b20fc5951840f8b4dc51336c3c0874
legible agents,human-ai interaction,Interpretable actions improve human-AI interaction by inducing more faithful human mental models.,14b20fc5951840f8b4dc51336c3c0874
predictability,legibility,Predictability does not imply legibility; future work could explore the role of legibility further.,14b20fc5951840f8b4dc51336c3c0874
massive collaboration settings,expectation alignment,Future work should explore expectation alignment in settings with hundreds of agents.,14b20fc5951840f8b4dc51336c3c0874
zoology research,expectation alignment,Drawing on Zoology, expectation alignment should scale in large groups if agents align with nearest neighbors.,14b20fc5951840f8b4dc51336c3c0874
self-organizing principle,elign,Inspired by the self-organizing principle in Zoology, ELIGN is introduced.,14b20fc5951840f8b4dc51336c3c0874
self-organizing principle,zoology,The self-organizing principle is a concept derived from Zoology that serves as the inspiration for ELIGN.,af88051eb16641639f0d0aebbe680f5b
elign,intrinsic reward,ELIGN is an expectation alignment, a type of self-supervised intrinsic reward mechanism designed for multi-agent systems.,af88051eb16641639f0d0aebbe680f5b
multi-agent systems,cooperative tasks,ELIGN enhances performance in cooperative tasks where multiple agents work together.,af88051eb16641639f0d0aebbe680f5b
multi-agent systems,competitive tasks,It also improves performance in competitive scenarios where agents face adversaries.,af88051eb16641639f0d0aebbe680f5b
multi-agent particle environment,google research football environment,ELIGN is tested in two different multi-agent environments, including the multi-agent particle and Google Research football environments.,af88051eb16641639f0d0aebbe680f5b
decentralized training,partial observability,ELIGN performs well in situations where agents learn without central coordination and must navigate partial information.,af88051eb16641639f0d0aebbe680f5b
elign,symmetry breaking,The algorithm helps agents break symmetries, leading to more effective strategies.,af88051eb16641639f0d0aebbe680f5b
generalization,new partners,ELIGN promotes generalization to work effectively with unfamiliar teammates.,af88051eb16641639f0d0aebbe680f5b
elign,improvement,Overall, ELIGN leads to improved performance across various tasks and scenarios.,af88051eb16641639f0d0aebbe680f5b
