node_1,node_2,edge,chunk_id
personalized federated learning (fl),critical challenge,The context discusses the main issue in personalized FL, which is the alignment between local and global objectives.,d6e4388cc59541b8864893578f074352
bayesian hierarchical models,inspiration for the method,These models serve as the theoretical foundation for the developed self-aware personalized FL approach.,d6e4388cc59541b8864893578f074352
self-aware personalized fl method,local personal model,Each client trains a personal model that balances local improvement and global contribution.,d6e4388cc59541b8864893578f074352
self-aware personalized fl method,global model,Clients also contribute to the global model, which indirectly benefits other clients.,d6e4388cc59541b8864893578f074352
inter-client uncertainty quantification,balance determination,The method uses uncertainty to decide the need for more personalization or standard aggregation.,d6e4388cc59541b8864893578f074352
uncertainty-driven local training steps,local training strategy,Increased inter-client variation leads to more uncertainty-driven training steps.,d6e4388cc59541b8864893578f074352
uncertainty-driven local training steps,conventional local fine-tuning,Contrast to traditional methods, the approach uses uncertainty instead of fixed fine-tuning.,d6e4388cc59541b8864893578f074352
sample size-based aggregation,alternative aggregation rule,The method replaces sample size-based aggregation with an uncertainty-based one.,d6e4388cc59541b8864893578f074352
experiments on synthetic data,empirical validation,Experimental studies demonstrate the effectiveness of the proposed method using various datasets.,d6e4388cc59541b8864893578f074352
amazon alexa audio data,real-world dataset,One of the datasets used in the experiments to showcase personalization performance.,d6e4388cc59541b8864893578f074352
mnist, femnist, sent140,public benchmarks,Additional datasets used for comparison, showing improved personalization over existing methods.,d6e4388cc59541b8864893578f074352
distributed ml framework,fl (federated learning),FL is a type of distributed ML framework that focuses on training a global model with local data from edge devices.,0f4011f899204ebbb99d12777c241a40
global model,aggregated gradients/model updates,FL aggregates gradients or model updates from individual edge devices to create a unified global model.,0f4011f899204ebbb99d12777c241a40
personalization,fl system with client-specific data distributions,Personalized FL extends FL to accommodate diverse data distributions on each client, allowing for tailored models.,0f4011f899204ebbb99d12777c241a40
client,non-iid (non-identically and independently distributed),In personalized FL, clients' data is typically non-IID, meaning each device has a unique data distribution.,0f4011f899204ebbb99d12777c241a40
on-device model,personalized fl,Each device aims to improve its on-device model using personalized FL without sharing raw data.,0f4011f899204ebbb99d12777c241a40
heuristic statements,existing works on personalized fl,Previous works on personalized FL often rely on ad-hoc optimization formulations with limited explanation of the choices.,0f4011f899204ebbb99d12777c241a40
our approach,statistical insights,Our work takes a different approach by developing statistical insights into personalization, rather than focusing on a specific optimization problem.,0f4011f899204ebbb99d12777c241a40
toy example,insights into personalization,We begin with a simple example to uncover fundamental principles behind personalization in FL.,0f4011f899204ebbb99d12777c241a40
personalized fl,statistical uncertainty perspective,The context discusses the nature of personalization in the context of FL, highlighting the connection between these two concepts as they relate to the study's focus.,df340091a75e488cb2b51625ceb95969
lower-bound baselines of personalized fl,local training without fl,These two concepts are contrasted as extremes in understanding the performance limits of personalized FL, with one being no FL participation and the other involving individual client training.,df340091a75e488cb2b51625ceb95969
lower-bound baselines of personalized fl,conventional fl training,Another extreme case for the lower-bound is when all clients participate in traditional FL training, providing a benchmark for comparison.,df340091a75e488cb2b51625ceb95969
upper-bound for the client,undefined,The question of finding the optimal performance for clients in personalized FL is posed as an open challenge, implying that the upper-bound is currently unknown.,df340091a75e488cb2b51625ceb95969
q1,characterizing client-specific and globally-shared information,Question Q1 calls for a systematic approach to differentiate between the unique and shared aspects of client data in FL.,df340091a75e488cb2b51625ceb95969
q2,fl training for local model improvement,Q2 involves designing an FL process that optimizes local model performance, requiring adaptability to client-specific data variations.,df340091a75e488cb2b51625ceb95969
two-level bayesian hierarchical models,analytically tractable setting,This simplified model is chosen to facilitate analysis, isolating inter-client and intra-client uncertainty.,df340091a75e488cb2b51625ceb95969
popular aggregation approach,adapting to client-specific local data,The challenge in Q2 implies that existing aggregation methods need to be refined to address the diversity of client data.,df340091a75e488cb2b51625ceb95969
meta-learning,pfedme,pFedMe is a method within the context of meta-learning (Dinh et al., 2020). It formulates a bi-level optimization problem for personalized federated learning.,0de4d08d5ff54125a35ae54e46562aa3
pfedme,moreau envelopes,pFedMe uses Moreau envelopes as clients' regularized loss to handle personalized FL.,0de4d08d5ff54125a35ae54e46562aa3
perfedavg,global model adaptation,PerFedAvg proposes a method to find an initial global model that facilitates quick adaptation to local data.,0de4d08d5ff54125a35ae54e46562aa3
pfedhn,central hypernetwork,pFedHN (Shamsian et al., 2021) involves training a hypernetwork to generate personalized models.,0de4d08d5ff54125a35ae54e46562aa3
fedfomo,optimally weighted model aggregation,FedFOMO (Zhang et al., 2020) computes the best way to combine models for personalization.,0de4d08d5ff54125a35ae54e46562aa3
self-fl,ditto,Self-FL is compared with DITTO, which represents a different personalized FL formulation (multi-task learning).,0de4d08d5ff54125a35ae54e46562aa3
self-fl,pfedme,Self-FL is compared with pFedMe, another popular personalized FL method (meta-learning).,0de4d08d5ff54125a35ae54e46562aa3
self-fl,perfedavg,Self-FL also contrasts with PerFedAvg, focusing on theoretical insights from the Bayesian perspective.,0de4d08d5ff54125a35ae54e46562aa3
bayesian perspective,interpretation of fl-trained results,The Bayesian perspective provides insights into interpreting FL results, addressing the lack of clarity in existing methods.,0de4d08d5ff54125a35ae54e46562aa3
personalized fl,bayesian posterior,The posterior variance represents the reduced uncertainty for client 1 after considering other clients' data in the Personalized FL context.,594705b59e2447cdabb4b46b99d70358
posterior variance,reduced uncertainty,The quantity quantifies the decrease in uncertainty conditional on other clients' data.,594705b59e2447cdabb4b46b99d70358
personalized fl gain (gain1),posterior mean (✓(fl)1),GAIN1 is used to measure the learning progress of client 1, with the posterior mean representing its learned information.,594705b59e2447cdabb4b46b99d70358
point estimation,theoretical limit,In practical implementations, a point estimation of the target variable is sought, and the posterior mean is considered the theoretical limit in the FL context.,594705b59e2447cdabb4b46b99d70358
local data quality,posterior mean (✓(fl)1),As local data quality improves (21 → 1), the posterior mean becomes more accurate, approaching the global parameter.,594705b59e2447cdabb4b46b99d70358
personalized fl,standard fl,When clients are barely connected (21 ≫ 1), personalized FL resembles standard FL, with the posterior mean being a simple average of local posteriors.,594705b59e2447cdabb4b46b99d70358
global parameter,personalized fl gain,As the personalized FL gain approaches 1, the global parameter is effectively estimated, indicating better collaboration among clients.,594705b59e2447cdabb4b46b99d70358
data-generating process,fixed constant,The context describes a data-generating process where a fixed constant is involved.,231aca004be44013a312aeae2f43b084
fl-optimal value,initial parameter,The proposition relates the FL-optimal value to the initial parameter, stating that the gap between them decreases over time.,231aca004be44013a312aeae2f43b084
personalized parameter,server parameter,These terms are connected as the proposition discusses the convergence of both the personalized parameters of clients and the server's parameter.,231aca004be44013a312aeae2f43b084
optimization error,estimation error,The error bounds for personalized parameters and the server parameter include an optimization error term, which is a part of the estimation error.,231aca004be44013a312aeae2f43b084
sample size,m/(n + m),The quantity q, related to the optimization error, is mentioned to be at the order of M/(N + M), indicating the influence of sample size in the error bound.,231aca004be44013a312aeae2f43b084
client,fl round,The error bound's convergence is stated to occur uniformly as the number of clients (M) and the FL round (t) increase.,231aca004be44013a312aeae2f43b084
initial model,client,Each client starts with an initial model, and the proposition compares this to the FL-optimal value.,231aca004be44013a312aeae2f43b084
self-fl framework,alg. 1,The Self-FL framework is described in Algorithm 1.,3828462a7cda44b990e3e62de48b7a67
selected clients,updated local models,Selected clients send their updated local models to the server.,3828462a7cda44b990e3e62de48b7a67
server,global aggregation,The server performs global aggregation of the received local models.,3828462a7cda44b990e3e62de48b7a67
global model,updated global model,The server distributes the updated global model to the clients.,3828462a7cda44b990e3e62de48b7a67
communication cost,additional cost,The communication cost of Self-FL is similar to FedAvg but has extra cost for transmitting uncertainty values.,3828462a7cda44b990e3e62de48b7a67
uncertainty values,sample variance,Uncertainty values are calculated via sample variance in Eqns. (13) and (14).,3828462a7cda44b990e3e62de48b7a67
extra computation cost,online manner,The extra computation cost is minimal because sample variances are updated in an online fashion.,3828462a7cda44b990e3e62de48b7a67
personalization method,local and global training,The personalization method balances local and global training in the FL setting.,3828462a7cda44b990e3e62de48b7a67
auxiliary data,applicability,The personalization method is applicable to tasks using auxiliary data.,3828462a7cda44b990e3e62de48b7a67
experimental studies,section 4.1,Experimental setup is discussed in Section 4.1.,3828462a7cda44b990e3e62de48b7a67
self-fl,empirical risk,Self-FL does not depend on a particular formulation of the empirical risk.,e39645a6f21f40c1b2765c114e334728
aws p316 instances,experiments,All experiments are conducted using AWS p316 instances.,e39645a6f21f40c1b2765c114e334728
synthetic data,evaluation,We use synthetic data to evaluate the performance of Self-FL.,e39645a6f21f40c1b2765c114e334728
two-layer bayesian model,synthetic dataset construction,A synthetic dataset is constructed based on a two-layer Bayesian model.,e39645a6f21f40c1b2765c114e334728
fl system,clients,The FL system consists of a total of M = 20 clients.,e39645a6f21f40c1b2765c114e334728
inter-client uncertainty,heterogeneity control,Heterogeneity level is controlled by specifying inter-client uncertainty.,e39645a6f21f40c1b2765c114e334728
local dataset size,heterogeneity control,Each client has a specific local dataset size Nm.,e39645a6f21f40c1b2765c114e334728
mnist,dataset,MNIST is an image dataset with 10 output classes and a multinomial logistic regression model.,e39645a6f21f40c1b2765c114e334728
fedprox,comparison,We use the same non-IID MNIST dataset as FedProx (Li, 2020).,e39645a6f21f40c1b2765c114e334728
non-iid mnist dataset,fedprox experiment,Each client in the non-IID MNIST dataset has samples distributed unevenly.,e39645a6f21f40c1b2765c114e334728
non-iid mnist dataset,fedprox (li, 2020),The context specifies that this is the dataset used, inspired by FedProx's approach.,5b48a65770ae41ec987bc01ea1013921
femnist dataset,fedprox (li et al., 2020b),Similar to MNIST, FEMNIST uses the same heterogeneous data generation approach as FedProx.,5b48a65770ae41ec987bc01ea1013921
m = 200 clients,femnist dataset,This refers to the number of clients in the FEMNIST FL system.,5b48a65770ae41ec987bc01ea1013921
cifar10 data,pfedme repository canh t. dinh (2020),The non-i.i.d. data for CIFAR10 is obtained from this repository.,5b48a65770ae41ec987bc01ea1013921
20 clients,cifar10 data,This denotes the total number of clients in the CIFAR10 FL system.,5b48a65770ae41ec987bc01ea1013921
sent140 data,fedprox (li, 2020),The text sentiment analysis dataset is generated following the same procedure as FedProx.,5b48a65770ae41ec987bc01ea1013921
772 clients,sent140 data,This refers to the number of clients in the Sent140 dataset.,5b48a65770ae41ec987bc01ea1013921
private wake-word data,amazon alexa,This is a private audio dataset from Amazon's smart home device platform.,5b48a65770ae41ec987bc01ea1013921
wake-word detection task,private wake-word data,The task involves detecting a pre-defined keyword for device activation.,5b48a65770ae41ec987bc01ea1013921
two output classes,wake-word detection task,The task has binary classification outcomes: 'wake-word detected' and 'wake-word absent'.,5b48a65770ae41ec987bc01ea1013921
convolution neural network (cnn),audio stream,The audio stream from the speaker is transformed into a spectrogram and fed into the CNN.,6b4cecd4d3184b06a9dbe422d425ebe5
convolutional and max-pooling layers,cnn,The CNN consists of a stack of 11 convolutional and max-pooling layers.,6b4cecd4d3184b06a9dbe422d425ebe5
trainable parameters,cnn,The CNN has around 3 trainable parameters.,6b4cecd4d3184b06a9dbe422d425ebe5
heterogeneity,clients,Heterogeneity arises from the intrinsic properties of different device types, affecting clients in FL.,6b4cecd4d3184b06a9dbe422d425ebe5
in-house far-field corpus,data,This in-house dataset contains 39 thousand hours of training data and 14 thousand hours of test data, collected from millions of speakers under various conditions.,6b4cecd4d3184b06a9dbe422d425ebe5
activity rate,client sampling,In practical FL, only a subset of clients participate, and the activity rate determines the selection of clients in each round.,6b4cecd4d3184b06a9dbe422d425ebe5
self-fl,global model update,Self-FL updates the global model using a smoothing average when only a portion of clients are active.,6b4cecd4d3184b06a9dbe422d425ebe5
smoothing average,global model,Updating the global model with a smoothing average helps to integrate historical information and stabilize learning.,6b4cecd4d3184b06a9dbe422d425ebe5
mnist,femnist,Results are shown for both MNIST and FEMNIST datasets, which are discussed in the context.,6b4cecd4d3184b06a9dbe422d425ebe5
mnist,femnist,Comparison of FL algorithms is shown for both datasets in Figure 1.,59754572f65b4459b935edc140c0bc28
activity rate,0.1,Set to 0.1 for both MNIST and FEMNIST in the FL training.,59754572f65b4459b935edc140c0bc28
learning rate,0.03 (mnist),Used for MNIST with a batch size of 10, as recommended in FedProx (Li, 2020).,59754572f65b4459b935edc140c0bc28
learning rate,0.01 (femnist),Used for FEMNIST with a batch size of 10.,59754572f65b4459b935edc140c0bc28
fl training,200 rounds,Runs for 200 rounds for both datasets.,59754572f65b4459b935edc140c0bc28
self-fl framework,lmax,For Self-FL, local training steps limited by lmax (set to 40), while other FL algorithms use a fixed local training step of 20.,59754572f65b4459b935edc140c0bc28
local training steps,ˆlm (self-fl),Actual local training steps determined for Self-FL using a cutoff threshold lmax.,59754572f65b4459b935edc140c0bc28
model parameters,neural coefficients,Variance represented by ²m, approximated using the empirical variance across rounds.,59754572f65b4459b935edc140c0bc28
communication round,horizontal axis,Horizontal axis in Figures 1a and 1b indicates the progress of communication rounds.,59754572f65b4459b935edc140c0bc28
test accuracy,weighted client-level,Shown in Figure 1 for both datasets.,59754572f65b4459b935edc140c0bc28
fedavg,ditto,Comparison includes FedAvg and three other personalized FL techniques.,59754572f65b4459b935edc140c0bc28
fedavg,pfedme,Part of the comparison.,59754572f65b4459b935edc140c0bc28
fedavg,perfedavg,Part of the comparison, all with the same hyper-parameter configurations.,59754572f65b4459b935edc140c0bc28
self-fl,fedavg,Self-FL yields more stable convergence compared to FedAvg due to smoothing average in aggregation.,cf18e8e5a03546efb9f630a27b192d4f
self-fl,ditto, pfedme, perfedavg,Self-FL outperforms DITTO, pFedMe, and PerFedAvg in personalized accuracy after global model convergence.,cf18e8e5a03546efb9f630a27b192d4f
local step (l),ditto, pfedme, perfedavg,Self-FL's adaptive local steps (l=40) give better results than fixed local step (40) for DITTO, pFedMe, and PerFedAvg on FEMNIST.,cf18e8e5a03546efb9f630a27b192d4f
test accuracy,self-fl, ditto, pfedme, perfedavg,Self-FL achieves higher test accuracy than DITTO, pFedMe, and PerFedAvg on FEMNIST with l=40.,cf18e8e5a03546efb9f630a27b192d4f
cifar10 dataset,cnn model,Experiments conducted on CIFAR-10 with a CNN model from PyTorch example.,cf18e8e5a03546efb9f630a27b192d4f
cifar10,pytorch example (2022),Experiments based on the PyTorch example for CIFAR-10.,cf18e8e5a03546efb9f630a27b192d4f
fl algorithms,clients,Randomly selected 5 out of 20 clients participate in FL training on CIFAR-10.,cf18e8e5a03546efb9f630a27b192d4f
fl system,clients,The FL system consists of five clients, each having training data specific to a device without data overlap.,89f148af308545279e58d2b539e500a2
fedavg,ditto,FedAvg and DITTO are compared, with FedAvg using equal-weighted and sample size-based weighted aggregation.,89f148af308545279e58d2b539e500a2
fedavg,ditto (sample size-based),Both FedAvg and DITTO's sample size-based version are implemented for comparison.,89f148af308545279e58d2b539e500a2
perfedavg,first-order approximation,PerFedAvg uses a first-order approximation for meta-learning.,89f148af308545279e58d2b539e500a2
pfedme,dataset,pFedMe is not reported due to convergence issues on the given dataset.,89f148af308545279e58d2b539e500a2
pre-trained model,fl evaluation,The pre-trained model's performance serves as a baseline for evaluating FL algorithms.,89f148af308545279e58d2b539e500a2
false accept (fa),false reject (fr),The metric compares relative FA and FR values, with a smaller relative FA being preferred.,89f148af308545279e58d2b539e500a2
threshold tuning,wake-word detection,The trade-off between false accepts and rejects can be controlled by adjusting the detection threshold.,89f148af308545279e58d2b539e500a2
self-fl,personalized fl,Self-FL is proposed to address the challenge in personalized FL, demonstrating better performance.,8194b1974955492e9b9c90fcb96606a1
local model regularization,global model aggregation,The focus of Self-FL is to balance these two aspects in the context of FL.,8194b1974955492e9b9c90fcb96606a1
uncertainty-driven local training steps,conventional local fine-tuning,Self-FL replaces conventional fine-tuning with uncertainty-driven methods for improved performance.,8194b1974955492e9b9c90fcb96606a1
size-based weights,aggregation rules,Self-FL uses uncertainty quantification to develop alternative aggregation rules, avoiding reliance on size-based weights.,8194b1974955492e9b9c90fcb96606a1
hierarchical modeling,self-fl's connection,Self-FL integrates hierarchical modeling into its framework for enhanced personalization.,8194b1974955492e9b9c90fcb96606a1
promising performance,self-fl's empirical studies,Extensive experiments demonstrate the positive outcome of Self-FL.,8194b1974955492e9b9c90fcb96606a1
negative societal impact,none envisioned,The work does not foresee any negative consequences.,8194b1974955492e9b9c90fcb96606a1
appendix,experimental studies, remarks, related works, and technical proofs,Additional content is included in the appendix.,8194b1974955492e9b9c90fcb96606a1
huili chen,applied scientist intern at alexa ai, amazon,Huili Chen's role during the project was at Alexa AI.,8194b1974955492e9b9c90fcb96606a1
