node_1,node_2,edge,chunk_id
information-theoretic rate,exponentially more samples,The context contrasts the information-theoretic rate with the requirement of exponentially more samples needed by some approaches.,25279ae107e049ca899b41ffb677f5bf
algorithms achieving the information-theoretic rate,np-hard problems,These algorithms approach the information-theoretic rate but require solving NP-hard problems that lack numerical algorithms.,25279ae107e049ca899b41ffb677f5bf
convex optimization problem,nonnegative rank-1 tensor completion,Nonnegative rank-1 tensor completion can be formulated as a convex optimization problem, which is solvable.,25279ae107e049ca899b41ffb677f5bf
frank-wolfe algorithm variant,symmetric orthogonal tensors,A specific variant of the Frank-Wolfe algorithm has been proposed for symmetric orthogonal tensors, although its connection to the information-theoretic rate was not initially proven.,25279ae107e049ca899b41ffb677f5bf
paper by rao et al. (2015),design of separation oracle,This paper differs from the approach in Rao et al. (2015) mainly in the design of a different separation oracle to accommodate a different class of tensors.,25279ae107e049ca899b41ffb677f5bf
proposed algorithm,global minimum,The paper's proposed algorithm guarantees convergence to a global minimum in a linear number of oracle steps.,25279ae107e049ca899b41ffb677f5bf
proposed algorithm,numerical tolerance,The algorithm's performance is linear in numerical tolerance, indicating its efficiency.,25279ae107e049ca899b41ffb677f5bf
paper (this work),previous approaches,This paper builds on and differentiates itself from existing approaches, particularly those mentioned earlier.,25279ae107e049ca899b41ffb677f5bf
global minimum,linear (in numerical tolerance) number of oracle steps,The context describes how the convergence happens - it reaches a global minimum after a specific number of steps.,feb5f51141cc434c85843f17d4ea8711
nonnegative tensors,many applications,Nonnegative tensors are widely encountered across various applications such as image and video data, image demosaicing, recommender systems, healthcare, and statistical regression.,feb5f51141cc434c85843f17d4ea8711
image and video data,nonnegative tensors,Image and video data typically consist of nonnegative tensors.,feb5f51141cc434c85843f17d4ea8711
image demosaicing problem,digital camera,This problem is a part of the functionality required by digital cameras.,feb5f51141cc434c85843f17d4ea8711
nonnegative tensor completion problem,image demosaicing problem,Image demosaicing is an instance of nonnegative tensor completion.,feb5f51141cc434c85843f17d4ea8711
recommender systems,nonnegative tensor completion,Nonnegative tensor completion appears in specific instances of recommender systems.,feb5f51141cc434c85843f17d4ea8711
healthcare applications,nonnegative tensors,Nonnegative tensors are found in healthcare contexts.,feb5f51141cc434c85843f17d4ea8711
statistical regression contexts,nonnegative tensors,They are also relevant in statistical regression settings.,feb5f51141cc434c85843f17d4ea8711
new norm for nonnegative tensors,0-1 polytope,A specific 0-1 polytope is used to construct a new norm for nonnegative tensors.,feb5f51141cc434c85843f17d4ea8711
information-theoretic rate,tensor completion problem using this norm,The norm achieves the optimal sample complexity rate for tensor completion.,feb5f51141cc434c85843f17d4ea8711
np-hardness,approximating the new norm,Approximating the new norm is computationally challenging.,feb5f51141cc434c85843f17d4ea8711
np-hardness,solving the tensor completion problem,Solving the tensor completion problem using the new norm is NP-hard.,feb5f51141cc434c85843f17d4ea8711
nonnegative rank-1 tensor,nonnegative rank,A nonnegative rank-1 tensor is a special case of nonnegative tensors with rank equal to 1.,cec145731048427d933bdb8fcf3ac6dd
nonnegative tensor,nonnegative rank+(ψ),The nonnegative rank of a tensor ψ, denoted rank+(ψ), is the minimum number of rank-1 nonnegative tensors needed to represent it.,cec145731048427d933bdb8fcf3ac6dd
nonnegative cp decomposition,nonnegative rank,A nonnegative CP decomposition expresses a tensor as a sum of nonnegative rank-1 tensors, with the number of summands being equal to the nonnegative rank.,cec145731048427d933bdb8fcf3ac6dd
ball of nonnegative rank-1 tensors,maximum entry,The ball Bλ consists of nonnegative rank-1 tensors with a maximum entry limited to λ, and B∞ is the limit as λ approaches infinity.,cec145731048427d933bdb8fcf3ac6dd
ball of nonnegative rank-1 tensors,b∞,B∞ represents the set of all nonnegative rank-1 tensors with unbounded maximum entries.,cec145731048427d933bdb8fcf3ac6dd
nonnegative tensor polytope,convex hull,The nonnegative tensor polytope (Cλ) is defined as the convex hull of a finite number of bounded points, implying that it is a polytope.,a0421873d31448b29fedd180686844ee
set cλ,vertices,The elements of the set Sλ are the vertices of Cλ, as they cannot be expressed as a convex combination of the other elements.,a0421873d31448b29fedd180686844ee
nonnegative tensors,cone,Nonnegative tensors form a cone, which is a geometric structure where scalar multiplication preserves membership and closure under addition.,a0421873d31448b29fedd180686844ee
norm,modified definition,A norm for nonnegative tensors is a modified version of the usual norm, allowing for positive scalar multiplication but not necessarily absolute value.,a0421873d31448b29fedd180686844ee
gauge (or minkowski),norm construction,A new norm for nonnegative tensors is constructed using a gauge function, which is applied to the nonnegative tensor polytope Cλ.,a0421873d31448b29fedd180686844ee
bλ,λb1,The relationship between Bλ and B1 is that Bλ is a scaled version of B1 with a factor of λ.,a0421873d31448b29fedd180686844ee
sλ,λs1,Similar to Bλ, Sλ is also scaled from S1 by a factor of λ.,a0421873d31448b29fedd180686844ee
cλ,λc1,The scaling extends to Cλ, where it is equal to λ multiplied by C1.,a0421873d31448b29fedd180686844ee
gauge construction,norm for nonnegative tensors,The function in Proposition 2.3 uses a gauge construction to define a new norm specifically for nonnegative tensors in Rr1×···×rp+.,5e82c8eb17c64c7aac054fc883500f82
cλ,nonnegative tensors,Cλ is a convex set used in the construction of the norm, designed for nonnegative tensors, which are elements of Rr1×···×rp+.,5e82c8eb17c64c7aac054fc883500f82
proposition 2.3,function ∥ψ∥+,Proposition 2.3 introduces the function ∥ψ∥+, which is shown to be a norm for nonnegative tensors.,5e82c8eb17c64c7aac054fc883500f82
ψk,ψ,ψ can be decomposed into ψk components, each belonging to ∥ψ∥max · B1.,5e82c8eb17c64c7aac054fc883500f82
π,∥ψ∥+,The definition of ∥ψ∥+ shows that it is less than or equal to π times the maximum norm of ψ.,5e82c8eb17c64c7aac054fc883500f82
convex sets,symmetric about the origin,Convex sets used in machine learning, like those in Chandrasekaran et al. (2012), are symmetric, but Cλ is not.,5e82c8eb17c64c7aac054fc883500f82
c1,convex, 0 ∈ c1, closed, and bounded,C1 is characterized as a convex set containing the origin, being closed, and having boundedness properties.,5e82c8eb17c64c7aac054fc883500f82
convex set c1,example 3.50 of rockafellar and wets (2009),C1 is defined and its properties are derived from this example.,cda1a546278743d98566790160b5e0a2
closed and bounded,norm properties,These properties are part of the definition of a norm, as shown in the context.,cda1a546278743d98566790160b5e0a2
ψ,nonnegative tensor,ψ is the main subject matter, specifically a tensor with non-negative elements.,cda1a546278743d98566790160b5e0a2
ψ's nonnegative tensor rank,convex surrogate,The norm ∥ψ∥+ serves as a convex alternative for measuring tensor rank.,cda1a546278743d98566790160b5e0a2
norm ∥ψ∥+,max norm,∥ψ∥+ provides a relationship with the max norm, being both upper and lower bounded.,cda1a546278743d98566790160b5e0a2
norm ∥ψ∥+,frobenius norm,∥ψ∥+ is a convex surrogate while the max and Frobenius norms are not.,cda1a546278743d98566790160b5e0a2
λc1,λ'c1,Subset relationship: λC1 is contained in λ'C1 for 0 ≤ λ ≤ λ', as per the context.,cda1a546278743d98566790160b5e0a2
gauge,sublinearity,The gauge function has the property of sublinearity, as mentioned in Example 3.50.,cda1a546278743d98566790160b5e0a2
sλ,cλ,Sλ and Cλ are sets related to λ, with Sλ ⊆ Cλ.,cda1a546278743d98566790160b5e0a2
∥ψ∥max,uλ,Uλ is the set of tensors with max norm less than or equal to λ, with Cλ ⊆ Uλ.,cda1a546278743d98566790160b5e0a2
∥ψ∥max,∥ψ∥+,Inequality: ∥ψ∥max ≤ ∥ψ∥+, establishing the relationship between the two norms.,cda1a546278743d98566790160b5e0a2
rank+(ψ),∥ψ∥+,When rank+(ψ) = 1, ∥ψ∥+ equals ∥ψ∥max.,cda1a546278743d98566790160b5e0a2
b1,∥ψ∥max · b1,ψ is in the product set when rank+(ψ) = 1, further illustrating the relationship.,cda1a546278743d98566790160b5e0a2
nonnegative cp decomposition,rank-1 tensors,The lower and upper bounds are tight; nonnegative rank-1 tensors achieve the bounds in Remark 2.5.,492dcfa77d864bfca6414e09b9d5ba5b
nonnegative tensor norm (∥·∥+),approximation,It is NP-hard to approximate the nonnegative tensor norm to arbitrary accuracy, as stated in Proposition 3.1.,492dcfa77d864bfca6414e09b9d5ba5b
dual norm (∥·∥◦),approximation,Approximation of the dual norm is polynomial-time reducible to approximation of the norm ∥·∥+, as per Theorems 3 and 10 in (Friedland and Lim, 2016).,492dcfa77d864bfca6414e09b9d5ba5b
max cut,optimization problem,MAX CUT is polynomial-time reducible to optimizing the inner product ⟨φ, ψ⟩ over the set S1 or C1, which is equivalent to approximating the dual norm.,492dcfa77d864bfca6414e09b9d5ba5b
c1,vertices of c1,The optimization problem for the dual norm involves finding the maximum inner product with respect to the vertices of the unit hypercube C1.,492dcfa77d864bfca6414e09b9d5ba5b
optimization problem,max cut,The optimization problem is equivalent to the approximation of the dual norm of MAX CUT.,43444b7c19a54e9595788ee6c599279b
c1,dual norm ∥ · ∥◦,C1 is defined as {ψ : ∥ψ∥+ ≤ 1}, which relates to the dual norm.,43444b7c19a54e9595788ee6c599279b
max cut,approximation hardness,Approximately solving MAX CUT to arbitrary accuracy is NP-hard.,43444b7c19a54e9595788ee6c599279b
problem of proposition 3.1,np-hardness,The problem in Corollary 3.2 is NP-hard, reduced from the problem of Proposition 3.1.,43444b7c19a54e9595788ee6c599279b
binary search,approximating ∥ψ∥+,A binary search uses the decision problem (∥ψ∥+ ≤ K)? as an oracle for approximating the norm.,43444b7c19a54e9595788ee6c599279b
∥ψ∥+,stochastic complexity,The norm's stochastic complexity is discussed in the context of Rademacher complexity.,43444b7c19a54e9595788ee6c599279b
rademacher random variables,stochastic complexity,These random variables are used to measure the complexity of sets, including the norm.,43444b7c19a54e9595788ee6c599279b
r(h),rademacher complexity,R(H) denotes the expected supremum of functions in H with i.i.d. Rademacher random variables.,43444b7c19a54e9595788ee6c599279b
w(h),worst-case rademacher complexity,W(H) represents the supremum of the same quantity over all possible input distributions.,43444b7c19a54e9595788ee6c599279b
complexity of sets of matrices,complexity of sets of tensors,These notions are related as they both represent measures of complexity used in different domains: matrices (Srebro and Shraibman, 2005) and tensors (Aswani, 2016). They are connected in the context of interpreting tensors as functions and translating complexity into generalization bounds.,66ad18d398d4493a90eddc46dcfbffb2
rademacher complexity,generalization bounds,The Rademacher complexity is directly translated into generalization bounds, which are a measure of how well a model's performance can be expected to generalize to unseen data.,66ad18d398d4493a90eddc46dcfbffb2
finite class lemma,rademacher complexity,The Finite Class Lemma (Massart, 2000) is used to bound the Rademacher complexity, showing its relationship to the size and structure of the set of functions under consideration.,66ad18d398d4493a90eddc46dcfbffb2
sλ,cλ,Sλ is defined as a set of tensors, and Cλ is the convex hull of Sλ, implying that the width of Cλ is equal to the width of Sλ.,66ad18d398d4493a90eddc46dcfbffb2
convex hull (cλ),rademacher complexity,The width of Cλ is used to derive an upper bound on the Rademacher complexity, demonstrating the connection between these two complexity measures.,66ad18d398d4493a90eddc46dcfbffb2
π,entries of ψ,ψ has π entries, which affects the Rademacher complexity in tensor norms, such as the max and Frobenius norms, typically scaling as O((1/n) * π).,66ad18d398d4493a90eddc46dcfbffb2
ρ,upper bound on rademacher complexity,ρ appears in the calculation of the upper bound for the Rademacher complexity, showing its role in determining the tightness of the bound.,66ad18d398d4493a90eddc46dcfbffb2
decision version of (8),np-complete,The decision version of (8) is shown to be NP-complete, implying that determining if a given tensor's objective value meets a specific criterion is computationally hard.,5391f7b57ab54d6997029ce746fc6ead
global minima of (8),practical numerical computation,Despite being NP-hard, there is practical potential for computing global minima of (8) due to the structure of the problem.,5391f7b57ab54d6997029ce746fc6ead
c1,0-1 polytope,C1 is a 0-1 polytope, which is important because it allows solving the linear separation problem with integer linear optimization.,5391f7b57ab54d6997029ce746fc6ead
linear separation problem,integer linear optimization,Solving the linear separation problem on C1 can be accomplished using established integer linear optimization techniques.,5391f7b57ab54d6997029ce746fc6ead
frank-wolfe algorithm,blended conditional gradients (bcg),BCG, a variant of the Frank-Wolfe algorithm, is well-suited for solving (8) due to its efficiency and ability to handle the problem's structure.,5391f7b57ab54d6997029ce746fc6ead
frank-wolfe algorithm,numerical tolerance,BCG is designed to converge to a solution of (8) within a linear number of oracle steps with respect to the desired numerical tolerance.,5391f7b57ab54d6997029ce746fc6ead
laptop computer,8gb of ram,The laptop computer has 8GB of RAM.,8a97549ee4a6474897a288a82e99bbdc
intel core i5 2.3ghz processor,2-cores/4-threads,The processor is an Intel Core i5 with 2 cores and 4 threads.,8a97549ee4a6474897a288a82e99bbdc
python 3,coding language,The algorithms were coded using Python 3.,8a97549ee4a6474897a288a82e99bbdc
gurobi v9.1,integer program solver,Gurobi was used to solve integer programs.,8a97549ee4a6474897a288a82e99bbdc
alternating least squares (als),benchmark method,ALS is a benchmark method for numerical tensor problems.,8a97549ee4a6474897a288a82e99bbdc
silrtc algorithm (liu et al., 2012),state-of-the-art method,SiLRTC is a state-of-the-art method in PyTen package.,8a97549ee4a6474897a288a82e99bbdc
tncp algorithm (liu et al., 2014),state-of-the-art method,TNCP is another state-of-the-art method in PyTen package.,8a97549ee4a6474897a288a82e99bbdc
pyten package,open-source library,PyTen is a GPL 2 licensed open-source library.,8a97549ee4a6474897a288a82e99bbdc
nonnegative tensor completion formulation,λ parameter,λ is chosen to ensure ∥ψ∥+ ≤ λ for the true tensor.,8a97549ee4a6474897a288a82e99bbdc
smallest value for which we could certify that ∥ψ∥+ ≤ λ,true tensor ψ,The choice of λ was made to ensure certification of the inequality for the true tensor ψ, which was constructed specifically for this purpose.,e71151dcb00b4c22b4d8b631bb1cf324
nonnegative rank k,true tensor ψ,ALS and TNCP used the smallest rank k to certify that rank+(ψ) ≤ k, also achieved by constructing the true tensor.,e71151dcb00b4c22b4d8b631bb1cf324
l2 regularization,als,ALS often performs better with L2 regularization; the hyperparameter was chosen to favor ALS and maximize accuracy.,e71151dcb00b4c22b4d8b631bb1cf324
third-order tensors,order p = 3,Experiments involved tensors of order three with increasing dimensions.,e71151dcb00b4c22b4d8b631bb1cf324
true tensor ψ,s1,True tensor ψ was constructed by selecting 10 points randomly from S1 and forming a convex combination.,e71151dcb00b4c22b4d8b631bb1cf324
n = 500 samples,true tensor ψ,Each experiment used 500 samples, with indices sampled with replacement.,e71151dcb00b4c22b4d8b631bb1cf324
normalized mean squared error (nmse),accuracy measurement,Accuracy was measured using NMSE, a stricter measure than in Corollary 4.3.,e71151dcb00b4c22b4d8b631bb1cf324
computation time,seconds,Computation time remained in the order of seconds for the experiments.,e71151dcb00b4c22b4d8b631bb1cf324
computation time,seconds,The computation time remains on the order of seconds for various tensor sizes.,1020b30330e0479ea240196d71c831ee
computation time,minutes,For the largest tensor with 108 entries, computation remains on the order of minutes.,1020b30330e0479ea240196d71c831ee
nmse value,approximately 0.48,TNCP converges to an NMSE value of approximately 0.48, which is the value achieved by a tensor with uniformly averaged entries.,1020b30330e0479ea240196d71c831ee
tensor order,increasing,Experiments involve tensors with increasing order p, where each dimension takes the value 10.,1020b30330e0479ea240196d71c831ee
tensor size,10×6 and 10×7,Experiments are conducted for tensors of size 10×6 and 10×7 with increasing sample size.,1020b30330e0479ea240196d71c831ee
sample size,percentage of total entries,Sample size is increased in experiments as a percentage of the total entries.,1020b30330e0479ea240196d71c831ee
silrtc,tncp,Both algorithms struggled to run for tensors with 108 entries.,1020b30330e0479ea240196d71c831ee
accuracy,higher,Our approach provides much higher accuracy.,1020b30330e0479ea240196d71c831ee
experiment,sampling scheme,Each experiment was repeated with sample sizes increased by one order of magnitude, comparing different sampling schemes.,d73223d83c1b474e81b6b49750b88ded
experiment,standard error,The results of the experiments are shown with full values and standard error in the Appendix.,d73223d83c1b474e81b6b49750b88ded
accuracy,our approach,Our approach provides substantially higher accuracy.,d73223d83c1b474e81b6b49750b88ded
computation time,our approach,Our approach requires more computation time, with most experiments taking minutes, except for a specific case with 106 entries and 107 entries.,d73223d83c1b474e81b6b49750b88ded
non-negative tensor completion algorithm,information-theoretic sample complexity rate,The algorithm meets the information-theoretic sample complexity rate.,d73223d83c1b474e81b6b49750b88ded
algorithm,oracle steps,The algorithm converges in a linear number of oracle steps.,d73223d83c1b474e81b6b49750b88ded
new norm for nonnegative tensors,general tensors,The norm definitions, optimization formulations, and algorithm design extend to general tensors.,d73223d83c1b474e81b6b49750b88ded
approach,generalization to all tensors,The next step is to generalize the approach to all tensors.,d73223d83c1b474e81b6b49750b88ded
nsf,grant cmmi-1847666,The work is partially supported by an NSF grant.,d73223d83c1b474e81b6b49750b88ded
material,acknowledgement,This material is based on the funded research.,d73223d83c1b474e81b6b49750b88ded
