node_1,node_2,edge,chunk_id
supervised learning,deep models,Supervised learning with deep models is the focus, highlighting the potential applications in materials science.,0da03a346b38434fb7c474a92a8e568c
materials science,graph neural networks,Graph neural networks have been recently employed in materials science, inspired by their success in molecular modeling.,0da03a346b38434fb7c474a92a8e568c
graph neural networks,molecules,These networks draw direct inspiration from models designed for molecules, but materials are structurally different.,0da03a346b38434fb7c474a92a8e568c
materials,crystalline symmetry groups,Materials possess crystalline structure, a characteristic that existing models do not effectively leverage.,0da03a346b38434fb7c474a92a8e568c
equivariant models,crystalline symmetry groups,The proposed models are equivariant to crystalline symmetry groups, accounting for the structure in materials.,0da03a346b38434fb7c474a92a8e568c
message passing operations,permutation groups,The models generalize message passing operations for compatibility with broader permutation groups.,0da03a346b38434fb7c474a92a8e568c
crystal graph,convolution operation,The models define an expressive convolution operation specifically for crystal graphs.,0da03a346b38434fb7c474a92a8e568c
property prediction tasks,state-of-the-art,These equivariant models achieve competitive results compared to existing state-of-the-art approaches.,0da03a346b38434fb7c474a92a8e568c
computational chemistry,molecular property prediction,Molecular property prediction is a well-established application of computational chemistry, with deep learning making progress.,0da03a346b38434fb7c474a92a8e568c
neural network architectures,larger assemblies of atoms (materials),The challenge addressed is designing neural networks for materials, which are assemblies of atoms different from small molecules.,0da03a346b38434fb7c474a92a8e568c
deep learning,ab initio simulation methods (dft),Deep learning can complement computationally intensive methods like density functional theory (DFT) in material science.,0da03a346b38434fb7c474a92a8e568c
crystals,materials,Crystalline materials are a type of materials characterized by the ordered arrangement of atoms in lattices, making up a significant portion of materials in the world, including metals, ceramics, and salts.,7459943d6c84454da9675eea941592b2
crystals,unit cell,A crystal is described by the regular repetition of a set of atoms, known as the unit cell, repeating in all directions of space.,7459943d6c84454da9675eea941592b2
crystals,symmetry,Crystals are characterized by a high degree of symmetry, which is fundamental in understanding their physical properties.,7459943d6c84454da9675eea941592b2
crystals,graph neural networks (gnns),GNNs have been proposed for supervised prediction tasks on crystals, but they may not fully exploit crystal symmetry due to their permutation-equivariant nature, which loses structural information.,7459943d6c84454da9675eea941592b2
gnns,structural information,The author suggests that GNNs lose structural information when mapping crystal structures to graphs because they are equivariant to atom permutations, overlooking the ordered nature of crystals.,7459943d6c84454da9675eea941592b2
equivariant layers,supervised learning,Equivariant layers are introduced in the paper for the purpose of supervised learning specifically tailored for handling the symmetries in materials, such as crystals.,7459943d6c84454da9675eea941592b2
product of groups g⇤,equivariant models,The proposed approach uses models that are equivariant to a product of groups G⇤, suggesting a more nuanced and less restrictive way to handle crystal structures in deep learning.,7459943d6c84454da9675eea941592b2
translational symmetry,crystal,The term 'translational symmetry' refers to the property of a crystal, capturing the way it remains unchanged under translations.,c7321922c1bb45f7aa01cb905cefb64f
lattice,unit cell,A lattice defines subsets of Rn called unit cells, which have the property of filling space when translated by lattice vectors.,c7321922c1bb45f7aa01cb905cefb64f
unit cell,atomic positions,In a material, the unit cell includes a set of atomic positions, which together with the lattice describe the crystal structure.,c7321922c1bb45f7aa01cb905cefb64f
atomic positions,s,S represents the set of atomic positions in a material's unit cell, containing multiple atoms and no specific structure.,c7321922c1bb45f7aa01cb905cefb64f
sublattice,lattice,A sublattice is a lattice subset with its own basis, derived from the full lattice by translations.,c7321922c1bb45f7aa01cb905cefb64f
sublattice,supercell,The supercell is the unit cell associated with a sublattice, obtained by scaling the original lattice with centring vectors.,c7321922c1bb45f7aa01cb905cefb64f
centring vectors,sublattice,Centring vectors are coset representatives used to define a sublattice within the full lattice, specifying its translation subgroup.,c7321922c1bb45f7aa01cb905cefb64f
supercell,coset decomposition,The supercell is related to the coset decomposition of the lattice, showing how the full lattice is generated by translating the sublattice.,c7321922c1bb45f7aa01cb905cefb64f
lattice points,supercell cp,The centering vectors are the lattice points contained within the supercell.,1b45f53039234648aa9997d2cb118837
basis vectors a1,lattice ⇤,a1 is a lattice constant that defines the underlying lattice.,1b45f53039234648aa9997d2cb118837
graphene,two-dimensional crystal,Carbon atoms form a two-dimensional crystal structure with a honeycomb pattern.,1b45f53039234648aa9997d2cb118837
carbon atoms,honeycomb structure,The arrangement of carbon atoms creates a honeycomb structure.,1b45f53039234648aa9997d2cb118837
unit cell,s = 0, a1,The set of atoms in the unit cell is denoted by S and includes lattice points like a1.,1b45f53039234648aa9997d2cb118837
sublattice ⇤p,basis vectors b1, b2,b1 and b2 define the sublattice ⇤P within the larger lattice.,1b45f53039234648aa9997d2cb118837
supercell up,centring vectors,Centring vectors correspond to lattice points within the supercell UP.,1b45f53039234648aa9997d2cb118837
space group g,euclidean group e(n),Space groups are subgroups of the Euclidean group, which describes all possible isometries.,1b45f53039234648aa9997d2cb118837
space group element,(w, t),A space group element consists of a linear part W and a translation component t.,1b45f53039234648aa9997d2cb118837
point group p,space group g,The point group is a subset of the space group and represents the symmetries around a central point.,1b45f53039234648aa9997d2cb118837
space group,point group,The point group P is obtained from linear part operations in the space group G, which consists of rotations and reflections.,f75154c15a784bcdbbf49eec14ff258b
translation subgroup,space group,The translation subgroup T is a normal subgroup derived from elements in G with the linear part being the identity.,f75154c15a784bcdbbf49eec14ff258b
translation subgroup,point group,The factor group G/T is isomorphic to the point group P, resulting from the translation subgroup.,f75154c15a784bcdbbf49eec14ff258b
crystallographic restriction theorem,finite groups,This theorem restricts the allowed finite groups to be valid point groups, especially limiting to n-fold rotations in 2D and 3D.,f75154c15a784bcdbbf49eec14ff258b
space groups,same type,Two space groups G and G0 are of the same type if they can be transformed into each other by a change of coordinate system.,f75154c15a784bcdbbf49eec14ff258b
2 dimensions,17 space group types,There are 17 distinct space group types in two-dimensional crystals.,f75154c15a784bcdbbf49eec14ff258b
3 dimensions,230 space group types,In three-dimensional crystals, there are 230 unique space group types.,f75154c15a784bcdbbf49eec14ff258b
bravais group,lattice,The Bravais group of a lattice is the set of linear isometries that map the lattice to itself, reflecting its symmetry.,f75154c15a784bcdbbf49eec14ff258b
bravais type,lattices,Lattices are classified based on their Bravais type, determined by the shared matrix groups of their Bravais groups.,f75154c15a784bcdbbf49eec14ff258b
5 bravais types (2d),14 bravais types (3d),There are five Bravais types in 2D and 14 in 3D, providing a classification system for lattices.,f75154c15a784bcdbbf49eec14ff258b
full symmetry group,translation group,The full symmetry group G⇤ is the semidirect product of the translation group T⇤ and the Bravais group P⇤.,f75154c15a784bcdbbf49eec14ff258b
bravais lattice,translation group,The semidirect product of the translation group with the Bravais lattice defines the group G⇤.,b9a0c9d70d0a40b8b77e7e1a15bf46e9
translation group,space group g,The translation subgroup of G is the translation group T⇤, as it represents the symmetries in a crystal structure.,b9a0c9d70d0a40b8b77e7e1a15bf46e9
crystal structure,unit cell u,A crystal structure is defined by a lattice and a unit cell, where the unit cell may have less symmetry than the lattice.,b9a0c9d70d0a40b8b77e7e1a15bf46e9
lattice,point group p⇤,The Bravais group associated with the lattice is P⇤, which describes the symmetries of the lattice alone.,b9a0c9d70d0a40b8b77e7e1a15bf46e9
point group p,point group p⇤,The point group of the crystal structure G is not always P⇤, as it can be reduced by the unit cell's symmetry, resulting in P P⇤.,b9a0c9d70d0a40b8b77e7e1a15bf46e9
square bravais lattice,wallpaper pattern,The wallpaper pattern is described by a square Bravais lattice and a unit cell with reduced symmetry.,b9a0c9d70d0a40b8b77e7e1a15bf46e9
gnns (graph neural networks),limitations,This section discusses the limitations of GNNs when applied to crystalline data, highlighting issues that motivate the development of a new model.,b9a0c9d70d0a40b8b77e7e1a15bf46e9
distance between atoms,edge features,Typical GNN models use edge features that encode distances between atoms within the unit cell, represented as a sparse tensor H.,b9a0c9d70d0a40b8b77e7e1a15bf46e9
unit cell,feature vector,The feature vector hi is assigned to atoms within the unit cell.,39c3f4163ce44baaabec2f6a87884e03
graph,sparse tensor h,The graph is represented as a sparse tensor H, where N represents the number of atoms and node/edge features are encoded on diagonal/off-diagonal entries.,39c3f4163ce44baaabec2f6a87884e03
gnn (graph neural network),function approximator,A GNN is a type of function approximator that processes the sparse tensor H through successive layers.,39c3f4163ce44baaabec2f6a87884e03
layer,permutation equivariant,GNN layers are permutation equivariant, meaning they are insensitive to node ordering.,39c3f4163ce44baaabec2f6a87884e03
kronecker product,permutation matrix p(g),The use of Kronecker product relates to the permutation matrix P(g), which permutes the vectorized adjacency matrix.,39c3f4163ce44baaabec2f6a87884e03
crystal structure,forgotten (in gnns),In GNNs, the crystal structure is largely ignored as it's not captured by node ordering and instead encoded in positions or distances.,39c3f4163ce44baaabec2f6a87884e03
permutation equivariance,crystal space groups,The author suggests using models equivariant to the crystal space groups, which offer a more accurate representation of the data's true symmetry.,39c3f4163ce44baaabec2f6a87884e03
atom,feature vector,A feature vector is built for each atom, containing one-hot encodings of atomic number, unit cell identification, and index within the unit cell.,6d501319febc4638895190338495725c
unit cell,atom,Each atom's encoding includes a one-hot identification of the unit cell it belongs to, breaking symmetry caused by lattice translations.,6d501319febc4638895190338495725c
supercell,graph,A graph is constructed from atoms in the supercell, with edges representing relative distances between atoms as edge features.,6d501319febc4638895190338495725c
distance between atoms,edge feature,Edge features are computed using the distance between atoms, encoded as Gaussian or Bessel functions for flexibility.,6d501319febc4638895190338495725c
sparse representation,graph representation learning,Sparsity is used as an inductive bias in graph learning, reducing computational complexity.,6d501319febc4638895190338495725c
atomic bonds,ambiguity,Using only distance features avoids explicit position vectors, which can lead to a more straightforward but still descriptive representation.,6d501319febc4638895190338495725c
computational complexity,crystals,The context discusses the beneﬁcial reduction of computational complexity in the context of defining atomic bonds in crystals.,a1d8de75dcce4379b8f363e70625abf7
atomic bonds,crystals,Atomic bonds are not unambiguously defined in crystals, and a specific approach is mentioned later.,a1d8de75dcce4379b8f363e70625abf7
approach in [32],graph building strategy,The chosen approach follows [32] and involves drawing edges between atoms sharing Voronoi faces with a certain distance criteria.,a1d8de75dcce4379b8f363e70625abf7
voronoi face,atoms,Atoms are connected if they share a Voronoi face.,a1d8de75dcce4379b8f363e70625abf7
distance criterion,cordero radii,The distance between atoms must be less than the sum of atomic Cordero radii plus a cutoff.,a1d8de75dcce4379b8f363e70625abf7
graph-building strategy,sparse graphs,The resulting graphs are described as relatively sparse.,a1d8de75dcce4379b8f363e70625abf7
translational invariance,atoms at the boundary,Edges are initially drawn outside the supercell to preserve translational invariance.,a1d8de75dcce4379b8f363e70625abf7
supercell,sublattice vectors,The sublattice vectors are bi = 2ai, which define the supercell structure.,a1d8de75dcce4379b8f363e70625abf7
voronoi tessellation,edges between atoms,Edges are drawn based on Voronoi cells to connect atoms.,a1d8de75dcce4379b8f363e70625abf7
periodization of the graph,edges pointing outside,Edges are mapped back inside the supercell to maintain consistency.,a1d8de75dcce4379b8f363e70625abf7
crystal structure,space group g,The crystal structure is characterized by a specific space group G.,a1d8de75dcce4379b8f363e70625abf7
equivariant crystal networks,crystal structures,The text introduces equivariant crystal networks as a concept related to these crystal structures.,a1d8de75dcce4379b8f363e70625abf7
bravais lattices,primitive triclinic type,The first option deals with all lattices by considering the least symmetric Bravais lattice of primitive triclinic type.,06db328885464dd691041cd3af68c105
bravais lattices,symmetric group p¯1 = t⇤ o c2,The first option uses the symmetry group P¯1, which is a subgroup of all other lattice symmetry groups.,06db328885464dd691041cd3af68c105
symmetric group p¯1,symmetric group s⇤,The second option considers the symmetric group S⇤, which is an overgroup of all lattice symmetry groups.,06db328885464dd691041cd3af68c105
lattice symmetry groups,sn (symmetric group over all atoms),SN is the largest group in the hierarchy, containing all other lattice symmetry groups.,06db328885464dd691041cd3af68c105
equivariant crystal network (ecn),message passing framework,ECN generalizes the message passing framework, originally used for molecular data, to achieve equivariance to various groups.,06db328885464dd691041cd3af68c105
message passing framework,parameter-sharing patterns,The framework uses parameter-sharing patterns to maintain equivariance while having multiple versions of functions.,06db328885464dd691041cd3af68c105
parameter-sharing patterns,[51] (reference),The definition of parameter-sharing patterns follows the approach described in reference [51].,06db328885464dd691041cd3af68c105
supercell,pooling operation,The context discusses the importance of selecting a pooling operation that respects invariance, with sum pooling being a suitable choice for predicting extensive quantities.,d945d4959c014c1492031ced8a9a1c6b
extensive quantities,sum pooling,Sum pooling is preferred for predicting extensive quantities within the given context.,d945d4959c014c1492031ced8a9a1c6b
atomic features,encoding variants,The text mentions various ways to encode atomic features, including using atomic number and group/period numbers.,d945d4959c014c1492031ced8a9a1c6b
atomic number,first encoding strategy,One strategy for encoding atomic features is to use only the atomic number, which provides information from the periodic table.,d945d4959c014c1492031ced8a9a1c6b
group and period numbers,second encoding strategy,The second strategy uses one-hot encoded group and period numbers to capture similarity among atoms within the same group or period.,d945d4959c014c1492031ced8a9a1c6b
hubbard-u extension of dft,atomic feature vector,About 24% of the Materials Project dataset includes Hubbard-U computed structures, which are added as a binary feature in the atomic feature vector.,d945d4959c014c1492031ced8a9a1c6b
materials project dataset,used for experiments,Experiments are conducted using the Materials Project dataset, a standard benchmark.,d945d4959c014c1492031ced8a9a1c6b
pytorch,implementation tool,The model is implemented using Pytorch, a popular deep learning framework.,d945d4959c014c1492031ced8a9a1c6b
equivariant message-passing,implementation,The model employs a sparse implementation of equivariant message-passing based on the Pytorch Scatter package.,d945d4959c014c1492031ced8a9a1c6b
adamw optimizer,optimization method,The model uses the AdamW optimizer with weight decay regularization.,d945d4959c014c1492031ced8a9a1c6b
materials project dataset,training, validation, and test splits,The dataset is divided into 80% training, 10% validation, and 10% test splits.,1f68f4a336414443832c7149b18dced1
properties,formation energy e, fermi energy ef, band gap eg, magnetic moment per atom m,These are the energetic and electronic properties predicted in the study.,1f68f4a336414443832c7149b18dced1
formation energy e,fermi energy ef,Both are energetic properties, with E being the formation energy and EF representing the Fermi energy.,1f68f4a336414443832c7149b18dced1
formation energy e,band gap eg,E and Eg are related to the electronic structure, with Eg being the band gap.,1f68f4a336414443832c7149b18dced1
formation energy e,magnetic moment per atom m,Magnetic moment is an additional property predicted, possibly indicating magnetic behavior.,1f68f4a336414443832c7149b18dced1
regression,mean squared error (mse) loss function,Regression tasks use MSE as the loss function for optimizing model predictions.,1f68f4a336414443832c7149b18dced1
classification,cross-entropy loss function,Classification tasks employ cross-entropy as the loss function for predicting discrete classes.,1f68f4a336414443832c7149b18dced1
schneto,ecn-s⇤,Both are models being compared, with SCHNETO having slightly lower error rates.,1f68f4a336414443832c7149b18dced1
baselines,[54, 70, 12] (papers),These papers serve as comparison points for the models' performance.,1f68f4a336414443832c7149b18dced1
s⇤ version,our own versions of baselines,We retrained two baselines using our splits and procedure to ensure fair comparison.,1f68f4a336414443832c7149b18dced1
crystal symmetry,neural networks,The context explains how crystal symmetry is leveraged to build more expressive and physically motivated neural networks.,8a4df96e3f764a0d848f6cb0f8f57d4c
materials project dataset,s⇤ version,The S⇤ version offers better performance than the P ¯1 model, suggesting improved performance due to the dataset's influence.,8a4df96e3f764a0d848f6cb0f8f57d4c
materials project dataset,increased expressivity,In the Materials Project dataset, the benefit of increased expressivity is not crucial, possibly due to the smaller dataset size.,8a4df96e3f764a0d848f6cb0f8f57d4c
perov-5 dataset,proposed model,Experiments on the Perov-5 dataset show significantly more improvement for the proposed model compared to baselines.,8a4df96e3f764a0d848f6cb0f8f57d4c
perov-5 dataset,heat of formation,The task on the Perov-5 dataset involves the regression of heat of formation using DFT.,8a4df96e3f764a0d848f6cb0f8f57d4c
perovskite crystal structure,model specialization,All materials sharing the same Perovskite structure allows the model to specialize more efficiently.,8a4df96e3f764a0d848f6cb0f8f57d4c
generalization capability,cost,The cost in generalization capability is outweighed by the benefit of increased expressivity in a larger data regime.,8a4df96e3f764a0d848f6cb0f8f57d4c
physical motivation,neural networks,The networks are designed to be more physically motivated, indicating a connection to underlying physics.,8a4df96e3f764a0d848f6cb0f8f57d4c
physically motivated neural networks,materials science,These networks are relevant to materials science applications.,8a4df96e3f764a0d848f6cb0f8f57d4c
conclusion,method,The conclusion summarizes the method and its application to improve materials properties.,8a4df96e3f764a0d848f6cb0f8f57d4c
conclusion,property,The study focuses on heat and other material properties.,8a4df96e3f764a0d848f6cb0f8f57d4c
