node_1,node_2,edge,chunk_id
lower restricted secant inequality (rsi-),upper error bounds (eb+),The context discusses that the main contribution is to show the optimality of gradient descent (GD) method specifically for the classes of objective functions induced by these two conditions.,11197c2f4b694016a3dd145e34de0493
gradient descent (gd) method,classes of objective functions,GD is shown to be exactly optimal on the classes of functions induced by RSI- and EB+ conditions.,11197c2f4b694016a3dd145e34de0493
optimality results,choice of conditions,Optimality results are sensitive to the specific conditions, like RSI- and EB+.,11197c2f4b694016a3dd145e34de0493
accelerated methods,additional assumptions,The text implies that additional assumptions are necessary to explain the efficiency of accelerated methods in practice, as they cannot accelerate on the discussed function class.,11197c2f4b694016a3dd145e34de0493
convex set of global minima (f),optimization problem,F refers to the set of differentiable functions with a focus on finding a minimum in X ∗f.,11197c2f4b694016a3dd145e34de0493
gradient descent (gd),update rule,GD uses the update rule xi+1 = xi - α∇f(xi), where α is the step size.,11197c2f4b694016a3dd145e34de0493
first-order algorithm,iterates, function values, gradients,First-order algorithms, like GD, consider past information to determine the next iterate.,11197c2f4b694016a3dd145e34de0493
projection onto x ∗f,x∗,x∗ refers to the orthogonal projection of a point onto the set of global minima X ∗f.,11197c2f4b694016a3dd145e34de0493
lower restricted secant inequality (rsi−),non-convex functions,RSI−(µ) includes non-convex functions but enforces stronger gradients in directions away from X ∗ to prevent flat landscapes.,9318e4dbfb634940a6aee5e981eede11
upper error bounds (eb+),first-order algorithms,Section 5 proves a lower bound on the convergence rate of first-order algorithms under RSI− and EB+.,9318e4dbfb634940a6aee5e981eede11
objective function,iterates (xj, f(xj), ∇f(xj)),Applying A to optimize an objective function generates a sequence of iterates, xi+1 = Ai.,9318e4dbfb634940a6aee5e981eede11
gradient (∇f),function values (f(xj)),Each iterate includes the gradient at the current point and its corresponding function value.,9318e4dbfb634940a6aee5e981eede11
x0,initial point (x0 ∈ rd),The algorithm starts with an initial point x0.,9318e4dbfb634940a6aee5e981eede11
xj,xj+1,The iterates form a sequence where xi+1 is the next iterate after xi.,9318e4dbfb634940a6aee5e981eede11
x ∗,gradient direction,RSI− enforces that gradients point in the opposite direction of X ∗ when x is far from it.,9318e4dbfb634940a6aee5e981eede11
section 2,rsi− and eb+ definition,This section introduces and discusses RSI− and EB+.,9318e4dbfb634940a6aee5e981eede11
section 3,related works,Section 3 examines connections to existing literature.,9318e4dbfb634940a6aee5e981eede11
section 4,interpolation conditions,This section provides necessary and sufficient conditions for RSI− and EB+.,9318e4dbfb634940a6aee5e981eede11
section 5,convergence rate,Section 5 focuses on proving the lower bound for convergence rates.,9318e4dbfb634940a6aee5e981eede11
appendix,detailed proofs,Proofs of theorems and results are provided in the appendix.,9318e4dbfb634940a6aee5e981eede11
gradient descent,learning rate,The context discusses the relationship between gradient descent and its learning rate, specifically mentioning that α (learning rate) is set to µ for the first step and can be µ/L2 for subsequent steps.,774a9352994c4eaebabc32091ce02f7c
learning rate,convergence rate,The learning rate affects the convergence rate; a smaller learning rate like α = µ/L2 guarantees a faster convergence rate.,774a9352994c4eaebabc32091ce02f7c
l2 regularization,convergence rate,L2 regularization (L2 on f) influences the convergence rate, providing a specific bound on the difference between xi and x*.,774a9352994c4eaebabc32091ce02f7c
strongly convex function,worst-case convergence rate,Gradient descent has a worst-case convergence rate for strongly convex and L-smooth functions, which is mentioned to be ∥xi - x*∥2 with a step size related to µ and L.,774a9352994c4eaebabc32091ce02f7c
rsi−,additional term,RSI− is a direct bound on an additional term in the algorithm, contributing to a simpler proof.,774a9352994c4eaebabc32091ce02f7c
eb+,additional term,EB+ is another direct bound on an additional term, also simplifying the proof.,774a9352994c4eaebabc32091ce02f7c
optimization path,resnet18,The optimization path of a ResNet18 trained for classification on CIFAR10 verifies the interpolation conditions of RSI − ∩ EB+.,c2aaf1efb0fe4a9cbf94d9ab49bb5ce1
rsi − ∩ eb+,practical deep learning setting,RSI − ∩ EB+ provides linear convergence guarantees and is empirically applicable to neural networks, despite their highly non-convex loss functions.,c2aaf1efb0fe4a9cbf94d9ab49bb5ce1
lower conditions,upper conditions,These conditions in the literature for first-order optimization mainly fall into two categories: lower bounds (like strong convexity) and upper bounds on the objective function's properties.,c2aaf1efb0fe4a9cbf94d9ab49bb5ce1
strong convexity,lower bound,Strong convexity is a type of lower condition that bounds the curvature of the objective function.,c2aaf1efb0fe4a9cbf94d9ab49bb5ce1
neural networks,loss functions,Neural networks are known for their highly non-convex loss functions.,c2aaf1efb0fe4a9cbf94d9ab49bb5ce1
cifar10,dataset,ResNet18 was trained for classification on the CIFAR10 dataset.,c2aaf1efb0fe4a9cbf94d9ab49bb5ce1
local minima,empirical applicability,RSI − ∩ EB+ is applicable to local minima in practical scenarios.,c2aaf1efb0fe4a9cbf94d9ab49bb5ce1
weak-smoothness,expected smoothness,In the context, weak-smoothness is mentioned as a contrasting term to expected smoothness, implying that they are different conditions in the discussion of optimization.,ad03c8f1ad6f4c959013579208712591
lower conditions,upper conditions,The authors argue that lower conditions can be transformed into equivalent upper conditions and vice versa, highlighting a duality between the two types of conditions.,ad03c8f1ad6f4c959013579208712591
error bounds eb+,error bounds from [24],EB+ is described as the natural upper equivalent to error bounds typically found in a reference, suggesting a derived or related relationship.,ad03c8f1ad6f4c959013579208712591
rsi−(µ),eb+(l),Necessary and sufficient interpolation conditions are discussed for RSI−(µ) ∩ EB+(L), indicating that these are two components of a broader analysis framework.,ad03c8f1ad6f4c959013579208712591
rsi−(µ) ∩ eb+(l),performance estimation problems (pep),The search for interpolation conditions for RSI−(µ) ∩ EB+(L) is motivated by PEP, suggesting a connection in the field of convergence analysis.,ad03c8f1ad6f4c959013579208712591
first-order optimization algorithm a,worst-case convergence,The goal is to analyze the slowest worst-case convergence for the algorithm A, showing that these two concepts are central to the study.,ad03c8f1ad6f4c959013579208712591
worst-case convergence,first-order optimization algorithm a,The context discusses the slowest convergence rate of algorithm A in the context of a class of objective functions.,590442a33dea4ce180f654c56a029575
objective function class c,starting point x0,The optimization problem aims to find the slowest convergence rate for A with respect to all f within the class C and a specific initial point x0.,590442a33dea4ce180f654c56a029575
step number n,problem (5),The convergence rate is measured at step n, which involves minimizing a distance between x0 and x*.,590442a33dea4ce180f654c56a029575
functional space,tractable,Searching for f directly in the functional space is generally difficult, but problem (6) offers a more manageable approach.,590442a33dea4ce180f654c56a029575
problem (6),g (set of interpolating families),Problem (6) reduces to finding the set of all families that can be interpolated by some function in C.,590442a33dea4ce180f654c56a029575
interpolation conditions,formulation,A crucial aspect of the analysis is formulating the necessary and sufficient conditions for a family to belong to G, which is essential for lower bounds and algorithm tuning.,590442a33dea4ce180f654c56a029575
rsi- ∩ eb+,theorem 1,The theorem introduces interpolation conditions specifically for RSI- ∩ EB+, a particular case or setting.,590442a33dea4ce180f654c56a029575
perturbation term,function λ(∥x − xi∥2),The perturbation term is added to fϵ,β by the function λ, which is a scaling term that vanishes at the sphere's border and equals 1 at the center.,c30c5b026c1b470fb7203bb296911635
rsi−(µ),eb+(l),fϵ,β is constructed to belong to both RSI−(µ) and EB+(L) for sufficiently small ϵ and β.,c30c5b026c1b470fb7203bb296911635
theorem 1,corollary 1,These results are used to prove the optimality of gradient descent for RSI− and EB+ problems.,c30c5b026c1b470fb7203bb296911635
function fϵ,β,convex set x ∗,fϵ,β is designed such that for each xi, there exists an x∗i which is the orthogonal projection of xi onto the convex set X ∗.,c30c5b026c1b470fb7203bb296911635
gradient descent,first-order algorithm,Theorem 1 and Corollary 1 together imply that gradient descent is optimal among all first-order algorithms.,c30c5b026c1b470fb7203bb296911635
interpolation conditions,independence,The interpolation conditions in Theorem 1 are stated as independent, meaning that they can be satisfied individually for each xi.,c30c5b026c1b470fb7203bb296911635
interpolation,rsi−(µ) ∩ eb+(l),A concept admits interpolation if and only if it admits interpolation in the intersection of RSI−(µ) and EB+(L).,a68c0a8683cf46d389d84b49752b1cf0
corollary 1,independent interpolation conditions,The sufficient interpolation conditions stated in Corollary 1 are independent, simplifying convergence analysis.,a68c0a8683cf46d389d84b49752b1cf0
interpolable family,x ∗,Given an interpolable family, proving that (xn+1, fn+1, gn+1) is interpolable with X ∗ implies the entire family's interpolability.,a68c0a8683cf46d389d84b49752b1cf0
xn+1,fn+1, gn+1,To prove the family's interpolability, it is enough to find (fn+1, gn+1) that is interpolable with X ∗, given xn+1 and the previous interpolable members.,a68c0a8683cf46d389d84b49752b1cf0
lower bound,convergence rate,A lower bound is derived for the convergence rate of first-order algorithms on RSI− and EB+.,a68c0a8683cf46d389d84b49752b1cf0
number of steps,dimension d,The lower bound assumes the number of steps is smaller than the dimension; this is common in high-dimensional optimization.,a68c0a8683cf46d389d84b49752b1cf0
worst-case functions,orthogonal gradients,Observed gradients of worst-case functions for optimal algorithms tend to be orthogonal, which is not feasible when the number of steps exceeds the dimension.,a68c0a8683cf46d389d84b49752b1cf0
rsi−(µ),eb+(l),These two concepts are related as they are the intersection of two sets where RSI−(µ) represents the region where gradient descent is suboptimal, and EB+(L) is the error-bound region with respect to the target function. The theorem states that gradient descent is exactly optimal on this intersection.,c2b21befd6a949d3ba31eb1657146b90
gradient descent,optimality,Gradient descent is mentioned as being exactly optimal on RSI−(µ) ∩ EB+(L) in the context, implying that it achieves the best convergence guarantees within these complexity classes.,c2b21befd6a949d3ba31eb1657146b90
lower bounds,theorem 2,The bounds established in Theorem 2 are described as tight, meaning they correspond to the best possible results for the optimization problem.,c2b21befd6a949d3ba31eb1657146b90
theorem 2,convergence guarantees,Proposition 1 is mentioned as providing the corresponding convergence guarantees, showing that the bounds in Theorem 2 are not only tight but also achievable by gradient descent.,c2b21befd6a949d3ba31eb1657146b90
complexity classes,sensitivity of theoretical optimality,The theorem highlights the sensitivity of theoretical optimality to the choice of complexity classes, suggesting that different classes may lead to different optimal solutions.,c2b21befd6a949d3ba31eb1657146b90
optimization problem,solving,The context discusses the optimal solution for both the first and second bounds in the theorem, which are relevant to solving different aspects of the given optimization problem.,c2b21befd6a949d3ba31eb1657146b90
ill-conditioned functions,substantial,ill-conditioned functions can lead to a substantial increase in the value of n,f69a4f3e39f5477f8b22d350791198c1
threshold l,circle of center x0 − g0,L determines whether x∗ must be within the circle centered at x0 with radius ∥g0∥2,f69a4f3e39f5477f8b22d350791198c1
circle of center x0,radius ∥g0∥2,The circle has a center at x0 and a radius equal to the norm of g0,f69a4f3e39f5477f8b22d350791198c1
x1,x0 − g0,x1 is equal to x0 minus g0 when L2 is used,f69a4f3e39f5477f8b22d350791198c1
x1,x0 − µ2,For L1, x1 equals x0 minus half of the square of the learning rate (µ),f69a4f3e39f5477f8b22d350791198c1
x1,x0 − µl2 g0,x1 minimizes both ∥x1 − x∗∥2 and a different quantity when L2 is used,f69a4f3e39f5477f8b22d350791198c1
rsi−(µ),eb+(l),RSI− and EB+ are intersected for a specific range of L and µ values,f69a4f3e39f5477f8b22d350791198c1
worst-case convergence rate,heavy ball (hb) algorithm,The figure shows the worst-case linear convergence rate of the HB algorithm on the intersection of RSI− and EB+,f69a4f3e39f5477f8b22d350791198c1
gradient descent,heavy ball (hb),Gradient descent is a special case of HB with a momentum parameter β set to 0,f69a4f3e39f5477f8b22d350791198c1
optimal rate of convergence,β = 0, α = 0.1 = µ_l2,The optimal convergence rate is achieved when the learning rate α and momentum β match the L2 value (0.1),f69a4f3e39f5477f8b22d350791198c1
