node_1,node_2,edge,chunk_id
context retrieval,context incorporation,The context discusses a method that efficiently incorporates multiple pieces of context into a model, comparing it to Chunked-Cross-Attention.,e283091ddeaf4e2caec63ff4f43d3569
vanilla encoder-decoder architecture,context encoding,This architecture separates the process of encoding context and predicting target sequences.,e283091ddeaf4e2caec63ff4f43d3569
vanilla encoder-decoder architecture,prediction of target sequence,The model's simplicity allows it to compete with more specialized mechanisms in terms of performance.,e283091ddeaf4e2caec63ff4f43d3569
chunked-cross-attention mechanism,language modeling,The model is compared to Chunked-Cross-Attention in terms of language modeling score (bits-per-byte, BPB).,e283091ddeaf4e2caec63ff4f43d3569
efficiency,parameter count and computation cost,The proposed model is more efficient in terms of both parameters and computational resources.,e283091ddeaf4e2caec63ff4f43d3569
metrics for measuring context utility,training of the retriever,These metrics guide the training process to optimize the context retrieval component.,e283091ddeaf4e2caec63ff4f43d3569
downstream tasks,question answering,The model demonstrates competitiveness on tasks like question answering, showcasing its effectiveness.,e283091ddeaf4e2caec63ff4f43d3569
memorization,internal parameters,The model does not rely on memorizing facts but rather utilizes the retrieved context effectively.,e283091ddeaf4e2caec63ff4f43d3569
memorization behavior,model size,Memorization contributes to the increase in model size.,187a08ee204548d2bafc469bffc2f48e
world knowledge,memorization,An alternative to memorization is incorporating world knowledge from external sources.,187a08ee204548d2bafc469bffc2f48e
external sources,retrieval,Models with external retrieval architectures search a large external key-value store.,187a08ee204548d2bafc469bffc2f48e
context retriever,external key value store,The context retriever searches the store for relevant context.,187a08ee204548d2bafc469bffc2f48e
key value store,similarity matching,Keys are used for similarity-based searching, often with sparse vectors like BM25.,187a08ee204548d2bafc469bffc2f48e
dense embeddings,keys,Dense embeddings can serve as keys, derived from model parts or pretrained embedders.,187a08ee204548d2bafc469bffc2f48e
values,raw text,Values can be the raw text itself, as in Realm, RAG, and others.,187a08ee204548d2bafc469bffc2f48e
tome,dense embedding,TOME stores dense embeddings for entity mentions.,187a08ee204548d2bafc469bffc2f48e
retro,raw text,Retro retrieves and integrates raw text context.,187a08ee204548d2bafc469bffc2f48e
vector similarity techniques,searching,These techniques are used to find relevant content within the key-value store.,187a08ee204548d2bafc469bffc2f48e
retrieval granularity,context integration,Both are components of the context-augmented language model architecture discussed, where Retrieval Granularity refers to the process of selecting relevant context, and Context Integration involves combining the retrieved context with the language model's input.,e6a23ae50491441685dbd553061e260e
token retrieval,context encoding,Token Retrieval is a part of the context retrieval process, and Context Encoding refers to the transformation of retrieved context into an encoded representation (HEnc) for use in the model.,e6a23ae50491441685dbd553061e260e
gating decoupled,context encoding,Gating Decoupling implies that the context encoding is separate from the language model's inference at runtime, meaning the client only needs the pre-computed HEnc without the need to perform encoding on the server.,e6a23ae50491441685dbd553061e260e
encoder-decoder cross-attention,context incorporation,The cross-attention mechanism is used for integrating the language model input with the retrieved context, facilitating their connection.,e6a23ae50491441685dbd553061e260e
client,server,The client sends input to the server, which conducts retrieval and returns the encoded context metadata. The client does not need to store or run the encoder during inference.,e6a23ae50491441685dbd553061e260e
language model (lm),decoder,The LM and Decoder are jointly trained but operate independently during inference, with the LM providing the main language generation and the decoder incorporating the retrieved context.,e6a23ae50491441685dbd553061e260e
targeted applications,architecture,The architecture is designed to cater to specific applications, indicating that the context and retrieval mechanisms are tailored to the tasks the model is intended for.,e6a23ae50491441685dbd553061e260e
figure 1,architecture of context augmented language model,Figure 1 illustrates the overall structure of the model, showing how context and language model interact.,e6a23ae50491441685dbd553061e260e
table 1,architectural differences,Table 1 compares the architectural aspects of the proposed model with previous retrieval-augmented models, highlighting key distinctions.,e6a23ae50491441685dbd553061e260e
context encoder,language model decoder,The context encoder (Enc) and language model decoder (Dec) are components in the system. Enc is responsible for encoding input tokens, while Dec predicts the next tokens using either no external context (No-retrieval) or the encoder output of retrieved context tokens.,bf8aa82510c9499fbe7d2a6888498098
input token sequence (x),next tokens (y),The task involves predicting the next tokens (y) in a sequence based on the input token sequence (x).,bf8aa82510c9499fbe7d2a6888498098
retriever,context (c),The retriever is used to identify relevant context (c) given an input token sequence (x).,bf8aa82510c9499fbe7d2a6888498098
encoder output (henc(c)),decoder,The encoder output HEnc is fetched and used by the decoder through cross-attention to influence the final prediction.,bf8aa82510c9499fbe7d2a6888498098
no-retrieval,retrieval,No-retrieval mode operates without incorporating external context, while retrieval mode uses context encodings during inference.,bf8aa82510c9499fbe7d2a6888498098
inference time,online operations,At inference time, the context encodings are computed beforehand and not involved in real-time processing.,bf8aa82510c9499fbe7d2a6888498098
encoder,decoder,The encoder and decoder are jointly trained at training time. They work together for both on- and offline tasks during inference.,381b27083d6d42a7aebb6ba2b7858e0d
offline retrieval,triplets (x, y, c),Retrieval is performed to form triplets consisting of an input (x), target (y), and context (c).,381b27083d6d42a7aebb6ba2b7858e0d
masking,targets y,During training, the loss is calculated only on the targets (y), with the rest masked.,381b27083d6d42a7aebb6ba2b7858e0d
attention matrix,block diagonal,The encoder's attention matrix is block diagonal due to the independence of context encodings, allowing for linear processing.,381b27083d6d42a7aebb6ba2b7858e0d
context,linear loop,Each diagonal block of the attention matrix is processed independently in a linear fashion.,381b27083d6d42a7aebb6ba2b7858e0d
computation cost,linear in the number of context,Both encoder and decoder's computation cost increases linearly with the number of contexts.,381b27083d6d42a7aebb6ba2b7858e0d
retriever,approximate nearest neighbor search,During online inference, the retriever performs search and lookup for the most relevant context based on the input.,381b27083d6d42a7aebb6ba2b7858e0d
retrieval database,key-value pairs,Precomputed encoder outputs and retrieval embeddings are stored in a database for fast access during inference.,381b27083d6d42a7aebb6ba2b7858e0d
input sequence,cross attention,The decoder uses cross-attention to generate the output sequence, attending on the concatenated encoder outputs.,381b27083d6d42a7aebb6ba2b7858e0d
encoder-decoder context incorporation mechanism,auto-regressive language modeling,The mechanism is used for both tasks, with the main difference being that auto-regressive language modeling processes input sequentially (sliding window), while open domain question answering handles the full input at once.,44510db129854c8eb619edb6f23ee4bc
auto-regressive language modeling,open domain question answering,Both tasks utilize the 'encoder-decoder' setup, but differ in input processing: auto-regressive LM has a sliding window, whereas QA receives the entire input question.,44510db129854c8eb619edb6f23ee4bc
english c4 dataset,auto-regressive language modeling,The model is trained on C4 version 2.2.1 for language modeling, using the train split and evaluating on the validation split.,44510db129854c8eb619edb6f23ee4bc
retrieval database,auto-regressive language modeling,The database is prepared using the train split for both training and evaluation of the language model.,44510db129854c8eb619edb6f23ee4bc
retro [4],parameter efficiency,Retro serves as a comparison for the more parameter-efficient approach, as it saves storage and computation on the encoder.,44510db129854c8eb619edb6f23ee4bc
client-server scenario,limited client capacity,The parameter-efficient approach is beneficial in scenarios where clients have limited capacity, as it reduces storage and computational requirements.,44510db129854c8eb619edb6f23ee4bc
c4 val, unfiltered,language model evaluation,The validation split of C4 is used for evaluating the language model, with an unfiltered version.,44510db129854c8eb619edb6f23ee4bc
c4 val, filtered,language model evaluation,There's also a filtered version of the C4 validation split for potential comparisons.,44510db129854c8eb619edb6f23ee4bc
nq-open train,question answering task,The NQ-open train split is used for preparing the retrieval database for open domain question answering.,44510db129854c8eb619edb6f23ee4bc
nq-open dev,question answering task,The NQ-open development set is used for evaluating the performance of the open domain question answering model.,44510db129854c8eb619edb6f23ee4bc
c4 val,filtered c4 val,The context differentiates between 'C4 Val' and 'filtered C4 Val', suggesting a filtering process.,1808f4e92bb44342bd73fa6f1c128c0a
c4 val,nq-open train,Both 'C4 Val' and 'NQ-open Train' are mentioned as separate datasets, possibly indicating they are distinct tasks or stages in a process.,1808f4e92bb44342bd73fa6f1c128c0a
c4 val,nq-open dev,Similar to 'NQ-open Train', 'NQ-open Dev' is another dataset related to 'C4 Val', likely for development purposes.,1808f4e92bb44342bd73fa6f1c128c0a
c4 val,nq-open test,This is another test dataset in the context, again associated with 'C4 Val'.,1808f4e92bb44342bd73fa6f1c128c0a
wiki database,entries,The context discusses the number of entries in the Wiki Database, which is contrasted with the sizes of the other datasets.,1808f4e92bb44342bd73fa6f1c128c0a
c4 auto-regressive lm,natural question qa task,These are two separate tasks, both using the C4 database for their respective training.,1808f4e92bb44342bd73fa6f1c128c0a
sliding window processing,retrieval database,The sliding window is used to create the retrieval database, with each entry consisting of an embedding and encoder output.,1808f4e92bb44342bd73fa6f1c128c0a
chunk size,input window size,The context specifies 'chunk size' and 'input window size' as hyperparameters, comparing them to those in Retro.,1808f4e92bb44342bd73fa6f1c128c0a
c4,retro,C4 and Retro are mentioned as competing or similar approaches, with Retro having a larger input window size.,1808f4e92bb44342bd73fa6f1c128c0a
auto-regressive language model,model sizes,The context discusses different model sizes, including mT5 base, large, and XL, for auto-regressive language modeling.,dcc6b3a81589455c85e6f69d41f5fed3
mt5 base, large, and xl,retro models,These models are compared to Retro models with similar sizes, which use customized chunked-cross-attention.,dcc6b3a81589455c85e6f69d41f5fed3
bit-per-byte (bpb),comparison metric,Bpb is a tokenizer-agnostic metric used to compare models, with lower bpb indicating better performance.,dcc6b3a81589455c85e6f69d41f5fed3
context incorporation,encoder-decoder cross attention,The experiment shows that simple Encoder-Decoder cross attention can achieve context incorporation without modifying the model.,dcc6b3a81589455c85e6f69d41f5fed3
context retrieval,utility function,The goal of context retrieval is to find context sequences that maximize a utility function, such as log-likelihood improvement on target prediction.,dcc6b3a81589455c85e6f69d41f5fed3
decoupled encoder-decoder,performance,The proposed method is compared to Retro on auto-regressive language modeling and question answering tasks, showing improved results.,dcc6b3a81589455c85e6f69d41f5fed3
natural question,question answering task,The end-to-end results are demonstrated on the Natural Question test.,dcc6b3a81589455c85e6f69d41f5fed3
limited set of important tokens,external information,Tokens of functional words like 'the', 'a', 'to' don't benefit much from external information; they are mostly predicted based on local context.,a61c61cb388446d1b884de0c089e387b
log-likelihood,language models,The evaluation measures the difference in log-likelihood of two language models, one trained with and one without retrieved context.,a61c61cb388446d1b884de0c089e387b
c4 (validation split),models,The models are evaluated on the validation split of C4 for performance analysis.,a61c61cb388446d1b884de0c089e387b
nltk [3],pos tagging,NLTK is used to assign part-of-speech tags to target tokens for analyzing the impact on different token types.,a61c61cb388446d1b884de0c089e387b
noun (nn, nnp, nns, nnps),impact of context retrieval,Nouns benefitted the most from context retrieval, indicating that context improves prediction for these word types.,a61c61cb388446d1b884de0c089e387b
adjective (jj),impact of context retrieval,Adjectives also showed significant improvement due to context.,a61c61cb388446d1b884de0c089e387b
verb (vb, vbz, vbg, vbn, vbd, vbp),impact of context retrieval,Verbs received a boost from context, but not as much as nouns and adjectives.,a61c61cb388446d1b884de0c089e387b
preposition (in),impact of context retrieval,Prepositions are less helped by context since their prediction mainly relies on immediate local context.,a61c61cb388446d1b884de0c089e387b
coordinating conjunction (cc),impact of context retrieval,Coordinating conjunctions see minimal improvement from context, as they often depend on local context too.,a61c61cb388446d1b884de0c089e387b
target token,input sequence vs context sequence,The presence or absence of a target token in the context sequence significantly affects the improvements.,a61c61cb388446d1b884de0c089e387b
encoder-decoder lm model,training,The model was trained for a total of 1,100,000 steps, with a batch size of 512 and a learning rate schedule.,39ce971342c043948256f50b65fdc906
warmup steps,standard training schedule,10,000 warmup steps were performed with a fixed learning rate of 0.01, followed by square-root decay.,39ce971342c043948256f50b65fdc906
pre-trained models,training from scratch,Fine-tuning on pre-trained models resulted in similar performance to training from scratch, so the former was chosen.,39ce971342c043948256f50b65fdc906
additional training,lower learning rate,After standard training, an extra 100,000 steps with a learning rate of 2e-4 improved results.,39ce971342c043948256f50b65fdc906
tpuv3 chips,training,Base and large models used 64 TPUv3 chips, while XL used 128 chips, with XL running 1.5 steps per second.,39ce971342c043948256f50b65fdc906
model with retrieval,model without retrieval,The model with retrieval outperformed the one without at some point during training, suggesting retrieval benefits larger models.,39ce971342c043948256f50b65fdc906
performance improvement,retrieval,The performance of larger models (large and XL) significantly improved after incorporating retrieval, possibly due to reduced memorization.,39ce971342c043948256f50b65fdc906
figure 4b,training curve,The figure shows the difference in performance trends between models with and without retrieval.,39ce971342c043948256f50b65fdc906
decoupled encoder-decoder,t5.1.1 checkpoints,The model weights are initialized from T5.1.1 checkpoints.,ab29b1ac28a34bc5a64d20d222aed627
decoupled encoder-decoder,fid,Both decoupled Encoder-Decoder and FiD use a similar architecture, but FiD concatenates questions with retrieved context passages.,ab29b1ac28a34bc5a64d20d222aed627
jointly fine-tuning,train split,The model was jointly fine-tuned on the encoder and decoder with 20 context passages per input.,ab29b1ac28a34bc5a64d20d222aed627
validation,dev split,Validation was performed every 1,000 steps during training.,ab29b1ac28a34bc5a64d20d222aed627
learning rate,10^(-4),A fixed learning rate of 10^(-4) was used.,ab29b1ac28a34bc5a64d20d222aed627
optimizer,adafactor optimizer,Adafactor optimizer was employed for training.,ab29b1ac28a34bc5a64d20d222aed627
training,64 tpuv3 chips,Training occurred on 64 TPUv3 chips.,ab29b1ac28a34bc5a64d20d222aed627
evaluation,squad,Evaluation metrics were string exact match with SQuAD normalization.,ab29b1ac28a34bc5a64d20d222aed627
natural question task,test split,Final evaluation was done on the test split for the Natural Question task.,ab29b1ac28a34bc5a64d20d222aed627
grounded context transfer,natural question,The context transfer is demonstrated on the Natural Question dataset, where the model's output is influenced by the retrieved passages.,d7c5fe9ea8d54fa1872ecd84a9b999e1
original model output,retrieved passages,To assess grounded context transfer, original model outputs are removed, and inference is performed on passages without them.,d7c5fe9ea8d54fa1872ecd84a9b999e1
output changed,remaining context passages,76% of the time, the model's output changes when original output passages are excluded, showing that the prediction stays grounded in the remaining context.,d7c5fe9ea8d54fa1872ecd84a9b999e1
accuracy,grounded transfer,The accuracy is higher (51.5%) when the model output is from grounded transfer compared to the rest (35.4%).,d7c5fe9ea8d54fa1872ecd84a9b999e1
model output,inference latency,The evaluation includes computation implications, specifically estimating inference latency based on the model's size and benchmark data.,d7c5fe9ea8d54fa1872ecd84a9b999e1
inference latency,space-time trade-off,The study also examines the trade-off between latency and memory usage in the context of the model's performance.,d7c5fe9ea8d54fa1872ecd84a9b999e1
xl model,1.56b parameters,In the Natural Question experiment, the 1.56 billion parameter (1.56B) XL model is used for evaluation.,d7c5fe9ea8d54fa1872ecd84a9b999e1
xl model,encoder,The evaluation refers to the specific encoder component of the 1.56B XL model.,d7c5fe9ea8d54fa1872ecd84a9b999e1
natural question experiment,1.56b xl model,The context describes using the 1.56B XL model in the Natural Question experiment.,40379d6540d44a5d93c817b8c67f096e
1.56b xl model,table 3b,The model is specified in Table 3b.,40379d6540d44a5d93c817b8c67f096e
1.56b xl model,encoder output,The model's encoder has a dimension of 2048.,40379d6540d44a5d93c817b8c67f096e
encoder output,dimension,The output has a dimension of 2048.,40379d6540d44a5d93c817b8c67f096e
encoder output,bfloat16,The activation data type is bfloat16.,40379d6540d44a5d93c817b8c67f096e
natural question experiment,tpuv3 core,Profiling shows it takes 200ms to encode on a single TPUv3 core.,40379d6540d44a5d93c817b8c67f096e
tpuv3 core,encoding time,Encoding time for 20 context passages is 200ms.,40379d6540d44a5d93c817b8c67f096e
dpr query embedder model,tpuv2 chip,Inference takes around 8ms unbatched on a TPUv2 chip.,40379d6540d44a5d93c817b8c67f096e
dpr embeddings,approximate similarity search,ScaNN is used for similarity search with a recall@20 of 0.97.,40379d6540d44a5d93c817b8c67f096e
nvme ssd,reading encoded embeddings,Reading from an NVMe SSD takes around 1.5ms.,40379d6540d44a5d93c817b8c67f096e
network,transmitting encoded embeddings,Transmission of one encoding over the network takes 0.8ms.,40379d6540d44a5d93c817b8c67f096e
disk space,network bandwidth,The approach requires a significant amount of disk space and network bandwidth.,40379d6540d44a5d93c817b8c67f096e
cost and energy consumption,cheaper and consumes less energy,The approach uses generic hardware with lower cost and energy consumption.,40379d6540d44a5d93c817b8c67f096e
disk space,network bandwidth,relation: requires, context: 'the amount of disk space and network bandwidth needed to store and transmit all the pre-computed encodings',fe242157b76744cfb86b9c65caeb391d
dimensionality of encoder output,disk space,relation: scales with, context: 'which scales with the dimensionality of encoder output',fe242157b76744cfb86b9c65caeb391d
dimensionality of encoder output,network bandwidth,relation: scales with, context: 'which scales with the dimensionality of encoder output',fe242157b76744cfb86b9c65caeb391d
encoder,compression,relation: possible solution, context: 'We leave it for future research to reduce the encoder output size while maintaining similar quality, which may be possible through compression',fe242157b76744cfb86b9c65caeb391d
encoder,dimensionality reduction,relation: possible solution, context: 'We leave it for future research to reduce the encoder output size while maintaining similar quality, which may be possible through dimensionality reduction',fe242157b76744cfb86b9c65caeb391d
encoder,projection layer,relation: possible addition, context: 'We leave it for future research to reduce the encoder output size while maintaining similar quality, or adding projection layer to the encoder',fe242157b76744cfb86b9c65caeb391d
context augmented language model,encoder-decoder architecture,relation: based on, context: 'we advocate the design of context augmented language model based on Encoder-Decoder architecture',fe242157b76744cfb86b9c65caeb391d
encoder-decoder models,decoupled computation,relation: property, context: 'the context encoding and language generation are decoupled',fe242157b76744cfb86b9c65caeb391d
context encoding,offline pre-computation,relation: method, context: 'the context encoding can be produced with off-line pre-computation',fe242157b76744cfb86b9c65caeb391d
decoder,parameter efficiency,relation: advantage, context: 'the decoder is parameter efficient because it is agnostic to the encoder computation',fe242157b76744cfb86b9c65caeb391d
language modeling,c4 dataset,relation: task, context: 'compared with competitive baselines on common NLP tasks such as language modeling on C4',fe242157b76744cfb86b9c65caeb391d
question answering,natural questions,relation: task, context: 'question answering on Natural Questions',fe242157b76744cfb86b9c65caeb391d
