node_1,node_2,edge,chunk_id
spiking neural networks (snns),neural spikes,SNNs exploit neural spikes to provide solutions for low-power intelligent applications on neuromorphic hardware.,112a6f67d897465ba62423974e6f8930
snns,low-power intelligent applications,SNNs provide solutions for low-power intelligent applications on neuromorphic hardware.,112a6f67d897465ba62423974e6f8930
snns,adversarial attacks,SNNs lack resistance to adversarial attacks and noise perturbations.,112a6f67d897465ba62423974e6f8930
neuronal responses,stochasticity,neuronal responses generally possess stochasticity induced by ion channels and synapses.,112a6f67d897465ba62423974e6f8930
stochasticity,snns,Introducing stochasticity to SNNs through a stochastic gating spiking neural model for layer-by-layer spike communication.,112a6f67d897465ba62423974e6f8930
stochastic gating spiking neural model,layer-by-layer spike communication,The stochastic gating spiking neural model is used for layer-by-layer spike communication, introducing stochasticity to SNNs.,112a6f67d897465ba62423974e6f8930
stochastic gating spiking neural model,regularizer,The gating model can be viewed as a regularizer that prevents error amplification under attacks.,112a6f67d897465ba62423974e6f8930
poisson coding,robustness,Our work can explain the robustness of Poisson coding.,112a6f67d897465ba62423974e6f8930
robust enhancement algorithms,snns,Existing robust enhancement algorithms can be used with our method to improve SNN robustness and reduce SNN energy consumption.,112a6f67d897465ba62423974e6f8930
stochasticity,computation of snns,Our work sheds new light on the role of stochasticity in the computation of SNNs.,112a6f67d897465ba62423974e6f8930
artificial neural networks (ann),snns,SNNs take a different approach by directly communicating through spike sequences, offering a simplified representation of the intricate dynamics of the biological system,b3facd85a7b94c049995bb3c9fc82793
snns,neuromorphic hardware,SNNs enable them to carry out computations on neuromorphic hardware with high efficiency,b3facd85a7b94c049995bb3c9fc82793
snns,ann,SNNs gradually approaches ANN in terms of computing capability,b3facd85a7b94c049995bb3c9fc82793
snns,biological nervous system,SNNs do not exhibit the huge advantage of high robustness shown by the biological nervous system,b3facd85a7b94c049995bb3c9fc82793
snns,researchers,researchers continue to explore and refine SNNs,b3facd85a7b94c049995bb3c9fc82793
snns,application scenarios,Typical application scenarios for SNNs include robotic control and autonomous driving, where reliable perception is safety-critical,b3facd85a7b94c049995bb3c9fc82793
neural networks,malicious attacks,Malicious attacks can make neural networks give,b3facd85a7b94c049995bb3c9fc82793
reliable perception,safety-critical,reliable perception is safety-critical,2c3fadd7b844400780ae5d402bdb762c
malicious attacks,neural networks,malicious attacks can make neural networks give wrong predictions,2c3fadd7b844400780ae5d402bdb762c
neural networks,wrong predictions,malicious attacks can make neural networks give wrong predictions,2c3fadd7b844400780ae5d402bdb762c
attacks,derivatives,attacks are usually constructed from derivatives that are automatically differentiated,2c3fadd7b844400780ae5d402bdb762c
snns,improved robustness,SNNs possess the potential for improved robustness compared to their traditional counterparts,2c3fadd7b844400780ae5d402bdb762c
snns,adversarial attacks,SNNs can still be susceptible to adversarial attacks,2c3fadd7b844400780ae5d402bdb762c
snns,training with surrogate functions,SNNs are not immune to attacks due to their training with surrogate functions,2c3fadd7b844400780ae5d402bdb762c
research,snns,Recent research has shown that SNNs can still be susceptible to adversarial attacks,2c3fadd7b844400780ae5d402bdb762c
research,enhance their robustness,Recent research has shown the need to understand and enhance the robustness of SNNs against adversarial attacks,2c3fadd7b844400780ae5d402bdb762c
robustness,adversarial attacks,the quest for understanding and improving the robustness of SNNs against adversarial attacks,2c3fadd7b844400780ae5d402bdb762c
snns,critical issue,the quest for understanding and improving the robustness of SNNs has become a critical and pressing issue in the field,2c3fadd7b844400780ae5d402bdb762c
potential invulnerability,adversarial attacks,the potential invulnerability of SNN from adversarial attacks,2c3fadd7b844400780ae5d402bdb762c
reliability,safety,ensure their reliability and safety in real-world applications,2c3fadd7b844400780ae5d402bdb762c
researchers,innovative techniques and strategies,researchers are actively exploring innovative techniques and strategies,2c3fadd7b844400780ae5d402bdb762c
generalization,toxic samples,how to use the wisdom of generalization on toxic samples for defense,2c3fadd7b844400780ae5d402bdb762c
simplified neurons,nature of human perception,discussion of simplified neurons, which is still far from the nature of human perception,2c3fadd7b844400780ae5d402bdb762c
stochasticity,biological coding,Stochasticity is pervasive in biological coding,2c3fadd7b844400780ae5d402bdb762c
stochasticity,improve the robustness of snn,using stochasticity to improve the robustness of SNN,2c3fadd7b844400780ae5d402bdb762c
stochasticity,snn,Stochasticity is used to improve the robustness of SNN,e26f4b06c3254f189e69553ab3a7bd6f
poisson coding,bernoulli distribution,Poisson coding samples data from a Bernoulli distribution to help improve SNN robustness,e26f4b06c3254f189e69553ab3a7bd6f
poisson coding,snn,Poisson coding is used to improve the robustness of SNN,e26f4b06c3254f189e69553ab3a7bd6f
snn,text classification,The method of improving SNN robustness has been applied to text classification,e26f4b06c3254f189e69553ab3a7bd6f
snn,encoding methods,Discussion sparked about the robustness of the encoding methods for SNN,e26f4b06c3254f189e69553ab3a7bd6f
snn,input noise,SNNs with inherent noise are more robust to input noise than ANNs,e26f4b06c3254f189e69553ab3a7bd6f
noise,neuronal processing,The function of noise at the cellular level contributes beneficially to neuronal processing,e26f4b06c3254f189e69553ab3a7bd6f
transmission of neurotransmitters,opening and closing of ion channels,Both stochastic processes that provoke noise to signals and improve temporal representation,e26f4b06c3254f189e69553ab3a7bd6f
transmission of neurotransmitters,snn,Transmission of neurotransmitters is stochastic and improves the robustness of SNN,e26f4b06c3254f189e69553ab3a7bd6f
opening and closing of ion channels,snn,Opening and closing of ion channels is stochastic and improves the robustness of SNN,e26f4b06c3254f189e69553ab3a7bd6f
stochastic gating model,snn,Stochastic gating model is proposed to improve the robustness of SNN,e26f4b06c3254f189e69553ab3a7bd6f
stochastic gating model,spike transmission,The proposed stochastic gating model is for spike transmission between layers in SNNs.,67135fdb2181497a8951723df1917872
stochastic gating model,synapses,The stochastic gating model functions similarly to synapses by filtering spikes.,67135fdb2181497a8951723df1917872
stochastic gating model,stochasticity,The stochastic gating model introduces stochasticity to the network.,67135fdb2181497a8951723df1917872
gating model,regularizer,The gating model is equivalent to a regularizer through the Taylor expansion of adversarial loss.,67135fdb2181497a8951723df1917872
gating model,lipschitz constant,The gating model can be equivalent to reducing the Lipschitz constant of SNN, thereby preventing error amplification.,67135fdb2181497a8951723df1917872
gating model,poisson coding,The gating model can be equivalent to Poisson coding, helping to explain why Poisson coding can promote robustness.,67135fdb2181497a8951723df1917872
method,robustness of snn,The method can effectively improve the robustness of SNN.,67135fdb2181497a8951723df1917872
method,adversarial training,The method can be used in conjunction with adversarial training and weight regularization techniques.,67135fdb2181497a8951723df1917872
method,energy consumption,The method offers the additional benefit of reducing energy consumption during SNN inference.,67135fdb2181497a8951723df1917872
supervised training,snn-specific attack methods,Supervised training algorithms influence SNN-specific attack methods.,67135fdb2181497a8951723df1917872
ann-to-snn conversion,ann activation,Early training development is ANN-to-SNN conversion, which uses the characteristics that ANN activation can simulate the firing rate of SNN.,67135fdb2181497a8951723df1917872
ann activation,snn firing rate simulation,ANN activation can simulate the firing rate of SNN,0f67de00f34f4985998f66ed56a3769d
conversion-based attacks,ann with weights identical to snn,Sharmin et at. conducted conversion-based attacks by generating an ANN with weights identical to an SNN,0f67de00f34f4985998f66ed56a3769d
backpropagation through time (bptt),snn learning,Another popular progress in SNN learning is backpropagation through time (BPTT) due to its high scalability and performance,0f67de00f34f4985998f66ed56a3769d
bptt,non-differentiable spike activation problem,BPTT overcomes the non-differentiable spike activation problem using surrogate functions,0f67de00f34f4985998f66ed56a3769d
bptt-based attacks,conversion-based attacks,BPTT-based attacks have proved to be more powerful than conversion-based ones,0f67de00f34f4985998f66ed56a3769d
snn robustness,neuron leaky parameters and inference time-steps,Some works start from the computational components in SNN to improve robustness by searching for neuron leaky parameters and inference time-steps,0f67de00f34f4985998f66ed56a3769d
robust weight-tuning strategy,training with noisy data,Kundu et al. constructed a robust weight-tuning strategy by training with noisy data,0f67de00f34f4985998f66ed56a3769d
lipschitz analysis,regularized training strategy,Ding et al. performed Lipschitz analysis on SNN and gave a regularized training strategy,0f67de00f34f4985998f66ed56a3769d
gradient approximation,snn,The gradient approximation called BPTR can threaten SNN.,4f500f381b274dc58296c5025dbb8da6
liang et al.,certified robustness of snn,Liang et al. analyzed the certified robustness of SNN and gave the corresponding training methods.,4f500f381b274dc58296c5025dbb8da6
simplified lif neurons,biologically-inspired snns,The algorithms based on simplified LIF neurons do not take full advantage of biologically-inspired SNNs.,4f500f381b274dc58296c5025dbb8da6
stochasticity,nervous system,Other works originate from an explicit and ubiquitous feature of the nervous system: stochasticity.,4f500f381b274dc58296c5025dbb8da6
cnn model based on v1 stochasticity,perturbations,Dapello et al. explained that the CNN model based on V1 stochasticity could resist perturbations.,4f500f381b274dc58296c5025dbb8da6
poisson coding,bernoulli sampling,In SNN, Poisson coding encodes data using Bernoulli sampling.,4f500f381b274dc58296c5025dbb8da6
poisson coding,perturbation immunity to snns,Sharmin et al. argued that Poisson coding could bring perturbation immunity to SNNs.,4f500f381b274dc58296c5025dbb8da6
poisson coding,direct coding,Kim et al. discussed the robust superiority of Poisson coding over direct coding.,4f500f381b274dc58296c5025dbb8da6
poisson coding,experimental understanding,The current understanding of Poisson coding is mainly experimental, lacking theoretical guidance.,4f500f381b274dc58296c5025dbb8da6
stochasticity,snns,This work tries to introduce stochasticity to SNNs and study the effect.,4f500f381b274dc58296c5025dbb8da6
spiking neural networks,leaky integrate-and-fire model,The most commonly used model in the field of deep SNN is the leaky integrate-and-fire (LIF) model.,4f500f381b274dc58296c5025dbb8da6
snn,leaky integrate-and-fire (lif) model,The field of deep SNN is focused on the leaky integrate-and-fire (LIF) model, as mentioned in the context.,f0d1fe7f5680436bbe31c490d050b6c6
neurons,layer,The dynamics of neurons in layer l is presented in the given equations, indicating a relationship between neurons and layers.,f0d1fe7f5680436bbe31c490d050b6c6
electrical signal,spike signals,The injected electrical signal ml is the summation of spike signals sl-1 from the preceding layer l-1, indicating a relationship between electrical signal and spike signals.,f0d1fe7f5680436bbe31c490d050b6c6
membrane potential,spike signal,The spike signal is produced by comparing the membrane potential with Vth, indicating a direct relationship between the two concepts.,f0d1fe7f5680436bbe31c490d050b6c6
adversarial attacks,backpropagation,With the help of surrogate functions, backpropagation is enabled in the network, indicating a relationship between adversarial attacks and backpropagation.,f0d1fe7f5680436bbe31c490d050b6c6
gradient,dynamics of lif neurons,The backpropagation of the gradient is derived by unfolding the dynamics of LIF neurons, indicating a relationship between gradient and dynamics of LIF neurons.,f0d1fe7f5680436bbe31c490d050b6c6
surrogate functions,non-differentiable heaviside function,Surrogate functions are applied to the non-differentiable Heaviside function, indicating a relationship between the two concepts.,f0d1fe7f5680436bbe31c490d050b6c6
rectangular function,surrogate functions,In this paper, the rectangular function is adopted as a surrogate function, indicating a relationship between the rectangular function and surrogate functions.,f0d1fe7f5680436bbe31c490d050b6c6
neftci,mostafa,Authors of the paper,580947ed7765499c9fa878232c409ed9
mostafa,zenke,Authors of the paper,580947ed7765499c9fa878232c409ed9
zheng,rectangular function,Zheng suggested the rectangular function,580947ed7765499c9fa878232c409ed9
gradient-based adversarial attack scheme,feasible attack perturbation,The scheme looks for a feasible attack perturbation,580947ed7765499c9fa878232c409ed9
feasible attack perturbation,lp-constrained neighborhood,The attack perturbation is in a lp-constrained neighborhood,580947ed7765499c9fa878232c409ed9
feasible attack perturbation,raw data,The attack perturbation is centered on the raw data,580947ed7765499c9fa878232c409ed9
task loss,target maximization problem,The task loss is related to the target maximization problem,580947ed7765499c9fa878232c409ed9
gradient w.r.t. x,iterations,The gradient w.r.t. x is used in several iterations,580947ed7765499c9fa878232c409ed9
snn,gradient-based attacks,The combination posed a security problem to SNN,580947ed7765499c9fa878232c409ed9
gradient-based attacks,surrogate functions,The combination posed a security problem,580947ed7765499c9fa878232c409ed9
images,sequences,Images are encoded into sequences,580947ed7765499c9fa878232c409ed9
coding method,temporal dimension,Coding method involves replicating x in the temporal dimension,580947ed7765499c9fa878232c409ed9
temporal dimension,gradient w.r.t x,The gradient w.r.t x can be worked out from the temporal dimension,580947ed7765499c9fa878232c409ed9
notation,local linearization of robust training,The notation is simplified in the Local Linearization,580947ed7765499c9fa878232c409ed9
perturbation,neighborhood,The condition that the perturbation δ is in the neighborhood B(x, ϵ) implies a relationship between the two concepts,92ba87490602424584c25c4cee6db477
local linearity techniques,theoretical justifications,Theoretical justifications typically process the difference with local linearity techniques, indicating a relationship between the two concepts,92ba87490602424584c25c4cee6db477
adversarial training methods,vanilla loss,One can consider the adversarial training methods as minimizing the vanilla loss with a regularizer, showing a relationship between the two concepts,92ba87490602424584c25c4cee6db477
regularization methods,robustness,Research on exploiting regularization methods aims to enhance the robustness, indicating a relationship between the two concepts,92ba87490602424584c25c4cee6db477
snns,anns,The situation for SNNs is slightly different from that for ANNs, suggesting a comparison or contrast between the two concepts,92ba87490602424584c25c4cee6db477
time-step t,forward-propagation f1:l,t(·),time-step t is involved in forward-propagation f1:l,t(·),aed6c06c61ea46e2b0629267f99a9a1b
spike response,time-steps,spike response is represented for all time-steps,aed6c06c61ea46e2b0629267f99a9a1b
spike response,concatenation,spike response is concatenated for all time-steps,aed6c06c61ea46e2b0629267f99a9a1b
absolute difference,task loss,absolute difference of task loss w.r.t. perturbed and clean spike trains,aed6c06c61ea46e2b0629267f99a9a1b
perturbation,spike trains,perturbation for spike trains,aed6c06c61ea46e2b0629267f99a9a1b
loss function,last layer,loss function from layer l to the last layer,aed6c06c61ea46e2b0629267f99a9a1b
eq. 9,∆ll:l,Eq. 9 defines the relationship with ∆Ll:L,8d2d53644d984c44b485a3b5d5a3a994
∆ll:l,m,∆Ll:L is related to the constant M,8d2d53644d984c44b485a3b5d5a3a994
∇sll:l,w l+1,∇sLl:L has a relationship with the weight W l+1,8d2d53644d984c44b485a3b5d5a3a994
w l+1,∇ull:l,The weight W l+1 is related to ∇uLl:L,8d2d53644d984c44b485a3b5d5a3a994
ξl(t),perturbation,ξl(t) is related to the strength of the perturbation,8d2d53644d984c44b485a3b5d5a3a994
proposed model,snn,The proposed model is applicable to SNN,8d2d53644d984c44b485a3b5d5a3a994
stochastic gating model,snn,The Stochastic Gating model is introduced for SNN,8d2d53644d984c44b485a3b5d5a3a994
lif,spiking output,The spiking output from LIF is directly integrated into the upper layer,8d2d53644d984c44b485a3b5d5a3a994
input signal,weights,Input signal and weights are related in Eq. 1, where the input signal is transmitted through the weights.,a215dd4452bc479a8fe64106fb9bdb54
neurotransmitters,voltage-gated ion channels,The stochastic release of neurotransmitters and the existence of voltage-gated ion channels compose a non-deterministic signal channel in the nervous system.,a215dd4452bc479a8fe64106fb9bdb54
neuronal signal transportation,releases of synaptic vesicles,Neuronal signal transportation relies on releases of synaptic vesicles for the transportation of signals.,a215dd4452bc479a8fe64106fb9bdb54
ionic currents,synaptic vesicles,Releases of synaptic vesicles result in noisy ionic currents.,a215dd4452bc479a8fe64106fb9bdb54
calcium channel gating,potassium channel gating,A series of complex models regarding the calcium and potassium channel gating have been proposed.,a215dd4452bc479a8fe64106fb9bdb54
calcium channel gating,sodium channel gating,A series of complex models regarding the calcium and sodium channel gating have been proposed.,a215dd4452bc479a8fe64106fb9bdb54
open state,closed state,The model simplifies the channel to only two states: open or closed state.,a215dd4452bc479a8fe64106fb9bdb54
transition probability of opening,transition probability of closing,The distribution of open and closed states is given by the transition probabilities of opening and closing.,a215dd4452bc479a8fe64106fb9bdb54
stationary probability of open states,stationary probability of closed states,The converged stationary probability of open and closed states is denoted as ¯Po (i, l) and ¯Pc (i, l).,a215dd4452bc479a8fe64106fb9bdb54
neuron,probability of gate opening,A parameter is assigned for each neuron, indicating the probability of gate opening.,a215dd4452bc479a8fe64106fb9bdb54
neuron,gate opening,The probability of gate opening is assigned for each neuron,b471edbf245a4ab9a5f2faa88232e6bf
neuron,nl,The probability of gate opening is denoted as ¯P l o =(cid:9) where Nl is the number of neurons,b471edbf245a4ab9a5f2faa88232e6bf
gate opening,probability,The probability of gate opening is indicated as ¯P l o =(cid:9),b471edbf245a4ab9a5f2faa88232e6bf
gate opening,bernoulli distribution,The probability of gate opening follows a Bernoulli distribution for each discrete time-step,b471edbf245a4ab9a5f2faa88232e6bf
gating vector,bernoulli,The gating vector is sampled from a Bernoulli distribution,b471edbf245a4ab9a5f2faa88232e6bf
neuronal charge,gating vector,The neuronal charge can be altered by the gating vector,b471edbf245a4ab9a5f2faa88232e6bf
linearization techniques,loss, perturbation, and gradients,By linearization techniques, the relationship of loss, perturbation, and gradients can be obtained,b471edbf245a4ab9a5f2faa88232e6bf
perturbation,spike signals,The spike signals are modulated by the perturbation,b471edbf245a4ab9a5f2faa88232e6bf
perturbation,model,The proposed model modulates the perturbation,b471edbf245a4ab9a5f2faa88232e6bf
spike signals,actual perturbation,The spike signals cause the actual perturbation to be indirectly modulated,b471edbf245a4ab9a5f2faa88232e6bf
changes,adversarial loss,The changes in the adversarial loss are analyzed,b471edbf245a4ab9a5f2faa88232e6bf
gating model,layer l,The changes in the adversarial loss is analyzed when a gating model is added to layer l,b471edbf245a4ab9a5f2faa88232e6bf
loss function,local lipschitz property,The loss function follows the local Lipschitz property,b471edbf245a4ab9a5f2faa88232e6bf
∆ll:l,gl+1,∆Ll:L is affected by the constraint of dl:L controlled by Gl+1,6f23c9ec5fce4390bb10553510267e79
∆ll:l,dl:l,relationship of dl:L and Gl+1 such that by adjusting dl:L, ∆Ll:L can be constrained,6f23c9ec5fce4390bb10553510267e79
∆ll:l,¯p l+1,adding a gating model to SNN and adjusting the parameter ¯P l+1 expect to achieve linear constraints for adversarial loss,6f23c9ec5fce4390bb10553510267e79
¯p l+1,∆ll:l,When reducing the value of sum, the robustness of the model is expected to improve. A special case is when (∆Ll:L) → 0,6f23c9ec5fce4390bb10553510267e79
model,improve,The model is expected to improve,d023c40f28b946f0a0c4ec22cc630691
case,perturbation,A special case is when (∆Ll:L) → 0. In this case, no matter what perturbation is applied,d023c40f28b946f0a0c4ec22cc630691
value,adversarial loss,the value of the adversarial loss will not be modified,d023c40f28b946f0a0c4ec22cc630691
sum,probability,Note that sum should not be too small, as this will also make the probability of input data passing gating low,d023c40f28b946f0a0c4ec22cc630691
snns,robustness,Therefore, to improve the robustness of SNNs, in addition to adding stochastic gating before the synaptic transmission, an adaptive mechanism for acquiring gate opening probabilities is also required,d023c40f28b946f0a0c4ec22cc630691
mechanism,training scheme,which will be detailed in a joint training scheme,d023c40f28b946f0a0c4ec22cc630691
stochastic gating,loss,We have considered the impact of stochastic gating from a global perspective through the difference between perturbed and clean loss,d023c40f28b946f0a0c4ec22cc630691
lipschitz property,neural networks,Researchers have deduced the Lipschitz property of neural networks to illustrate the problem of error amplification in the forward process,d023c40f28b946f0a0c4ec22cc630691
channel gating,forward process,Here, we can also analyze the influence of channel gating on the forward process,d023c40f28b946f0a0c4ec22cc630691
neurons,error amplification,Theorem 2 shows that in a feed-forward SNN, neurons with StoG models can alleviate the error amplification in layer,d023c40f28b946f0a0c4ec22cc630691
feed-forward snn,neurons,Neurons with StoG models can alleviate the error amplification in layer-by-layer forwarding communication in a feed-forward SNN.,2b5f4588fff1425dbd0f43a8b67b6e88
neurons,stog models,Neurons with StoG models can alleviate the error amplification in layer-by-layer forwarding communication in a feed-forward SNN.,2b5f4588fff1425dbd0f43a8b67b6e88
neurons,error amplification,Neurons with StoG models can alleviate the error amplification in layer-by-layer forwarding communication in a feed-forward SNN.,2b5f4588fff1425dbd0f43a8b67b6e88
neurons,layer-by-layer forwarding communication,Neurons with StoG models can alleviate the error amplification in layer-by-layer forwarding communication in a feed-forward SNN.,2b5f4588fff1425dbd0f43a8b67b6e88
neurons,layer l,For neurons in layer l, suppose that sl and ˜sl is the clean and perturbed spike response at time-step t (t = 1, 2, 3,··· , T , l = 1, 2, 3,··· , L).,2b5f4588fff1425dbd0f43a8b67b6e88
neurons,neurons in layer l,For neurons in layer l, suppose that sl and ˜sl is the clean and perturbed spike response at time-step t (t = 1, 2, 3,··· , T , l = 1, 2, 3,··· , L).,2b5f4588fff1425dbd0f43a8b67b6e88
neurons,spike sequences,For neurons in layer l, suppose that sl and ˜sl is the clean and perturbed spike response at time-step t (t = 1, 2, 3,··· , T , l = 1, 2, 3,··· , L).,2b5f4588fff1425dbd0f43a8b67b6e88
neurons,number of neurons,Nl is the number of neurons in layer l.,2b5f4588fff1425dbd0f43a8b67b6e88
neurons,gate opening,Gl+1 ∼ the probability of gate opening in which items take values at [0, 1].,2b5f4588fff1425dbd0f43a8b67b6e88
neurons,vth,Vth is the threshold of neurons.,2b5f4588fff1425dbd0f43a8b67b6e88
neurons,signal propagation,As the signal propagates layer by layer, the influence of the perturbation is not only controlled by the weights but also affected by ¯P l the two effects with no interference to each other.,2b5f4588fff1425dbd0f43a8b67b6e88
neurons,stochastic gating,In other words, stochastic gating can be simultaneously applied to SNN with weight Lipschitz constraints.,2b5f4588fff1425dbd0f43a8b67b6e88
neurons,poisson coding,Poisson coding commonly used in SNN is also sampled by Bernoulli distribution.,2b5f4588fff1425dbd0f43a8b67b6e88
poisson coding,bernoulli distribution,Poisson coding commonly used in SNN is also sampled by Bernoulli distribution.,2b5f4588fff1425dbd0f43a8b67b6e88
bernoulli distribution,poisson coding,Poisson coding is described using Bernoulli distribution in the equation s′0 (t) = 1 ⊙ X, X ∼ Bernoulli (x),6da732b6f2ae45c78f4a9616ca35af69
poisson coding,input image,X is the encoding of the input image x in the Poisson coding process,6da732b6f2ae45c78f4a9616ca35af69
poisson coding,probability of gate opening,Poisson coding is equivalent to using x as the probability of gate opening o in the input layer,6da732b6f2ae45c78f4a9616ca35af69
poisson coding,snns,Poisson coding was considered to bring inherent robustness to SNNs according to previous work,6da732b6f2ae45c78f4a9616ca35af69
poisson coding,stog model,There is an equivalence between Poisson coding and StoG model established by Theorems 1 and 2,6da732b6f2ae45c78f4a9616ca35af69
adversarial loss,input data,The adversarial loss can be affected by the mean value of input data x,6da732b6f2ae45c78f4a9616ca35af69
stog model,snns,Effectively training SNNs with StoG is a key issue addressed in the context,6da732b6f2ae45c78f4a9616ca35af69
stog model,gumbel-max reparameterization trick,The Gumbel-Max reparameterization trick is used for training parameters in StoG,6da732b6f2ae45c78f4a9616ca35af69
binary concrete random variable,induced,The binary concrete random variable is induced by the corresponding binary concrete random vari- able,d2a75106ffd64757b95e647f0b4ac3d2
p o,training,The value of P o is not allowed to be less than 0.1 during training,d2a75106ffd64757b95e647f0b4ac3d2
p i,γregp,The value of P i is added to γRegP during training,d2a75106ffd64757b95e647f0b4ac3d2
training loss function,task loss,The task loss is a part of the training loss function,d2a75106ffd64757b95e647f0b4ac3d2
training loss function,regularizers,The training loss function is given by three parts, the task loss followed by two regularizers,d2a75106ffd64757b95e647f0b4ac3d2
regularizers,weight w,The regularizers are respectively responsible for punishing the weight W,d2a75106ffd64757b95e647f0b4ac3d2
regp,overall loss,RegP is the penalty of P o in the overall loss,d2a75106ffd64757b95e647f0b4ac3d2
regw,overall loss,RegW is the penalty for the weight in the overall loss,d2a75106ffd64757b95e647f0b4ac3d2
l2 penalty,p o,In this work, l2 penalty is applied to P o,d2a75106ffd64757b95e647f0b4ac3d2
experiments,classification tasks,Experiments are conducted on classification tasks,d2a75106ffd64757b95e647f0b4ac3d2
snn architecture,cifar-10 and cifar-100 datasets,The SNN architecture used is for classification tasks on the CIFAR-10 and CIFAR-100 datasets,d2a75106ffd64757b95e647f0b4ac3d2
snn architecture,vgg-11,The SNN architecture used is VGG-11,d2a75106ffd64757b95e647f0b4ac3d2
snn architecture,wide-resnet-16-4,The SNN architecture used is Wide-ResNet-16-4,d2a75106ffd64757b95e647f0b4ac3d2
snn,inference time-step,The inference time-step of the SNN is 8,d2a75106ffd64757b95e647f0b4ac3d2
training strategies,vanilla training scheme,The first training strategy is a vanilla training scheme,d2a75106ffd64757b95e647f0b4ac3d2
training strategies,adversarial training strategy,The second training strategy is an adversarial training strategy,d2a75106ffd64757b95e647f0b4ac3d2
bptt,raw images,BPTT is directly using raw images for training,e1a3d298e89146528dc5fb984ab3b747
adversarial training strategy,wb fgsm attacks,Adversarial training strategy uses samples from white-box FGSM attacks for training,e1a3d298e89146528dc5fb984ab3b747
lipschitz penalty,vanillabptt attack clean,Lipschitz penalty is proposed in relation to VanillaBPTT Attack Clean,e1a3d298e89146528dc5fb984ab3b747
lipschitz penalty,vanilla+stog,Lipschitz penalty is proposed in relation to Vanilla+StoG,e1a3d298e89146528dc5fb984ab3b747
lipschitz penalty,rat+stogat+stogratat,Lipschitz penalty is proposed in relation to RAT+StoGAT+StoGRATAT,e1a3d298e89146528dc5fb984ab3b747
lipschitz penalty,fgsm-ut,Lipschitz penalty is proposed in relation to FGSM-UT,e1a3d298e89146528dc5fb984ab3b747
vanillabptt attack clean,vanilla,VanillaBPTT Attack Clean is related to Vanilla,e1a3d298e89146528dc5fb984ab3b747
vanillabptt attack clean,stog,VanillaBPTT Attack Clean is related to StoG,e1a3d298e89146528dc5fb984ab3b747
rat+stogat+stogratat,at,RAT+StoGAT+StoGRATAT is related to AT,e1a3d298e89146528dc5fb984ab3b747
fgsm-ut,cifar-10,FGSM-UT is related to CIFAR-10,e1a3d298e89146528dc5fb984ab3b747
fgsm-rt,pgd-l∞-rt,FGSM-RT is related to PGD-l∞-RT,e1a3d298e89146528dc5fb984ab3b747
cifar-10,vgg-11,CIFAR-10 is related to VGG-11,e1a3d298e89146528dc5fb984ab3b747
eot-10-vanilla,cifar-10,EOT-10-Vanilla is related to CIFAR-10,e1a3d298e89146528dc5fb984ab3b747
eot-autopgd attacks,snn architectures,Performance of EOT-AutoPGD attacks for different SNN architectures,894e349684c04bec990c5c945545855a
eot-autopgd attacks,bptt-based/bptr-based robust accuracy,Performance of EOT-AutoPGD attacks for different SNN architectures,894e349684c04bec990c5c945545855a
eot-autopgd attacks,rat,Performance of EOT-AutoPGD attacks for different SNN architectures,894e349684c04bec990c5c945545855a
eot-autopgd attacks,fgsm adversarial examples,We train our model with white-box FGSM adversarial examples,894e349684c04bec990c5c945545855a
eot-autopgd attacks,perturbation boundary,The perturbation boundary is 2/255,894e349684c04bec990c5c945545855a
eot-autopgd attacks,project gradient descent,Robustness verification employs a comprehensive approach,894e349684c04bec990c5c945545855a
eot-autopgd attacks,l2 and l∞ versions of pgd attacks,We implement l2 and l∞ versions of PGD attacks,894e349684c04bec990c5c945545855a
eot-autopgd attacks,autopgd attack,We also extend our analyses with the AutoPGD attack,894e349684c04bec990c5c945545855a
eot-autopgd attacks,expectation-over-transformation (eot),We also extend our analyses with the AutoPGD attack, which can produce optimal perturbation and augment the gradients for attack with expectation-over-transformation (EOT),894e349684c04bec990c5c945545855a
eot-autopgd attacks,untargeted and targeted aspects of attacks,We consider several aspects of attacks: untargeted and targeted,894e349684c04bec990c5c945545855a
step,literature,The default step value is set to 10 according to the literature mentioned by Athalye et al. in 2018.,8e5ec9cdedbf49bf86ffa5f5df32e7eb
attacks,aspects,The context mentions several aspects of attacks, including untargeted and targeted settings, black-box and white-box settings, and BPTT- and BPTR-based attack settings.,8e5ec9cdedbf49bf86ffa5f5df32e7eb
black-box,bptt- and bptr-based attack settings,The context suggests the use of black-box (BB) strategy and BPTT- and BPTR-based attack settings.,8e5ec9cdedbf49bf86ffa5f5df32e7eb
bb strategy,literature,The black-box (BB) strategy used is from the literature referred by Kundu, Pedram, and Beerel in 2021.,8e5ec9cdedbf49bf86ffa5f5df32e7eb
attacker,snn model,The attacker trains an SNN model with the same dataset and architecture as the defense model.,8e5ec9cdedbf49bf86ffa5f5df32e7eb
black-box attacks,bptt-based attacks,The black-box attacks mentioned in the context use BPTT-based attacks.,8e5ec9cdedbf49bf86ffa5f5df32e7eb
attack classification accuracy,attack success rate,The context uses attack classification accuracy (robust accuracy) and attack success rate (ASR) as metrics of robustness.,8e5ec9cdedbf49bf86ffa5f5df32e7eb
robustness,asr,The smaller the ASR, the better the robustness is mentioned in the context.,8e5ec9cdedbf49bf86ffa5f5df32e7eb
eot steps,autopgd attacks,Table 3 shows the performance of AutoPGD attacks with different EOT steps.,8e5ec9cdedbf49bf86ffa5f5df32e7eb
cifar-10,cifar-100,Table 1 shows the robustness of CIFAR-10 and CIFAR-100 under FGSM and PGD-l∞ attacks.,8e5ec9cdedbf49bf86ffa5f5df32e7eb
fgsm,pgd-l∞ attacks,The context mentions the performance against EOT-PGD attacks with FGSM and PGD-l∞ attacks.,8e5ec9cdedbf49bf86ffa5f5df32e7eb
pgd-l∞ attack,overall intensity,The overall intensity, step number, and step size are fixed to 8/255, 7, and 0.01, respectively for the PGD-l∞ attack.,34f58f5160b8406382c607ecb9676d0a
pgd-l∞ attack,training strategies,The results show that for the three training strategies, our proposed StoG can reduce the ASR and improve robust accuracy.,34f58f5160b8406382c607ecb9676d0a
proposed stog,robust accuracy,Our proposed StoG can reduce the ASR and improve robust accuracy.,34f58f5160b8406382c607ecb9676d0a
proposed stog,adversarial training,This verifies that our method can work with and without adversarial training.,34f58f5160b8406382c607ecb9676d0a
l∞, bb, vgg-11,performance under eot-pgd attacks,Performance under EOT-PGD attacks with l2 and black-box settings is shown in Figure 3.,34f58f5160b8406382c607ecb9676d0a
stochastic gating,wrn-16-4 architectures,Effect of stochastic gating models on WRN-16-4 architectures is shown in Figure 4.,34f58f5160b8406382c607ecb9676d0a
vanilla+stog snn,vanilla snn,For vanilla+StoG SNN is higher than that of vanilla SNN by 10.75%.,34f58f5160b8406382c607ecb9676d0a
stog model,robustness,The StoG model brings robustness by filtering spikes.,34f58f5160b8406382c607ecb9676d0a
stog model,energy consumption,We visualize the mean of ¯P o, clean and robust accuracy (attacked by FGSM(ϵ = 2/255)), and estimate of energy consumption for different γ settings.,34f58f5160b8406382c607ecb9676d0a
wrn-16-4,fig. 4,Results for WRN-16-4 are displayed in Fig. 4,8bf434d46fcd453cb7b86685ccfb305a
vgg-11,γ,For VGG-11, γ = 1 × 10−5 reduces the average opening probability to 0.52 and the SOP by 1.428×,8bf434d46fcd453cb7b86685ccfb305a
eot-autopgd attacks,10 eot steps,We further use EOT-AutoPGD attacks with 10 EOT steps,8bf434d46fcd453cb7b86685ccfb305a
eot-autopgd attacks,10 pgd steps,We further use EOT-AutoPGD attacks with 10 PGD steps,8bf434d46fcd453cb7b86685ccfb305a
eot-autopgd attacks,intensity of 4/255,We further use EOT-AutoPGD attacks with an intensity of 4/255,8bf434d46fcd453cb7b86685ccfb305a
table 2,robustness of different architectures,Table 2 records the robustness of different architectures under untargeted EOT-AutoPGD attacks,8bf434d46fcd453cb7b86685ccfb305a
snns,stog model,The robust accuracy of most of the SNNs that added the StoG model has increased,8bf434d46fcd453cb7b86685ccfb305a
eot steps,table 3,We also test the effect of EOT steps and list the results in Table 3,8bf434d46fcd453cb7b86685ccfb305a
eot-10-autopgd,vanilla+stog models,EOT-10-AutoPGD poses a stronger threat to vanilla+StoG models,8bf434d46fcd453cb7b86685ccfb305a
gradient obfuscation,stochastic gating,We observe that no clear gradient obfuscation is invoked by adding stochastic gating,8bf434d46fcd453cb7b86685ccfb305a
pgd attacks,10 eot steps,We use randomly initialized PGD attacks with 10 EOT steps,8bf434d46fcd453cb7b86685ccfb305a
pgd attacks,vanilla and vanilla+stog vgg-11 models,We apply perturbations to vanilla and vanilla+StoG VGG-11 models trained on CIFAR-10,8bf434d46fcd453cb7b86685ccfb305a
fig. 2,perturbation results,We display the perturbation results by increasing PGD intensity and steps in Fig. 2,8bf434d46fcd453cb7b86685ccfb305a
accuracy,robustness,The context mentions the trade-off between accuracy and robustness, indicating a relationship between the two concepts.,efba6ab128a74e69b99465241bfa8ed8
performance,robustness,It is important to find a method that is more adaptable, allowing for the joint optimization of accuracy, robustness, and performance. This indicates a relationship between robustness and performance.,efba6ab128a74e69b99465241bfa8ed8
snn-specific gradient attacks,future direction,The context mentions that SNN-specific gradient attacks are not well studied, pointing out another future direction. This indicates a need for further research in this area.,efba6ab128a74e69b99465241bfa8ed8
eot steps,robustness-enhanced methods,The context suggests that robustness-enhanced methods evaluated using large EOT steps should be investigated, indicating a relationship between EOT steps and robustness-enhanced methods.,efba6ab128a74e69b99465241bfa8ed8
neural noise,channel gating,The context indicates that channel gating, despite introducing noise to the signal, can actually enhance the resilience of complex cognitive processes like recognition and decision-making, suggesting a relationship between neural noise and channel gating.,efba6ab128a74e69b99465241bfa8ed8
snns,neuroscience,By employing SNNs as research tools, we can contribute valuable insights to ongoing discussions in neuroscience regarding robustness, indicating a relationship between SNNs and neuroscience.,efba6ab128a74e69b99465241bfa8ed8
equation of dl:l,cauchy’s inequality,The context mentions that the equation of dl:L can be rewritten using Cauchy’s inequality, indicating a relationship between the two concepts.,efba6ab128a74e69b99465241bfa8ed8
ξl,gl+1,The terms ξl and Gl+1 are related in the given context as they appear together multiple times in the equations and formulas, indicating a mathematical relationship between the two concepts.,8548e43f19f24d91a2f347e5ec5e58cb
s′l,t,The terms s′l and t are related as s′l is the output of layer l after gating, and t represents the time-step value, indicating a temporal relationship between the two concepts.,8548e43f19f24d91a2f347e5ec5e58cb
ω,max,The terms Ω and max are related as Ω is the upper bound value, and max represents the maximum function, indicating a constraint relationship between the two concepts.,8548e43f19f24d91a2f347e5ec5e58cb
nl,x,The terms Nl and X are related as Nl is multiplied by X, indicating a mathematical relationship between the two concepts.,8548e43f19f24d91a2f347e5ec5e58cb
stog model,spike input,The spike input is modulated to:s′l (t) = sl (t) ⊙ Gl+1 (t),518b4ce20bbb44c1b7f8019a6f4ed8af
snn,layer-by-layer error amplification,The layer-by-layer error amplification of SNN can be characterized as:D(sl+1, ˜sl+1) ⩽ ρl+1 thD(sl ⊙ Gl+1, ˜sl ⊙ Gl+1) + Γ l+1,518b4ce20bbb44c1b7f8019a6f4ed8af
lipschitz constant,weights in layer,ρl+1 is the Lipschitz constant for layer l + 1. Its value only relates to the weights in layer l + 1,518b4ce20bbb44c1b7f8019a6f4ed8af
inequality of norms,d(sl⊙gl+1, ˜sl⊙gl+1),According to the inequality of norms, we have:(cid:13)(cid:13)(cid:13)W l+1s(cid:13)(cid:13)(cid:13)22(cid:13)(cid:13)(cid:13)(cid:16)sl − ˜sl(cid:17) ⊙ Gl+1(cid:13)(cid:13)(cid:13)2,518b4ce20bbb44c1b7f8019a6f4ed8af
matrix gl+1,value,Each item in the matrix Gl+1 can only take a value of 0 or 1,ea3c161f41ca45a2a1005616d4d66feb
eq. 36,eq. 34,Substituting Eq. 36 and Eq. 37 into Eq. 34,ea3c161f41ca45a2a1005616d4d66feb
expectations,formula,taking expectations on both sides of the formula,ea3c161f41ca45a2a1005616d4d66feb
transition probability matrix,open and closed states,Ki,l is the transition probability matrix between open and closed states,ea3c161f41ca45a2a1005616d4d66feb
state transition matrix,markov chain’s irreducibility,The state transition matrix reveals the Markov chain’s irreducibility,ea3c161f41ca45a2a1005616d4d66feb
state transition matrix,markov chain,The state transition matrix reveals the Markov chain’s irreducibility, allowing access to another state.,6efe22c0b20d433bad08593cc4bea89b
renewal theorem,stationary probabilities,The Renewal Theorem (Alsmeyer 1994) can be used to calculate stationary probabilities: P(i, l) = Po(i, l) , Pc(i, l)T, P(i, l) = Ki,l P(i, l), Po(i, l) + Pc(i, l) = 1. Thus, we can obtain: Po(i, l) = κc;i,l/ (κc;i,l + κo;i,l) , Pc(i, l) = κo;i,l/ (κc;i,l + κo;i,l),6efe22c0b20d433bad08593cc4bea89b
adversarial attacks,snn with differential,Adversarial Attacks for SNN with Differential,6efe22c0b20d433bad08593cc4bea89b
network’s backpropagation,lif neuron dynamics,The network’s backpropagation of gradient is achieved by unfolding LIF neuron dynamics and applying surrogate functions to the non-differentiable Heaviside function,6efe22c0b20d433bad08593cc4bea89b
national natural science foundation of china,support,This work was supported by the National Natural Science Foundation of China(62088102, 62176003).,6efe22c0b20d433bad08593cc4bea89b
