node_1,node_2,edge,chunk_id
attention-based dynamic coding scheme,deep snns,The context describes the first-time exploration of an attention-based dynamic coding scheme specifically in the context of deep Spiking Neural Networks (SNNs).,d8f9747b766744ee9e08a2be8bcbd9ce
spiking neural networks (snns),biological plausibility,SNNs exhibit heightened biological plausibility due to their spike-driven nature and low power consumption.,d8f9747b766744ee9e08a2be8bcbd9ce
spiking neural networks (snns),energy consumption,ANNs have high energy consumption in comparison, while SNNs offer a more energy-efficient alternative.,d8f9747b766744ee9e08a2be8bcbd9ce
truenorth,neuromorphic hardware,TrueNorth is mentioned as an example of neuromorphic hardware that supports SNNs with low power consumption.,d8f9747b766744ee9e08a2be8bcbd9ce
gated attention coding (gac),existing snns' coding,GAC is proposed as a different approach compared to existing coding schemes in SNNs, as shown in Figure 1(a).,d8f9747b766744ee9e08a2be8bcbd9ce
gated attention coding (gac),attention methods,GAC also differentiates itself from traditional attention methods, as illustrated in Figure 1(b).,d8f9747b766744ee9e08a2be8bcbd9ce
artificial neural networks (anns),potent representation,ANNs are known for their potent representation across various AI domains.,d8f9747b766744ee9e08a2be8bcbd9ce
artificial neural networks (anns),computer vision,Computer vision is one of the AI domains where ANNs have achieved remarkable acclaim.,d8f9747b766744ee9e08a2be8bcbd9ce
artificial neural networks (anns),natural language processing,NLP is another domain where ANNs excel, with examples like Hirschberg's work.,d8f9747b766744ee9e08a2be8bcbd9ce
artificial neural networks (anns),big data applications,Big data applications, such as Niu et al.'s work, demonstrate the success of ANNs in handling large-scale data.,d8f9747b766744ee9e08a2be8bcbd9ce
coding techniques,periodic identical outputs,The approach's repetitive nature leads to repetitive identical outputs at every time step, limiting the spatiotemporal dynamics.,f689181512004fd3a045ed0088a89c9d
direct coding,temporal dynamics,Direct coding fails to replicate the temporal dynamics found in human vision, which is essential for SNN models.,f689181512004fd3a045ed0088a89c9d
human vision,temporal dynamics,Human vision processes and perceives dynamic visual stimuli over time, inspiring SNN models.,f689181512004fd3a045ed0088a89c9d
snn models,attention mechanisms,Attention mechanisms, inspired by humans' ability to find salient regions, have been explored for integration into SNNs.,f689181512004fd3a045ed0088a89c9d
attention mechanisms,membrane potential,Implementing attention mechanisms disrupts the asynchronous spike-driven communication in SNNs when modifying membrane potentials dynamically.,f689181512004fd3a045ed0088a89c9d
static weights,asynchronous spike-driven communication,Disrupts the fundamental aspect of,f7f52e453aea4ed5ab130b7e7e42ce54
traditional direct coding,gated attention coding (gac),Introduces an innovative alternative to,f7f52e453aea4ed5ab130b7e7e42ce54
gated attention coding (gac),multi-dimensional attention mechanism,Leverages for generating temporal dynamic encodings,f7f52e453aea4ed5ab130b7e7e42ce54
preprocessing layer (gac),spike-driven neural networks (snns),Preserves the spike-driven nature without disrupting,f7f52e453aea4ed5ab130b7e7e42ce54
snns' spike-driven nature,efficient neuromorphic hardware implementation,Enables minimal modifications for hardware compatibility,f7f52e453aea4ed5ab130b7e7e42ce54
gac,performance enhancement of snns,Significantly improves,f7f52e453aea4ed5ab130b7e7e42ce54
gac,latency reduction,Notably reduces,f7f52e453aea4ed5ab130b7e7e42ce54
gac,energy consumption,Also reduces,f7f52e453aea4ed5ab130b7e7e42ce54
observer model,direct coding limitations,Proposes for theoretical analysis,f7f52e453aea4ed5ab130b7e7e42ce54
gac scheme,plug-and-play preprocessing layer,Decouples from SNN architecture,f7f52e453aea4ed5ab130b7e7e42ce54
encoding result,spatio-temporal dynamics,Demonstrates the power of GAC in creating,f7f52e453aea4ed5ab130b7e7e42ce54
energy efficiency,energy consumption,The proposed method shows significant improvements in energy efficiency compared to previous state-of-the-art works, with lower energy consumption.,5dd6c85cb72444a2a5b7a73b2629a564
spiking neural networks (snns),biological neurons,SNNs aim to replicate the behavior of biological neurons by employing binary spiking signals, inspired by their functionality.,5dd6c85cb72444a2a5b7a73b2629a564
energy-efficient intelligence,snns,SNNs offer a promising approach to achieving energy-efficient intelligence, which is a key aspect of their appeal.,5dd6c85cb72444a2a5b7a73b2629a564
ann-to-snn conversion,energy consumption,Converting ANNs to SNNs through neuron equivalence increases energy consumption due to the long simulation time step.,5dd6c85cb72444a2a5b7a73b2629a564
direct training method,surrogate gradient training,The proposed method employs the direct training method, which uses surrogate gradients to train SNNs without the need for extensive simulation.,5dd6c85cb72444a2a5b7a73b2629a564
state-of-the-art works,previous methods,The method outperforms previous state-of-the-art works, indicating an improvement over existing techniques.,5dd6c85cb72444a2a5b7a73b2629a564
cifar10/100,imagenet datasets,The method's effectiveness and efficiency are demonstrated on both CIFAR10/100 and ImageNet datasets, showcasing its performance across multiple benchmarks.,5dd6c85cb72444a2a5b7a73b2629a564
energy consumption,direct training method,The context discusses energy consumption in the context of employing the direct training method for SNNs, specifically referring to Wu et al.'s work.,735a97f5788c442eb304b20153f65e32
direct training method,surrogate gradient training,Surrogate gradient training is employed alongside the direct training method in the text.,735a97f5788c442eb304b20153f65e32
snn coding schemes,phase coding,Phase coding is one of the coding schemes mentioned for image classification, using a weighted spike to encode pixels.,735a97f5788c442eb304b20153f65e32
snn coding schemes,temporal coding,Temporal coding is another coding scheme, representing information with the firing time of the first neuron spike.,735a97f5788c442eb304b20153f65e32
rate coding,van rullen and thorpe (2001),Rate coding, suggested by Van Rullen and Thorpe, encodes pixels using spike firing frequency.,735a97f5788c442eb304b20153f65e32
direct coding,wu et al. (2019),Wu et al. proposed direct coding to bypass spike conversion and use the first {Conv-BN} layer for image-spike encoding.,735a97f5788c442eb304b20153f65e32
direct coding,limited powerless spike representations,Direct coding is mentioned to have limited power in spike representations, leading to parameter sensitivity and subpar performance.,735a97f5788c442eb304b20153f65e32
spike representations in snns,direct coding,Spike representations using direct coding leads to parameter sensitivity and subpar performance.,9855271e380448458824c175ae258c2c
repetition operation,dynamic output generation,The repetition operation fails to generate dynamic output and neglects redundant data.,9855271e380448458824c175ae258c2c
spatio-temporal extraction,underutilization in neuromorphic hardware,Spatio-temporal extraction is underutilized due to the limitations of repetition operation and neglecting redundant data.,9855271e380448458824c175ae258c2c
gac-snn framework,encoder (gac module),GAC-SNN consists of an encoder and an architecture, with the GAC module being a part of the encoder.,9855271e380448458824c175ae258c2c
gac module,gau (gating, temporal attention, spatial channel attention),GAU is the fundamental building block of the GAC module, incorporating different attention mechanisms.,9855271e380448458824c175ae258c2c
sew-resnet,multiply-accumulate operator,SEW-ResNet uses a multiply-accumulate operator instead of spike computations, unlike Spiking-ResNet.,9855271e380448458824c175ae258c2c
spiking-resnet,direct coding,Spiking-ResNet maintains its spike-driven nature via direct coding, impacting energy consumption.,9855271e380448458824c175ae258c2c
ms-resnet,neuromorphic implementation,MS-ResNet preserves its spike-driven nature, making it suitable for neuromorphic hardware with reduced energy consumption.,9855271e380448458824c175ae258c2c
attention mechanism,sequence-to-sequence tasks,Attention mechanism initially developed for sequence-to-sequence tasks enhances performance by focusing on relevant information.,9855271e380448458824c175ae258c2c
attention mechanism,efficient data processing,Attention mechanism helps filter out distractions, resulting in more focused and efficient data processing.,9855271e380448458824c175ae258c2c
attention mechanism,data processing,The attention mechanism enhances data processing by facilitating focus and efficiency.,3f7cb6acdf734c61a1c705705de19267
squeeze-and-excitation (se) attention block,snns (spiking neural networks),Yao et al. (2021) integrate SE attention block into SNNs for temporal input assessment and frame discarding.,3f7cb6acdf734c61a1c705705de19267
cbam attention,snn architecture,Yao et al. (2023c) adapt CBAM attention to multi-dimensional form for deeper SNNs and diverse applications.,3f7cb6acdf734c61a1c705705de19267
integration of attention blocks into snns,difficulty,The challenge lies in designing separate multiplicative modules compatible with spike-driven nature of SNNs.,3f7cb6acdf734c61a1c705705de19267
neuromorphic hardware,limited support for static weights,Hardware limitations hinder seamless integration due to the need for fixed weights in traditional attention implementations.,3f7cb6acdf734c61a1c705705de19267
attention mechanisms,encoder (first layer of snns),Potential solution suggests applying attention only in the encoder to maintain the spike-driven nature.,3f7cb6acdf734c61a1c705705de19267
spatial channel matrix,2-d convolution kernel size,The spatial channel matrix N is obtained using a shared 2-D convolution operation, where the size of the kernel (K) determines the receptive field.,a8b5c5b0a3144a0ea48d2135ccfef47c
temporal vector,spatial channel matrix,After FSC and gating operations, the temporal vector M is broadcast and gated by the spatial channel matrix N.,a8b5c5b0a3144a0ea48d2135ccfef47c
functional operation of spatial channel attention (fsc),2-d convolution,FSC uses a 2-D convolution (denoted as W i,j * X) as its functional operation.,a8b5c5b0a3144a0ea48d2135ccfef47c
gated attention unit (gau),basic unit of novel coding,GAU is the basic component of the novel coding process and is formed by combining the temporal-spatial-channel fused dynamics features.,a8b5c5b0a3144a0ea48d2135ccfef47c
direct coding,gated attention coding (gac),GAC is introduced as a novel encoding, different from the previously used direct coding method.,a8b5c5b0a3144a0ea48d2135ccfef47c
input x,lif neuron,For static datasets, the input X is processed through a Conv layer, followed by LIF neuron activation.,a8b5c5b0a3144a0ea48d2135ccfef47c
input x,sn (spike-neuron),The output of the Conv layer is fed to both the LIF neuron and the GAU module, with the results being gated after each step.,a8b5c5b0a3144a0ea48d2135ccfef47c
gac process,shared 2-d convolution operation,The GAC process involves a shared 2-D convolution operation (f k×k(X)) as a key component.,ad08706768064727ad7d6f6d214522b4
gac-snn's input,gac-snn's output,In the equation, X and O denote the input and output of the GAC-SNN, respectively.,ad08706768064727ad7d6f6d214522b4
f k×k(x),spiking neuron model (sn),f k×k(X) is followed by the spiking neuron model (SN) in the description.,ad08706768064727ad7d6f6d214522b4
hadamard product (⊙),functional operation of gau (fg),FG is the functional operation that uses the Hadamard Product (⊙) to fuse temporal-spatial-channel information.,ad08706768064727ad7d6f6d214522b4
gac,spatio-temporal back-propagation (stbp),GAC is trained with STBP for deep SNNs, as part of the overall training framework.,ad08706768064727ad7d6f6d214522b4
last layer,decoding layer,The last layer is considered as the decoding layer during error backpropagation.,ad08706768064727ad7d6f6d214522b4
snns' output (ot),cross-entropy loss function,The SNNs' output (Ot) is used to calculate the cross-entropy loss function.,ad08706768064727ad7d6f6d214522b4
temporal information,snn encoders,SNN encoders incorporate temporal information into the network by converting static images into feature sequences.,ad08706768064727ad7d6f6d214522b4
static images,feature sequences,Encoders convert static images into feature sequences for the SNNs.,ad08706768064727ad7d6f6d214522b4
temporal information,snns,The context explains that encoders in SNNs are responsible for converting temporal information into the temporal dimension.,76aeb0d22d8c4044b695b42fedfc132e
static input,encoder,In SNNs, encoders translate static input data into dynamics feature sequences.,76aeb0d22d8c4044b695b42fedfc132e
dynamics feature sequences,a (output of encoder),The output of the encoder is represented by A, which are dynamics feature sequences.,76aeb0d22d8c4044b695b42fedfc132e
spikes,embedded encoders,Embedded encoders use actual values, unlike spikes or quantized data, to distinguish them from the rest of the network.,76aeb0d22d8c4044b695b42fedfc132e
real values,membrane shortcut (ms) resnet architecture,MS ResNet uses sequential real values as input after the encoder.,76aeb0d22d8c4044b695b42fedfc132e
time step t,temporal dimension,The time step T is unique for SNN encoders, representing the secret of time information that they generate.,76aeb0d22d8c4044b695b42fedfc132e
snn encoder,time information generator,The main purpose of an SNN encoder is to create this additional time dimension.,76aeb0d22d8c4044b695b42fedfc132e
temporal dimension,granularity of neuron,To analyze an encoder, the focus should be on its temporal dimension and finding an appropriate level of detail (neuron granularity).,76aeb0d22d8c4044b695b42fedfc132e
cout,spatial dimension,Cout remains similar to ANNs' spatial operations, while T is specific to SNN encoders.,76aeb0d22d8c4044b695b42fedfc132e
information entropy,probability,Information entropy is used to measure the quantity of information obtained by the observer, described as pt(at) = p(at,,a1,··· , at-1), where a deterministic event contributes 0 to the entropy.,9fbebfd737244582addc315b81abc5bd
observer,probability distribution (pt(at)),The observer answers with probability pt(at) at time step t, which is conditioned on past events (a1,··· , at-1).,9fbebfd737244582addc315b81abc5bd
encoder,temporal dynamics,The encoder's task is to convert information into tensors that generate temporal dynamics, aiming to utilize as many time steps as possible for better coding.,9fbebfd737244582addc315b81abc5bd
positive information entropy,temporal dimension,Positive entropy along the time axis signifies the presence of information, which is beneficial for spiking neural networks. Longer-lasting positive entropy indicates more effective use of the temporal dimension.,9fbebfd737244582addc315b81abc5bd
dynamics duration,dynamics loss,Dynamics Duration and Dynamics Loss are measures defined to quantify the effectiveness of temporal encoding, possibly based on the duration of positive entropy.,9fbebfd737244582addc315b81abc5bd
temporal dimension,dynamics duration,The context defines Dynamics Duration as a specific aspect within the temporal dimension, referring to the point when the observer model's entropy关于可能编码结果的H(Vt) becomes 0.,e93c5c30b18547ce93b0fde213f089b5
dynamics duration,dynamics loss,After Dynamics Duration, the time steps following it are defined as Dynamics Loss, where the entropy remains 0, suggesting no further encoding is needed.,e93c5c30b18547ce93b0fde213f089b5
encoder,dynamics duration,The encoder's effective encoding range is determined by Dynamics Duration, which marks the point when entropy H(Vt) is greater than or equal to 0.,e93c5c30b18547ce93b0fde213f089b5
gac (global average pooling),dynamic duration,Proposition 1 states that the dynamic duration of GAC (Tg) is greater than or equal to that of direct coding (Td) when using the same Conv-BN parameters.,e93c5c30b18547ce93b0fde213f089b5
direct coding,dynamic duration,For direct coding, the dynamic duration is tied to the periodic output with a fixed period Tp, determined by the time constant, firing threshold, and input pixel values.,e93c5c30b18547ce93b0fde213f089b5
gac-snn architecture,matrix multiplication,GAC-SNN transforms matrix multiplication into sparse addition, which is implementable on neuromorphic chips.,358ed293671b44f6be56175a5a29ba60
analog inputs,spikes,Convolution operations convert analog inputs into spikes, similar to direct coding-based SNNs.,358ed293671b44f6be56175a5a29ba60
encoding layer,mac operations,In the encoding layer, convolution operations serve as MAC operations.,358ed293671b44f6be56175a5a29ba60
conv or fc layer,postsynaptic neurons,The Conv or FC layer accumulates weights for postsynaptic neurons.,358ed293671b44f6be56175a5a29ba60
inference energy cost,etotal,The total inference energy cost is expressed as Etotal.,358ed293671b44f6be56175a5a29ba60
em ac,energy cost of mac operations,EM AC is the energy cost for MAC operations.,358ed293671b44f6be56175a5a29ba60
eac,energy cost of ac operations,EAC is the energy cost for AC operations.,358ed293671b44f6be56175a5a29ba60
firing rate,flops,firing rate and FLOPs (floating-point operations) are used in the energy consumption calculation.,358ed293671b44f6be56175a5a29ba60
cifar10, cifar100, imagenet,static datasets,Performance of GAC-SNN is evaluated on static datasets like CIFAR10, CIFAR100, and ImageNet.,358ed293671b44f6be56175a5a29ba60
gac-snn,performance evaluation,Section evaluates the performance of GAC-SNN on these datasets.,358ed293671b44f6be56175a5a29ba60
cifar10,cifar100,Both CIFAR10 and CIFAR100 are mentioned as static datasets for evaluating the effectiveness of the proposed coding.,1caec8132cef4000ad4c7a761108ed24
imagenet,ms-resnet-34,MS-ResNet-34 is used to train on ImageNet, with and without the GAC module, to show the impact on performance.,1caec8132cef4000ad4c7a761108ed24
membrane shortcut (ms) resnet,gac module,The GAC module is integrated into MS-ResNet to test its effectiveness and efficiency.,1caec8132cef4000ad4c7a761108ed24
gac,snns (spike neural networks),GAC is designed to enhance SNNs' representation ability and temporal dynamics.,1caec8132cef4000ad4c7a761108ed24
mind-spore,code implementation,Experiments are conducted using Mind-Spore, and the code will be open-sourced.,1caec8132cef4000ad4c7a761108ed24
gac-snn,state-of-the-art works,GAC-SNN shows remarkable performance enhancement compared to previous state-of-the-art approaches.,1caec8132cef4000ad4c7a761108ed24
gac-snn,state-of-the-art works,GAC-SNN demonstrates remarkable performance enhancement compared to existing state-of-the-art methods.,ecb178d1d25e43ae9b1f9f09e640e5de
gac,glif,GAC achieves higher accuracy than GLIF on CIFAR10 and CIFAR100 by 1.43% and 3.10% with 2-time steps.,ecb178d1d25e43ae9b1f9f09e640e5de
gac,ms-resnet,GAC outperforms MS-ResNet on CIFAR10 and CIFAR100 by 1.54% and 4.04% with 6-time steps.,ecb178d1d25e43ae9b1f9f09e640e5de
spike-driven ann,snn,The context refers to converting spike-driven ANNs to SNNs, comparing GAC-SNN with other SNN architectures.,ecb178d1d25e43ae9b1f9f09e640e5de
gac-snn,ann (hu et al. 2021),GAC-SNN is compared to the baseline ANN architecture by Hu et al. in terms of accuracy.,ecb178d1d25e43ae9b1f9f09e640e5de
params,gac-snn,GAC-SNN has 21.80 M parameters, indicating its model size.,ecb178d1d25e43ae9b1f9f09e640e5de
energy consumption,power,Theoretical energy consumption is compared for different methods, with GAC-SNN's efficiency noted.,ecb178d1d25e43ae9b1f9f09e640e5de
imagenet dataset,comparison,A comparison of methods, including GAC-SNN, is provided on the ImageNet dataset.,ecb178d1d25e43ae9b1f9f09e640e5de
cifar100,accuracy,The context discusses the accuracy on CIFAR100 with varying K values, showing an increase in accuracy as K increases, peaking at around K = 4.,dbfc73dab38d464f8b1fd4cb22f77304
k,accuracy,Accuracy rises with increasing K, implying that higher K values lead to better performance.,dbfc73dab38d464f8b1fd4cb22f77304
gac,generalization,GAC maintains strong generalization despite variations in K, suggesting its ability to generalize well.,dbfc73dab38d464f8b1fd4cb22f77304
temporal attention (ta),spatial channel attention (sca),An ablation study shows that SCA contributes more to performance improvement, as SNNs usually have more channels than time steps.,dbfc73dab38d464f8b1fd4cb22f77304
temporal attention (ta),performance,Ablating the TA module affects performance, indicating its importance for the overall system.,dbfc73dab38d464f8b1fd4cb22f77304
spatial channel attention (sca),performance,The SCA module enhances performance more than the TA module, contributing to the design.,dbfc73dab38d464f8b1fd4cb22f77304
gac-snn's resnet architecture,residual connection,Residual connections are a fundamental part of deep SNNs, including in GAC-SNNs.,dbfc73dab38d464f8b1fd4cb22f77304
spiking-resnet,membrane potential and spike shortcut,Spiking-ResNet has a shortcut between membrane potential and spikes.,dbfc73dab38d464f8b1fd4cb22f77304
spike-element-wise (sew) resnet,output spikes shortcut,SEW ResNet connects output spikes across different layers.,dbfc73dab38d464f8b1fd4cb22f77304
membrane shortcut (ms) resnet,membrane potential shortcut,MS ResNet creates shortcuts between membrane potentials in various layers, which is used in GAC.,dbfc73dab38d464f8b1fd4cb22f77304
neuromorphic hardware,snn hardware design,The context mentions that neuromorphic hardware is a design aspect where the encoder and architecture are decoupled, referring to specific SNN hardware designs.,dd70721f9aa2485495bc819104658758
attention mechanism,gated attention coding (gac),GAC incorporates an attention mechanism, suggesting that GAC is an extension or implementation of the attention concept.,dd70721f9aa2485495bc819104658758
direct coding,gated attention coding (gac),GAC is proposed as a solution to the coding problem in SNNs, specifically addressing the limitations of direct coding.,dd70721f9aa2485495bc819104658758
powerless spike representations,temporal dynamics,The issue with direct coding is described as producing powerless spike representations, which GAC aims to tackle by introducing temporal dynamics.,dd70721f9aa2485495bc819104658758
conv-based snns,gated attention coding (gac),GAC is designed to seamlessly integrate with existing Conv-based SNN architectures.,dd70721f9aa2485495bc819104658758
cifar10, cifar100, imagenet,state-of-the-art results,Experiments demonstrate GAC's effectiveness by achieving superior performance on these datasets.,dd70721f9aa2485495bc819104658758
temporal dynamics,efficiency,GAC encodes images with temporal dynamics, implying improved efficiency over static representations.,dd70721f9aa2485495bc819104658758
redundancy minimization,gac,GAC's goal is to minimize redundancy in the encoded representations.,dd70721f9aa2485495bc819104658758
cifar10,accuracy (96.46%),CIFAR10's performance is mentioned with its accuracy score of 96.46%.,b2a34d01f0ac41c2b4b18fbaaac108cb
cifar100,accuracy (80.45%),CIFAR100 is also mentioned with its accuracy of 80.45%.,b2a34d01f0ac41c2b4b18fbaaac108cb
imagenet,accuracy (70.42%),Performance on ImageNet is stated with an accuracy of 70.42%.,b2a34d01f0ac41c2b4b18fbaaac108cb
direct coding period (t_p),lif model,The direct coding period is associated with the LIF (Leaky Integrate-and-Fire) model.,b2a34d01f0ac41c2b4b18fbaaac108cb
lif model,membrane potential (u_t),The LIF model involves membrane potential dynamics.,b2a34d01f0ac41c2b4b18fbaaac108cb
t_p,firing time step,T_p represents the first firing time step in the LIF model.,b2a34d01f0ac41c2b4b18fbaaac108cb
resolution,value of x,The resolution of encoding depends on the value of x.,b2a34d01f0ac41c2b4b18fbaaac108cb
v_th,threshold,V_th denotes the threshold for spike generation in the LIF model.,b2a34d01f0ac41c2b4b18fbaaac108cb
τ,attenuation factor,τ is the parameter affecting membrane potential decay.,b2a34d01f0ac41c2b4b18fbaaac108cb
national science foundation,distinguished young scholars grant,NSF funds a Distinguished Young Scholar project.,b2a34d01f0ac41c2b4b18fbaaac108cb
national natural science foundation of china,grants (62236009, u22a20103),Chinese grants supporting the research.,b2a34d01f0ac41c2b4b18fbaaac108cb
caai-mindspore open fund,openi community,The fund is developed on the OpenI Community platform.,b2a34d01f0ac41c2b4b18fbaaac108cb
