node_1,node_2,edge,chunk_id
electroencephalography (eeg),emotion analysis,EEG is used for emotion analysis,197fe391ce8d4979b3cc94e18a680c4c
current methods,individual variations,Current methods face challenges due to individual variations,197fe391ce8d4979b3cc94e18a680c4c
denoising mixed mutual reconstruction (dmmr) model,two-stage pre-training,DMMR employs a two-stage approach for learning,197fe391ce8d4979b3cc94e18a680c4c
pre-training phase,self-supervised learning,In pre-training, DMMR uses multi-decoder autoencoder for self-supervision,197fe391ce8d4979b3cc94e18a680c4c
multi-decoder autoencoder,subject-invariant features,Autoencoder aims to generate subject-independent features,197fe391ce8d4979b3cc94e18a680c4c
hidden-layer mixed data augmentation,source data scarcity,Data augmentation addresses the issue of limited source data,197fe391ce8d4979b3cc94e18a680c4c
time steps shuffling,noise injection method,Noise injection, like Time Steps Shuffling, improves stability,197fe391ce8d4979b3cc94e18a680c4c
fine-tuning phase,emotion classifier,Fine-tuning includes integration of an emotion classifier,197fe391ce8d4979b3cc94e18a680c4c
seed dataset,seed-iv dataset,Performance is evaluated on both SEED and SEED-IV datasets,197fe391ce8d4979b3cc94e18a680c4c
dmmr,state-of-the-art performance,DMMR achieves state-of-the-art accuracy on SEED (88.27%) and comparable on SEED-IV (72.70%),197fe391ce8d4979b3cc94e18a680c4c
performance of dmmr,data augmentation and noise injection methods,The proposed methods complementarily enhance accuracy and stability.,9b7588827f104d368bb468c813e5a75b
data augmentation and noise injection methods,issues,These methods alleviate the previously mentioned issues.,9b7588827f104d368bb468c813e5a75b
human emotions,health conditions,Emotions are closely related to health conditions, like Autism Spectrum Disorder and depression.,9b7588827f104d368bb468c813e5a75b
human emotions,malicious behaviors,Negative emotions can lead to malicious behaviors.,9b7588827f104d368bb468c813e5a75b
real-time monitoring of individuals' emotional states,objective health assessments,Real-time monitoring contributes to objective assessments.,9b7588827f104d368bb468c813e5a75b
wearable devices,emotion-related physiological signals,Wearable devices, such as EEG, are used for monitoring.,9b7588827f104d368bb468c813e5a75b
eeg-based emotion recognition,high temporal resolution and accuracy,EEG signals offer these advantages for emotion identification.,9b7588827f104d368bb468c813e5a75b
eeg signals,emotional stimuli,Different EEG responses indicate different emotional tendencies.,9b7588827f104d368bb468c813e5a75b
individuals,fine-grained emotional tendencies,EEG signals from specific channels and frequency bands reveal fine-grained emotions.,9b7588827f104d368bb468c813e5a75b
cranial structure,emotional experiences,These terms are related because individual differences in cranial structure and emotional experiences result in varying sensitivity to the same emotion.,068c348652dd4d3ca9488d81cdf5d638
subject,data,The context mentions distributional differences among data from different subjects, implying that data belongs to specific subjects.,068c348652dd4d3ca9488d81cdf5d638
source subject data,target subjects,Transfer learning aims to bridge the gap between source and target subjects by transferring emotional knowledge from source data to target subjects.,068c348652dd4d3ca9488d81cdf5d638
unsupervised domain adaptation,semi-supervised domain adaptation,Both are methods that assume availability of labeled or unlabeled data from the target subjects to adapt models.,068c348652dd4d3ca9488d81cdf5d638
domain generalization,training process,Domain generalization is a task where the model is trained solely on source subjects' data without any target subject data, aiming for subject-invariance and robustness.,068c348652dd4d3ca9488d81cdf5d638
large amount of unlabeled data,small amount of labeled data,Early works in domain adaptation assumed the availability of either type of data to narrow the distribution gap.,068c348652dd4d3ca9488d81cdf5d638
model,subject-invariant and robust model,The goal is to create a model that performs well on unseen target subjects, making it subject-invariant and robust.,068c348652dd4d3ca9488d81cdf5d638
eeg-based cross-subject emotion recognition,mutual reconstruction method,The 'mutual reconstruction' method is introduced for EEG-based emotion recognition as a novel approach.,c268bacac1974d42a6e06e32291ddafb
dmmr (denoising mutual reconstruction model),joint training mode,DMMR contrasts with the joint training mode by combining two-stage pretraining with mutual reconstruction self-supervised learning.,c268bacac1974d42a6e06e32291ddafb
dmmr,data augmentation strategy,DMMR proposes a mixed data augmentation strategy, extending mixup technique to create new subject features without extra parameters.,c268bacac1974d42a6e06e32291ddafb
mixup technique,mixed data augmentation,The mixup technique serves as the foundation for the proposed mixed data augmentation strategy.,c268bacac1974d42a6e06e32291ddafb
dmmr,denoising task,DMMR incorporates a denoising task to improve model stability by relearning clean samples from noisy features.,c268bacac1974d42a6e06e32291ddafb
noise injection method,time steps shuffling,The proposed noise injection method enhances denoising and preserves essential information, using a technique called Time Steps Shuffling.,c268bacac1974d42a6e06e32291ddafb
main contributions,dmmr model,The main contribution includes the DMMR model with pre-training-fine-tuning, mutual reconstruction, mix data augmentation, and noise injection.,c268bacac1974d42a6e06e32291ddafb
dmmr model,seed dataset,Experimental results are demonstrated on the SEED dataset (Zheng and Lu), showcasing the model's performance.,c268bacac1974d42a6e06e32291ddafb
data augmentation,noise injection,The proposed methods complement each other, enhancing accuracy and stability against source data scarcity and noise interference.,ad41e52d7d3746c08b1997ea8c369d75
dmmr,state-of-the-art performance,DMMR achieved 88.27% accuracy on SEED and 72.70% on SEED-IV, demonstrating its superiority.,ad41e52d7d3746c08b1997ea8c369d75
dmmr,comparable performance,DMMR's performance was comparable to existing methods on the datasets.,ad41e52d7d3746c08b1997ea8c369d75
si-sife,cross-subject invariance,SI-SIFE assumes channel correlations are invariant across subjects, which is a key principle in its approach.,ad41e52d7d3746c08b1997ea8c369d75
si-sife,lstm-based method,Some SI-SIFE strategies use LSTM for high-dimensional emotional feature extraction by manually constructing inter-channel sequences.,ad41e52d7d3746c08b1997ea8c369d75
si-sife,graph neural networks,Others employ distance metrics or trainable parameters for creating adjacency matrices, using GNNs for emotional semantics.,ad41e52d7d3746c08b1997ea8c369d75
gmss,self-supervised learning,GMSS enhances data using jigsaw tasks, making the approach more robust and adaptable.,ad41e52d7d3746c08b1997ea8c369d75
proposed approach,related work,The paper compares the proposed approach with SI-SIFE and CS-SIFE, highlighting differences in methodology.,ad41e52d7d3746c08b1997ea8c369d75
gmss,self-supervised learning,GMSS enhances data using self-supervised learning, employing jigsaw tasks and unsupervised contrastive learning.,db015022485a4e7aa72e3ff52800d492
gmss,intrinsic feature extraction,GMSS uses jigsaw tasks for robust intrinsic feature extraction.,db015022485a4e7aa72e3ff52800d492
gmss,unsupervised contrastive learning,GMSS manipulates distances using unsupervised contrastive learning methods.,db015022485a4e7aa72e3ff52800d492
cs-sife,different domain,CS-SIFE treats each subject as a different domain.,db015022485a4e7aa72e3ff52800d492
dg-dann,gradient reversal,DG-DANN employs gradient reversal to yield subject-invariant features.,db015022485a4e7aa72e3ff52800d492
dg-dann,jensen-shannon divergence,DG-DANN implicitly aligns marginal probability distributions using Jensen-Shannon divergence.,db015022485a4e7aa72e3ff52800d492
dresnet,subject-specific encoder,DResNet combines residuals from subject-specific and subject-shared encoders.,db015022485a4e7aa72e3ff52800d492
dresnet,subject-shared encoder,DResNet combines residuals from subject-specific and subject-shared encoders.,db015022485a4e7aa72e3ff52800d492
clisa,contrastive learning,Clisa uses contrastive learning for consistent representations of identical emotional stimuli.,db015022485a4e7aa72e3ff52800d492
previous methods,critical issues,The aforementioned methods did not address three critical issues.,db015022485a4e7aa72e3ff52800d492
mtae,multiple decoders,MTAE in image processing uses multiple decoders for mutual reconstruction.,db015022485a4e7aa72e3ff52800d492
image processing,mtae,MTAE is a method proposed by Ghifary et al. (2015) within the context of image processing.,be36eeca58d7480aa55d72ba7696a207
mtae,multiple decoders,MTAE uses multiple decoders for mutual reconstruction.,be36eeca58d7480aa55d72ba7696a207
pre-training process,single domain's feature,During pre-training, a single domain's feature is input to generate domain-invariant features.,be36eeca58d7480aa55d72ba7696a207
dimae,mtae,Yang et al. (2022) extended MTAE into DiMAE.,be36eeca58d7480aa55d72ba7696a207
dimae,cp-stylemix,DiMAE incorporates CP-styleMix for data augmentation.,be36eeca58d7480aa55d72ba7696a207
dimae,mask mechanism,It also uses a mask mechanism for visible parts.,be36eeca58d7480aa55d72ba7696a207
this paper,hidden layer output mixing,This paper proposes hidden layer output mixing for data augmentation.,be36eeca58d7480aa55d72ba7696a207
this paper,custom noise injection method,A custom noise injection method is introduced specifically for EEG signals.,be36eeca58d7480aa55d72ba7696a207
dmmr,noise injection process,DMMR has a pre-training phase involving a noise injection process.,be36eeca58d7480aa55d72ba7696a207
dmmr,abp module,DMMR consists of the ABP module, MMR module, and DG-DANN module.,be36eeca58d7480aa55d72ba7696a207
dmmr,mmr module,MMR module is part of the DMMR architecture.,be36eeca58d7480aa55d72ba7696a207
dmmr,dg-dann module,DG-DANN module is another component of DMMR.,be36eeca58d7480aa55d72ba7696a207
pre-training phase of dmmr,subject-invariant features,The goal is to extract subject-invariant features during self-supervised pre-training.,be36eeca58d7480aa55d72ba7696a207
fine-tuning phase of dmmr,emotion class prediction,The fine-tuning phase involves using the model to predict emotions for unseen target subjects.,be36eeca58d7480aa55d72ba7696a207
scarcity of source data,two-stage mixed mutual reconstruction approach,The context proposes a solution to address the scarcity of source data by implementing a two-stage method.,5c2fff80f2e64a66ac3cc40a7326d16d
first stage,mix-subject data,In the first stage, multiple decoders' outputs are combined to create new mix-subject data.,5c2fff80f2e64a66ac3cc40a7326d16d
second stage,multi-decoder autoencoder,The mixed output from the first stage is fed back into the multi-decoder autoencoder for further processing.,5c2fff80f2e64a66ac3cc40a7326d16d
abp module,weighted features,The ABP module generates weighted features representing the same category features across different subjects.,5c2fff80f2e64a66ac3cc40a7326d16d
dg-dann module,subject discriminator (𝑆𝐷),DG-DANN, derived from DANN, uses a Subject Discriminator to extract subject-invariant features for domain adaptation.,5c2fff80f2e64a66ac3cc40a7326d16d
dg-dann module,emotion classifier 𝐶,An emotion classifier is added to the DG-DANN to leverage emotion category labels for supervised learning.,5c2fff80f2e64a66ac3cc40a7326d16d
algorithm 1,pseudo-code of dmmr,Algorithm 1 outlines the steps of the proposed DMMR method.,5c2fff80f2e64a66ac3cc40a7326d16d
testing process,fine-tuned model,The fine-tuned model is used for evaluation during the testing phase.,5c2fff80f2e64a66ac3cc40a7326d16d
fine-tuning phase,abp,ABP is optimized during the Fine-Tuning Phase in lines 8 and 10.,276143edecd14688885e9451da71387a
fine-tuning phase,𝐄!,ABP and 𝐸! are both optimized together in the Fine-Tuning Phase, as seen in line 10.,276143edecd14688885e9451da71387a
pre-trained abp,abp,Line 8 mentions obtaining the pre-trained ABP before optimizing it.,276143edecd14688885e9451da71387a
random initialization,𝐶,In line 7, 𝐶 is randomly initialized before the optimization process.,276143edecd14688885e9451da71387a
trainable weights and bias,linear layer,A linear layer is used in the method, where weights and bias are trainable (lines 11 and 12).,276143edecd14688885e9451da71387a
softmax function,attention weights,Attention weights are obtained by normalizing the mapped features using the Softmax function (Formula 1).,276143edecd14688885e9451da71387a
weighted features,original features,Weighted features are calculated by multiplying the normalized weights with the original features (Formula 2).,276143edecd14688885e9451da71387a
mmr module,shared encoder,The MMR module has a shared encoder for extracting high-dimensional features across subjects.,276143edecd14688885e9451da71387a
mmr module,decoder,The module has different decoders for reconstructing features specific to each subject.,276143edecd14688885e9451da71387a
reconstruction loss,subject-invariant representations,The reconstruction loss encourages the encoder to learn representations that are invariant to the subject identity within a category.,276143edecd14688885e9451da71387a
self-supervised learning approach,reconstruction loss,The reconstruction loss is a component of the self-supervised learning method, as it requires emotional labels from the source subjects.,3249c7c1239040f7918d85d4c89b6b87
abp module,encoder and decoders,Both the encoder and multiple decoders use the weighted features from the ABP module's output as input and supervision.,3249c7c1239040f7918d85d4c89b6b87
encoder,single-layer lstm model,The encoder in this paper is a single-layer LSTM model, similar to the decoders.,3249c7c1239040f7918d85d4c89b6b87
decoders,linear layer,Each decoder generates features for each time step in reverse order and uses a linear layer to map them to the same dimension as the encoder's input.,3249c7c1239040f7918d85d4c89b6b87
mixup technique,data augmentation,The mixup technique is used to address the scarcity of source data by creating new samples.,3249c7c1239040f7918d85d4c89b6b87
two-stage mixed mutual reconstruction method,first stage,The method consists of a two-stage process, with the first stage involving mixed mutual reconstruction.,3249c7c1239040f7918d85d4c89b6b87
leave-one-subject-out cross-validation,evaluation approach,The method used for assessing model performance, where one subject is held out for testing while the rest are used for training.,c8a388ed4a9b481b9b8dac14819077e7
accuracy,standard deviation,Computed metrics for evaluating model performance across all subjects after the subject rotation in cross-validation.,c8a388ed4a9b481b9b8dac14819077e7
hyperparameters,input data,The model's settings, including feature dimension (310), hidden size (64), balancing parameter (𝛽), time steps (𝑇), learning rate, and weight decay rate.,c8a388ed4a9b481b9b8dac14819077e7
adam optimizer,learning rate,An optimization algorithm used in training, with a specific learning rate of 1e-3.,c8a388ed4a9b481b9b8dac14819077e7
batch size,dataset size,Adjusted based on the size of SEED and SEED-IV datasets, to optimize the training process.,c8a388ed4a9b481b9b8dac14819077e7
random seed,reproducibility,Fixed at 3 to ensure consistent results across experiments.,c8a388ed4a9b481b9b8dac14819077e7
dmmr,baseline models,Compared with state-of-the-art SIFE methods, such as DGCNN, BiHDM, RGNN, and GMSS.,c8a388ed4a9b481b9b8dac14819077e7
table 1,experiment results,Displays the performance comparison of DMMR with these baselines.,c8a388ed4a9b481b9b8dac14819077e7
sife methods,categories,SI-SIFE stands for semi-supervised interactive few-shot learning methods, which DMMR is benchmarked against.,c8a388ed4a9b481b9b8dac14819077e7
dgcnn,bihdm,Both are SI-SIFE methods, indicating they operate in a similar few-shot learning context.,c8a388ed4a9b481b9b8dac14819077e7
rgnn,gmss,Competitors in the semi-supervised interactive few-shot learning domain.,c8a388ed4a9b481b9b8dac14819077e7
pytorch,implementation platform,All experiments were conducted using this open-source machine learning library.,c8a388ed4a9b481b9b8dac14819077e7
nvidia tesla v-100 gpu,computational resource,Used for running the DMMR code.,c8a388ed4a9b481b9b8dac14819077e7
ppda_nc model,dg tasks,The PPDA_NC model is designed for achieving DG tasks.,9e7ec653ca564ddabd1c66b602715a6f
dmmr model,ppda model,The DMMR model outperforms the PPDA model, demonstrating better accuracy.,9e7ec653ca564ddabd1c66b602715a6f
dmmr model,seed dataset,DMMR achieves the highest accuracy of 88.27% on the SEED dataset.,9e7ec653ca564ddabd1c66b602715a6f
seed dataset,seed-iv dataset,There are almost no reports on the performance of CSSIFE methods on the SEED-IV dataset.,9e7ec653ca564ddabd1c66b602715a6f
dmmr model,si-sife methods,Our method's performance (72.70%) is slightly inferior to the GMSS model on the SEED-IV dataset.,9e7ec653ca564ddabd1c66b602715a6f
gmss model,state-of-the-art si-sife methods,The GMSS model is considered the current state-of-the-art in SI-SIFE methods.,9e7ec653ca564ddabd1c66b602715a6f
noise injection method,data augmentation technique,Ablation experiments analyze the effectiveness of both noise injection and mixed data augmentation.,9e7ec653ca564ddabd1c66b602715a6f
time steps shuffling,dmmr's noise injection method,Time Steps Shuffling is the specific noise injection method employed in the DMMR model.,9e7ec653ca564ddabd1c66b602715a6f
table 2,ablation experiments results,Comparison of different noise injection methods, including 'w/o noise' and 'w/o mix', are presented in Table 2.,9e7ec653ca564ddabd1c66b602715a6f
channels shuffling,mask channels,These two methods are related as they both belong to 'noise injection techniques' for manipulating the channel dimension in EEG data. They are described as ways to inject noise along the channel dimension.,f4311bf229114ee9a20ff888ea47a8d9
time steps,channels,The context explains that each time step has C-dimensional channels, indicating a relationship of composition or dependency between time steps and channels.,f4311bf229114ee9a20ff888ea47a8d9
frequency bands,channels,The features of each time step are composed of B-dimensional frequency bands, showing that channels and frequency bands are related as components of the feature representation.,f4311bf229114ee9a20ff888ea47a8d9
noise injection method,dropout,Dropout is mentioned as a noise augmentation technique alongside noise injection methods, implying that they are alternative approaches for data augmentation.,f4311bf229114ee9a20ff888ea47a8d9
proposed noise injection method,other four noise injection methods,The proposed method outperforms the others, highlighting a comparative relationship.,f4311bf229114ee9a20ff888ea47a8d9
baseline (w/o noise),negative impact of information loss,The performance of the 'w/o noise' baseline suggests that noise injection can have a negative impact when dealing with limited dataset sizes.,f4311bf229114ee9a20ff888ea47a8d9
information loss,small dataset size,The negative impact of information loss is more pronounced due to the small dataset, indicating a cause-and-effect relationship.,f4311bf229114ee9a20ff888ea47a8d9
small size of the dataset,impact of information loss,The small size makes the negative impact of information loss more noticeable.,27d8673fd28d42dabbd0ee40cc3a13f1
channels shuffling method,boundaries among dimensions,Channels Shuffling confuses the boundaries, making data within dimensions less distinct.,27d8673fd28d42dabbd0ee40cc3a13f1
time steps shuffling (dmmr),information loss,Time Steps Shuffling does not cause any information loss and maintains feature clarity at individual time steps.,27d8673fd28d42dabbd0ee40cc3a13f1
dmmr,better performance,DMMR outperforms other methods because it preserves information without affecting individual time steps.,27d8673fd28d42dabbd0ee40cc3a13f1
t-sne algorithm,subject-invariant features,T-SNE is used to assess if the model can extract features invariant to subjects and clearly separate emotion categories.,27d8673fd28d42dabbd0ee40cc3a13f1
randomly selected 50 samples,seed dataset,These samples are from each source subject of the SEED dataset for visualization.,27d8673fd28d42dabbd0ee40cc3a13f1
subject distribution,emotion distribution,Subject distribution and emotion distribution are visualized using T-SNE to analyze the model's performance.,27d8673fd28d42dabbd0ee40cc3a13f1
original features,features extracted by pre-trained model,Comparison is made between original and extracted features after self-supervised pre-training.,27d8673fd28d42dabbd0ee40cc3a13f1
self-supervised pretraining,improved subject distribution,Pre-training helps to organize subject data more coherently.,27d8673fd28d42dabbd0ee40cc3a13f1
dmmr model,eeg-based emotion recognition,The DMMR model is a novel approach for EEG-based emotion recognition.,02cdde9606034f688c02c0c4f7cf33ad
two-stage pre-training,fine-tuning approach,The model uses a two-stage pre-training followed by fine-tuning for improved performance.,02cdde9606034f688c02c0c4f7cf33ad
self-supervised learning,mutual reconstruction,Self-supervised learning involves mutual reconstruction to extract subject-invariant features.,02cdde9606034f688c02c0c4f7cf33ad
scarcity of source data,mixed data augmentation,To address the scarcity of source data, the paper proposes mixed data augmentation at the hidden layer.,02cdde9606034f688c02c0c4f7cf33ad
potential noise in the data,noise injection method,Time Steps Shuffling is a noise injection method introduced to handle potential noise in the data.,02cdde9606034f688c02c0c4f7cf33ad
seed dataset,seed-iv dataset,Experimental results are reported on SEED and SEED-IV datasets, achieving state-of-the-art performance.,02cdde9606034f688c02c0c4f7cf33ad
accuracy,performance,The model reaches 88.27% (±5.62) accuracy on SEED and 72.70% (±8.01) on SEED-IV, demonstrating competitive performance.,02cdde9606034f688c02c0c4f7cf33ad
data augmentation,noise injection,The methods for data augmentation and noise injection are related as they both contribute to enhancing accuracy and stability, functioning as complementary solutions.,e8cdf366505b443c8e7413f42a0dd591
accuracy,stability,Enhancing accuracy and stability are mentioned together, implying they are both positive outcomes sought by the use of data augmentation and noise injection.,e8cdf366505b443c8e7413f42a0dd591
deep generative (dg) methods,limited annotated eeg data,The future exploration aims to apply DG methods under the condition of limited annotated EEG data for source subjects, suggesting a need for these methods in scenarios with restricted labeled data.,e8cdf366505b443c8e7413f42a0dd591
key research and development program of shaanxi,national key projects of china,Both are acknowledged sources of funding for the work, indicating a financial support relationship.,e8cdf366505b443c8e7413f42a0dd591
program no.2022gy-075,program no.2021xjtu0016,These are specific program numbers that reference separate but related funding initiatives.,e8cdf366505b443c8e7413f42a0dd591
