node_1,node_2,edge,chunk_id
de-occlusion problem,background image extraction,The de-occlusion problem specifically refers to the task of extracting clear background images by removing foreground occlusions.,97e5683c5c66409f9783e80ebcc68411
de-occlusion problem,foreground occlusions,The main challenge in the de-occlusion problem is dealing with removing or compensating for objects that block the view.,97e5683c5c66409f9783e80ebcc68411
current research,discrete images,Most current research primarily focuses on generating discrete images from calibrated camera arrays.,97e5683c5c66409f9783e80ebcc68411
limited perspectives,struggles with dense occlusions and fast motions,Due to limited perspectives, existing methods have difficulty handling dense occlusions and motion blur.,97e5683c5c66409f9783e80ebcc68411
spike camera,ultra-high temporal resolution,The spike camera stands out because of its exceptional temporal resolution, which is beneficial for addressing occlusion issues.,97e5683c5c66409f9783e80ebcc68411
spike camera,dynamic range,Its dynamic range is another advantage that makes it a promising sensor for occlusion removal.,97e5683c5c66409f9783e80ebcc68411
spkoccnet,multi-view imaging,Our proposed SpkOccNet utilizes a single spike camera for continuous multi-view imaging to tackle occlusions.,97e5683c5c66409f9783e80ebcc68411
spkoccnet,long-short-window feature extractor (lsw),LSW is used within SpkOccNet to integrate spatial-temporal information from multiple views.,97e5683c5c66409f9783e80ebcc68411
spkoccnet,cross-view mutual attention-based module (cva),CVA is a key component of SpkOccNet that facilitates effective fusion and refinement of multi-view data.,97e5683c5c66409f9783e80ebcc68411
s-occ dataset,real-world spike-based data,The S-OCC dataset, introduced by the authors, provides a collection of real-world data for research on occlusion removal using spike cameras.,97e5683c5c66409f9783e80ebcc68411
spkoccnet,efficiency and generalization capabilities,Experimental results show that SpkOccNet is efficient and capable of handling diverse scenes with dense occlusions.,97e5683c5c66409f9783e80ebcc68411
synthetic aperture imaging (sai),frame-based algorithms,These algorithms are part of the SAI task, which aims to see through occlusions using multi-view images.,2a91a2ce42d64a79952e207caf530065
dense occlusions,challenges for visual algorithms,The presence of dense occlusions creates difficulties for algorithms designed to handle visual scenes.,2a91a2ce42d64a79952e207caf530065
discrete multi-view exposures,limitation of frame-based algorithms,Frame-based algorithms rely on discrete exposures, which may not provide enough background information.,2a91a2ce42d64a79952e207caf530065
sharp frames,challenge in high-speed scenarios,Obtaining sharp frames is difficult in high-speed situations, especially for autonomous driving.,2a91a2ce42d64a79952e207caf530065
foreground occlusions (e.g., fences),crucial for autonomous driving perception,Removing foreground occlusions is essential for enhancing environment perception in autonomous driving.,2a91a2ce42d64a79952e207caf530065
fast-moving spike camera,dataset capturing tool,The spike camera is used to capture a dataset for studying occlusion removal in high-speed scenarios.,2a91a2ce42d64a79952e207caf530065
occlusion removal,spkoccnet (proposed method),The proposed SpkOccNet aims to recover sharp backgrounds by addressing occlusions in high-speed scenes.,2a91a2ce42d64a79952e207caf530065
acquisition of sharp and continuous-view information,high-speed scenarios,The challenge is related to obtaining clear and continuous data in fast-paced situations.,7c486b2777a14685b4ab98042735cf6d
neuromorphic sensors,significant and ongoing challenge,Neuromorphic sensors address the open problem in high-speed imaging.,7c486b2777a14685b4ab98042735cf6d
neuromorphic sensors,event cameras,Event cameras are a type of neuromorphic sensor known for their asynchronous event generation.,7c486b2777a14685b4ab98042735cf6d
event cameras,brandli et al. 2014,Event cameras were introduced or mentioned in the work by Brandli et al.,7c486b2777a14685b4ab98042735cf6d
event cameras,lichtsteiner, posch, and delbruck 2008,Another reference for event cameras is the study by Lichtsteiner, Posch, and Delbruck.,7c486b2777a14685b4ab98042735cf6d
event cameras,occlusion removal tasks,Some studies have employed event cameras for tasks that involve removing occlusions.,7c486b2777a14685b4ab98042735cf6d
spike cameras,neuromorphic sensors,Spike cameras are another type of neuromorphic sensor.,7c486b2777a14685b4ab98042735cf6d
spike cameras,fovea in the retina,Spike cameras mimic the retinal structure, specifically the fovea's functionality.,7c486b2777a14685b4ab98042735cf6d
absolute light intensity,spike cameras,Spike cameras record absolute light intensity due to their integration mechanism.,7c486b2777a14685b4ab98042735cf6d
refocusing events,camera intrinsic parameters,Refocusing events relies on camera settings for accurate alignment.,7c486b2777a14685b4ab98042735cf6d
refocusing events,distance information,Distance between objects and the camera affects the accuracy of event-based processing.,7c486b2777a14685b4ab98042735cf6d
spike-based sai,synthetic aperture imaging,Our work explores spike-based SAI for the first time, differentiating from traditional frame-based methods like Synthetic Aperture Imaging which uses camera arrays.,68bc3b3525d54e1586c750f7e010efc1
proposed spkoccnet,occlusion removal,SpkOccNet is introduced for occlusion removal, demonstrating the effectiveness of the spike-based approach.,68bc3b3525d54e1586c750f7e010efc1
camera array,frame-based cameras,Earlier works, like Vaish et al. (2004), employed camera arrays for aligning information from multiple viewpoints, but they require hardware calibrations and are not spike-based.,68bc3b3525d54e1586c750f7e010efc1
vaish et al. (2004),vaish et al. (2006),Vaish et al. (2004) used coordinate relationships, while Vaish et al. (2006) improved cost function with medians and entropy.,68bc3b3525d54e1586c750f7e010efc1
pei et al. (2013),energy minimization problem,Pei et al. (2013) formulated a problem to identify pixels from different views, focusing on occlusion recognition.,68bc3b3525d54e1586c750f7e010efc1
zhang et al. (2017),related works,Zhang et al. are among the works mentioned in the context, indicating they are part of the broader discussion on occlusion removal techniques.,68bc3b3525d54e1586c750f7e010efc1
occlusion recognition,moving camera with imu data,Zhang et al. (2017) uses IMU data as a clue for occlusion recognition.,aa3625b946654c77b7a9c2c831c561da
all-in-focus image prediction,later method (yang et al. 2014),This method is capable of predicting all-in-focus images, succeeding the initial approach.,aa3625b946654c77b7a9c2c831c561da
deoccnet (wang et al. 2020),residual atrous spatial pyramid pooling module,DeOccNet incorporates this module to enhance receptive fields for occlusion removal.,aa3625b946654c77b7a9c2c831c561da
shifted micro-lens images,dynamic filter,Zhang et al. (2021) employ shifted micro-lens images with a dynamic filter for exploring light field information.,aa3625b946654c77b7a9c2c831c561da
event-based sai,event cameras,Event cameras demonstrate potential in seeing through dense occlusions due to their high temporal resolution.,aa3625b946654c77b7a9c2c831c561da
snns (event-based sai),cnns (event-based sai),Zhang et al. (2021) use SNNs as the encoder and CNNs as the decoder for event-based SAI.,aa3625b946654c77b7a9c2c831c561da
event-based sai,camera intrinsic,These approaches require the camera's intrinsic parameters for reconstruction.,aa3625b946654c77b7a9c2c831c561da
event-based sai,camera translation matrices,Complicated settings include the translation matrices of the camera and target depth prior.,aa3625b946654c77b7a9c2c831c561da
spike cameras,advantages,Spike cameras offer high temporal resolution, high dynamic range, and rich spatial texture.,aa3625b946654c77b7a9c2c831c561da
spike cameras,temporal resolution,One of the main advantages is their high temporal resolution.,aa3625b946654c77b7a9c2c831c561da
texpo,timestamp exposure begins,Texpo refers to the duration when the exposure starts; it is a key parameter affecting image sharpness in fast motion.,06cf4164a7fd4437a7abc092163fefd4
lt,hidden sharp image,Lt represents the sharp image at any specific moment t, which can become blurry if Texpo is not appropriate.,06cf4164a7fd4437a7abc092163fefd4
motion blur,caused by fast motion,Motion blur occurs when there is camera movement during the exposure time Texpo.,06cf4164a7fd4437a7abc092163fefd4
foreground occlusion area,enlargement due to motion blur,The enlargement of the foreground area is a result of motion blur, as shown in Fig. 3(c).,06cf4164a7fd4437a7abc092163fefd4
spike camera,imaging process,Spike cameras provide integrative sampling, reflecting light intensity directly and preserving dense temporal information.,06cf4164a7fd4437a7abc092163fefd4
ωimage,quantity of information captured by frames,Ωimage represents the captured information in traditional cameras, with a loss of temporal dimension.,06cf4164a7fd4437a7abc092163fefd4
ωspike,quantity of information captured by spikes,Ωspike corresponds to the continuous recording of the spike camera, retaining temporal information.,06cf4164a7fd4437a7abc092163fefd4
tvoid,time when the image captures nothing,Tvoid is the period when the camera is not capturing anything, during which the spike camera continues recording.,06cf4164a7fd4437a7abc092163fefd4
sai,system for seeing in action,SAI (not explicitly defined but likely a method or technology) is compared to spike cameras for their ability to see through backgrounds.,06cf4164a7fd4437a7abc092163fefd4
visible area,during camera motion,In SAI, the orange region signifies the portion of the scene visible to the camera while in motion.,06cf4164a7fd4437a7abc092163fefd4
spike camera,background objects xa and xb,The spike camera offers more clues from continuous viewpoints, allowing observation of background objects.,c44d926885a84f3aa89581658406784f
s-occ dataset,occlusion removal with spike cameras,S-OCC is the first dataset constructed for occlusion removal tasks using spike cameras.,c44d926885a84f3aa89581658406784f
spike camera,camera motion,The spike camera is moved quickly during each shot, capturing data while in motion.,c44d926885a84f3aa89581658406784f
spkoccnet,continuous spikes,Spikes from the moving spike camera are fed into SpkOccNet for processing.,c44d926885a84f3aa89581658406784f
spkoccnet,long-short-window feature extractor (lsw),LSW is the first step in SpkOccNet, extracting features from the input spikes.,c44d926885a84f3aa89581658406784f
spkoccnet,cross-view attention-based fusion (cva),CVA is used for fusing information across different viewpoints in the spike data.,c44d926885a84f3aa89581658406784f
occlusions,model robustness,The five intricate occlusions are designed to enhance the model's ability to handle various challenges.,c44d926885a84f3aa89581658406784f
occlusions,potential of spike cameras,These occlusions showcase the capabilities of spike cameras in overcoming traditional limitations.,c44d926885a84f3aa89581658406784f
square iron mesh,hexagonal iron mesh,Both are listed as occlusions, indicating they are different types of visual obstructions.,c44d926885a84f3aa89581658406784f
dense iron frame,fence,Both are described as occlusions, representing different structures.,c44d926885a84f3aa89581658406784f
irregular fabric net,diverse levels of occlusion,This net represents one of the five occlusions with varying complexity.,c44d926885a84f3aa89581658406784f
occlusions,complexity,Occlusions introduce complexity to the work.,f4f4bf575ea94e18907114e9631e9234
camera motion,occlusion setups,The camera motion and occlusion setups are utilized for recording.,f4f4bf575ea94e18907114e9631e9234
outdoor scenes,dataset,Recorded outdoor scenes are used to create the dataset.,f4f4bf575ea94e18907114e9631e9234
108 sequences,training,108 sequences are randomly picked for training.,f4f4bf575ea94e18907114e9631e9234
20 sequences,testing,Remaining 20 sequences are for testing.,f4f4bf575ea94e18907114e9631e9234
static scenes,grayscale images,For static scenes, grayscale images serve as ground truth.,f4f4bf575ea94e18907114e9631e9234
spike camera,background scenes,Spike camera captures background scenes without occlusion.,f4f4bf575ea94e18907114e9631e9234
spike stream (s),input,Spike stream is the input to the SpkOccNet model.,f4f4bf575ea94e18907114e9631e9234
spkoccnet,model,The model SpkOccNet is designed to predict the background image.,f4f4bf575ea94e18907114e9631e9234
h × w,spatial resolution,H × W represents the spatial dimensions of the spike stream.,f4f4bf575ea94e18907114e9631e9234
t,time steps,T signifies the number of time steps in the spike stream.,f4f4bf575ea94e18907114e9631e9234
sensitive, private information,not included,The dataset does not contain sensitive or private information.,f4f4bf575ea94e18907114e9631e9234
long-short-window feature extractor,cva module,The CVA module is part of the Long-Short-Window Feature Extractor, where it performs feature fusion with the fused features (f_long and f_dense).,43e77599313b4b93b7466e35a7226f86
long-short-window,saux+ and saux-,These are three windows split from the input S, with Saux+ and Saux- providing complementary texture information for the central window Sc.,43e77599313b4b93b7466e35a7226f86
sc (center window),spatial structure,Sc serves as the spatial reference for reconstruction, while Saux+ and Saux- contribute to texture information.,43e77599313b4b93b7466e35a7226f86
dense window representation (reprdw),saux+ and saux-,Saux+ and Saux- are transformed using ReprDW to provide dense representation.,43e77599313b4b93b7466e35a7226f86
f_long,f_dense,Features f_long and f_dense are fused using a channel-attention layer to create f_fuse.,43e77599313b4b93b7466e35a7226f86
channel attention layer,fusion of f_long and f_dense,This layer is responsible for combining f_long and f_dense to produce f_fuse.,43e77599313b4b93b7466e35a7226f86
f_fuse,cva input,f_fuse is used as input to the CVA module for further feature fusion with f+, f−.,43e77599313b4b93b7466e35a7226f86
f+ and f−,attention mechanism,f+, f− are fused with f_fuse using the proposed attention mechanism in the CVA module.,43e77599313b4b93b7466e35a7226f86
conv layers,prediction layer,The prediction layer, consisting of Conv layers, generates the final reconstructed background image.,43e77599313b4b93b7466e35a7226f86
transformer block,self-attention,The standard Transformer block performs self-attention using Q, K, and V matrices.,cbd0f98041b34ee1b65d32f34c6f6187
mutual attention (mva),swin transformer blocks,MVA is adopted in the Swin Transformer blocks, which computes mutual attention between two inputs f1 and f2.,cbd0f98041b34ee1b65d32f34c6f6187
window-based attention,swin transformer,Swin Transformer uses window-based attention to reduce computing cost, as mentioned in MVA.,cbd0f98041b34ee1b65d32f34c6f6187
f fuse,f+,In MVA, f fuse is fused with f+ through mutual attention.,cbd0f98041b34ee1b65d32f34c6f6187
f fuse,f−,f fuse is also fused with f− through mutual attention.,cbd0f98041b34ee1b65d32f34c6f6187
channel attention layer,mdta layer,The layer contains an MDTA layer for attention and a Conv layer for channel reduction.,cbd0f98041b34ee1b65d32f34c6f6187
channel attention layer,conv layer,The layer concatenates features and applies a Conv layer after MDTA for feature transformation.,cbd0f98041b34ee1b65d32f34c6f6187
prediction layer,fcva,The prediction layer, with Conv layers, takes fCVA as input to generate the predicted background image.,cbd0f98041b34ee1b65d32f34c6f6187
cross-view attention-based fusion (cva),mutual window attention (mwa),CVA consists of two MWA modules for feature exchange.,cbd0f98041b34ee1b65d32f34c6f6187
cva,non-overlapping sliding window,CVA operates on dense groups with non-overlapping windows of length Wdense.,cbd0f98041b34ee1b65d32f34c6f6187
sliding window,image-like representations,Accumulated spikes in each window are transformed into image-like representations.,cbd0f98041b34ee1b65d32f34c6f6187
cumulated sc,wdense/waux image-like representations,Sc is transformed into these representations after accumulating along the time axis.,c58c7c3a3a3b4635af0871f3c5d365b6
wdense/waux image-like representations,r+,After ReprDW, Saux+ is transformed into R+.,c58c7c3a3a3b4635af0871f3c5d365b6
wdense/waux image-like representations,r-,Similarly, Saux- is transformed into R-.,c58c7c3a3a3b4635af0871f3c5d365b6
reprdw,saux+ and saux-,ReprDW processes Saux+ and Saux- separately.,c58c7c3a3a3b4635af0871f3c5d365b6
deocc extracter,m enc−dec,The DeOcc Extracter is a U-shape network (M enc−dec).,c58c7c3a3a3b4635af0871f3c5d365b6
features f+, f−,fm enc−dec+/−,Features f+ and f- are obtained from M enc−dec.,c58c7c3a3a3b4635af0871f3c5d365b6
spikes in sc,rlong,For Sc, a long window representation (Rlong) is used due to longer time intervals.,c58c7c3a3a3b4635af0871f3c5d365b6
reprlw,blurred effect,ReprLW creates a blurred effect from Sc's spikes.,c58c7c3a3a3b4635af0871f3c5d365b6
rc,feature f long,The U-shape feature extractor M enc−dec receives Rc and outputs feature f long.,c58c7c3a3a3b4635af0871f3c5d365b6
f long,essential structural information,Despite motion blur, f long retains structural information.,c58c7c3a3a3b4635af0871f3c5d365b6
motion blur,structural information,motion blur is present in 'f long', which implies that despite its presence, structural information is still useful for reconstruction.,0ac441b55ae5424ea150f02e93561162
representation rdense,continuous view changes,Rdense is generated from Sc with residual Conv layers M res to capture effective features from dense viewpoints that accommodate continuous view changes.,0ac441b55ae5424ea150f02e93561162
residual conv layers m res,effective features f dense,M res is used to ensemble effective features f dense, indicating that these layers contribute to dense viewpoint processing.,0ac441b55ae5424ea150f02e93561162
s-occ dataset,training and network implementation details,The supplementary file contains detailed information about the S-OCC dataset, including training procedures and network implementation specifics.,0ac441b55ae5424ea150f02e93561162
u-shaped feature extractor,baseline,The U-shaped feature extractor serves as a baseline in the comparison, with 1 output channel.,0ac441b55ae5424ea150f02e93561162
deoccnet (wang et al. 2020),image domain,DeOccNet is a model known for good performance in the image domain, and it is compared against SpkOccNet.,0ac441b55ae5424ea150f02e93561162
smid (sc),accumulated grayscale images,Smid is a part of Sc that is processed to create three grayscale images resembling those from a camera with a short exposure time.,0ac441b55ae5424ea150f02e93561162
grayscale images,sequence captured by a camera,grayscale images are similar to sequences captured with an exposure time of 15ms and a frame rate close to 25 fps.,70ed066dc373448e81f72979bbfc356d
exposure time of 15ms,frame rate,The sequence is captured with an exposure time of 15ms and a frame rate near 25fps, indicating a temporal relationship.,70ed066dc373448e81f72979bbfc356d
model e-sai,event cameras,E-SAI is based on event cameras and uses a hybrid SNN-CNN model.,70ed066dc373448e81f72979bbfc356d
spike s,30 dense windows,Spike S is split into 30 dense windows as input for the E-SAI model.,70ed066dc373448e81f72979bbfc356d
spkoccnet,deoccnet,SpkOccNet outperforms DeOccNet in terms of PSNR and SSIM, with a significant improvement of 1.76dB.,70ed066dc373448e81f72979bbfc356d
spkoccnet,e-sai method,SpkOccNet has a higher PSNR (26.83dB) than the E-SAI method, by 1.32dB, showing better performance.,70ed066dc373448e81f72979bbfc356d
spkoccnet,parameter size,SpkOccNet has a much smaller parameter size (4.9M) compared to DeOccNet (39.04M) and E-SAI (18.59M).,70ed066dc373448e81f72979bbfc356d
fence occlusion scenario,extensive occlusions,The 'Fence' scenario poses significant challenges due to extensive occlusions.,70ed066dc373448e81f72979bbfc356d
fabric net occlusion scenario,densely-packed and irregular occlusions,The 'Fabric Net' scenario presents challenges with densely-packed and irregular occlusions.,70ed066dc373448e81f72979bbfc356d
fabric net,occlusions,The context explains that the 'Fabric Net' is a method that deals with occlusions, specifically stating that it poses substantial challenges due to densely-packed and irregular occlusions.,c1e00af892f94f708605626f88e730ca
our method,higher-quality image reconstructions,Our method is compared favorably, achieving higher-quality image reconstructions with clearer background textures and better handling of illumination changes caused by occlusions.,c1e00af892f94f708605626f88e730ca
our method,e-sai (2021),Our method is contrasted with E-SAI (2021), suggesting that ours outperforms it in image reconstruction quality and dealing with occlusions.,c1e00af892f94f708605626f88e730ca
our method,deoccnet (2020),Both Our method and DeOccNet (2020) are mentioned as competitors, with Our method being better at removing severe occlusions.,c1e00af892f94f708605626f88e730ca
deoccnet (2020),e-sai (2021),DeOccNet (2020) is compared to E-SAI (2021), with E-SAI's results described as blurry and prone to under/overexposure issues.,c1e00af892f94f708605626f88e730ca
deoccnet (2020),spkoccnet,Both DeOccNet (2020) and SpkOccNet are methods being compared in the context, showing that SpkOccNet is also a competitor.,c1e00af892f94f708605626f88e730ca
e-sai (2021),blurry image reconstructions,E-SAI's main drawback is that its reconstructed images appear blurry.,c1e00af892f94f708605626f88e730ca
total,comparison of various de-occlusion methods,A comparison is made among multiple de-occlusion methods, including the listed ones, on the S-OCC dataset.,c1e00af892f94f708605626f88e730ca
baseline u-net,other methods,Baseline U-Net serves as a reference or baseline for comparing the performance of the discussed de-occlusion methods.,c1e00af892f94f708605626f88e730ca
ablation study,proposed modules in spkoccnet,An ablation study is conducted to evaluate the effectiveness of the modules introduced in the SpkOccNet method.,c1e00af892f94f708605626f88e730ca
proposed modules,spkoccnet,The context discusses the proposed modules within the context of SpkOccNet.,e10def41744e4a5eac3c528a4abeee3f
ablation experiments,tab.2,These experiments are presented in Table 2.,e10def41744e4a5eac3c528a4abeee3f
lsw,row 1-3,The LSW's effectiveness is tested in Rows 1, 2, and 3.,e10def41744e4a5eac3c528a4abeee3f
rlong, r+, r−,m enc−dec,Row 1 demonstrates the use of these representations in the M enc-dec module.,e10def41744e4a5eac3c528a4abeee3f
dense representation,rdense,Row 2 focuses on the dense representation Rdense.,e10def41744e4a5eac3c528a4abeee3f
temporally dense viewpoint information,performance enhancement,Row 1 and 3 show that dense spike representation enhances performance by preserving viewpoint information.,e10def41744e4a5eac3c528a4abeee3f
viewpoints at both ends,longer time window representation,Rows 2 and 3 compare the impact of these viewpoint representations.,e10def41744e4a5eac3c528a4abeee3f
cva,row 3 and row 4,CVA's effectiveness is validated in Rows 3 and 4, particularly with the MMVA.,e10def41744e4a5eac3c528a4abeee3f
mmva,feature fusion,Row 4 uses the proposed MMVA for feature fusion in CVA.,e10def41744e4a5eac3c528a4abeee3f
input length of spikes,psnr ↑,Ablation on input length is studied in Table 3, with PSNR as the evaluation metric.,e10def41744e4a5eac3c528a4abeee3f
images as input,comparison,Row 3 and 4 also compare the performance with using images as input.,e10def41744e4a5eac3c528a4abeee3f
dense window representations,fig. 7,Visual examples of dense window representations are shown in Figure 7.,e10def41744e4a5eac3c528a4abeee3f
dense window representations,occluded viewpoints,The dense window representations, Saux+ and Saux-, capture complementary information from occluded viewpoints.,93574ef9f5304daab58a32b23e87c42f
rc (long window representation of sc),blurred texture,Rc simulates the overall blurred texture, similar to a 'long exposure' effect.,93574ef9f5304daab58a32b23e87c42f
input spike length,viewpoint changes,The input spike length represents the extent of viewpoint changes during camera motion.,93574ef9f5304daab58a32b23e87c42f
spike cameras,frame-based cameras,Spike cameras are contrasted against frame-based cameras, demonstrating the benefits of viewpoint continuity.,93574ef9f5304daab58a32b23e87c42f
spkoccnet,viewpoint integration,SpkOccNet integrates information from different viewpoints.,93574ef9f5304daab58a32b23e87c42f
mutual attention,effective fusion and refinement,Mutual attention is employed for effective fusion and refinement of information.,93574ef9f5304daab58a32b23e87c42f
s-occ dataset,real-world spike-based dataset for occlusion removal,We contribute the first real-world spike-based dataset, S-OCC, specifically designed for occlusion removal tasks.,93574ef9f5304daab58a32b23e87c42f
psnr,background reconstruction,As input length increases, PSNR improves, indicating the influence of viewpoint changes on background reconstruction.,93574ef9f5304daab58a32b23e87c42f
spike-based dataset,occlusion removal,S-OCC is a real-world dataset specifically designed for the task of occlusion removal within the context of effective fusion and refinement.,1cd1e20bfc124aba8969104affa24ae3
algorithm,occlusion removal results,The algorithm achieves impressive occlusion removal by using a single camera with fast motion.,1cd1e20bfc124aba8969104affa24ae3
single camera,fast motion,The algorithm's success relies on the ability to handle occlusions using only a camera that captures rapid movement.,1cd1e20bfc124aba8969104affa24ae3
national natural science foundation of china,financial support,This work received funding from the Chinese research foundation, indicating its sponsorship for the project.,1cd1e20bfc124aba8969104affa24ae3
china postdoctoral science foundation,financial support,Additional financial support came from the China Postdoctoral Science Foundation, highlighting their contribution to the research.,1cd1e20bfc124aba8969104affa24ae3
