node_1,node_2,edge,chunk_id
facial expression recognition (fer),basic classes,FER models are trained on datasets with a fixed number of seven basic classes.,10d8e3b36a3f46df9a09c9c5ce24e721
recent research works (cowen et al. 2021; bryant et al. 2022; kollias 2023),compound expressions,These works point out that there are far more expressions than the basic ones, including compound expressions.,10d8e3b36a3f46df9a09c9c5ce24e721
open-set fer task,existing open-set recognition methods,We propose the open-set FER task, arguing that current open-set recognition methods don't work well for FER due to small inter-class distances.,10d8e3b36a3f46df9a09c9c5ce24e721
open-set fer,small inter-class distance,The challenge in open-set FER is the very small distance between classes, making open-set samples similar to close-set ones.,10d8e3b36a3f46df9a09c9c5ce24e721
pseudo labels,open-set samples,We propose to view the sparsely distributed pseudo labels of open-set samples as symmetric noisy labels.,10d8e3b36a3f46df9a09c9c5ce24e721
attention map consistency,cycle training,Our method incorporates attention map consistency and cycle training to detect open-set samples.,10d8e3b36a3f46df9a09c9c5ce24e721
proposed method,state-of-the-art open-set fer methods,Experiments show that our method outperforms existing approaches on various FER datasets.,10d8e3b36a3f46df9a09c9c5ce24e721
human facial expression recognition (fer),existing fer models,relation: Task or application - FER models are used in understanding human feelings.,02fea92a27b84f0faaf5027cd2b045d2
state-of-the-art open-set recognition methods,close-set fer models,comparison: Comparison - Close-set models are unreliable for unknown expressions compared to open-set methods.,02fea92a27b84f0faaf5027cd2b045d2
basic classes (in fer),new unknown expressions,contrast: Limitation - Close-set models struggle with classifying unseen expressions not in the basic set.,02fea92a27b84f0faaf5027cd2b045d2
dias (sota open-set recognition method),performance degradation,effect: Performance drop - DIAS' performance on FER drops from 0.850 to 0.714 due to similarity between open-set and close-set samples.,02fea92a27b84f0faaf5027cd2b045d2
clip (extracted features),cifar-10, raf-db,dataset: Used for showing feature extraction - CLIP is applied to these image datasets.,02fea92a27b84f0faaf5027cd2b045d2
real-world deployments,open-set recognition,context: Importance - Open-set recognition is crucial for real-world applications where new expressions may arise.,02fea92a27b84f0faaf5027cd2b045d2
open-set recognition method,dias,The context mentions that our method outperforms DIAS by a large margin, indicating a comparison or improvement relation.,85939ecb3bf24014a9271ecc7fbbdbc3
open-set fer,closed-set fer,These terms are contrasted, suggesting that open-set FER aims to maintain accuracy in the closed-set scenario while detecting unknown classes.,85939ecb3bf24014a9271ecc7fbbdbc3
open-set fer,overconfidence problem,Open-set FER is mentioned as a challenge due to the overconfidence issue in deep learning models.,85939ecb3bf24014a9271ecc7fbbdbc3
deep learning models,small inter-class distances,The small inter-class distances in FER data are stated as a factor that degrades the performance of existing open-set recognition methods.,85939ecb3bf24014a9271ecc7fbbdbc3
existing open-set recognition methods,proposed method,Our method is introduced as a novel approach to address the challenges faced by existing methods in open-set FER.,85939ecb3bf24014a9271ecc7fbbdbc3
noisy labels,open-set recognition,The context discusses the difficulty in detecting noisy labels in open-set recognition, where mislabeled samples cause problems.,3db448084d17435e9515f480c7c0a654
cifar-10,open-set fer task,CIFAR-10 is mentioned as an example of a dataset where open-set face expression recognition (FER) is challenging due to noisy labels.,3db448084d17435e9515f480c7c0a654
open-set fer,noisy label detection,The author converts open-set FER into a noisy label detection problem, suggesting a novel approach.,3db448084d17435e9515f480c7c0a654
softmax scores,overconfidence,Softmax scores are used to detect open-set samples, but they tend to be overconfident in their predictions.,3db448084d17435e9515f480c7c0a654
pseudo labels,close-set trained fer model,A close-set FER model generates pseudo labels for test samples, which are then used in cycle training.,3db448084d17435e9515f480c7c0a654
cycle training,cyclically set learning rate,Inspired by Huang et al. (2019), cycle training involves using a changing learning rate during the iterative process.,3db448084d17435e9515f480c7c0a654
attention map consistency,preventing memorization of wrong labels,Attention map consistency is employed to mitigate the model from relying on incorrect pseudo labels for open-set samples.,3db448084d17435e9515f480c7c0a654
loss values,bimodal distribution,After training, the loss values exhibit a bimodal pattern, indicating separation between close-set and open-set samples.,3db448084d17435e9515f480c7c0a654
open-set samples,close-set samples,These two types of samples are contrasted; open-set samples have smaller (larger) loss values compared to close-set samples.,457404690087408fbb806abf26af0c37
our proposed method,state-of-the-art open-set recognition methods,Our method is compared to existing methods on open-set FER datasets, showing improved performance.,457404690087408fbb806abf26af0c37
open-set fer,cifar-10 dataset,The motivation is illustrated by comparing the close-set model's prediction behavior on CIFAR-10, where unknown samples are predicted into the closest known class.,457404690087408fbb806abf26af0c37
open-set fer,fer (facial expression recognition) dataset,In FER, the close-set model predicts unknown samples to all known classes due to the nature of human faces being a more challenging open-set scenario.,457404690087408fbb806abf26af0c37
symmetric noisy label,easy label noise,This term is mentioned in the context of the close-set FER model's prediction, suggesting that FER data can exhibit a type of noise common in the noisy label field.,457404690087408fbb806abf26af0c37
pseudo labels,learned features,Experiments include providing visualization of pseudo labels and learned features to better understand the method.,457404690087408fbb806abf26af0c37
online prediction ability,re-training,The method showcases its capability to make predictions for new samples without needing to retrain.,457404690087408fbb806abf26af0c37
facial expression recognition,open-set recognition,The context discusses that existing open-set recognition methods are not effective for facial expression recognition (FER), specifically under the challenge of small inter-class distance in FER data.,05073d93549c4553a74950f72eec7916
open-set fer,noisy label detection,The text mentions that the task of open-set FER is transformed into noisy label detection for the first time, addressing the issue of distinguishing close-set and open-set samples.,05073d93549c4553a74950f72eec7916
facial expression recognition (fer),human-computer interaction,FER is crucial for enhancing human-computer interaction, which indicates a broader application area.,05073d93549c4553a74950f72eec7916
crowd-sourcing,simulating human expression recognition,Li et al. (2017) used crowd-sourcing as a technique to improve FER performance, simulating human expression recognition capabilities.,05073d93549c4553a74950f72eec7916
center loss variant,maximizing intra-class similarity,Farzaneh and Qi (2021) proposed a method that enhances intra-class similarity and inter-class separation.,05073d93549c4553a74950f72eec7916
expression-relevant information decomposition,acquiring expression features,Ruan et al. (2021) acquired expression-related information during feature decomposition for improved FER.,05073d93549c4553a74950f72eec7916
relative comparison training,training fer models,Zhang et al. (2021) employed a training approach based on relative comparisons for FER models.,05073d93549c4553a74950f72eec7916
sota open-set recognition methods,outperformed by our method,Experiments show that the proposed method significantly outperforms state-of-the-art (SOTA) open-set recognition methods on various datasets.,05073d93549c4553a74950f72eec7916
wang, and deng 2021 method,fer models,The context describes a method proposed by Wang and Deng (2021) for training FER models using relative comparison.,549a879d43594eefb3880618bea99455
close-set datasets,fer methods,These FER methods are evaluated on close-set datasets, which limit their performance on open-set data.,549a879d43594eefb3880618bea99455
open-set data,fer methods,The context highlights the methods' inability to handle open-set data, where they produce unreliable predictions.,549a879d43594eefb3880618bea99455
figure 3 pipeline,cyclic training,The figure illustrates the process of cyclically training two FER models with pseudo labels and attention map consistency loss.,549a879d43594eefb3880618bea99455
close-set model,pseudo labels,The trained close-set model generates pseudo labels for both close-set and open-set samples.,549a879d43594eefb3880618bea99455
pseudo labels,cyclic training,Models are trained from scratch using these noisy pseudo labels, with one model selecting clean samples for the other.,549a879d43594eefb3880618bea99455
attention map consistency loss,model memorization prevention,This loss helps prevent the model from simply memorizing the noisy close-set labels.,549a879d43594eefb3880618bea99455
cyclical learning rate,ensemble of models,Cyclical learning rates are used to improve separation between close-set and open-set samples in the ensemble.,549a879d43594eefb3880618bea99455
classification loss,open-set samples,Open-set samples have large classification loss, distinguishing them from close-set ones with smaller losses.,549a879d43594eefb3880618bea99455
discriminative models,open-set recognition methods,Discriminative models, including K+1 way classifiers, are a main approach in open-set recognition.,549a879d43594eefb3880618bea99455
k+1 way classifier,open-set recognition,These classifiers aim to distinguish between close-set and open-set data.,549a879d43594eefb3880618bea99455
bendale and boult (2016),soft replacement approach,Bendale et al.'s work involves a soft replacement technique for open-set recognition.,549a879d43594eefb3880618bea99455
symmetric noisy labels,asymmetric noisy labels,Symmetric noisy labels are compared to asymmetric ones, stating that the former are easier to detect because they distribute to similar classes.,61f262dd7245426b9d96bc1355150618
symmetric noisy labels,pseudo labels in cifar-10,Symmetric noisy labels are likened to pseudo labels in CIFAR-10, implying they share a similar challenge.,61f262dd7245426b9d96bc1355150618
open-set fer,noisy label detection,The context discusses transforming open-set FER into noisy label detection problem.,61f262dd7245426b9d96bc1355150618
pre-trained close-set fer model (fclose),close-set pseudo labels,fclose is used to generate pseudo labels for the input test set containing both close-set and open-set samples.,61f262dd7245426b9d96bc1355150618
f1 and f2 (fer models),close-set pseudo labels,Models f1 and f2 are trained from scratch using the generated close-set pseudo labels.,61f262dd7245426b9d96bc1355150618
random erasing,attention map consistency,Both techniques are employed in the training process to prevent memorization of wrong pseudo labels.,61f262dd7245426b9d96bc1355150618
attention map,cam (class activation mapping),Attention maps are computed using weights from the FC layer and features from the last convolution layer, inspired by CAM.,61f262dd7245426b9d96bc1355150618
training,models,Models are trained using clean samples.,155995c228cd4227bb495899da72cf2d
open-set samples,classification loss values,Open-set samples have large classification loss values compared to close-set samples.,155995c228cd4227bb495899da72cf2d
novelty and contribution,new fer task,The main novelty is introducing a new facial expression recognition (FER) task.,155995c228cd4227bb495899da72cf2d
new fer task,previous works,The task is based on recent works by Cowen et al., Bryant et al., and Kollias.,155995c228cd4227bb495899da72cf2d
existing sota methods,performance under open-set fer,Existing methods do not perform well specifically for open-set FER.,155995c228cd4227bb495899da72cf2d
pseudo labels,symmetric noisy labels,Pseudo labels of open-set FER samples are discovered to be similar to symmetric noisy labels.,155995c228cd4227bb495899da72cf2d
new pipeline,attention map consistency,A new pipeline is designed, incorporating attention map consistency as a part of the approach.,155995c228cd4227bb495899da72cf2d
cycle training,open-set recognition,Cycle training is used to address open-set recognition from a noisy label detection perspective.,155995c228cd4227bb495899da72cf2d
approach,sota open-set recognition methods,The proposed approach significantly outperforms state-of-the-art (SOTA) open-set recognition methods.,155995c228cd4227bb495899da72cf2d
experiments,datasets,Experiments are conducted using datasets like RAF-DB.,155995c228cd4227bb495899da72cf2d
raf-db,li, deng, and du (2017),RAF-DB is an annotated dataset for facial expressions, created by Li, Deng, and Du.,155995c228cd4227bb495899da72cf2d
raf-db,li, deng, and du (2017),RAF-DB is annotated by Li, Deng, and Du in 2017, containing 12,271 training and 3,068 test images.,651f4616cef94ee4954b5e4ccaa7353d
ferplus,barsoum et al. (2016),FERPlus is an extension of FER2013, with 28,709 training and 3,589 test images collected through Google search.,651f4616cef94ee4954b5e4ccaa7353d
fer2013,goodfellow et al. (2013),FER2013 is the source of FERPlus, containing images used for training.,651f4616cef94ee4954b5e4ccaa7353d
affectnet,mollahosseini, hasani, and mahoor (2017),AffectNet is a large-scale FER dataset with eight expressions, having 286,564 training and 4,000 test images.,651f4616cef94ee4954b5e4ccaa7353d
open-set recognition setting,geng, huang, and chen (2020),The open-set recognition setting follows Geng, Huang, and Chen's work.,651f4616cef94ee4954b5e4ccaa7353d
close-set samples,open-set samples,Close-set and open-set samples are distinguished in the experiment, with open-set samples being semantically different but without domain gap.,651f4616cef94ee4954b5e4ccaa7353d
resnet-18,backbone,ResNet-18 is utilized as the backbone for the model.,651f4616cef94ee4954b5e4ccaa7353d
learning rate,η,Learning rate is set to 0.0002 for training.,651f4616cef94ee4954b5e4ccaa7353d
adam optimizer,kingma and ba (2014),Adam optimizer with weight decay of 0.0001 is used.,651f4616cef94ee4954b5e4ccaa7353d
tmax,max training epoch,The maximum training epoch is set to 40.,651f4616cef94ee4954b5e4ccaa7353d
baseline,raf-db dataset,The context mentions that the baseline's performance on the RAF-DB dataset is 0.497.,73aa567d43714828bf64c6d1b613e993
auroc,random guess,AUROC is mentioned to be similar to a random guess, implying a low performance.,73aa567d43714828bf64c6d1b613e993
open-set auroc,fpr@tpr95,Both are used as evaluation metrics, with a lower FPR@TPR95 being better.,73aa567d43714828bf64c6d1b613e993
state-of-the-art open-set recognition methods,open-set fer,The context compares the performance of these methods on open-set FER tasks.,73aa567d43714828bf64c6d1b613e993
pros,ours,PROS is an abbreviation for 'PROSER' and our method significantly outperforms it.,73aa567d43714828bf64c6d1b613e993
one-class open-set fer,evaluation metrics (auroc, fpr@tpr95),These metrics are used to evaluate the performance of one-class open-set FER.,73aa567d43714828bf64c6d1b613e993
expression classes,open-set classes (e.g., surprise, fear, etc.),The table lists various expression classes considered as open-set classes.,73aa567d43714828bf64c6d1b613e993
raf-db,ferplus,Both are datasets used for evaluating open-set FER methods, with 'R' representing RAF-DB and 'F' representing FERPlus.,73aa567d43714828bf64c6d1b613e993
dias (generative),proser (discriminative),DIAS and PROSER are compared as open-set recognition methods in the context, with DIAS performing better but still having significant overlap.,dd778f852cf84d15859b399112d89d99
dias (generative),baseline,DIAS is mentioned to perform better than the baseline in open-set recognition.,dd778f852cf84d15859b399112d89d99
our method,open-set fer,Our method is specifically designed for open-set facial expression recognition, differentiating itself from other approaches.,dd778f852cf84d15859b399112d89d99
our method,close-set and open-set samples,Our method effectively separates close-set and open-set samples, using a unique noisy label detection perspective.,dd778f852cf84d15859b399112d89d99
attention map consistency (attention),overconfidence problem,Attention map consistency helps mitigate the overconfidence issue by preventing the FER model from memorizing incorrect pseudo labels.,dd778f852cf84d15859b399112d89d99
cycle learning rate (lr),ensemble to detect wrong pseudo labels,Cycle learning rate improves performance by cycling the learning rate to help identify and correct false pseudo labels.,dd778f852cf84d15859b399112d89d99
cycle training,better performance,Cycle training involves two FER models teaching each other, leading to improved overall performance.,dd778f852cf84d15859b399112d89d99
weight of consistency loss,hyperparameter,The consistency loss weight is a key hyperparameter in our method.,dd778f852cf84d15859b399112d89d99
training epoch number,hyperparameter,The number of training epochs is another important hyperparameter for our approach.,dd778f852cf84d15859b399112d89d99
raf-db,ablation study,RAF-DB is used for the ablation study to evaluate the effectiveness of individual modules in the method.,dd778f852cf84d15859b399112d89d99
surprise,open-set class,Surprise is designated as the open-set class for the ablation study.,dd778f852cf84d15859b399112d89d99
good performance,method,The context describes the good performance of 'our method', indicating a positive evaluation.,bf2bbcf0ebda446a879b24639a24c338
hyperparameters,weight of consistency loss,The method has two main hyperparameters, with the weight of consistency loss being one of them.,bf2bbcf0ebda446a879b24639a24c338
hyperparameters,training epoch number,The other hyperparameter is the training epoch number, which also affects the method's performance.,bf2bbcf0ebda446a879b24639a24c338
auroc,sensitivity,The method is not very sensitive to the hyperparameters, as indicated by the AUROC being stable across different values.,bf2bbcf0ebda446a879b24639a24c338
confidence scores,open-set fer,Confidence scores are used to separate open-set and close-set FER data.,bf2bbcf0ebda446a879b24639a24c338
online version,re-training,The online version does not require re-training when encountering new open-set data, making it more efficient.,bf2bbcf0ebda446a879b24639a24c338
mean auroc,state-of-the-art open-set recognition,The online version's AUROC of 0.883 outperforms other methods, whose best AUROC is 0.749.,bf2bbcf0ebda446a879b24639a24c338
