node_1,node_2,edge,chunk_id
biologically inspired design,problem-solving methodology,BID is a problem-solving methodology that applies analogies from nature to solve engineering challenges.,a638e0eef57349bca57d00526fe59a2e
speedo engineers,shark skin,Speedo engineers designed swimsuits based on shark skin.,a638e0eef57349bca57d00526fe59a2e
existing bid datasets,hand-curated and small,Existing BID datasets are hand-curated and small.,a638e0eef57349bca57d00526fe59a2e
barcode,search engine,We introduce BARCODE (Biological Analogy Retriever), a search engine for automatically mining bio-inspirations from the web at scale.,a638e0eef57349bca57d00526fe59a2e
natural language understanding and data programming,barcode,Using advances in natural language understanding and data programming, BARCODE identifies potential inspirations for engineering challenges.,a638e0eef57349bca57d00526fe59a2e
engineers and designers,real-world problems,BARCODE identifies potential inspirations for engineering challenges that are valuable to engineers and designers tackling real-world problems.,a638e0eef57349bca57d00526fe59a2e
famous historical bid examples,barcode,BARCODE can retrieve inspirations that are valuable to engineers and designers tackling real-world problems, as well as recover famous historical BID examples.,a638e0eef57349bca57d00526fe59a2e
engineering innovation,bid,We view BARCODE as a step towards addressing the challenges that have historically hindered the practical application of BID to engineering innovation.,a638e0eef57349bca57d00526fe59a2e
nature,source of inspiration,Nature is a rich source of inspiration for creative problem-solving.,a638e0eef57349bca57d00526fe59a2e
bullet train's sonic boom problem,kingfishers,Engineers addressing the bullet train’s sonic boom problem drew inspiration from kingfishers, who dive without splashing water (Linic et al. 2021).,a638e0eef57349bca57d00526fe59a2e
sonic boom problem,kingfishers,The sonic boom problem was inspired by kingfishers who dive without splashing water.,30e87ee2fd6542629993f5331d57ae5d
train's front,kingfisher’s beak,The train's front was redesigned after a kingfisher's beak to reduce booms and improve speed while conserving energy.,30e87ee2fd6542629993f5331d57ae5d
biologically inspired design,design approach,Biologically Inspired Design (BID), or biomimicry, is a design approach that derives solutions by drawing analogies to nature’s strategies and systems.,30e87ee2fd6542629993f5331d57ae5d
biologically inspired design,analogies from biology,Analogies from biology are often used in Biologically Inspired Design (BID) and rely on serendipity.,30e87ee2fd6542629993f5331d57ae5d
engineers,amateur birdwatcher,One of the engineers involved in the bullet train case was an amateur birdwatcher.,30e87ee2fd6542629993f5331d57ae5d
biological knowledge,bio-inspirational information,While biological knowledge is abundant, bio-inspirational information is scarce.,30e87ee2fd6542629993f5331d57ae5d
potential inspirations,design problems,Only 3.36% of potential inspirations from a sample of 3416 provided insights for design problems.,30e87ee2fd6542629993f5331d57ae5d
hand-curated databases,biologically inspired design,Several hand-curated databases of Biologically Inspired Design (BID) exist.,30e87ee2fd6542629993f5331d57ae5d
insights,design problems,related concepts mentioned in the same sentence,8cacee6aea184d979a80ef06b4832844
hand-curated databases,bid,related concepts mentioned in the same sentence,8cacee6aea184d979a80ef06b4832844
asknature,online dataset,related concepts mentioned in the same sentence,8cacee6aea184d979a80ef06b4832844
biological phenomena,functional keywords,related concepts mentioned in the same sentence,8cacee6aea184d979a80ef06b4832844
dane,biological descriptions,related concepts mentioned in the same sentence,8cacee6aea184d979a80ef06b4832844
hand-curation,databases,related concepts mentioned in the same sentence,8cacee6aea184d979a80ef06b4832844
automatic methods,expand coverage,related concepts mentioned in the same sentence,8cacee6aea184d979a80ef06b4832844
zhao et al.,crowdsourcing annotations,related concepts mentioned in the same sentence,8cacee6aea184d979a80ef06b4832844
scientific articles,biomimicry-related content,related concepts mentioned in the same sentence,8cacee6aea184d979a80ef06b4832844
supervised learning approach,classifying scientific articles,related concepts mentioned in the same sentence,8cacee6aea184d979a80ef06b4832844
hard-coded rules,bio-inspiration,related concepts mentioned in the same sentence,8cacee6aea184d979a80ef06b4832844
causal-function verbs,query,related concepts mentioned in the same sentence,8cacee6aea184d979a80ef06b4832844
barcode,biological anal,related concepts mentioned in the same sentence,8cacee6aea184d979a80ef06b4832844
barcode,biological analogy retriever,Introduction of BARCODE, a scalable and automatic end-to-end system for mining bio-inspiration from unstructured data written in natural language,8f3034f43d4f40eebfac1c8780362b85
mining functional aspects,search and discovery of products,Recent work in analogy mining has shown how mining functional aspects such as the purposes and mechanisms of products can support the search and discovery of products that match on an abstract level,8f3034f43d4f40eebfac1c8780362b85
natural language understanding,data programming,Incorporation of recent advances in natural language understanding and data programming to extract functional aspects relevant to the settings,8f3034f43d4f40eebfac1c8780362b85
barcode,bio-inspirations for human design problems,Demonstration of how BARCODE can retrieve valuable bio-inspirations for human design problems, both in a retrieval experiment and with real experts looking for inspiration to solve their own research problems,8f3034f43d4f40eebfac1c8780362b85
bio-inspiration module,large corpus of biological documents,The bio-inspiration module, powered by Snorkel, processes a large corpus of biological documents, like Wikipedia, and generates a bio-inspiration score for each sentence in the corpus,8f3034f43d4f40eebfac1c8780362b85
bio-inspiration score,likelihood that the sentence describes a biological solution to a problem,The score measures the likelihood that the sentence describes a biological solution to a problem and is generated using linguistic labeling functions and external data sources like patent database,8f3034f43d4f40eebfac1c8780362b85
query-relevance module,low-scoring sentences,The query-relevance module then filters low-scoring sentences and, given a query, returns a ranked list of length k of relevant candidate sentences sorted by their relevance to the query,8f3034f43d4f40eebfac1c8780362b85
experts,research problems,experts are looking for inspiration to solve their own research problems,4d7018ddde2c433799cbbd7eb36a2445
barcode,historical biomimicry examples,BARCODE can recover famous historical biomimicry examples,4d7018ddde2c433799cbbd7eb36a2445
data,code,We release data and code at https://github.com/emunatool/BARcode-BioInspired-Search,4d7018ddde2c433799cbbd7eb36a2445
barcode,bio-inspiration datasets,BARCODE will help to scale existing bio-inspiration datasets (e.g., AskNature),4d7018ddde2c433799cbbd7eb36a2445
designers,engineers,BARCODE will aid designers and engineers in addressing real-world problems,4d7018ddde2c433799cbbd7eb36a2445
corpus of documents d,query q,Given a corpus of documents D written in a natural language and a query q describing a challenge (e.g., “collect water from humid air”), our goal is to return a ranked list of sentences from the corpus containing possible sources of inspiration,4d7018ddde2c433799cbbd7eb36a2445
sentence,possible sources of inspiration,we are looking for sentences describing an organism facing a similar challenge, and potentially the strategy it uses to overcome it,4d7018ddde2c433799cbbd7eb36a2445
desert plants,oily coating,The sentence “Desert plants have an oily coating on their leaves or pads that traps moisture, thereby reducing water loss” includes a challenge (trapping moisture/reducing water loss) and hints at a strategy (oily coating),4d7018ddde2c433799cbbd7eb36a2445
recent work,analogy mining,We are inspired by a recent work in analogy mining,4d7018ddde2c433799cbbd7eb36a2445
functional aspects,search for analogous products,mining functional aspects (such as the purposes and mechanisms of products) can support the search for analogous products that match on an abstract level (Hope et al. 2022),4d7018ddde2c433799cbbd7eb36a2445
barcode,corpus,BARCODE can work with any corpus containing biolog-,4d7018ddde2c433799cbbd7eb36a2445
challenge,strategy,The focus of the paper is on challenge and strategy in working with the BARCODE algorithm.,e62ec92edc7942529cd9bbe13627c275
barcode,corpus,BARCODE can work with any corpus containing biological knowledge. For this paper, we focus on Wikipedia because of its accessibility and broad coverage of diverse biological topics.,e62ec92edc7942529cd9bbe13627c275
corpus,sentences,The corpus contains 780,949 sentences, collected from 27,640 articles listed under the category “Articles with ’species’ microformats”.,e62ec92edc7942529cd9bbe13627c275
algorithm,phases,Our algorithm consists of two phases: First, an optional speedup phase to identify sentences that are likely to contain a challenge an organism faces (and potentially a coping strategy). Next, we match and rank the most relevant sentences to q.,e62ec92edc7942529cd9bbe13627c275
sentences,challenge,Our goal is to identify the most relevant sentences that would provide useful bio-inspiration for addressing the user’s challenge.,e62ec92edc7942529cd9bbe13627c275
sentences,candidate phrases,As sentences from the corpus can be long and convoluted, we start by extracting candidate phrases from the sentences in the form of verb-object pairs (e.g., “trap moisture”).,e62ec92edc7942529cd9bbe13627c275
candidate phrases,srl,To extract verb-object pairs, we use two complementary techniques. The first technique employs Semantic Role Labeling (SRL) (Gildea,e62ec92edc7942529cd9bbe13627c275
semantic role labeling,qa-srl,The first technique employs Semantic Role Labeling (SRL) (Gildea and Jurafsky 2002), specifically we use QA-SRL (FitzGer-ald et al. 2018).,51611a079cdf48ca8c581030b7a82fd2
organism,sentence,We use two complementary techniques.,51611a079cdf48ca8c581030b7a82fd2
ctenophora,barychelidae,,51611a079cdf48ca8c581030b7a82fd2
pelican,cephalopod,The air sacs serve to keep the pelican remarkably buoyant in the water and may also cushion the impact of the pelican’s body on the water surface when they dive from flight into water to catch fish. Other cephalopods use ammonium in a similar way, storing the ions as ammonium chloride to reduce their overall density and increase buoyancy.,51611a079cdf48ca8c581030b7a82fd2
stenocara,yucca,,51611a079cdf48ca8c581030b7a82fd2
kangaroo rat,prevent sinking,If they enter less dense brackish water, the ciliary rosettes in the body cavity may pump this into the mesoglea to increase its bulk and decrease its density, to avoid sinking. Others can avoid drowning by trapping air bubbles within the hairs covering their bodies.,51611a079cdf48ca8c581030b7a82fd2
beetle,collect water from humid air,Facing into the breeze, with its body angled at 45 degrees, the beetle catches.,51611a079cdf48ca8c581030b7a82fd2
fog droplets,wings,fog droplets are on the hardened wings,1f66849e2f4b4a37ace310764a4ec431
desert plants,oily coating,desert plants have an oily coating on their leaves or pads,1f66849e2f4b4a37ace310764a4ec431
oily coating,moisture,the oily coating traps moisture,1f66849e2f4b4a37ace310764a4ec431
kangaroo rat,moist air,the kangaroo rat buries its nose in its fur to accumulate a small pocket of moist air,1f66849e2f4b4a37ace310764a4ec431
moisture,trap,the format is '[verb] [answer]' and for this context, it is 'trap moisture',1f66849e2f4b4a37ace310764a4ec431
auxiliary verbs,limitations,QA-SRL fails to extract certain challenge-related phrases, especially those with auxiliary verbs (e.g., 'keep buoyant'); it tends to produce verbose phrases ('store ions to reduce overall density and increase buoyancy').,1f66849e2f4b4a37ace310764a4ec431
dependency parsing,verb-object pairs,dependency parsing offers greater flexibility in extracting verb-object pairs, allowing connections between non-adjacent verbs and objects.,1f66849e2f4b4a37ace310764a4ec431
patterns,candidate phrases,By employing these two techniques, we extracted 2,829,204 candidate phrases from sentences using 10 patterns.,1f66849e2f4b4a37ace310764a4ec431
candidate phrases,query,We assess the similarity between these candidate phrases and the query using a two-step approach.,1f66849e2f4b4a37ace310764a4ec431
sbert,designed,SBERT is designed for matching and ranking the candidate phrases.,1f66849e2f4b4a37ace310764a4ec431
sbert,semantic search,SBERT is employed for semantic search,2277ebf1718642af84995a74ef4e0c75
sbert,antonyms,SBERT has trouble handling antonyms,2277ebf1718642af84995a74ef4e0c75
sbert,causality,SBERT struggles with causality,2277ebf1718642af84995a74ef4e0c75
nli model,embedding similarity techniques,NLI model can address the shortcoming of embedding similarity techniques,2277ebf1718642af84995a74ef4e0c75
deberta,good performance,DeBERTa has shown good performance,2277ebf1718642af84995a74ef4e0c75
deberta,nli benchmarks,DeBERTa has shown good performance on prominent NLI benchmarks,48032ea8a549459eabc35bf28c3c57e9
stay moist,reduce water loss,DeBERTa manages to identify that “stay moist” implies “reduce water loss”,48032ea8a549459eabc35bf28c3c57e9
increase water loss,reduce water loss,DeBERTa identifies that “increase water loss” contradicts “reduce water loss”,48032ea8a549459eabc35bf28c3c57e9
sbert,semantic similarity,We restrict ourselves to the top 4,000 phrases according to semantic similarity (SBERT),48032ea8a549459eabc35bf28c3c57e9
classifier,nli scores and sbert score,We train a simple classifier to classify pairs as relevant or irrelevant based on the NLI scores and SBERT score,48032ea8a549459eabc35bf28c3c57e9
barcode,biological knowledge,We built BARCODE to work with any corpus containing biological knowledge,48032ea8a549459eabc35bf28c3c57e9
biomimetic inspiration,corpora,Sentences that could serve as biomimetic inspiration are typically very rare in such corpora,48032ea8a549459eabc35bf28c3c57e9
filtering heuristics,narrow down the sentences we consider as candidates to match with a query,suggestion to use filtering heuristics to narrow down sentences for candidate matching,84541b87be5d4972b3082ea4e529f88b
data-programming,three key elements: extracting candidates for labeling, generating labeling functions, using a generative model,description of key elements of data programming,84541b87be5d4972b3082ea4e529f88b
snorkel,defining a candidate as three text spans (strategy, solver, and problem),description of defining candidates using Snorkel,84541b87be5d4972b3082ea4e529f88b
ten clausal patterns,detect candidates,description of clausal patterns used to detect candidates,84541b87be5d4972b3082ea4e529f88b
494,640 dataset entries,approximately 234,000 contained one or more clausal patterns and were used as candidates,description of number of dataset entries containing clausal patterns and being used as candidates,84541b87be5d4972b3082ea4e529f88b
labeling functions,defined label,description of defining labeling functions,84541b87be5d4972b3082ea4e529f88b
labeling functions,candidates,LFs are defined to assign each candidate to one of three labels,0e02338061ff420eb781f59277e5f8fc
candidate,bio-inspiration,Some LFs look for cues that a sentence contains bio-inspiration,0e02338061ff420eb781f59277e5f8fc
sentence,adaptation,The sentence contains the word “adaptation” or one of its conjugations,0e02338061ff420eb781f59277e5f8fc
candidate,known problem,The sentence contains a description of a known problem,0e02338061ff420eb781f59277e5f8fc
dataset,known problems,We used a dataset of patents to construct a list of known problems,0e02338061ff420eb781f59277e5f8fc
strings,claims section,Strings in the form of “for [verb]-ing [noun]” are extracted from the claims section,0e02338061ff420eb781f59277e5f8fc
surface cleaning apparatus,second collecting apparatus,comprising a second collecting apparatus ... for collecting liquid from the surface,c9ddfa5db1ac4da0a92909659b616546
noun-verb pair,known problem,candidate describes a known problem if it contains such a noun-verb pair, which are close to one another in the sentence,c9ddfa5db1ac4da0a92909659b616546
auxiliary verb,biological trait,Those verbs exist in many relevant candidates that describe a biological trait, that is used by an organism to solve a problem,c9ddfa5db1ac4da0a92909659b616546
webbing between the toes,area of the foot,The webbing between the toes increases the area of the foot and helps propel the frog powerfully through the water,c9ddfa5db1ac4da0a92909659b616546
main verb,biology relation,The main verb of the sentence is not biology-related,c9ddfa5db1ac4da0a92909659b616546
component,functional sentence,The sentence contains a component that is not expected to be found in functional sentences,c9ddfa5db1ac4da0a92909659b616546
snorkel,component,Snorkel predicts the likelihood that a candidate is bio-inspirational. Note that this process is performed as a pre-processing step and does not depend on the query.,eda22b38c5444de4b4e67040f0f3f903
sentence,component,The sentence contains a component that is not expected to be found in functional sentences.,eda22b38c5444de4b4e67040f0f3f903
person,organization,For example, if the sentence contains the name of a person or organization, a date, a pronoun, or a symbol (such as &, @, or $), it is unlikely that it describes a biological solution to a problem.,eda22b38c5444de4b4e67040f0f3f903
data,examination,We set the filtering threshold to τ = 0.5 (after an examination of the data, this seems to nicely balance precision and recall), leaving us with 23,553 sentences (3% of the total data).,eda22b38c5444de4b4e67040f0f3f903
evaluation,performance,In this section, we report our evaluation of the performance of BARCODE’s bio-inspiration score module, as well as an end-to-end evaluation of the system’s ability to retrieve biomimetic inspirations.,eda22b38c5444de4b4e67040f0f3f903
approach,inspiration,Can our approach provide inspiration from nature to solve human design problems?,eda22b38c5444de4b4e67040f0f3f903
algorithm,query variations,Is our algorithm robust to query variations?,eda22b38c5444de4b4e67040f0f3f903
module,sentence,Does the bio-inspiration module predict whether a sentence contains a challenge?,eda22b38c5444de4b4e67040f0f3f903
language models,popularity,Large language models have recently gained immense popularity, achieving state-of-the-art results across a variety of downstream tasks.,eda22b38c5444de4b4e67040f0f3f903
peregrine falcon,air pressure,The air pressure from such a dive could possibly damage a bird’s lungs, but small bony tubercles on a fal-con’s nostrils guide the powerful airflow away from the nostrils, enabling the bird to breathe more easily while diving by reducing the change in air pressure,10bf97f9c9c14cfe976a7b4ff768619e
peregrine falcon,nostrils,small bony tubercles on a fal-con’s nostrils guide the powerful airflow away from the nostrils,10bf97f9c9c14cfe976a7b4ff768619e
isopoda,dorsal surface,The dorsal (upper) surface of the animal is covered by a series of overlapping, articulated plates which give protection while also providing flexibility,10bf97f9c9c14cfe976a7b4ff768619e
yucca,oily coating,Some desert plants have an oily coating on their leaves or pads that traps moisture, thereby reducing water loss,10bf97f9c9c14cfe976a7b4ff768619e
pigeon guillemot,trills,Trills can be performed singly or as duets between pairs; if performed as a duet then the call also functions to help reinforce pair bond,10bf97f9c9c14cfe976a7b4ff768619e
morgan horse,longer-legged horses,By the 1870s, however, longer-legged horses came into fashion, and Morgan horses were crossed with those of other breeds,10bf97f9c9c14cfe976a7b4ff768619e
common hill myna,starling family,It is a member of the starling family (Sturnidae), resident in hill regions of South Asia and Southeast Asia,10bf97f9c9c14cfe976a7b4ff768619e
dataset,challenge,Highlighted in bold,85f06dc3824d4c18ae558d6ba4132a07
tends,hallucinate facts,Tends to hallucinate facts that we could not corroborate,85f06dc3824d4c18ae558d6ba4132a07
termites,build mounds,Termites build mounds that capture and collect moisture from the air through a process known as passive condensation,85f06dc3824d4c18ae558d6ba4132a07
information-retrieval setting,wikipedia,An information-retrieval setting that covers the entire Wikipedia,85f06dc3824d4c18ae558d6ba4132a07
information-retrieval setting,point our users,Can point our users to the source of each claim,85f06dc3824d4c18ae558d6ba4132a07
system,retrieval quality,Evaluate the retrieval quality of our system,85f06dc3824d4c18ae558d6ba4132a07
algorithm,human design problems,Can our algorithm provide relevant inspirations to solve human design problems?,85f06dc3824d4c18ae558d6ba4132a07
system,retrieval quality,Assess our system's retrieval quality,85f06dc3824d4c18ae558d6ba4132a07
innovations,asknature,Scoured the 'INNOVATIONS' section of AskNature,85f06dc3824d4c18ae558d6ba4132a07
nature-inspired breakthroughs,five examples,Sampled five examples to formulate queries,85f06dc3824d4c18ae558d6ba4132a07
capturing cooling tower plumes,namibian desert beetles,Inspired by Namibian desert beetles. Ranked 8 for the query 'collect water from humid air',85f06dc3824d4c18ae558d6ba4132a07
residue-free adhesion technology,geckofeet,Inspired by geckofeet. Ranked 9 for the query 'provide adhesion',85f06dc3824d4c18ae558d6ba4132a07
speedo's swimsuit,shark skin,Inspired by shark skin. Ranked 10 for the query 'reduce fluid drag',85f06dc3824d4c18ae558d6ba4132a07
shark skin,reduce fluid drag,Ranked 10 for the query “reduce fluid drag”,08729b8e3b9049fe88a0c098d0e20e07
passively cooled buildings,termite mounds,inspired by,08729b8e3b9049fe88a0c098d0e20e07
passively cooled buildings,provide self-regulating ventilation system,Ranked 14 for the query “provide self-regulating ventilation system”,08729b8e3b9049fe88a0c098d0e20e07
train’s front,kingfisher’s beak,inspired by a,08729b8e3b9049fe88a0c098d0e20e07
kingfisher’s beak,hydrodynamic structure,not found,08729b8e3b9049fe88a0c098d0e20e07
wikipedia,kingfisher,mention the beak’s hydrodynamic structure,08729b8e3b9049fe88a0c098d0e20e07
asknature’s “biological strategies” section,innovation challenges,relevant,08729b8e3b9049fe88a0c098d0e20e07
organisms,challenges,address,08729b8e3b9049fe88a0c098d0e20e07
adaptive camouflage,environment,helps blend into the,08729b8e3b9049fe88a0c098d0e20e07
queries,technical variations,generated for 18,08729b8e3b9049fe88a0c098d0e20e07
repel water,prevent water absorption,e.g.,08729b8e3b9049fe88a0c098d0e20e07
cheong and shu (2014),code,could not access,08729b8e3b9049fe88a0c098d0e20e07
system,search engine,compared with,08729b8e3b9049fe88a0c098d0e20e07
elasticsearch,lucene library,built on top of the,08729b8e3b9049fe88a0c098d0e20e07
elasticsearch,widely used,,08729b8e3b9049fe88a0c098d0e20e07
elasticsearch,default,,08729b8e3b9049fe88a0c098d0e20e07
elasticsearch,search engine,Elasticsearch is a widely used search engine built on top of the Lucene library,6da52642ace048f7b14af0026104d82f
elasticsearch,default relevance scoring function,We used Elasticsearch’s default relevance scoring function.,6da52642ace048f7b14af0026104d82f
algorithm,baseline,Both for our algorithm and for the baseline, we consider two settings,6da52642ace048f7b14af0026104d82f
sentences,corpus,Used all sentences in the corpus.,6da52642ace048f7b14af0026104d82f
sentences,threshold,Only sentences passing the threshold τ = 0.5,6da52642ace048f7b14af0026104d82f
data,pruning,corresponding to aggressive pruning of the data (keeping 3% of the entire data),6da52642ace048f7b14af0026104d82f
results,query,We collected the top 15 results per query from BARCODE and the baseline for both settings, resulting in 2074 unique sentences,6da52642ace048f7b14af0026104d82f
annotators,innovation challenge,Annotators were presented with an innovation challenge (query) along with a sentence about an organism (see Appendix A.3),6da52642ace048f7b14af0026104d82f
sentence,organism,Annotators were presented with an innovation challenge (query) along with a sentence about an organism (see Appendix A.3),6da52642ace048f7b14af0026104d82f
annotators,challenge,Annotators were asked to assess whether the sentence indicates: (a) the organism faces a similar challenge, (b) provides a strategy to tackle the challenge, (c) both, or (d) is irrelevant,6da52642ace048f7b14af0026104d82f
annotators,strategy,Annotators were asked to assess whether the sentence indicates: (a) the organism faces a similar challenge, (b) provides a strategy to tackle the challenge, (c) both, or (d) is irrelevant,6da52642ace048f7b14af0026104d82f
workers,qualification test,We hired 29 Amazon Mechanical Turk (AMT) crowd workers who passed a qualification test,6da52642ace048f7b14af0026104d82f
sentence,annotated,Each sentence was annotated by 3 workers,6da52642ace048f7b14af0026104d82f
annotators,majority vote,and the presence of a challenge and/or strategy was determined by a majority vote,6da52642ace048f7b14af0026104d82f
fleiss’ kappa scores,challenge,Fleiss’ Kappa scores of 0.42 for challenge,6da52642ace048f7b14af0026104d82f
fleiss’ kappa scores,strategy evaluation,and 0.55 for strategy evaluation,6da52642ace048f7b14af0026104d82f
strategy evaluation,task,indicates the difficulty of the task,4140d66e94e14ae9a799b217740e0d61
sentences,context,sometimes lack context,4140d66e94e14ae9a799b217740e0d61
challenges,strategies,are sometimes implicit,4140d66e94e14ae9a799b217740e0d61
annotators,sentences,preferred to mark only the more explicit sentences,4140d66e94e14ae9a799b217740e0d61
system,baseline,compares BARCODE with the baseline,4140d66e94e14ae9a799b217740e0d61
data,information retrieval metrics,using two information retrieval metrics,4140d66e94e14ae9a799b217740e0d61
system,baseline,outperforms the baseline in all metrics,4140d66e94e14ae9a799b217740e0d61
sentences,system,retrieved by BARCODE contain a strategy that could be inspirational for solving the challenge,4140d66e94e14ae9a799b217740e0d61
baseline,top 7,only yields 36% for the top 7,4140d66e94e14ae9a799b217740e0d61
baseline,top 15,only yields 29% for the top 15,4140d66e94e14ae9a799b217740e0d61
annotators,sentences,tended not to mark sentences where the challenge was somewhat implicit,4140d66e94e14ae9a799b217740e0d61
system,baseline,beats the baseline on all metrics,4140d66e94e14ae9a799b217740e0d61
data,performance,there is a trade-off between speed and performance,4140d66e94e14ae9a799b217740e0d61
filtered data,entire data,filtered data is only 3% of the entire data,4140d66e94e14ae9a799b217740e0d61
system,baseline,filtering does not hurt performance,4140d66e94e14ae9a799b217740e0d61
data,performance,Both data and performance are mentioned in the context and are related to each other in terms of filtering not hurting performance much for top 7 but starting to be more pronounced at top 15,1e9cbe6d9d794deb9f6b243548e92634
threshold,automated ways,Finding automated ways to pick a threshold is mentioned as a future work, indicating a relation between threshold and automated ways.,1e9cbe6d9d794deb9f6b243548e92634
mann-whitney u test,precision,The Mann-Whitney U test is used to assess the statistical significance of differences in precision between BARCODE and baseline on the entire data, and also between BARCODE on the entire data and the filtered data, indicating a relation between the two terms.,1e9cbe6d9d794deb9f6b243548e92634
barcode,baseline,BARCODE is compared to the baseline using the Mann-Whitney U test, indicating a relation between the two terms.,1e9cbe6d9d794deb9f6b243548e92634
query paraphrases,precision@k,Precision@k results for AskNature queries and their variations are shown in Figure 2, indicating a relation between query paraphrases and Precision@k.,1e9cbe6d9d794deb9f6b243548e92634
technical terms,original ones,Paraphrases use more technical terms than the original ones, according to the hypothesis mentioned in the context, indicating a relation between technical terms and original ones.,1e9cbe6d9d794deb9f6b243548e92634
technical terms,paraphrases,pens because the paraphrases use more technical terms than the original ones,4b2f727f55da4ab1b7d59a6a7d57d815
commonsense,nli component,require commonsense to understand the connection, which might be captured by our NLI component (but not by a regular search engine),4b2f727f55da4ab1b7d59a6a7d57d815
queries,sentences,examined the 10 queries achieving the worst performance, yielding 106 sentences annotated as irrelevant,4b2f727f55da4ab1b7d59a6a7d57d815
annotators,challenge/strategy,29% were due to annotators overlooking challenge/strategy within sentences, often when it is implicit,4b2f727f55da4ab1b7d59a6a7d57d815
matched candidate phrase,intended challenge,39% of cases, the matched candidate phrase did not capture the intended challenge,4b2f727f55da4ab1b7d59a6a7d57d815
matched candidate phrase,organism,In 27% of cases, the matched candidate phrase was not actually about the organism,4b2f727f55da4ab1b7d59a6a7d57d815
bio-inspirational content,sentences,In 5% of the cases, the sentences lack bio-inspirational content,4b2f727f55da4ab1b7d59a6a7d57d815
barcode,baseline,BARCODE outperforms the baseline across the board,4b2f727f55da4ab1b7d59a6a7d57d815
barcode,filtered data,Filtering does not hurt performance much for the top 7, but starts to be,4b2f727f55da4ab1b7d59a6a7d57d815
data,performance,Filtering does not hurt performance much for the top 7, but starts to be more pronounced at the top 15.,d99317b8acb646ccbdf33af4106a5ea5
filtering,heuristics,Our filtering heuristics are able to drastically reduce the size of the data before performance starts to decline.,d99317b8acb646ccbdf33af4106a5ea5
system,query variations,We now address RQ2. To test the robustness of our system to query variations, we created alternative phrasings for 18 queries from AskNature, resulting in 18 pairs of queries.,d99317b8acb646ccbdf33af4106a5ea5
shared results,retrieved sentences,First, we looked at the number of shared results among the top 15 retrieved sentences for each pair.,d99317b8acb646ccbdf33af4106a5ea5
ranked lists,shared items,Second, we used the Rank-biased Overlap (RBO) (Webber, Moffat, and Zobel 2010), which compares two ranked lists, taking into account both the shared items and their order, providing a score between 0 and 1.,d99317b8acb646ccbdf33af4106a5ea5
dataset,barcode,On the full dataset, BARCODE averages an RBO of 0.13 and of 2.83 shared items.,d99317b8acb646ccbdf33af4106a5ea5
filtered data,system,In other words, the system is more robust on the filtered data.,d99317b8acb646ccbdf33af4106a5ea5
filtering module,sentences,We now aim to assess if the filtering module (Section 3.2) identifies the kind of sentences we are after (RQ3).,d99317b8acb646ccbdf33af4106a5ea5
filtering module,kind of sentences,assessment of whether the filtering module identifies the kind of sentences we are after,fde9e40308a547f6b16be80b109b48e7
filtering module,cheong's rule-based approach,comparison between the filtering module and Cheong's rule-based approach,fde9e40308a547f6b16be80b109b48e7
gold-standard labeled candidates,sentences in our corpus,lack of a database of gold-standard labeled candidates and the unlikelihood of challenge-strategy pairs in the majority of sentences in our corpus,fde9e40308a547f6b16be80b109b48e7
verbs,titles of asknature articles,random selection of 4 verbs from the titles of AskNature articles,fde9e40308a547f6b16be80b109b48e7
our approach,cheong's rule-based approach,outperformance of our approach over Cheong's rule-based approach in terms of precision,fde9e40308a547f6b16be80b109b48e7
cheong's rule-based approach,our approach,Our approach outperforms Cheong's rule-based approach in terms of precision for both strict (0.56 vs. 0.22) and liberal (0.80 vs. 0.25) cutoffs in the top 10.,1dc87486d39e40fe8b810bec161a19b3
our approach,the rule-based method,Our approach exhibits marginally fewer inspirations in the bottom 10 compared to the rule-based method, hinting that it does not compromise recall.,1dc87486d39e40fe8b810bec161a19b3
ideation experiment,real-world scenarios,To evaluate whether our results extend to real-world scenarios, we recruited three experts engaged in innovative bio-engineering projects.,1dc87486d39e40fe8b810bec161a19b3
e1,maintaining a stable temperature of liquid inside a tube,E1 sought inspiration for maintaining a stable temperature of liquid inside a tube.,1dc87486d39e40fe8b810bec161a19b3
e2,measuring metabolic activity and cell assembly,E2 wished to measure metabolic activity and cell assembly.,1dc87486d39e40fe8b810bec161a19b3
e3,new ways to record electrical activity from cell groups,E3 sought new ways to record electrical activity from cell groups.,1dc87486d39e40fe8b810bec161a19b3
experts,search results,The experts were pleasantly surprised by the search results BARCODE returned and noted several that matched their own findings.,1dc87486d39e40fe8b810bec161a19b3
e1,wrapping their tube with another tube and maintaining a high level of moisture between them,E1 mentioned, '...this would be the best solution for us... [wrapping their tube with another tube and maintaining a high level of moisture between them] ...we already thought about this idea, it is similar to the process used to pasteurize milk and heat blood samples'.,1dc87486d39e40fe8b810bec161a19b3
e2,something that they already,E2 stated, 'It is something that I already'.,1dc87486d39e40fe8b810bec161a19b3
process,pasteurize,The process mentioned is similar to pasteurization of milk,f860e1107cc34f8abc7f819cd57c16d1
process,heat,The process mentioned involves heating of blood samples,f860e1107cc34f8abc7f819cd57c16d1
e2,knowledge,E2 already knows and applies the knowledge mentioned,f860e1107cc34f8abc7f819cd57c16d1
relevant results,ask nature queries,21% of relevant results were related to Ask Nature Queries,f860e1107cc34f8abc7f819cd57c16d1
relevant results,paraphrased queries,21% of relevant results were related to Paraphrased Queries,f860e1107cc34f8abc7f819cd57c16d1
barcode,cheong,BARCODE outperforms Cheong's rule-based approach in top 10 score precision for both strict and liberal cutoffs,f860e1107cc34f8abc7f819cd57c16d1
research team,candidates,Four members of the research team scored the candidates on a scale of 0 to determine their suitability,f860e1107cc34f8abc7f819cd57c16d1
scale,strategy,scored the candidates on a scale of 0 (definitely does not contain a strategy to address a challenge) to 2 (definitely contains a strategy to address a challenge),786949bdd25f44ba958ebf39108d4514
inter-rater reliability,experts,average pairwise experts (see Table 5),786949bdd25f44ba958ebf39108d4514
barcode,directions,indicating the BARCODE does indeed manage to identify directions that experts had independently considered,786949bdd25f44ba958ebf39108d4514
barcode,experts,BARCODE inspired experts to generate diverse ideas, revealing new perspectives and insights,786949bdd25f44ba958ebf39108d4514
catfish,facial tasting sensors,it (catfish) has a system through its facial tasting sensors can detect metabolites,786949bdd25f44ba958ebf39108d4514
sensors,metabolites,looking for sensors for metabolites,786949bdd25f44ba958ebf39108d4514
metabolic rate,longevity,a low metabolic rate reduces mortality and increases longevity,786949bdd25f44ba958ebf39108d4514
moth,insulation layer,dwelled on a moth’s insulation layer used to prevent overheating,786949bdd25f44ba958ebf39108d4514
insulation layer,effective insulation layer,it could serve as a more effective insulation layer,786949bdd25f44ba958ebf39108d4514
experts,result,rated each result on a scale from 0 (not interesting) to 2 (very interesting),786949bdd25f44ba958ebf39108d4514
table 5,search queries,shows the search queries, number of BARCODE,786949bdd25f44ba958ebf39108d4514
biologically inspired design,biomimicry,Both terms represent problem-solving methodology that applies analogies from nature to solve challenges.,1daf380a85bb40d1900593ab9c3a431b
biological analogies retriever,barcode,Both terms represent a flexible search engine that automatically mines bio-inspirations from the web.,1daf380a85bb40d1900593ab9c3a431b
barcode,natural language understanding and data programming,BARCODE leverages advancements in these fields to identify potential solutions rooted in nature for various engineering challenges.,1daf380a85bb40d1900593ab9c3a431b
barcode,limited biological knowledge engineers and designers typically possess,BARCODE helps overcome the challenge of limited biological knowledge by automatically mining bio-inspirations from the web.,1daf380a85bb40d1900593ab9c3a431b
barcode,limited sources of inspiration,BARCODE helps overcome the challenge of limited sources of inspiration by automatically mining bio-inspirations from the web.,1daf380a85bb40d1900593ab9c3a431b
barcode,bid datasets,BARCODE is an alternative to manually curated BID datasets, which are expensive to create and scale up.,1daf380a85bb40d1900593ab9c3a431b
barcode,famous historical examples of biomimicry,BARCODE was able to extract valuable inspiration from large corpora, including these examples.,1daf380a85bb40d1900593ab9c3a431b
barcode,biomimicry,BARCODE was able to find promising inspirations for experts in engineering for their research problems from large corpora, including famous historical examples of biomimicry.,0580136787794bcfa034d7154c97d39b
performance,queries,We note that across our piloting of the system, we noticed substantial variance in performance across queries.,0580136787794bcfa034d7154c97d39b
corpus,query reformulation,however, our experiences with the case study experts, in particular, suggest that exploring interactive mechanisms for query reformulation and expansion (perhaps with the help of large language models) might significantly improve the user experience.,0580136787794bcfa034d7154c97d39b
barcode,scientific papers,In the future, we hope to apply BARCODE to different, more detailed sources of biological data, such as scientific papers.,0580136787794bcfa034d7154c97d39b
barcode,generative artificial intelligence technologies,an exciting direction for future exploration is integrating BARCODE with generative artificial intelligence technologies to generate a sketch of the solution, adapting the biological strategy retrieved by BARCODE to the user’s problem.,0580136787794bcfa034d7154c97d39b
bid,engineering innovation,We see BARCODE as a step towards addressing the challenges that have historically hindered the practical application of BID to engineering innovation.,0580136787794bcfa034d7154c97d39b
experiments,efforts,related to each other as experiments required efforts,6fcafb1036224b51b8ce0cca6eb9b734
reviewers,comments,reviewers provided insightful comments,6fcafb1036224b51b8ce0cca6eb9b734
work,european research council (erc),work was supported by ERC under Horizon 2020 program,6fcafb1036224b51b8ce0cca6eb9b734
grant no. 852686,siam,grant no. 852686 is related to SIAM,6fcafb1036224b51b8ce0cca6eb9b734
office of naval research,carnegie mellon center for knowledge acceleration,both were sources of support for the work,6fcafb1036224b51b8ce0cca6eb9b734
hen emuna,sam and betty sandler,Hen Emuna was supported by Sam and Betty Sandler,6fcafb1036224b51b8ce0cca6eb9b734
hen emuna,samuel and lottie rudin scholarship,Hen Emuna was also supported by Samuel and Lottie Rudin Scholarship,6fcafb1036224b51b8ce0cca6eb9b734
