node_1,node_2,edge,chunk_id
object detection,computer vision field,Object detection is a fundamental task within the broader context of computer vision.,04fc6aad2daf4488a2b7e9275331584a
computer vision field,video surveillance,Video surveillance is an application where computer vision techniques, including object detection, are used.,04fc6aad2daf4488a2b7e9275331584a
computer vision field,autonomous driving,Autonomous driving relies on computer vision for tasks such as object detection to function.,04fc6aad2daf4488a2b7e9275331584a
computer vision field,robot navigation,Robot navigation also employs computer vision, with object detection playing a crucial role.,04fc6aad2daf4488a2b7e9275331584a
video object detection (vod),object detection for video data,VOD is a specialized approach to address challenges in object detection for videos due to motion and occlusion.,04fc6aad2daf4488a2b7e9275331584a
temporal information,vod models,VOD models leverage temporal information to enhance object detection performance.,04fc6aad2daf4488a2b7e9275331584a
optical flow,feature aggregation,Some VOD methods use optical flow to aggregate features from neighboring frames.,04fc6aad2daf4488a2b7e9275331584a
lstm (long short-term memory),feature aggregation,Other VOD methods utilize LSTM for capturing temporal dependencies.,04fc6aad2daf4488a2b7e9275331584a
detr (detractor),standard object detection,DETR is a popular single-image object detection model, which has been adapted for video data in some cases.,04fc6aad2daf4488a2b7e9275331584a
detr-based video object detection,cetr (proposed framework),CETR is a proposed framework that improves upon DETR for video object detection without heavy components.,04fc6aad2daf4488a2b7e9275331584a
short-term frames,long-range temporal dependency,These methods primarily focus on short-term frames, while attention-based approaches aim to capture long-range dependency to address this limitation.,1a2ad32e56d145af81063af9fd49401d
attention-based approaches,randomly sampled images,Attention-based methods use memory structures to aggregate features, but they struggle with integrating holistic contextual information due to reliance on random sampling.,1a2ad32e56d145af81063af9fd49401d
transformer-based models,image object detection,Transformer models, like DETR, have shown remarkable performance in image object detection tasks.,1a2ad32e56d145af81063af9fd49401d
transformer-based models,video domain,Researchers are extending Transformer models to the video domain to address limitations of existing methods.,1a2ad32e56d145af81063af9fd49401d
video domain,real-time operational demands,The need for real-time processing is crucial in various systems, but existing video Transformer methods often lack speed.,1a2ad32e56d145af81063af9fd49401d
existing methods,auxiliary networks,Methods like DETR heavily rely on auxiliary networks, which decrease processing speed.,1a2ad32e56d145af81063af9fd49401d
existing methods,multiple sequential frames,These methods require multiple sequential frames, limiting their suitability for real-time applications.,1a2ad32e56d145af81063af9fd49401d
efficient and streamlined approaches,real-time requirements,There is a need for more efficient methods that can meet the real-time demands without compromising performance.,1a2ad32e56d145af81063af9fd49401d
context enhanced transformer (cetr),transformer-based detectors,CETR is based on DETR, which follows the recent trend of using Transformers for object detection.,ea5f6980b2dd41ce958f0645cf0a96ff
transformer framework,attention mechanism,CETR incorporates temporal information through the attention modules within the Transformer framework.,ea5f6980b2dd41ce958f0645cf0a96ff
context memory module (cmm),class-wise feature representations,CMM stores and updates feature representations non-parametrically, using momentum update.,ea5f6980b2dd41ce958f0645cf0a96ff
cmm,prototypes (for each class),CMM represents each class as a set of prototypes to handle intra-class variations.,ea5f6980b2dd41ce958f0645cf0a96ff
score-based sampling methodology,current input,This method uses encoded memory features to make predictions, with a sampled class-specific memory closely aligned to the input.,ea5f6980b2dd41ce958f0645cf0a96ff
adaptive memory updating technique,test domain, different camera settings,The technique is tailored to adapt to varying conditions across different environments.,ea5f6980b2dd41ce958f0645cf0a96ff
single image object detection,real-time requirements,CETR aims to meet the real-time demands for practical applications.,ea5f6980b2dd41ce958f0645cf0a96ff
efficient and streamlined approaches,practical applications,The proposed method addresses the need for efficient solutions in practical scenarios.,ea5f6980b2dd41ce958f0645cf0a96ff
adaptive memory updating technique,test domain,The technique is tailored for the test domain, specifically designed for different camera settings.,81516c1796414dd6a3275c5ddd409a9d
online updating strategy,class-wise distribution of the test domain,This strategy is aligned with the distribution of classes in the test domain, balancing adaptation and retention of training context.,81516c1796414dd6a3275c5ddd409a9d
weighted sum of target and source domain memories,adaptation toward test data distribution,The strategy uses a combination of memories to adapt to the test data's characteristics while preserving relevant information.,81516c1796414dd6a3275c5ddd409a9d
citycam dataset,real traffic video data,Experiments are conducted on CityCam, a dataset used for evaluating the proposed method in real-world traffic video scenarios.,81516c1796414dd6a3275c5ddd409a9d
imagenet vid,state-of-the-art video object detectors,Comparison is made with ImageNet VID to showcase the accuracy, speed, and memory efficiency of the framework.,81516c1796414dd6a3275c5ddd409a9d
proposed method,video object detectors,The proposed method aims to achieve competitive performance with existing video object detectors.,81516c1796414dd6a3275c5ddd409a9d
cnn-based object detectors,two-stage and one-stage detectors,Object detection techniques are categorized into two-stage (e.g., R-CNN) and one-stage (e.g., YOLO) using CNNs.,81516c1796414dd6a3275c5ddd409a9d
two-stage detectors,coarse object proposals,Two-stage detectors involve generating initial proposals before classification and refinement.,81516c1796414dd6a3275c5ddd409a9d
one-stage detectors,direct object prediction,One-stage detectors skip proposal generation and directly predict objects from the input image.,81516c1796414dd6a3275c5ddd409a9d
girshick (2015),two-stage detectors,Girshick's work represents a significant contribution to the development of two-stage object detectors.,81516c1796414dd6a3275c5ddd409a9d
ren et al. (2015),two-stage detectors,This reference contributes to the two-stage detector pipeline as well.,81516c1796414dd6a3275c5ddd409a9d
dai et al. (2016),two-stage detectors,Their work also falls under the category of two-stage object detectors.,81516c1796414dd6a3275c5ddd409a9d
detr,transformer-based object detector,DETR is a prominent example of a Transformer-based object detector.,27a297e3febf43ef842ab4ea7f779348
one-stage detectors,coarse object proposals,One-stage detectors predict object locations and categories without using separate proposal generation.,27a297e3febf43ef842ab4ea7f779348
detr,efficient design,DETR's design is considered inefficient, leading to slow training convergence.,27a297e3febf43ef842ab4ea7f779348
follow-up works on detr,efficiency,These works aim to address the efficiency issues of DETR's design.,27a297e3febf43ef842ab4ea7f779348
video object detection (vod),challenging cases,VOD tackles motion blur and occlusion, which are challenging for single frame detection.,27a297e3febf43ef842ab4ea7f779348
fgfa,optical flow,FGFA uses optical flow from FlowNet to improve performance across video frames.,27a297e3febf43ef842ab4ea7f779348
manet,optical flow,Similar to FGFA, MANET also utilizes optical flow for alignment and feature aggregation.,27a297e3febf43ef842ab4ea7f779348
thp,optical flow,THP employs optical flow for enhanced detection in videos.,27a297e3febf43ef842ab4ea7f779348
tpn,lstm,TPN exploits LSTM for temporal information in video object detection.,27a297e3febf43ef842ab4ea7f779348
tcnn,lstm,TCNN also utilizes LSTM to leverage temporal context.,27a297e3febf43ef842ab4ea7f779348
temporal pyramid networks (tpn),lstm,TPN uses LSTM to create temporal coherence between bounding boxes.,07abbfa19fa544f783ffc497cac8fef4
temporal convolutional neural networks (tcnn),lstm,TCNN also employs LSTM for constructing temporal coherence.,07abbfa19fa544f783ffc497cac8fef4
self-attention mechanism,selsa,SELSA is an example that utilizes this mechanism for global temporal cues.,07abbfa19fa544f783ffc497cac8fef4
object-guided external memory (ogemn),global aggregation,OGEMN proposes to use object-guided memory for additional global aggregation.,07abbfa19fa544f783ffc497cac8fef4
memory module (mega),global and local information,MEGA combines global and local information for enhanced feature representation.,07abbfa19fa544f783ffc497cac8fef4
transvod,detr detector,TransVOD extends the DETR detector into video object detection.,07abbfa19fa544f783ffc497cac8fef4
test-time adaptation (tta),batch normalization (bn) layers,TTA methods, like Wang et al. (2020, 2022b), adjust BN layers for Transformers.,07abbfa19fa544f783ffc497cac8fef4
transformers,pseudo labels,Alternative TTA methods use pseudo labels for model updates, as in Chen et al. (2022).,07abbfa19fa544f783ffc497cac8fef4
iwasawa and matsuo (2021),jang and chung (2022),Both works are examples of using test-time pseudo labels for model adaptation.,07abbfa19fa544f783ffc497cac8fef4
transformer encoder,self-attention,The Transformer encoder uses self-attention as a component, conducting it on the input feature map F.,f65a0c8d4aaf49d5977c0058810c20ea
multi-head attention,self-attention,Multi-head attention is a variant of self-attention, which is used in the Transformer encoder.,f65a0c8d4aaf49d5977c0058810c20ea
cnn backbone,feature map f,The CNN backbone generates a feature map F, which is the input to the Transformer encoder.,f65a0c8d4aaf49d5977c0058810c20ea
feature map f,positional encoding,Feature map F is augmented with positional encoding before being fed into the Transformer encoder.,f65a0c8d4aaf49d5977c0058810c20ea
transformer encoder,decoder layer,The Transformer encoder is followed by a decoder layer, which has additional cross-attention layers.,f65a0c8d4aaf49d5977c0058810c20ea
decoder layer,cross-attention,The decoder layer contains cross-attention layers, distinct from the self-attention layers in the encoder.,f65a0c8d4aaf49d5977c0058810c20ea
object queries,transformer decoder,Object queries O are input to the Transformer decoder, which processes them with self-attention and cross-attention.,f65a0c8d4aaf49d5977c0058810c20ea
detr,encoder-decoder transformer architecture,DETR and its variants base their design on this architecture, with separate encoders and decoders.,f65a0c8d4aaf49d5977c0058810c20ea
object queries,l-th decoder block,The object queries are processed in the l-th decoder block.,47cb9330d7f54aaaa5154e38456a4eef
final object queries,ol+1,The final object queries, now with semantic information, are OL+1.,47cb9330d7f54aaaa5154e38456a4eef
feedforward neural network (ffn),classification and box regression,FFN is used for classification and generating box predictions.,47cb9330d7f54aaaa5154e38456a4eef
hungarian algorithm,one-to-one matching,The Hungarian algorithm establishes a match between predicted objects and ground-truth targets.,47cb9330d7f54aaaa5154e38456a4eef
memory module,cetr,CETR proposes a memory module for video data processing.,47cb9330d7f54aaaa5154e38456a4eef
vod methods,memory modules or reference images,CETR addresses limitations of existing VOD methods using memory.,47cb9330d7f54aaaa5154e38456a4eef
memory footprint,large,Previous methods suffer from a large memory footprint.,47cb9330d7f54aaaa5154e38456a4eef
random sampling,memory (deng et al. 2019a; chen et al. 2020),Some approaches randomly sample memory for efficiency.,47cb9330d7f54aaaa5154e38456a4eef
close frames,zhou et al. 2022; cui 2023,Others use information from nearby frames to reduce memory requirements.,47cb9330d7f54aaaa5154e38456a4eef
selective storage,class-specific memory,CETR stores only relevant information in a fixed-size memory.,47cb9330d7f54aaaa5154e38456a4eef
current frame,useful information,The model utilizes only necessary information for the current frame.,47cb9330d7f54aaaa5154e38456a4eef
contextual information,entire dataset,CETR leverages context from the entire dataset for each frame.,47cb9330d7f54aaaa5154e38456a4eef
single frame detr-like methods,cetr,CETR is an extension or adaptation for single-frame DETR-based architectures.,47cb9330d7f54aaaa5154e38456a4eef
context memory module (cmm),transformer encoder,CMM enhances the Transformer encoder by aggregating contextual information from the entire dataset, providing spatio-temporal context for refining image features.,0c508df805834e4abf4274b9bb7d58b2
context memory module (cmm),fixed size memory,CMM uses a fixed size memory obtained from the entire dataset to supply temporal context information, supplementing the CNN backbone's current frame processing.,0c508df805834e4abf4274b9bb7d58b2
cnn backbone,image features,The CNN backbone extracts spatial features from the current image, which may be ambiguous due to factors like low image quality or occlusion.,0c508df805834e4abf4274b9bb7d58b2
transformer encoder,image features,The Transformer encoder receives image features as input and integrates spatial context within each feature.,0c508df805834e4abf4274b9bb7d58b2
memory-guided transformer decoder (mgd),spatio-temporal memory information,MGD utilizes the sampled spatio-temporal memory to enhance the semantic information of object queries.,0c508df805834e4abf4274b9bb7d58b2
score-based sampling,memory for current frame,This module selectively samples relevant information from the context memory for processing the current frame data.,0c508df805834e4abf4274b9bb7d58b2
single frame detr-like methods,object queries,These methods typically work with object queries, which are refined using the proposed CMM and MGD.,0c508df805834e4abf4274b9bb7d58b2
multi-prototype class-wise memory,c classes (c number of classes),The memory has K prototypes per class, representing a structured storage for different class-specific information.,0c508df805834e4abf4274b9bb7d58b2
transformer encoder,feature map f,F is fed into the Transformer encoder, where F gains rich contextual information from M.,242532859c6e43619ff11ff81d674a30
feature map f,spatio-temporal contextual information m,In the Transformer encoder, F aggregates the current information of F and the spatio-temporal contextual information of M.,242532859c6e43619ff11ff81d674a30
image feature f,encoded memory feature m,M receives class information tailored to the current image, while F contributes to its update.,242532859c6e43619ff11ff81d674a30
score-based sampling module,encoded memory feature m,M is passed to the score-based sampling module for classification score calculation.,242532859c6e43619ff11ff81d674a30
transformer decoder,feature map f,F is forwarded to the Transformer decoder, similar to DETR.,242532859c6e43619ff11ff81d674a30
context memory module,instance n,The context memory module extracts N instances from image feature F.,242532859c6e43619ff11ff81d674a30
class-wise memory m,feature fn (from ˜f),M is updated using features from ˜F, with a momentum coefficient α.,242532859c6e43619ff11ff81d674a30
correlation ⟨·,·⟩,node_1 and node_3 (feature matching),During training, correlation is calculated between features for memory update.,242532859c6e43619ff11ff81d674a30
ground-truth box (during training),set ˜f,During training, ˜F is extracted from ground-truth boxes.,242532859c6e43619ff11ff81d674a30
predicted box (during inference),set ˜f,During inference, ˜F is extracted from predicted boxes.,242532859c6e43619ff11ff81d674a30
aggregated f and m,contextual information,The combination of F and M in the Transformer encoder provides abundant contextual information.,242532859c6e43619ff11ff81d674a30
memory m,context from video dataset,M updates recurrently with F, acquiring context across multiple images in the video dataset.,242532859c6e43619ff11ff81d674a30
weather conditions,time periods,These terms are related as they describe the different aspects of the context, which is experimental setup.,a97fa4c903fb46d0ace3a1aa87f45a06
camera locations,training,The camera locations are used for training in this context.,a97fa4c903fb46d0ace3a1aa87f45a06
camera locations,testing,Camera locations are also mentioned for testing purposes.,a97fa4c903fb46d0ace3a1aa87f45a06
imagenet vid,training split,ImageNet VID is used for training, specifically its training split.,a97fa4c903fb46d0ace3a1aa87f45a06
imagenet vid,validation videos,Validation videos are part of the ImageNet VID dataset.,a97fa4c903fb46d0ace3a1aa87f45a06
imagenet vid,30 object classes,This dataset contains videos across 30 different object classes.,a97fa4c903fb46d0ace3a1aa87f45a06
cetr,imagenet vid and det datasets,CETR is trained on both ImageNet VID and DET datasets.,a97fa4c903fb46d0ace3a1aa87f45a06
citycam dataset,zhang et al. (2017),The CityCam dataset is mentioned as a qualitative result, with reference to the authors.,a97fa4c903fb46d0ace3a1aa87f45a06
baseline (liu et al. 2022),proposed method,A comparison is made between a baseline method and the proposed method on the CityCam dataset.,a97fa4c903fb46d0ace3a1aa87f45a06
object queries,ambiguity,Object queries' ambiguity is addressed in recent works based on DETR-like methods.,a97fa4c903fb46d0ace3a1aa87f45a06
transformer encoder,classification head,The Transformer encoder is used alongside a classification head during training.,a97fa4c903fb46d0ace3a1aa87f45a06
memory-guided transformer decoder,object queries,The decoder addresses object query ambiguity by integrating memory into the Transformer architecture.,a97fa4c903fb46d0ace3a1aa87f45a06
deformable detr,transvod,Cited in the context: Deformable DETR is combined with TransVOD in the research by Zhou et al. (2022).,3483a9cd1d994e85b8ee58a7d2b1ae96
cetr,deformable detr,Compared in the context: CETR serves as a baseline for fast convergence, and Deformable DETR is modified for the CityCam dataset.,3483a9cd1d994e85b8ee58a7d2b1ae96
citycam dataset,zhang et al. (2017),Cited: The dataset is introduced as CityCam in Zhang et al.'s work.,3483a9cd1d994e85b8ee58a7d2b1ae96
resnet-50,backbone,Used as: In CityCam experimentation, ResNet-50 is employed as the backbone.,3483a9cd1d994e85b8ee58a7d2b1ae96
imagenet dataset,pre-trained weights,Initializes with: Pre-trained weights from the ImageNet dataset are utilized for ResNet-50.,3483a9cd1d994e85b8ee58a7d2b1ae96
transformer encoder,transformer decoder,Components of: Both the encoder and decoder of the Transformer architecture are initialized randomly.,3483a9cd1d994e85b8ee58a7d2b1ae96
resnet-101,backbone,Used as: For ImageNet VID experiments, ResNet-101 serves as the backbone.,3483a9cd1d994e85b8ee58a7d2b1ae96
coco dataset,pre-trained weights,Initializes with: The entire network for ImageNet VID is initialized with pre-trained weights from the COCO dataset.,3483a9cd1d994e85b8ee58a7d2b1ae96
dab-detr,cetr,Used in: Both DAB-DETR and CETR are employed in the ImageNet VID experiment and ablation study.,3483a9cd1d994e85b8ee58a7d2b1ae96
coco evaluation,metric,Standard: The COCO evaluation metrics are used for performance assessment.,3483a9cd1d994e85b8ee58a7d2b1ae96
iou thresholds,ap scores,Determines: AP scores are calculated based on different IoU thresholds (AP50, APS, APM, APL).,3483a9cd1d994e85b8ee58a7d2b1ae96
imagenet vid dataset,zhou et al. (2022); chen et al. (2020); deng et al. (2019b),Protocol followed: Common evaluation protocol from these works is used for ImageNet VID.,3483a9cd1d994e85b8ee58a7d2b1ae96
ap50,evaluation metric,Specific metric: AP50 is the primary metric for evaluating performance on the ImageNet VID dataset.,3483a9cd1d994e85b8ee58a7d2b1ae96
memory-guided transformer decoder,object detection results,Our approach outperforms the baseline in detecting objects, especially those partially visible, as shown in Fig. 5.,3f50c83089524b70a5effb9aedda3dbc
baseline model,memory-guided transformer decoder (our approach),Our model demonstrates higher confidence scores for most classes compared to the baseline.,3f50c83089524b70a5effb9aedda3dbc
cmm (context memory module),transformer encoder,When used only in the encoder, CMM improves AP50 by 0.3% compared to the single frame baseline.,3f50c83089524b70a5effb9aedda3dbc
cmm (context memory module),mgd (memory-guided decoder),When combined with score-based sampling, CMM and MGD together improve AP50 by 0.6%.,3f50c83089524b70a5effb9aedda3dbc
cmm (context memory module),multi-level thresholding,Incorporating CMM with multi-level thresholding further boosts AP50 by 1.4%.,3f50c83089524b70a5effb9aedda3dbc
number of prototypes,ablation study,Table 4 shows the impact of varying the number of prototypes per class on performance.,3f50c83089524b70a5effb9aedda3dbc
single frame baseline (liu et al. 2022),cmm (context memory module),CMM improves AP50 by 0.3% when used solely in the encoder, without MGD.,3f50c83089524b70a5effb9aedda3dbc
score-based sampling,cmm + mgd,Combining CMM with score-based sampling enhances performance by 0.6% AP50.,3f50c83089524b70a5effb9aedda3dbc
prototypes,performance,The number of prototypes affects performance, with improvements of 1.7% and 2.3% AP50 when using one and three prototypes compared to a single frame baseline.,2ca20302821a41f08dc55cfa977f5b80
citycam dataset,performance,In the CityCam dataset, increasing the number of prototypes beyond 3 leads to a decrease in performance because of the similarity among vehicle categories.,2ca20302821a41f08dc55cfa977f5b80
memory module,method,The context memory module employs different methods like learnable memory, full memory, random sampling, score-based sampling, and GT sampling for memory updating.,2ca20302821a41f08dc55cfa977f5b80
memory-guided transformer decoder,sampling strategy,Table 5 shows the impact of various class-wise memory sampling strategies on the performance, with oracle-level GT sampling providing a significant 17.4% AP50 improvement.,2ca20302821a41f08dc55cfa977f5b80
class-wise memory sampling,performance,Employing class-wise memory sampling improves performance, with the highest improvement seen when using ground-truth images.,2ca20302821a41f08dc55cfa977f5b80
gt sampling (oracle),ap50,Ground-truth sampling (oracle) provides a substantial 17.4% AP50 increase over the baseline.,2ca20302821a41f08dc55cfa977f5b80
single frame baseline,comparison,Performance is measured against a single frame baseline, demonstrating the advantage of using multiple prototypes.,2ca20302821a41f08dc55cfa977f5b80
ap50,evaluation metric,AP50 is used as a primary evaluation metric for assessing the effectiveness of the proposed approaches.,2ca20302821a41f08dc55cfa977f5b80
score-based sampling method,performance improvement,The score-based sampling strategy leads to the most improvement in performance.,c4ce086876eb447c948a8614e796e831
cmm-based test-time adaptation approach,meaningful performance improvements,The memory update technique adapted to the target domain yields meaningful performance improvements.,c4ce086876eb447c948a8614e796e831
memory update technique,target domain,The memory update is adapted to the target domain without further training or parameter optimization.,c4ce086876eb447c948a8614e796e831
camera-specific way of configuring memory,performance improvement,Adding a camera-specific configuration improves AP50 by 0.5% over the baseline.,c4ce086876eb447c948a8614e796e831
context memory module,spatio-temporal contextual information,The context memory module utilizes spatio-temporal information from the entire dataset.,c4ce086876eb447c948a8614e796e831
context memory module,single frame baseline,Our method showed a performance improvement over the single frame approach.,c4ce086876eb447c948a8614e796e831
citycam dataset,performance improvement,Meaningful improvement in performance was demonstrated on the CityCam dataset.,c4ce086876eb447c948a8614e796e831
performance improvement,single frame baseline,Our method shows a meaningful performance improvement compared to the single frame baseline.,adaf152532e94152bca084797ce489b0
performance improvement,allocated memory,The improvement comes with only a slight increase in allocated memory.,adaf152532e94152bca084797ce489b0
performance improvement,fps (frames per second),There is a low decrease in FPS, indicating efficient processing.,adaf152532e94152bca084797ce489b0
method,real-time online video object detection methods,Our method demonstrated a remarkable improvement over other real-time online video object detection techniques.,adaf152532e94152bca084797ce489b0
research,msit (ministry of science and ict, korea),The research was supported by the MSIT, indicating funding agency.,adaf152532e94152bca084797ce489b0
msit,iitp (institute for information & communications technology planning & evaluation) grant,The support came through IITP-2023-2020-0-01819 and RS-2023-00222280 grants.,adaf152532e94152bca084797ce489b0
national research foundation of korea (nrf),nrf-2021r1c1c1006897,Additional support was from the NRF grant NRF-2021R1C1C1006897.,adaf152532e94152bca084797ce489b0
nrf,nrf-2018m3e3a1057288,Another grant received was NRF-2018M3E3A1057288.,adaf152532e94152bca084797ce489b0
