node_1,node_2,edge,sentence,chunk_id
neural-network-based image-quality metrics,traditional methods,outperforms,Nowadays, neural-network-based image- and video-quality metrics perform better than traditional methods.,3a9fa8d79c854d979ed5dc056958c3d2
neural-network-based image-quality metrics,adversarial attacks,vulnerable to,However, they also became more vulnerable to adversarial attacks that increase metrics’ scores without improving visual quality.,3a9fa8d79c854d979ed5dc056958c3d2
adversarial attacks,visual quality,degrades without improving,attacks that increase metrics’ scores without improving visual quality.,3a9fa8d79c854d979ed5dc056958c3d2
existing benchmarks of quality metrics,correlation with subjective quality,compare performance in terms of,The existing benchmarks of quality metrics compare their performance in terms of correlation with subjective quality.,3a9fa8d79c854d979ed5dc056958c3d2
existing benchmarks of quality metrics,calculation time,also compare,The existing benchmarks of quality metrics compare their performance in terms of correlation with subjective quality and calculation time.,3a9fa8d79c854d979ed5dc056958c3d2
adversarial robustness,area worth researching,worth researching,the adversarial robustness of image-quality metrics is also an area worth researching.,3a9fa8d79c854d979ed5dc056958c3d2
modern metrics,adversarial attacks,compared to,This paper analyses modern metrics’ robustness to different adversarial attacks.,3a9fa8d79c854d979ed5dc056958c3d2
15 no-reference image- and video-quality metrics,efficiency against adversarial attacks,compared,We adapted adversarial attacks from computer vision tasks and compared attacks’ efficiency against 15 no-reference image- and video-quality metrics.,3a9fa8d79c854d979ed5dc056958c3d2
some metrics,high resistance to adversarial attacks,showed,Some metrics showed high resistance to adversarial attacks.,3a9fa8d79c854d979ed5dc056958c3d2
image-quality metrics,usage in benchmarks,safer for,which makes their usage in benchmarks safer than vulnerable metrics.,3a9fa8d79c854d979ed5dc056958c3d2
benchmark,new metrics,accepts submissions of,The benchmark accepts submissions of new metrics for researchers.,3a9fa8d79c854d979ed5dc056958c3d2
online resource,latest results,find online,The latest results can be found online: https://videoprocessing.ai/benchmarks/metrics-robustness.html.,3a9fa8d79c854d979ed5dc056958c3d2
deep-learning-based metrics,traditional approaches,outperform - Performance comparison,,bad5a1e3e4b841719f94961ba400b483
learning-based methods,adversarial attacks,vulnerable to - Security concern,,bad5a1e3e4b841719f94961ba400b483
simple metric like psnr,image modifications,stable to - Robustness,,bad5a1e3e4b841719f94961ba400b483
deep metrics,complex behavior,compared to simple metrics - Complexity,,bad5a1e3e4b841719f94961ba400b483
existing benchmarks,subjective quality evaluation,evaluate - Assessment criteria,,bad5a1e3e4b841719f94961ba400b483
robustness,exploitation in real-life scenarios,neglect - Practical implications,,bad5a1e3e4b841719f94961ba400b483
iqa/vqa metrics scores,manipulation,possibility to manipulate - Threat,,bad5a1e3e4b841719f94961ba400b483
metrics-oriented optimization modes,video encoders,implemented in - Application,,bad5a1e3e4b841719f94961ba400b483
libaom, lcevc,vmaf score optimization,optimize for - Tuning goal,,bad5a1e3e4b841719f94961ba400b483
vmaf,perceptual quality,may decrease - Impact on visual quality,,bad5a1e3e4b841719f94961ba400b483
our website,benchmark,The benchmark accepts new submissions of quality metrics from the user's perspective, to be published on the website.,,e182ae5c892c4ecea44eac456f691860
benchmark ciaramello and reibman (2011a),benchmark,This is one of the benchmarks mentioned, which can be installed using pip.,,e182ae5c892c4ecea44eac456f691860
benchmark ciaramello and reibman (2011b),benchmark,Another benchmark reference, also accepting new submissions.,,e182ae5c892c4ecea44eac456f691860
liu and reibman (2016),benchmark,A third benchmark referenced, indicating it's part of the collection.,,e182ae5c892c4ecea44eac456f691860
shumitskaya et al. (2022),benchmark,This is another study contributing to the benchmark.,,e182ae5c892c4ecea44eac456f691860
zhang et al. (2022),benchmark,Yet another research work contributing to the benchmark.,,e182ae5c892c4ecea44eac456f691860
ghildyal and liu (2023),attacks,The context mentions robustness to adversarial attacks, which Ghildyal and Liu's work likely relates to.,,e182ae5c892c4ecea44eac456f691860
attacks,robustness,Robustness of IQA/VQA metrics is measured against adversarial attacks.,,e182ae5c892c4ecea44eac456f691860
iqa/vqa metrics,types,Three types of IQA/VQA metrics are distinguished: no-reference, full-reference, and reduced-reference.,,e182ae5c892c4ecea44eac456f691860
no-reference (nr),type,One of the categories of IQA/VQA metrics, showing broader applications.,,e182ae5c892c4ecea44eac456f691860
full-reference (fr),type,Another category, generally having higher correlations with subjective quality.,,e182ae5c892c4ecea44eac456f691860
ugc-vqa (tu et al. 2021),related work,A benchmark that accepts submissions and is related to the discussed IQA/VQA evaluations.,,e182ae5c892c4ecea44eac456f691860
ntire workshop (gu et al. 2022),related work,A well-known workshop for comparing IQA/VQA metrics, also part of the context.,,e182ae5c892c4ecea44eac456f691860
msu video quality metrics benchmark (antsiferova et al. 2022),related work,A competing benchmark for evaluating video quality metrics.,,e182ae5c892c4ecea44eac456f691860
subjective tests,evaluation method,Performance of IQA/VQA metrics is traditionally assessed through subjective tests.,,e182ae5c892c4ecea44eac456f691860
adversarial perturbations,pgd (madry et al. 2017),PGD refers to the Projected Gradient Descent method used for crafting adversarial perturbations.,,8c686c994fe34bbeae01e4ce8f92e4f7
adversarial perturbations,one-pixel attack (su, vargas, and sakurai 2019),The One-pixel attack is another technique for generating adversarial perturbations.,,8c686c994fe34bbeae01e4ce8f92e4f7
lpips metric,stadv attack,stAdv attack is used to craft adversarial perturbations specifically for the LPIPS metric.,,8c686c994fe34bbeae01e4ce8f92e4f7
lpips metric,robustness to adversarial attacks,LPIPS metric is shown to be less robust compared to traditional IQA/VQA metrics against adversarial attacks.,,8c686c994fe34bbeae01e4ce8f92e4f7
iq/vqa metrics,robustness,This paper evaluates the robustness of no-reference IQA and VQA metrics to adversarial attacks.,,8c686c994fe34bbeae01e4ce8f92e4f7
no-reference metrics,full-reference metrics,A similar evaluation exists for full-reference metrics, but no-reference metrics are the focus due to their broader applicability and vulnerability.,,8c686c994fe34bbeae01e4ce8f92e4f7
vsfa (li, jiang, and jiang 2019),mdtvsfa (li, jiang, and jiang 2021),Both VSFA and MDTVSFA are video-focused, unlike the image quality assessment metrics discussed.,,8c686c994fe34bbeae01e4ce8f92e4f7
iqa (image quality assessment) metrics,vqa (visual question answering) metrics,IQA and VQA are distinct, with IQA focusing on image quality and VQA on understanding visual content for answering questions.,,8c686c994fe34bbeae01e4ce8f92e4f7
rankiqa (liu, van de weijer, and bagdanov 2017),synthetic distortions,RankIQA uses a model trained on a large dataset with synthetic distortions for image comparison.,,8c686c994fe34bbeae01e4ce8f92e4f7
metaiqa (zhu et al. 2020),quality prior model,MetaIQA employs a pre-trained quality prior model for assessing image quality.,,8c686c994fe34bbeae01e4ce8f92e4f7
metaiqa,zhu et al. (2020),Zhu et al. introduced the MetaIQA model, which is a quality prior model pre-trained on specific distortions and fine-tuned on a target dataset.,,0b77ddc7a857440d9db4e0951454878d
rankiqa,similar to metaiqa,Both MetaIQA and RankIQA are approaches that use fine-tuning on a smaller dataset.,,0b77ddc7a857440d9db4e0951454878d
wsp,su and korhonen (2020),WSP addresses Global Average Pooling by Su and Korhonen, proposing Weighted Spatial Pooling for better distinction of important locations.,,0b77ddc7a857440d9db4e0951454878d
clip-iqa,wang, chan, and loy (2023),CLIP-IQA is a method that predicts quality perception and emotions using the CLIP network, with heterogeneous text prompts and images.,,0b77ddc7a857440d9db4e0951454878d
paq-2-piq,ying et al. (2020),PAQ-2-PIQ introduces a large subjective picture quality database and uses a CNN with ResNet-18 for patch quality prediction.,,0b77ddc7a857440d9db4e0951454878d
hyperiqa,su et al. (2020),HyperIQA focuses on real-life IQA, proposing a hyper-convolutional network for predicting weights of fully connected layers.,,0b77ddc7a857440d9db4e0951454878d
maniqa,yang et al. (2022),MANIQA assesses GAN-based distortions, utilizing vision transformer features and enhancing global/local interactions for quality assessment.,,0b77ddc7a857440d9db4e0951454878d
tres,golestaneh, dadsetan, and kitani (2022),TReS combines local CNN features with non-local self-attention, using self-supervision and a per-batch loss for ranking.,,0b77ddc7a857440d9db4e0951454878d
fpr,chen et al.,FPR is another method not described in detail, likely another IQA approach.,,0b77ddc7a857440d9db4e0951454878d
adversarial attacks,mt-a (subjective image attributes),MT-A is a component used in evaluating the performance of adversarial attacks, as it measures image attributes affected by these attacks.,,8e961e61417b438bb8e28fd95f966c65
koncept512,koniq-10k,KonCept512 is a model trained on KonIQ-10k, a diverse image database used for assessing image quality.,,8e961e61417b438bb8e28fd95f966c65
koniq-10k,crowdsourced database,KonIQ-10k is a large, crowd-sourced collection of 10,073 images.,,8e961e61417b438bb8e28fd95f966c65
inceptionresnetv2 backbone,koncept512 model,The KonCept512 model utilizes the InceptionResNetV2 architecture as its foundation.,,8e961e61417b438bb8e28fd95f966c65
mse (mean squared error),proxy metrics,MSE is an example of a full-reference, non-learning-based proxy metric used to measure image quality degradation.,,8e961e61417b438bb8e28fd95f966c65
psnr (peak signal-to-noise ratio),proxy metrics,PSNR is another full-reference metric, similar to MSE, for estimating image quality.,,8e961e61417b438bb8e28fd95f966c65
ssim (structural similarity index),proxy metrics,SSIM is a third full-reference metric that assesses image similarity based on structural information.,,8e961e61417b438bb8e28fd95f966c65
fgsm (fast gradient sign method),adversarial attack,FGSM is a basic technique for generating adversarial examples by taking a single gradient step.,,8e961e61417b438bb8e28fd95f966c65
i-fgsm (iterative fast gradient sign method),adversarial attack,I-FGSM is an extension of FGSM, using multiple iterations and image clipping for enhanced attack robustness.,,8e961e61417b438bb8e28fd95f966c65
pgd (projected gradient descent),adversarial attack,PGD is a stronger attack method that projects the image onto the allowed pixel range after each iteration.,,8e961e61417b438bb8e28fd95f966c65
perturbation intensity (α),adversarial attack,α controls the amount of change made to the input image during an adversarial attack.,,8e961e61417b438bb8e28fd95f966c65
generative-uap,u-net generator,Generative-UAP is obtained by training an auxiliary U-Net generator, which generates UAPs from random noise.,,744dacd7258c4f6bb7132624c7e280b0
adam optimizer,training process,The Adam optimizer is used for training the network to generate UAPs, with the loss function defined as the target metric's opposite sign.,,744dacd7258c4f6bb7132624c7e280b0
loss function,target metric,The loss function is defined as the target metric with the opposite sign, guiding the network's training.,,744dacd7258c4f6bb7132624c7e280b0
generated uap,attack on new images,Once trained, generated UAPs are used to attack new images, altering their content.,,744dacd7258c4f6bb7132624c7e280b0
perceptual-aware attacks,nr quality metrics,Perceptual-aware attacks focus on minimizing attack visibility by controlling for NR quality metrics, as demonstrated by Korhonen et al. (2022).,,744dacd7258c4f6bb7132624c7e280b0
korhonen and you (2022) method,adversarial images for nr metrics,Their method generates adversarial images with perturbations in textured regions for non-reference (NR) quality metrics.,,744dacd7258c4f6bb7132624c7e280b0
spatial activity map,horizontal and vertical sobel filters,The spatial activity map is calculated using 3x3 horizontal and vertical filters, which help guide the attack imperceptibility.,,744dacd7258c4f6bb7132624c7e280b0
madc (wang and simoncelli 2008),image/video-quality comparison,MADC compares image quality metrics by optimizing for specific criteria, like maximizing or minimizing one metric while keeping others fixed.,,744dacd7258c4f6bb7132624c7e280b0
projected gradient descent,binary search,In attacking, projected gradient descent and binary search are employed iteratively to manipulate the attacked metric.,,744dacd7258c4f6bb7132624c7e280b0
g1 (gradient for attacked metric),g2 (gradient for mse),Projected gradient is calculated using g1 and g2 to balance the optimization for the attacked metric and the MSE.,,744dacd7258c4f6bb7132624c7e280b0
projected gradient descent (pgd),mse (mean squared error),After projected gradient descent, a binary search is performed to ensure a fixed MSE, taking small steps along the MSE gradient.,,716ff7f6116f446d93e9cd5687a78f05
binary search,mse (mean squared error),The binary search is the process that adjusts step sizes based on the precision needed to maintain a fixed MSE value.,,716ff7f6116f446d93e9cd5687a78f05
pre-trained quality metrics,evaluation benchmark,This study incorporates pre-trained quality metrics as part of its evaluation framework.,,716ff7f6116f446d93e9cd5687a78f05
datasets,computer vision field,The datasets are chosen from the computer vision field to cover diverse real-life scenarios.,,716ff7f6116f446d93e9cd5687a78f05
datasets,trainable attacks,Three datasets were used for training adversarial attacks, which are further divided into trainable attacks.,,716ff7f6116f446d93e9cd5687a78f05
datasets,non-trainable attacks,Three datasets were used for testing, where non-trainable attacks were directly evaluated.,,716ff7f6116f446d93e9cd5687a78f05
uap (universal adversarial perturbation),trainable attacks,Three versions of UAP attacks were trained using each training dataset, representing different attack types and amplitudes.,,716ff7f6116f446d93e9cd5687a78f05
uap (universal adversarial perturbation),testing datasets,Each UAP attack version was evaluated on the designated testing datasets.,,716ff7f6116f446d93e9cd5687a78f05
adversarial attacks,generalization,The study analyzes the efficiency and generalizability of adversarial attacks.,,716ff7f6116f446d93e9cd5687a78f05
non-trainable attacks,testing datasets,Non-trainable attacks were directly evaluated on these testing datasets.,,0b87f72947c24a6cbcf57866233b27ba
trainable attacks,non-trainable attacks,Both types of attacks were compared for efficiency and generalization capabilities.,,0b87f72947c24a6cbcf57866233b27ba
nips 2017 adversarial learning development set,metrics' domain transformations,This dataset was used to train metrics for domain transformations.,,0b87f72947c24a6cbcf57866233b27ba
evaluation metrics,nips 2017 adversarial learning development set,The development set was relevant for evaluating the metrics.,,0b87f72947c24a6cbcf57866233b27ba
public source code,metrics,All metrics used were obtained from public code without additional pretraining.,,0b87f72947c24a6cbcf57866233b27ba
implementation details,attack training and evaluation,The process was fully automated using CI/CD tools.,,0b87f72947c24a6cbcf57866233b27ba
gitlab repository,measurement procedures,A GitLab repository facilitated the end-to-end pipeline for reproducibility.,,0b87f72947c24a6cbcf57866233b27ba
end-to-end pipeline,attacked metrics' original repositories,The pipeline connected attacked metrics to resulting robustness scores.,,0b87f72947c24a6cbcf57866233b27ba
uap-based attacks,amplitudes (0.2, 0.4, 0.8),These amplitudes were used for averaging UAP attacks.,,0b87f72947c24a6cbcf57866233b27ba
quality metrics implementations,official repositories,Implementations were obtained from official sources and modified for requirements.,,0b87f72947c24a6cbcf57866233b27ba
default parameters,quality metrics,Used without modification to avoid overfitting.,,0b87f72947c24a6cbcf57866233b27ba
original repositories,supplementary materials,The original repositories are linked in the supplementary materials provided by Antsiferova et al. (2023).,,950165d9ef3c41b69e6284b45cf4b338
computers,geforce rtx 3090 gpu,Calculations were performed on computers equipped with 4x GeForce RTX 3090 GPUs.,,950165d9ef3c41b69e6284b45cf4b338
computers,intel(r) xeon(r) gold 6226r cpu @ 2.90ghz,One computer had an Intel(R) Xeon(R) Gold 6226R CPU.,,950165d9ef3c41b69e6284b45cf4b338
computers,nvidia rtx a6000 gpu,Another computer had 4x NVIDIA RTX A6000 GPUs.,,950165d9ef3c41b69e6284b45cf4b338
computers,amd epyc 7532 32-core processor @ 2.40ghz,The second computer was equipped with an AMD EPYC 7532 processor.,,950165d9ef3c41b69e6284b45cf4b338
gpu hours,total calculation time,All calculations took approximately 2000 GPU hours in total.,,950165d9ef3c41b69e6284b45cf4b338
attacks,parameters (ϵ, iterations),Values for attack parameters, including ϵ and number of iterations, are listed in the supplementary materials.,,950165d9ef3c41b69e6284b45cf4b338
evaluation metrics,mdtvsfa,MDTVSFA (Li, Jiang, and Jiang 2021) served as the primary domain for metric comparisons.,,950165d9ef3c41b69e6284b45cf4b338
evaluation metrics,msu video quality metrics benchmark,Nonlinear transformation was based on the MSU Video Quality Metrics benchmark results.,,950165d9ef3c41b69e6284b45cf4b338
metrics,1-dimensional neural optimal transport,The 1-Dimensional Neural Optimal Transport method was used to align metric distributions.,,950165d9ef3c41b69e6284b45cf4b338
metrics' robustness,energy distance score measure,Metrics' robustness is calculated using energy distance score measure for evaluating different types of attacks.,,06f4d678c55d4e4a88d557222c5e3c89
o-uap,optimised-uap,O-UAP is one type of attack mentioned in the context.,,06f4d678c55d4e4a88d557222c5e3c89
g-uap,generative-uap,G-UAP is another type of attack, alongside O-UAP, that is discussed.,,06f4d678c55d4e4a88d557222c5e3c89
c-uap,cumulative-uap,C-UAP is also a type of attack considered in the context.,,06f4d678c55d4e4a88d557222c5e3c89
iterative adversarial attacks,ssim loss,Iterative attacks are more efficient against metrics, and their robustness score is compared using SSIM (Structural Similarity Index Measure).,,06f4d678c55d4e4a88d557222c5e3c89
metrics' robustness,ssim,The robustness of SSIM is shown in Figure 2, which compares the score for attacked images.,,06f4d678c55d4e4a88d557222c5e3c89
ssim loss,attacked images,The dependency of metrics' robustness score is studied for SSIM loss in relation to attacked images.,,06f4d678c55d4e4a88d557222c5e3c89
maniqa,nima,Both MANIQA and NIMA are leaders in robustness, as indicated by absolute and relative gain measures.,,06f4d678c55d4e4a88d557222c5e3c89
rank-iqa,meta-iqa,META-IQA and RANK-IQA are also noted for their high robustness.,,06f4d678c55d4e4a88d557222c5e3c89
fpr,adversarial attacks,FPR (False Positive Rate) is the least stable to adversarial attacks among the measures discussed.,,06f4d678c55d4e4a88d557222c5e3c89
one-sided wilcoxon signed-rank tests,statistical difference,These tests were conducted to study the statistical significance of the differences in absolute gains between metrics.,,06f4d678c55d4e4a88d557222c5e3c89
adversarial attacks,robustness,The context discusses the robustness of image/video-quality metrics to adversarial attacks, highlighting which metrics are more resistant.,,6f4877c4bf5047bfa379d579819f3e1f
no-reference image/video-quality metrics,adversarial attacks,These metrics are susceptible to adversarial attacks, implying a relationship of vulnerability.,,6f4877c4bf5047bfa379d579819f3e1f
maniqa, meta-iqa, nima, rank-iqa, mdtvsfa,high resistance to adversarial attacks,These metrics demonstrated strong resistance, making them safer for practical applications.,,6f4877c4bf5047bfa379d579819f3e1f
practical applications,safety,Metrics with high resistance are considered safer for use in practical applications.,,6f4877c4bf5047bfa379d579819f3e1f
comparison,online,The comparison of metric robustness is published online.,,6f4877c4bf5047bfa379d579819f3e1f
new metrics submissions,accepting,The benchmark accepts new metric submissions for evaluation.,,6f4877c4bf5047bfa379d579819f3e1f
negative social impact,cheating on image quality measures,The revelation of ways to cheat on image quality measures has a potential negative effect.,,6f4877c4bf5047bfa379d579819f3e1f
introduction,vulnerabilities,The vulnerabilities of image- and video-quality measures are discussed in the introduction.,,6f4877c4bf5047bfa379d579819f3e1f
negative social impact,exploitation in real-life applications,The vulnerabilities of image- and video-quality metrics, mentioned as having negative social impact, are being exploited in various applications.,,dca4ce1b5b9d44bb8d2db666533ad0f7
image- and video-quality metrics,robustness,The stability and robustness of these metrics are being evaluated and discussed in the context, with a focus on increasing trustworthiness.,,dca4ce1b5b9d44bb8d2db666533ad0f7
a few studies,published on the topic,Only a limited number of studies have addressed the vulnerabilities and robustness of image- and video-processing benchmarks.,,dca4ce1b5b9d44bb8d2db666533ad0f7
maniqa,stable metric,MANIQA is found to be one of the most stable metrics overall, but not always the top performer, especially against certain attacks.,,dca4ce1b5b9d44bb8d2db666533ad0f7
clip-iqa,outperforms maniqa on fgsm-based attacks,CLIP-IQA stands out in comparison to MANIQA, particularly when dealing with FGSM-based attacks.,,dca4ce1b5b9d44bb8d2db666533ad0f7
wilcoxon one-sided tests,used for statistical evaluation,These tests are employed to assess the significance of the observed differences in metric performance.,,dca4ce1b5b9d44bb8d2db666533ad0f7
stable metrics,architecture analysis,The relationship between metrics' architecture and robustness is analyzed in an attempt to understand the factors contributing to their stability.,,dca4ce1b5b9d44bb8d2db666533ad0f7
table 1 (supplementary materials),summary of metric features,This table provides a concise overview of the main characteristics of the tested metrics.,,dca4ce1b5b9d44bb8d2db666533ad0f7
graphics and media laboratory at msu,video group,The authors express gratitude to the video group at the university for their support and computational resources.,,dca4ce1b5b9d44bb8d2db666533ad0f7
kirill malyshev,vyacheslav napadovsky,Specific individuals within the video group, Kirill Malyshev and Vyacheslav Napadovsky, are acknowledged for their contributions.,,dca4ce1b5b9d44bb8d2db666533ad0f7
grant for research,financial support,The work has received financial backing from a research grant.,,dca4ce1b5b9d44bb8d2db666533ad0f7
tested metrics,table 1 (supplementary materials),The context mentions that Table 1 summarizes the main features of the tested metrics.,,4812a04db76443ca8f877e43d5e692da
robust metrics,common feature,Robust metrics are characterized by a shared common feature, which is not explicitly stated but implies that they share a particular attribute.,,4812a04db76443ca8f877e43d5e692da
input image cropping or resizing,feature of robust metrics,These techniques are a part of the common features of robust metrics, likely indicating their reliance on them.,,4812a04db76443ca8f877e43d5e692da
analytical center,subsidy agreement,The Analytical Center provides the input image cropping or resizing in accordance with a subsidy agreement.,,4812a04db76443ca8f877e43d5e692da
agreement identifier 000000d730321p5q0002,subsidy agreement,This is the specific identifier for the subsidy agreement mentioned, which is related to the services provided by the Analytical Center.,,4812a04db76443ca8f877e43d5e692da
ivannikov institute for system programming,agreement with the ivannikov institute,There is an agreement with this institute, dated November 2, 2021, No. 70-2021-00142, likely related to research or collaboration.,,4812a04db76443ca8f877e43d5e692da
