node_1,node_2,edge,chunk_id
visual document understanding (vdu),document,The context highlights that VDU is a domain focused on understanding documents beyond basic OCR, implying that VDU involves extracting information from documents.,d647a0f2677f40adb8f4a53ba9351050
docformerv2,multi-modal transformer,DocFormerv2 is described as a multi-modal transformer specifically designed for Visual Document Understanding.,d647a0f2677f40adb8f4a53ba9351050
docformerv2,encoder-decoder transformer,This model has an encoder-decoder architecture, where the encoder processes vision, language, and spatial features.,d647a0f2677f40adb8f4a53ba9351050
unsupervised tasks,pre-training,DocFormerv2 is pre-trained with carefully designed unsupervised tasks to align local features across modalities.,d647a0f2677f40adb8f4a53ba9351050
tabfact,state-of-the-art performance,DocFormerv2 shows state-of-the-art performance on TabFact, improving by +4.3% compared to strong baselines.,d647a0f2677f40adb8f4a53ba9351050
infovqa,state-of-the-art performance,It also outperforms competitors by +1.4% on InfoVQA.,d647a0f2677f40adb8f4a53ba9351050
funsd,state-of-the-art performance,An improvement of +1.0% is noted on the FUNSD dataset.,d647a0f2677f40adb8f4a53ba9351050
scene-text vqa tasks,generalization capabilities,DocFormerv2 demonstrates better generalization by outperforming comparably-sized models on scene-text VQA tasks.,d647a0f2677f40adb8f4a53ba9351050
docformerv2,pali,It even performs better than larger models like PaLI on scene-text VQA tasks.,d647a0f2677f40adb8f4a53ba9351050
docformerv2,flamingo,Comparable performance to Flamingo, another large model, on scene-text VQA.,d647a0f2677f40adb8f4a53ba9351050
visual layout and structure,accurate understanding,The content's layout and structure are crucial for achieving accurate understanding.,1a64d03145694bc199ac7202e9787873
linearization,sub-optimal performance,Naive linearization of text results in sub-optimal performance due to changes in semantic meaning based on layout.,1a64d03145694bc199ac7202e9787873
figure 1 - table 5,experiments demonstrating layout impact,These experiments in the figure and table illustrate the effect of layout on performance.,1a64d03145694bc199ac7202e9787873
vdu,multi-modal approach,VDU necessitates a multi-modal approach that combines text and visual features considering the document's 2D layout.,1a64d03145694bc199ac7202e9787873
vision-language learning,feature alignment,In vision-language learning, the key is to align text with corresponding visual features.,1a64d03145694bc199ac7202e9787873
local and layout-relative understanding,document vqa, semantic labeling, entity extraction,Tasks in VDU demand understanding of text in relation to its position within the document.,1a64d03145694bc199ac7202e9787873
page-number,interpretation context,The interpretation of a '1' as a page number or numeric value depends on its location in the document.,1a64d03145694bc199ac7202e9787873
vdu domain understanding,tasks requiring layout-specific knowledge,VDU tasks emphasize the importance of understanding the context of the document's layout.,1a64d03145694bc199ac7202e9787873
docformer v1,vdu model,DocFormer v1 is a model specifically designed for the Visual Document Understanding domain.,1a64d03145694bc199ac7202e9787873
prominent published research papers,table 1,The research focus is catalogued in Table 1, indicating that the table lists prominent papers.,dc39890ddd2c4f2790b5c6fa65d4c6f5
tilt (powalski et al. 2021),encoder-decoder transformer for vdu,TILT is a proposed model that employs an encoder-decoder transformer specifically designed for Visual Document Understanding (VDU).,dc39890ddd2c4f2790b5c6fa65d4c6f5
docformerv2,multiple unsupervised pre-training tasks,DocFormerv2 simplifies the architecture by having several unsupervised tasks, which differentiate it from TILT.,dc39890ddd2c4f2790b5c6fa65d4c6f5
our approach (docformerv2),not using a separate visual module,DocFormerv2 does not utilize a dedicated visual component like a CNN or Transformer, unlike some previous methods.,dc39890ddd2c4f2790b5c6fa65d4c6f5
ocr model,bounding-box location,The OCR model predicts a word's bounding box coordinates to encode spatial information.,dc39890ddd2c4f2790b5c6fa65d4c6f5
spatial features,word's font-size and importance,Spatial features provide cues about a word's size, which indicates its importance within the document.,dc39890ddd2c4f2790b5c6fa65d4c6f5
docformerv2,unsupervised pre-training,DocFormerv2 follows the practice of unsupervised pre-training for downstream task fine-tuning.,ac34a0166c3b4d41ac57f765a055dfd4
pre-training tasks,downstream tasks,The pre-training tasks are designed as a close proxy for downstream tasks.,ac34a0166c3b4d41ac57f765a055dfd4
encoder,token-to-line task,The Token-to-Line Task focuses on local feature semantic alignment, essential for VDU tasks.,ac34a0166c3b4d41ac57f765a055dfd4
vdu tasks,local feature semantic alignment,Local feature alignment is crucial for key-value prediction in VDU tasks, often found within the same line or adjacent lines of a document.,ac34a0166c3b4d41ac57f765a055dfd4
value prediction,key,In a VDU task like VQA, the related information for predicting a value is usually on the same line or nearby, involving key-value pairs.,ac34a0166c3b4d41ac57f765a055dfd4
visual question answering (vqa),vdu tasks,VQA is an example of a VDU task where understanding the document context is vital.,ac34a0166c3b4d41ac57f765a055dfd4
document,line,A document consists of multiple lines, where information is organized. Tokens within a line are related, while distant tokens across more than 2 lines are generally unrelated.,6b6be8f431c048d8989d7ef828aa95e8
docformerv2,encoder-decoder transformer architecture,DocFormerv2 is a type of architecture that combines an encoder and decoder for processing multi-modal data, specifically designed for tasks like predicting relative positions between tokens in a document.,6b6be8f431c048d8989d7ef828aa95e8
pre-training,token-to-line prediction task,During pre-training, DocFormerv2 learns to predict the number of lines between language tokens, which helps improve performance on downstream tasks like DocVQA.,6b6be8f431c048d8989d7ef828aa95e8
docformerv2,docvqa task,The pre-trained DocFormerv2 provides a +2.2% improvement on the DocVQA task, showing the effectiveness of its architecture.,6b6be8f431c048d8989d7ef828aa95e8
prediction heads,grid prediction,After pre-training, the encoder retains the heads for both token-to-line and grid predictions, but these are replaced with task-specific components for the downstream tasks.,6b6be8f431c048d8989d7ef828aa95e8
docformerv2,end-to-end trainable,The entire architecture of DocFormerv2 is designed to be trained end-to-end, allowing for seamless integration of different components.,6b6be8f431c048d8989d7ef828aa95e8
docformerv2 (dfv2),multi-modal encoder-decoder architecture,DFv2 is a type of architecture that serves as a multi-modal encoder-decoder.,ed2432c258de49ea84d3028d7f5051c3
dfv2,small, base, large variants,DFv2 comes in three different size variations: small, base, and large.,ed2432c258de49ea84d3028d7f5051c3
dfv2,multi-modal inputs,DFv2 accepts multi-modal inputs, including image, text, and OCR spatial features.,ed2432c258de49ea84d3028d7f5051c3
image of the document (i),visual feature,The visual branch of DFv2 processes the flattened image sequence to create an image embedding.,ed2432c258de49ea84d3028d7f5051c3
text extracted by ocr model (t),multi-modal inputs,OCR text and OCR bounding box coordinates are part of the multi-modal data fed into DFv2.,ed2432c258de49ea84d3028d7f5051c3
spatial features (s),multi-modal inputs,Spatial features, derived from OCR bounding boxes, are incorporated into the model.,ed2432c258de49ea84d3028d7f5051c3
v (image embedding),visual branch,V is a simplified image embedding created by a linear layer applied to the image input.,ed2432c258de49ea84d3028d7f5051c3
swin, vit,expensive image encoders,DFv2 uses a simpler approach than these more complex image encoders.,ed2432c258de49ea84d3028d7f5051c3
frcnn variants,bulky object-detection networks,Prior VDU work employed these networks, but DFv2 avoids them due to their cost.,ed2432c258de49ea84d3028d7f5051c3
transformer,dfv2,The architecture of DFv2 is based on transformers, which allow for alignment and fusion of multi-modal features.,ed2432c258de49ea84d3028d7f5051c3
vdu prior-art,transformer layers,The context mentions that VDU prior-art uses transformer layers, indicating that the two are related in the context of neural network architectures.,54b9e65e4a8d4fe5b2b0eaf1c3d579a3
permutation-invariant,transformer layers,These terms are connected because the property of permutation-invariance is associated with the functioning of transformer layers.,54b9e65e4a8d4fe5b2b0eaf1c3d579a3
2d-positional encoding (ps),transformer layers,The 2D-positional encoding is computed for transformer layers, suggesting they work together in the model architecture.,54b9e65e4a8d4fe5b2b0eaf1c3d579a3
predicted text (t),ocr model,An OCR model is used to predict the text, implying that the two are components of the document processing pipeline.,54b9e65e4a8d4fe5b2b0eaf1c3d579a3
sentence-piece sub-word tokenizer,predicted text (t),The tokenizer is applied to the predicted text, indicating a step in the text preprocessing stage.,54b9e65e4a8d4fe5b2b0eaf1c3d579a3
maximum sequence limit (s),predicted text (t),This parameter limits the sequence length during training and testing, affecting the processing of the predicted text.,54b9e65e4a8d4fe5b2b0eaf1c3d579a3
pre-trained model,downstream train data,The pre-trained model is fine-tuned on specific downstream tasks' training data.,54b9e65e4a8d4fe5b2b0eaf1c3d579a3
industrial document library (idl),pre-training data,The IDL is the dataset used for unsupervised pre-training of the model.,54b9e65e4a8d4fe5b2b0eaf1c3d579a3
idl,various industries (e.g., tobacco, drug, food),The IDL contains documents from diverse industries, showing its broad scope.,54b9e65e4a8d4fe5b2b0eaf1c3d579a3
document images,idl,The dataset consists of millions of document images hosted by UCSF.,54b9e65e4a8d4fe5b2b0eaf1c3d579a3
ocr-text,document images,OCR-text is extracted from the document images for pre-training.,54b9e65e4a8d4fe5b2b0eaf1c3d579a3
unsupervised pre-training,idl and ocr-text,The data is used for unsupervised learning, implying that the model learns from this raw text and image data.,54b9e65e4a8d4fe5b2b0eaf1c3d579a3
unsupervised pre-training,idl 64m,The data distribution for unsupervised pre-training is presented in the supplemental section of IDL 64M.,543613db531d47a690c65fcc6d50a0d0
fine-tuning,provided training set,The model is fine-tuned on the provided training set.,543613db531d47a690c65fcc6d50a0d0
fine-tuning,validation/test set,Numbers are reported on the corresponding validation/test set.,543613db531d47a690c65fcc6d50a0d0
our approach,no dataset-specific hyperparameter tuning,This approach does not involve dataset-specific hyperparameter tuning.,543613db531d47a690c65fcc6d50a0d0
pytorch,huggingface library,The model was implemented using Pytorch and the Huggingface library.,543613db531d47a690c65fcc6d50a0d0
evaluation metrics,docvqa,ANLS is used for DocVQA.,543613db531d47a690c65fcc6d50a0d0
evaluation metrics,infovqa,ANLS is used for InfoVQA.,543613db531d47a690c65fcc6d50a0d0
evaluation metrics,st-vqa,ANLS is used for ST-VQA.,543613db531d47a690c65fcc6d50a0d0
evaluation metrics,funsd,F1-score is used for FUNSD.,543613db531d47a690c65fcc6d50a0d0
evaluation metrics,cord,F1-score is used for CORD.,543613db531d47a690c65fcc6d50a0d0
evaluation metrics,textvqa,Accuracy is used for TextVQA.,543613db531d47a690c65fcc6d50a0d0
evaluation metrics,ocr-vqa,Accuracy is used for OCR-VQA.,543613db531d47a690c65fcc6d50a0d0
table vqa,wikitable,These datasets study table understanding on Wikipedia tables.,543613db531d47a690c65fcc6d50a0d0
table vqa,tabfact,TabFact involves table understanding and fact verification.,543613db531d47a690c65fcc6d50a0d0
entailed statements,refuted statements,Entailed and refuted statements are prepared for table understanding tasks.,543613db531d47a690c65fcc6d50a0d0
language semantics,location (visual, spatial),The task pairs language semantics with the visual and spatial aspects in a document.,34d639e5cc204d3595b3de4a0c538485
document,virtual grid division,The document is virtually divided into a m x n grid for organizing OCR tokens.,34d639e5cc204d3595b3de4a0c538485
ocr token,grid number,Each OCR token is assigned a grid number based on its top-left location.,34d639e5cc204d3595b3de4a0c538485
grid number,scan-order,If a token falls on the boundary of multiple grids, the scan-order is used to resolve ambiguity.,34d639e5cc204d3595b3de4a0c538485
normalized image coordinates,prediction exclusion,Tokens falling on the boundary of normalized image coordinates are ignored for prediction.,34d639e5cc204d3595b3de4a0c538485
grid,width and height,Each grid has its own width (∆x) and height (∆y).,34d639e5cc204d3595b3de4a0c538485
grid,number of grids in a row (m),m represents the total number of grids horizontally.,34d639e5cc204d3595b3de4a0c538485
decoder,language modeling,The decoder performs denoising masked language modeling, which involves understanding and predicting text based on context.,34d639e5cc204d3595b3de4a0c538485
spatial features,masking during pre-training,During pre-training, spatial features of masked tokens are masked to increase the model's dependency on other context.,34d639e5cc204d3595b3de4a0c538485
spatial features,grid and line prediction,Masking spatial features makes the model predict grid numbers and line information without explicit position cues.,34d639e5cc204d3595b3de4a0c538485
loss,ldlm,Loss function Ldlm is used for the denoising masked language modeling task.,34d639e5cc204d3595b3de4a0c538485
pre-training loss,downstream tasks,The final loss combines pre-training losses (Lf, Ltog, Ldlm) and is used for downstream tasks after pre-training.,f2b4bebfed7f49d19b5610f342053495
token-to-line and token-to-grid linear prediction heads,pre-training,These heads are removed after pre-training, indicating they were part of the initial model setup.,f2b4bebfed7f49d19b5610f342053495
docformer v2 large,previous state of the art,DocFormer v2 large outperforms the previous state-of-the-art on WikiTableQuestions and TabFact datasets.,f2b4bebfed7f49d19b5610f342053495
docformer v2 large,layoutlmv3 large,DocFormer v2 large is compared to LayoutLMv3 large, which uses image + text + spatial features.,f2b4bebfed7f49d19b5610f342053495
docformer v2 large,t5large+2d+u,DocFormer v2 large also outperforms T5large+2D+U, which relies on text and spatial features.,f2b4bebfed7f49d19b5610f342053495
funsd dataset,semantic entity-labeling task,DocFormer v2 is tested on the FUNSD dataset for the task of semantic entity-labeling, grouping tokens into classes.,f2b4bebfed7f49d19b5610f342053495
funsd dataset,jaume, ekenel, and thiran (2019),The FUNSD dataset is used for testing the model, which consists of 199 noisy documents, including 149 for training and 50 for testing.,0df516d2ea8f41f0bf9a33943eca96a3
funsd dataset,four classes,The FUNSD dataset has four categories: question, answer, header, and other.,0df516d2ea8f41f0bf9a33943eca96a3
entity-level performance,f1 score,Entity-level performance is measured using F1 score, with DocFormerv2 achieving an 88.89% F1 score.,0df516d2ea8f41f0bf9a33943eca96a3
docformerv2,grayed models,DocFormerv2 outperforms existing methods without using entity box priors in pretraining and finetuning.,0df516d2ea8f41f0bf9a33943eca96a3
docformerv2,pix2structlarge,DocFormerv2 is compared to Pix2Structlarge, showing better performance on document VQA.,0df516d2ea8f41f0bf9a33943eca96a3
docvqa,infographicsvqa,DocFormerv2 is trained on an extra document VQA dataset and further fine-tuned, resulting in improved performance on both DocVQA and InfographicsVQA.,0df516d2ea8f41f0bf9a33943eca96a3
docvqa,infographicsvqa,Comparison: Our work performs better on DocVQA with a gain of 0.79%, and on InfographicsVQA with a gain of 1.4%.,163ba304a535469fa391151fb50f2047
our approach,pix2struct,Methods comparison: Our approach outperforms Pix2Struct, which is based on only images.,163ba304a535469fa391151fb50f2047
pix2struct,methods based on only image,Category: Pix2Struct belongs to methods that rely solely on image information.,163ba304a535469fa391151fb50f2047
t5large+2d+u,methods based on only text / (text + spatial) features,Comparison: T5large+2D+U is among the methods using only text or text with spatial features.,163ba304a535469fa391151fb50f2047
layoutlmv3large,methods based on image + text + spatial features,Methods comparison: LayoutLMv3large is a part of the ensemble using combined image, text, and spatial features.,163ba304a535469fa391151fb50f2047
layoutlmv2,layoutlmv3large,Comparison: Both LayoutLMv2 and LayoutLMv3 are models utilizing image, text, and spatial features, but LayoutLMv3 is newer and presumably more advanced.,163ba304a535469fa391151fb50f2047
docformerv2large,layoutlmv2,Comparison: Both models, DocFormerv2 and LayoutLMv2, are compared in the document VQA context.,163ba304a535469fa391151fb50f2047
docformerv2,previous state of the art,Performance: DocFormerv2 outperforms the previous best method on Document VQA datasets.,163ba304a535469fa391151fb50f2047
cord dataset,entity extraction task,Task: DocFormerv2 is evaluated for entity extraction on the CORD dataset.,163ba304a535469fa391151fb50f2047
cord,1000 receipts,Description: CORD contains 1000 receipts split into train, validation, and test sets.,163ba304a535469fa391151fb50f2047
fine-grained fields,4 coarse-grained categories,Hierarchy: CORD defines entities under 4 broad categories with 30 fine-grained fields within them.,163ba304a535469fa391151fb50f2047
docformerv2,97.7% f1 score,Performance: DocFormerv2 achieves a high F1 score of 97.7% on the entity extraction task.,163ba304a535469fa391151fb50f2047
docformerv2,existing methods,Comparison: DocFormerv2 outperforms existing entity extraction methods.,163ba304a535469fa391151fb50f2047
docformerv2 pre-training tasks ablation,baseline,Table 8 shows the impact of three pre-training tasks (B: Baseline, V: Visual features, L: Token-to-Line prediction, G: Token-to-Grid prediction) on four downstream tasks compared to the baseline.,65cedeb3f4f64cdbb606e3445f27cf8c
visual features,token-to-line prediction,Both are among the pre-training tasks in DocFormerv2, contributing to its performance.,65cedeb3f4f64cdbb606e3445f27cf8c
token-to-line prediction,token-to-grid prediction,These are two distinct pre-training tasks in DocFormerv2, enhancing its capabilities.,65cedeb3f4f64cdbb606e3445f27cf8c
docformerv2,layoutlmv2,The study compares the robustness of DocFormerv2 to LayoutLMv2 in response to OCR errors.,65cedeb3f4f64cdbb606e3445f27cf8c
ocr errors,robustness to ocr errors,This experiment evaluates the models' ability to handle artificial character typos in the FUNSD dataset.,65cedeb3f4f64cdbb606e3445f27cf8c
docformerv2,generative decoder,DocFormerv2's generative decoder exhibits resilience against OCR errors, experiencing a lesser performance drop compared to LayoutLMv2.,65cedeb3f4f64cdbb606e3445f27cf8c
multi-modal training,denoising language modeling task,Both tasks are part of the ablation experiments conducted on DFv2 -small, using 1M document pre-training.,65cedeb3f4f64cdbb606e3445f27cf8c
dfv2 -small,1m doc pre-training,The ablation study was performed on a smaller version of DocFormerv2, trained on one million documents.,65cedeb3f4f64cdbb606e3445f27cf8c
docformerv2,solving ocr problem,DocFormerv2 demonstrates its effectiveness in solving OCR problems with a smaller model and less data.,65cedeb3f4f64cdbb606e3445f27cf8c
previous sota,best performance,Bolded numbers indicate the best performance, while underlined scores denote the previous state-of-the-art in OCR-VQA.,65cedeb3f4f64cdbb606e3445f27cf8c
generative decoder,performance drop,The generative decoder experiences a -1.68% performance drop compared to the encoder-only LayoutLMv2 when facing 20% OCR errors.,787b2a9f0fa74281bd67309c317df4bd
generative decoder,layoutlmv2,Generative decoder is compared to LayoutLMv2, showing better robustness against text noise (-1.68% vs -9.84% decline).,787b2a9f0fa74281bd67309c317df4bd
ocr errors,f1 score,The impact of OCR errors is measured through F1 score evaluation, specifically on FUNSD dataset.,787b2a9f0fa74281bd67309c317df4bd
pre-training data size,dfv2's performance,The pre-training data size affects DocFormerv2's performance, with larger datasets leading to improved results.,787b2a9f0fa74281bd67309c317df4bd
docformerv2,st-vqa,DocFormerv2 outperforms comparable models like GIT and LaTr by a significant margin (+2.2%) on ST-VQA.,787b2a9f0fa74281bd67309c317df4bd
docformerv2,textvqa,The combination of ST-VQA and TextVQA training sets improves DocFormerv2's performance (indicated by †).,787b2a9f0fa74281bd67309c317df4bd
down-stream tasks,f1 scores,The context discusses F1 scores as a measure of performance for down-stream tasks.,a87689e22d4b47108f9532d804261db2
st-vqa,textvqa training sets,The combination of ST-VQA and TextVQA training sets is mentioned as being used for the ablation study.,a87689e22d4b47108f9532d804261db2
dfv2,lay-outlmv2,DFv2 outperforms Lay-outLMv2, demonstrating the effectiveness of its asymmetric pre-training approach.,a87689e22d4b47108f9532d804261db2
dfv2,limited data (11m documents),Both models were trained on the same smaller dataset, showing DFv2's superiority even with limited data.,a87689e22d4b47108f9532d804261db2
dfv2,64m documents,DFv2 improves further with more data, solidifying its advantage for VDU tasks.,a87689e22d4b47108f9532d804261db2
token-to-grid pre-training,benefits,The Token-to-Grid pre-training task was found to provide benefits in the ablation section.,a87689e22d4b47108f9532d804261db2
token-to-grid pre-training,virtual grid-size,The empirical determination of the optimal grid size, 4x4, is crucial for this task.,a87689e22d4b47108f9532d804261db2
grid sizes,harm,Smaller or asymmetric grid structures like 4x1 are not ideal, and larger grids like 12x12 or 8x8 also hurt performance.,a87689e22d4b47108f9532d804261db2
docformer v2,vision and token-to-line enabled,DocFormer v2 enables vision and Token-to-line capabilities.,a87689e22d4b47108f9532d804261db2
docformer v2,more ablations,Additional ablation experiments are provided in the supplemental material.,a87689e22d4b47108f9532d804261db2
conclusion,importance of two,The conclusion highlights the significance of the two aspects mentioned within the paper,a87689e22d4b47108f9532d804261db2
docformerv2,approach,DocFormerv2 refers to the approach discussed in the context, showcasing its novelty.,f6ba90bb07b94a7480985a1812555833
approach,pre-training tasks,The approach includes two novel pre-training tasks.,f6ba90bb07b94a7480985a1812555833
pre-training tasks,enriching encoder representations,Pre-training tasks are responsible for enriching encoder representations.,f6ba90bb07b94a7480985a1812555833
local semantic information,encoder representations,Local semantic information enhances encoder representations during pre-training.,f6ba90bb07b94a7480985a1812555833
docformerv2,state-of-the-art numbers,DocFormerv2 achieves state-of-the-art performance on multiple datasets.,f6ba90bb07b94a7480985a1812555833
experiments,state-of-the-art numbers,Experiments lead to the state-of-the-art results across various datasets.,f6ba90bb07b94a7480985a1812555833
vdu datasets,scene-text vqa datasets,Experiments are conducted on both VDU and scene-text VQA datasets, showcasing versatility.,f6ba90bb07b94a7480985a1812555833
ablations,downstream performance,Ablations study the impact of design choices on the performance of the model in real-world scenarios.,f6ba90bb07b94a7480985a1812555833
