node_1,node_2,edge,chunk_id
weakly-supervised temporal video grounding,multi-modal videos,The paper focuses on leveraging multi-modal videos for weakly-supervised learning, where the lack of labeled moments is addressed.,bd3b9a664a9243f7b9f773ade3359836
multi-modal videos (rgb frames, optical flows),richer supervision,Multi-modal data provides richer supervision in the weakly-supervised context, enhancing model performance.,bd3b9a664a9243f7b9f773ade3359836
labor-intensive and subjective labeling,inadequate supervision,Weakly-supervised approaches suffer from limited supervision, which affects performance.,bd3b9a664a9243f7b9f773ade3359836
challenging task,exploiting complementary information,The paper aims to tackle the challenge by utilizing complementary information across modalities.,bd3b9a664a9243f7b9f773ade3359836
multi-modal distillation algorithm,model training,The proposed algorithm uses multi-modal knowledge as supervision, allowing single-modal inference during testing.,bd3b9a664a9243f7b9f773ade3359836
single modal input,practical scenarios,The approach ensures applicability even when not all modalities are available in real-world situations.,bd3b9a664a9243f7b9f773ade3359836
cross-modal mutual learning,synergic supervision,Cross-modal mutual learning enhances the model's generalization capability by integrating different modalities.,bd3b9a664a9243f7b9f773ade3359836
rgb frames,optical flow,Complementary information: RGB frames capture appearances, while optical flow provides richer motion information, aiding action understanding and making the model more robust to occlusions and lighting changes.,5275430daa814ff7a7541e8ea48cee92
rgb frames,audio,Synergistic cues: Integrating multiple modalities improves generalization and robustness, but introduces additional computational costs and may limit practicality due to data availability issues.,5275430daa814ff7a7541e8ea48cee92
multi-modalities,model parameters,Negative impact: Increased computational costs from additional model parameters.,5275430daa814ff7a7541e8ea48cee92
multiple modalities,computational burden,Limitation: Heavier computational burden for optical flow processing.,5275430daa814ff7a7541e8ea48cee92
multiple modalities,data availability,Limitation: Audio modality may not be present in surveillance videos.,5275430daa814ff7a7541e8ea48cee92
optical flows,lucas and kanade (1981),Reference: Optical flow computation in the literature.,5275430daa814ff7a7541e8ea48cee92
model,practicability,Limited by practicality due to computational and data availability concerns.,5275430daa814ff7a7541e8ea48cee92
weakly-supervised temporal video grounding,multi-modal videos,We are the first to use multi-modal videos to address the inadequate supervision issue in weakly-supervised temporal video grounding.,5bc7c3d31aff47218e68b7e6c48b5f76
multi-modal videos,single-modal baseline,A multi-modal distillation algorithm is proposed to transfer knowledge from multi-modal videos to a single-modal student model.,5bc7c3d31aff47218e68b7e6c48b5f76
fully-supervised temporal video grounding,weakly-supervised temporal video grounding,Our work contrasts with fully-supervised methods, which have more extensive supervision.,5bc7c3d31aff47218e68b7e6c48b5f76
multi-modal videos,mutual learning,A mutual learning algorithm explores weakly-supervised temporal video grounding with multi-modal inputs, compensating for grounding errors.,5bc7c3d31aff47218e68b7e6c48b5f76
single-modal baseline,local-global contrastive learning,We design a single-modal model using local and global contrastive learning, not relying on multi-modal videos during training or inference.,5bc7c3d31aff47218e68b7e6c48b5f76
temporal video grounding,fully-supervised temporal video grounding,The task of temporal video grounding is first introduced by Gao et al. (2017), which is a subset of fully-supervised methods.,a24772174eeb4e7c9acf028f6451a5ab
fully-supervised temporal video grounding,attention mechanism,Liu et al. (2018) suggest applying attention mechanism to highlight important visual features in this context.,a24772174eeb4e7c9acf028f6451a5ab
fully-supervised temporal video grounding,event propagation network,An event propagation network is developed in (Bao, Zheng, and Mu 2021) for localization of semantically related and temporally coordinated moments.,a24772174eeb4e7c9acf028f6451a5ab
fully-supervised methods,labor-intensive annotations,These methods rely on annotations of temporal boundaries, which are labor-intensive.,a24772174eeb4e7c9acf028f6451a5ab
weakly-supervised temporal video grounding,rgb frames,Existing works (Gao et al. 2019; Zheng et al. 2022a,b; Bao et al. 2024) use RGB frames as input without requiring temporal boundary annotations.,a24772174eeb4e7c9acf028f6451a5ab
weakly-supervised temporal video grounding,joint visual-semantic embeddings,Early works like Mithun, Paul, and Roy-Chowdhury (2019) use joint embeddings and text-guided attention to address the lack of boundary annotations.,a24772174eeb4e7c9acf028f6451a5ab
weakly-supervised temporal video grounding,contrastive proposal learning,Zheng et al. (2022a) propose contrastive learning to distinguish positive segments from confusing ones in the same video.,a24772174eeb4e7c9acf028f6451a5ab
rgb frames,synergic input,Our work innovates by capitalizing on synergic inputs beyond just RGB frames, implying that we leverage additional modalities for better performance.,a24772174eeb4e7c9acf028f6451a5ab
single-modal baseline,multi-modal teacher model,The single-modal baseline serves as a starting point, while the multi-modal teacher model improves upon it by collaborating across video and text modalities.,710ff16f277f4b9383a123834777c91d
local contrastive learning,global contrastive learning,Both local and global contrastive learning are proposed to align the semantic content of videos and sentences within the single-modal baseline.,710ff16f277f4b9383a123834777c91d
multi-modal teacher model,cross-modal mutual learning,In the multi-modal teacher model, cross-modal mutual learning ensures consistency of semantic activation maps between video modalities.,710ff16f277f4b9383a123834777c91d
semantic activation map (video),query sentence,Semantic activation maps are computed for each video modality to match with the query sentence, facilitating understanding.,710ff16f277f4b9383a123834777c91d
multi-modal teacher model,single-modal student model,The student model receives additional supervision from the teacher, improving its performance and error mitigation.,710ff16f277f4b9383a123834777c91d
temporal boundaries,ground truth (weakly-supervised),The teacher model provides more accurate temporal boundary predictions, which are unavailable in weakly-supervised learning.,710ff16f277f4b9383a123834777c91d
teacher model,semantic activation maps,The teacher model offers better estimation of semantic activation maps, revealing the underlying semantic relationships.,710ff16f277f4b9383a123834777c91d
teacher model,semantic activation maps,The teacher model provides a better estimation of semantic activation maps, revealing the relationship between language and videos.,cf8a1777fd6e4da69931e2fc17d1fbea
global-level distillation algorithm,temporal boundaries,The algorithm encourages the student model to mimic the predictions of temporal boundaries.,cf8a1777fd6e4da69931e2fc17d1fbea
local-level distillation algorithm,semantic activation maps,It also encourages the student model to mimic the predictions of semantic activation maps.,cf8a1777fd6e4da69931e2fc17d1fbea
student model,multi-modal videos,The student model is trained with supervisory signals from multi-modal videos.,cf8a1777fd6e4da69931e2fc17d1fbea
single-modal videos,input during inference,During inference, the student model keeps single-modal videos as input.,cf8a1777fd6e4da69931e2fc17d1fbea
local-global contrastive learning,single-modal baseline,The single-modal baseline uses local-global contrastive learning, which can outperform state-of-the-art methods without multi-modal data.,cf8a1777fd6e4da69931e2fc17d1fbea
multi-modal videos,handling insufficient supervision,The student model capitalizes on multi-modal videos to address the issue of insufficient supervision.,cf8a1777fd6e4da69931e2fc17d1fbea
multi-modal distillation algorithm,multi-modal knowledge,Crafted to distill knowledge from multiple modalities at local and global levels.,cf8a1777fd6e4da69931e2fc17d1fbea
cross-modal mutual learning framework,teacher model,Proposed to compensate for errors introduced by a single modality through mutual learning.,cf8a1777fd6e4da69931e2fc17d1fbea
previous approaches,temporal moment localization,Previous methods focused on semantic alignment between the video and the sentence for temporal moment localization.,cf8a1777fd6e4da69931e2fc17d1fbea
global contrastive learning,cpl network,The global contrastive learning module is similar to CPL network, sharing a proposal generator and a sentence reconstructor for proposal extraction and feature extraction.,4b80a0264202450299de06960cbbd6c3
proposal generator,sentence reconstructor,Both components are part of the global contrastive learning and CPL network, working together to create proposal candidates and reconstruct sentences.,4b80a0264202450299de06960cbbd6c3
proposals (ck; wk),proposal candidates,Proposal candidates are defined by the center and width and consist of K elements, where k represents individual proposals.,4b80a0264202450299de06960cbbd6c3
visual feature (vk),sentence feature (q),Transformer encoder extracts visual features for proposals (vk) and sentence features for the input sentence (q).,4b80a0264202450299de06960cbbd6c3
local contrastive learning,global contrastive learning,The proposed method applies both local and global contrastive learning, with the latter being described first and the former being the complementary approach.,4b80a0264202450299de06960cbbd6c3
multi-modal knowledge transfer,local and global alignment,Local and global alignment support multi-modal knowledge transfer, which is essential for the subsequent stages of the framework.,4b80a0264202450299de06960cbbd6c3
video proposals,sentence query,The proposal is considered positive if it semantically matches the sentence query.,0759f2ce4e774bf98b9ac32b7ca2e48a
positive proposal,negative proposal,A positive proposal has a lower reconstruction error compared to the negative proposal.,0759f2ce4e774bf98b9ac32b7ca2e48a
reconstruction error,positive proposal,The proposal with the minimum reconstruction error is selected as the positive proposal.,0759f2ce4e774bf98b9ac32b7ca2e48a
global contrastive learning,reconstruction error,The global objective contrasts the reconstruction errors of the positive proposal and full video.,0759f2ce4e774bf98b9ac32b7ca2e48a
global contrastive learning,full video reconstruction,In global contrastive learning, the full video's reconstruction loss is also considered with a margin.,0759f2ce4e774bf98b9ac32b7ca2e48a
local contrastive learning,video snippet features,Local contrastive learning enhances the local information within video snippet features using convolutional layers.,0759f2ce4e774bf98b9ac32b7ca2e48a
local contrastive learning,context-enhanced snippet features,These enhanced features incorporate more contextual information.,0759f2ce4e774bf98b9ac32b7ca2e48a
multi-modality model,single-modal student model,The multi-modality model acts as a teacher to transfer its knowledge to the single-modal student model for training.,00792c9c5a004fd8b22795e64bb2321a
multi-modal distillation,computational efficiency,Multi-modal distillation enables efficient training while accepting single-modal input.,00792c9c5a004fd8b22795e64bb2321a
weakly-supervised setting,deficient supervision,This paradigm addresses the challenge of limited supervision in weakly-supervised scenarios.,00792c9c5a004fd8b22795e64bb2321a
global-level distillation,temporal boundaries,Global-level distillation transfers knowledge of accurate global temporal boundaries from the teacher model to the student.,00792c9c5a004fd8b22795e64bb2321a
teacher model,pseudo-labels,Teacher model's predictions serve as pseudo-labels for the student model in weakly-supervised scenarios.,00792c9c5a004fd8b22795e64bb2321a
local-level distillation,semantic activation maps,Local-level distillation focuses on transferring knowledge of detailed semantic activation maps.,00792c9c5a004fd8b22795e64bb2321a
local-level distillation,semantic activation map,The local-level distillation involves mimicking the semantic activation map, which provides a deeper understanding of the relationship between language and video at the local level.,4800f95ed30c4c469124a48f0c0073bd
global contrastive learning loss function,lglobal,Lglobal is the global contrastive learning loss function used in the single-modal baseline.,4800f95ed30c4c469124a48f0c0073bd
charades-sta,dataset,Charades-STA is a large-scale dataset for validating the proposed method, focusing on daily indoor activities with language descriptions for temporal video grounding.,4800f95ed30c4c469124a48f0c0073bd
activitynet captions,dataset,ActivityNet Captions is another large-scale dataset used for performance evaluation, consisting of untrimmed videos with language annotations.,4800f95ed30c4c469124a48f0c0073bd
proposed methods,state-of-the-art approaches,The proposed methods are compared against state-of-the-art approaches on both Charades-STA and ActivityNet Captions.,4800f95ed30c4c469124a48f0c0073bd
scn (lin et al. 2020),method,SCN is a reference method, possibly a competitor or a prior work in the context of temporal video grounding.,4800f95ed30c4c469124a48f0c0073bd
mmdist teacher,mmdist baseline,The MMDist Teacher is a multi-modal model while the MMDist Baseline is a single-modal baseline, both part of the three variant models.,1fda913dcacb4f548db49209ecafc7c5
mmdist teacher,mmdist student,The MMDist Student exploits distillation algorithm to learn from the MMDist Teacher, making it distinct from the Baseline.,1fda913dcacb4f548db49209ecafc7c5
mmdist student,mmdist baseline,The main difference between MMDist Student and Baseline is that the former uses distillation from the teacher, whereas the latter does not.,1fda913dcacb4f548db49209ecafc7c5
hyperparameter of (cid:11), (cid:12), and (cid:13),4:5, 0:9, and 3:0,These are the specific values assigned to the hyperparameters, with (cid:11) having a value of 4:5, (cid:12) as 0:9, and (cid:13) as 3:0.,1fda913dcacb4f548db49209ecafc7c5
charades-sta,activitynet-captions,Both are the datasets used to verify the proposed methods' performance, showcasing their capabilities in weakly-supervised TVG.,1fda913dcacb4f548db49209ecafc7c5
mmdist methods,previous methods of weakly-supervised tvg,The MMDist methods outperform previous state-of-the-art methods, including Gaussian-based Contrastive Proposal Learning (CPL).,1fda913dcacb4f548db49209ecafc7c5
mmdist baseline,cpl (gaussian-based contrastive proposal learning),The MMDist Baseline beats CPL, indicating the superiority of the proposed approach.,1fda913dcacb4f548db49209ecafc7c5
mmdist baseline,cpl,MMDist Baseline is better than CPL, with a performance difference in R@0.3 and R@0.5 metrics.,93cd13f4247b4435ba4949032448e2d1
mmdist baseline,multi-modal videos,MMDist Baseline does not use multi-modal videos during training but still outperforms CPL, showing better grounding ability.,93cd13f4247b4435ba4949032448e2d1
mmdist teacher,cpl,MMDist Teacher surpasses CPL, indicating the advantage of incorporating multi-modal inputs.,93cd13f4247b4435ba4949032448e2d1
mmdist teacher,multi-modal inputs,Multi-modal inputs lead to significant improvements in all evaluation metrics for the MMDist Teacher.,93cd13f4247b4435ba4949032448e2d1
mmdist teacher,multi-modal input sources,The improvements in MMDist Teacher are due to the additional cues provided by multi-modal inputs, which help align video semantics with language queries.,fa772d73b58c441b8d24750be9e05be2
mmdist teacher,charades-sta,MMDist Teacher shows a 16.1% improvement in R@0.7 metric on Charades-STA compared to CPL.,fa772d73b58c441b8d24750be9e05be2
mmdist teacher,activitynet-captions,MMDist Teacher improves R@0.3 by 9.1% on ActivityNet-Captions over CPL.,fa772d73b58c441b8d24750be9e05be2
mmdist teacher,mmdist baseline,MMDist Student outperforms MMDist Baseline without using multi-modal videos.,fa772d73b58c441b8d24750be9e05be2
mmdist student,mmdist baseline,MMDist Student surpasses MMDist Baseline in grounding accuracy due to multi-modal knowledge distillation.,fa772d73b58c441b8d24750be9e05be2
mmdist student,cpl,MMDist Student's grounding accuracy exceeds CPL.,fa772d73b58c441b8d24750be9e05be2
mmdist student,activitynet-captions,MMDist Student performs slightly better than Teacher in R@0.1 and R@0.3 but slightly worse in R@0.5.,fa772d73b58c441b8d24750be9e05be2
local-global contrastive learning,model performance,Ablation studies focus on evaluating the impact of local-global contrastive learning on the model's performance.,fa772d73b58c441b8d24750be9e05be2
ablation studies,charades-sta dataset,These studies are conducted on the Charades-STA dataset to analyze the effectiveness of individual modules.,fa772d73b58c441b8d24750be9e05be2
table 3,impact,Table 3 highlights the results of the ablation studies, exploring the specific impact of each proposed module.,fa772d73b58c441b8d24750be9e05be2
model's performance,ablation studies,The context discusses the decline in performance when either local or global contrastive learning is removed, indicating the importance of these components for the model.,cb7b840b4806440c8852f1b3676b853b
local contrastive learning,global contrastive learning,Both types of contrastive learning contribute to the model's performance, with each being necessary for semantic alignment between video and language.,cb7b840b4806440c8852f1b3676b853b
multi-modal distillation,local semantic activation maps,Local contrastive learning generates semantic activation maps, which are crucial for transferring multi-modal knowledge from the teacher to the student model.,cb7b840b4806440c8852f1b3676b853b
temporal boundaries (global level),semantic activation maps (local level),The paper identifies two types of knowledge from the teacher, with each playing a distinct role in the multi-modal distillation process.,cb7b840b4806440c8852f1b3676b853b
local distillation,global distillation,Ablation study shows that both local and global distillation are essential for the full model's performance, with local distillation having a more significant impact on 'R@0.5'.,cb7b840b4806440c8852f1b3676b853b
student baseline,full model with local and global distillation,The full model outperforms the baseline, demonstrating the benefit of combining both local and global knowledge transfer.,cb7b840b4806440c8852f1b3676b853b
cross-modal mutual learning framework,teacher model,The 'cross-modal mutual learning framework' is used to collaboratively train the 'teacher model' with multi-modal videos.,bf748977b7744875bba1430648f0bb7b
local and global level distillation algorithms,knowledge from the teacher model,These algorithms transfer 'knowledge from the teacher model' for weakly-supervised temporal video grounding.,bf748977b7744875bba1430648f0bb7b
multi-modal videos,input for the teacher model,Multi-modal videos serve as the 'input for the teacher model', enabling collaborative learning.,bf748977b7744875bba1430648f0bb7b
teacher baseline,multi-modal baseline,The 'teacher baseline' is a direct concatenation of multi-modal features, while the 'multi-modal baseline' offers supplementary information from videos.,bf748977b7744875bba1430648f0bb7b
single-modal baseline,localization accuracy,The 'single-modal baseline' has lower localization accuracy compared to the teacher model, showing the advantage of multi-modal inputs.,bf748977b7744875bba1430648f0bb7b
single-modal baseline,performance inferiority,The 'single-modal baseline' exhibits noticeable performance inferiority because it lacks cross-modal collaborative learning.,bf748977b7744875bba1430648f0bb7b
weakly-supervised temporal video grounding,objective of the paper,The paper focuses on 'weakly-supervised temporal video grounding', utilizing the proposed methods.,bf748977b7744875bba1430648f0bb7b
local and global level distillation algorithms,teacher model,The knowledge is transferred from the teacher model to a single-modal student model through these algorithms.,26176ae029ee46a49f3d1170fa0791f2
local and global level distillation algorithms,single-modal student model,These algorithms are designed to adapt the teacher model's knowledge for the student model, which operates on a single modality.,26176ae029ee46a49f3d1170fa0791f2
local-global contrastive learning framework,video,The framework aligns the semantic content of videos at both local and global levels.,26176ae029ee46a49f3d1170fa0791f2
local-global contrastive learning framework,language,Simultaneously, it aligns the semantic content of language within the framework.,26176ae029ee46a49f3d1170fa0791f2
rose (rapid-rich object search) lab,school of eee, ntu (nanyang technological university),The lab is located within the School of Electrical and Electronics Engineering at NTU.,26176ae029ee46a49f3d1170fa0791f2
rose (rapid-rich object search) lab,ntu-pku joint research institute,This research is conducted at the ROSE Lab, which is part of the collaborative NTU-PKU Joint Research Institute.,26176ae029ee46a49f3d1170fa0791f2
ntu-pku joint research institute,nanyang technological university (ntu),The joint institute is a collaboration between NTU and Peking University, funded by the Ng Teng Fong Charitable Foundation.,26176ae029ee46a49f3d1170fa0791f2
ntu-pku joint research institute,peking university,The joint institute is also connected to Peking University.,26176ae029ee46a49f3d1170fa0791f2
ng teng fong charitable foundation,funding support,The research is financially supported by a donation from this foundation.,26176ae029ee46a49f3d1170fa0791f2
