node_1,node_2,edge,chunk_id
diffusion prior,de-noising diffusion generative model,The abstract discusses a diffusion prior derived from off-the-shelf de-noising diffusion generative models.,4333cdb6026b405d9c186a545f27af1f
diffusion models,noisy inverse problems,Efforts to adapt diffusion models for noisy inverse problems often yield unsatisfactory outcomes or require extensive iterations.,4333cdb6026b405d9c186a545f27af1f
diffecc method,proposed approach,This work introduces the DiffECC method as a novel solution for image restoration.,4333cdb6026b405d9c186a545f27af1f
error contraction,posterior sampling process,DiffECC employs two strategies: error contraction during posterior sampling to improve restoration quality.,4333cdb6026b405d9c186a545f27af1f
cnn-based approaches,data consistency,The first strategy combines CNNs to ensure data consistency from the start.,4333cdb6026b405d9c186a545f27af1f
restart sampling algorithm,amplify error contraction,A restart sampling algorithm is designed to enhance the error contraction effect.,4333cdb6026b405d9c186a545f27af1f
error correction strategy,estimation-correction idea,The method includes an iterative error correction for both data and prior terms within the diffusion sampling framework.,4333cdb6026b405d9c186a545f27af1f
image restoration tasks,super-resolution, gaussian deblurring, motion deblurring,Experiments focus on demonstrating the method's effectiveness in tasks like SR, deblurring, and motion deblurring.,4333cdb6026b405d9c186a545f27af1f
state-of-the-art sampling-based diffusion models,comparison,Experimental results show that DiffECC outperforms existing sampling-based diffusion models in image reconstruction.,4333cdb6026b405d9c186a545f27af1f
diffusion models,inverse problems,diffusion models have achieved remarkable success in solving inverse problems,b20257abe0e74f1ab86fb49edcdfdeda
diffusion posterior sampling (dps),general noisy non-linear inverse problems,DPS is proposed for solving general noisy non-linear inverse problems,b20257abe0e74f1ab86fb49edcdfdeda
denoising diffusion models,image restoration,Adapting denoising diffusion models for image restoration is slow in sampling,b20257abe0e74f1ab86fb49edcdfdeda
denosing diffusion null-space model (ddnm),measurement null-space,DDNM decomposes samples into range-space and null-space of the measurement,b20257abe0e74f1ab86fb49edcdfdeda
ddnm,data consistency,DDNM ensures data consistency during the reverse diffusion process,b20257abe0e74f1ab86fb49edcdfdeda
ddnm,prior from diffusion models,DDNM incorporates priors from unconditional diffusion models,b20257abe0e74f1ab86fb49edcdfdeda
generative priors,pre-trained unconditional diffusion models,We rely on generative priors from pre-trained unconditional diffusion models,b20257abe0e74f1ab86fb49edcdfdeda
data distribution,forward measurement operator a(·),Data distribution is modeled independently of the forward measurement operator,b20257abe0e74f1ab86fb49edcdfdeda
predicted images,higher quality,DDNM has constraints in generating images with high quality,b20257abe0e74f1ab86fb49edcdfdeda
our work,generative priors from unconditional models,Our work leverages generative priors for a more generalized approach,b20257abe0e74f1ab86fb49edcdfdeda
fig. 1,visual comparison,The figure illustrates that predicted images have less information loss,b20257abe0e74f1ab86fb49edcdfdeda
predicted images,initial prediction error,The inaccuracy of the initial prediction contributes to accumulated errors during the reverse diffusion process.,334bf83f3fdd4d6bb90fb228b4015c5a
initial prediction error,discretization error,Both the initial prediction error and the discretization error lead to increased sampling steps for higher sample quality.,334bf83f3fdd4d6bb90fb228b4015c5a
sde-based samplers,discretization error,Xu et al. (2023) find that SDE-based samplers consist of discretization error along the trajectory.,334bf83f3fdd4d6bb90fb228b4015c5a
error contraction strategy,accurate initial prediction,The error contraction strategy introduces accurate initial prediction to ensure data consistency.,334bf83f3fdd4d6bb90fb228b4015c5a
error contraction strategy,restart sampling operation,The strategy also involves restart sampling to further strengthen error contraction.,334bf83f3fdd4d6bb90fb228b4015c5a
real-esrnet (wang et al. 2021),initial prediction,Outputs from Real-ESRNet are used to provide a more accurate initial point.,334bf83f3fdd4d6bb90fb228b4015c5a
reverse diffusion path,t',The path is reduced to T' steps, where T' < T, to improve the initial phase.,334bf83f3fdd4d6bb90fb228b4015c5a
ode-based samplers,deterministic backward processes,ODE-based samplers with restart sampling have deterministic backward processes to reduce discretization error.,334bf83f3fdd4d6bb90fb228b4015c5a
forward-backward restart sampling,contraction effect,This operation strengthens the contraction effect in the sampling process.,334bf83f3fdd4d6bb90fb228b4015c5a
pretrained neural network,prior,Priors from the pretrained network aid in generating a better initial point.,334bf83f3fdd4d6bb90fb228b4015c5a
restart sampling operation,contraction effect,The restart sampling operation strengthens the contraction effect, implying that it enhances the reduction in error or improves the convergence of the process.,e804d70107a44e06b349705c8a5a0d33
initialization error,discretization error,Both initialization error and discretization error contribute to the approximation error in the conditional image generation.,e804d70107a44e06b349705c8a5a0d33
approximation error,learned neural network,The learned neural network's prediction accuracy affects the realness and consistency of reconstructed images due to approximation errors.,e804d70107a44e06b349705c8a5a0d33
neural network's prediction,natural image distribution prediction,The prediction of the neural network's approximation of the natural image distribution is crucial for generating realistic images.,e804d70107a44e06b349705c8a5a0d33
error correction strategy,optimization problem,The error correction strategy aims to solve the optimization problem faced during image reconstruction.,e804d70107a44e06b349705c8a5a0d33
efficient adam optimization,neural network's prediction,The first step of the error correction involves efficient optimization using Adam to refine the neural network's output.,e804d70107a44e06b349705c8a5a0d33
gradient descent,dps framework,Gradient descent, extended from the DPS (Diffusion Probabilistic Sampling) framework, is used in the second step of the error correction.,e804d70107a44e06b349705c8a5a0d33
error contraction strategy,neural network priors,The error contraction strategy integrates existing neural network priors to enhance reconstruction accuracy.,e804d70107a44e06b349705c8a5a0d33
restart sampling technique,accurate reconstruction,By combining restart sampling with neural network priors, the model achieves more accurate image restoration.,e804d70107a44e06b349705c8a5a0d33
image sr (super-resolution),gaussian deblurring,Both image SR and Gaussian deblurring are examples of restoration tasks where the model demonstrates superior performance.,e804d70107a44e06b349705c8a5a0d33
motion deblurring,state-of-the-art methods,The model outperforms state-of-the-art methods in tasks like motion deblurring.,e804d70107a44e06b349705c8a5a0d33
diffusion process,data distribution q0 (x0),Diffusion is the process of adding Gaussian noise to the initial data distribution q0 (x0) to gradually transform it.,e804d70107a44e06b349705c8a5a0d33
jensen approximation,dps (chung et al. 2023),The Jensen approximation is used from DPS as a probability estimation in the context.,7d5e6da657ea46d99df3625b4b6c1687
gaussian measurement model,correcting step,The correcting step is derived based on the likelihood function under the Gaussian measurement model.,7d5e6da657ea46d99df3625b4b6c1687
adam optimizer,efficient optimization,Adam optimizer is utilized for efficient correction of the neural estimation.,7d5e6da657ea46d99df3625b4b6c1687
backward diffusion,fixed point,For clean images, backward diffusion aims to reach a fixed point at each time step.,7d5e6da657ea46d99df3625b4b6c1687
image restoration tasks,initial inputs with unknown degradations,Image restoration deals with initial inputs containing unseen degradation.,7d5e6da657ea46d99df3625b4b6c1687
neural estimation correction,current denoiser output, previous denoiser output,Correction combines current and previous denoiser outputs as a regularization term.,7d5e6da657ea46d99df3625b4b6c1687
optimization problem,l1 loss,The optimization uses an l1 loss for measuring the distance between variables.,7d5e6da657ea46d99df3625b4b6c1687
proposed method,diffecc,Algorithm 1 outlines the detailed algorithm for the proposed method, DiffECC.,7d5e6da657ea46d99df3625b4b6c1687
sampling method,overall framework,The overall framework is illustrated in Figure 2 for the sampling method.,7d5e6da657ea46d99df3625b4b6c1687
image sr,forward measurement operator,For image super-resolution, the forward measurement uses bicubic downsampling.,7d5e6da657ea46d99df3625b4b6c1687
gaussian deblurring,kernel size, standard deviation,Gaussian deblurring employs a 61x61 kernel with a standard deviation of 3.0.,7d5e6da657ea46d99df3625b4b6c1687
motion deblurring,image restoration,Motion deblurring is another application within the broader scope of image restoration.,7d5e6da657ea46d99df3625b4b6c1687
bic down-sampling,gaussian deblurring, bic down-sampling is mentioned as a preprocessing technique before Gaussian deblurring, where both involve convolution with specific kernels.,c1fc6f718e994e5db7361d014f2b065a
gaussian deblurring,kernel size,The Gaussian deblurring uses a kernel of size 61x61 with a standard deviation of 3.0.,c1fc6f718e994e5db7361d014f2b065a
motion deblurring,kernel size,Motion deblurring also employs a kernel size of 61x61, but with a different intensity value.,c1fc6f718e994e5db7361d014f2b065a
motion deblurring,intensity value,The intensity value for motion deblurring is specified as 0.5.,c1fc6f718e994e5db7361d014f2b065a
vision tasks,ffhq dataset,Vision tasks, including bic and motion deblurring, are tested on the Flickr Faces High Quality (FFHQ) dataset for face images.,c1fc6f718e994e5db7361d014f2b065a
ffhq dataset,face images,FFHQ is a dataset containing face images used for evaluating vision tasks.,c1fc6f718e994e5db7361d014f2b065a
vision tasks,imagenet test dataset,For natural image tasks, vision models are evaluated on the ImageNet test dataset.,c1fc6f718e994e5db7361d014f2b065a
imagenet test dataset,natural images,ImageNet is a benchmark for evaluating performance on a diverse set of natural images.,c1fc6f718e994e5db7361d014f2b065a
problem-specific pre-trained diffusion models,face images,These models are tailored for face images and taken from (Choi et al. 2021).,c1fc6f718e994e5db7361d014f2b065a
problem-specific pre-trained diffusion models,natural images,For natural images, models are taken from (Dhariwal and Nichol 2021).,c1fc6f718e994e5db7361d014f2b065a
quantitative metrics,psnr,PSNR (Peak Signal-to-Noise Ratio) is a metric used to assess the fidelity of reconstructed images, with higher values indicating better quality.,c1fc6f718e994e5db7361d014f2b065a
quantitative metrics,ssim,SSIM (Structural Similarity Index) is another metric, also measuring faithfulness, with higher values preferred.,c1fc6f718e994e5db7361d014f2b065a
quantitative metrics,lpips,LPIPS (Learned Perceptual Image Patch Similarity) is a perceptual metric, with lower values representing better similarity.,c1fc6f718e994e5db7361d014f2b065a
quantitative metrics,fid,FID (Frechet Inception Distance) is a measure of the distance between distributions, with lower values indicating better performance.,c1fc6f718e994e5db7361d014f2b065a
restart sampling strategy,error contraction,The restart strategy enhances the reconstruction ability by providing error contraction effects, as seen in Table 4.,697a3e184fb54c4cad5a797d906fe9d1
real-esrnet model,initial prediction,The output of the simple Real-ESRNet model is used as the initial prediction in the restart sampling strategy.,697a3e184fb54c4cad5a797d906fe9d1
restart sampling algorithm,without restart sampling,Two experiments were conducted: one without restart sampling (T' = 58, NFEs = 58) for comparison.,697a3e184fb54c4cad5a797d906fe9d1
restart sampling algorithm,with restart sampling,Another experiment included restart sampling (T' = 50, NFEs = 58), which showed improved performance.,697a3e184fb54c4cad5a797d906fe9d1
nfes,number of function evaluations,NFEs refers to the number of function evaluations, which is influenced by the restart sampling strategy.,697a3e184fb54c4cad5a797d906fe9d1
hyperparameters k,kskip,The impact of hyperparameters K (40) and kskip (32) on image stability is demonstrated in Fig. 5.,697a3e184fb54c4cad5a797d906fe9d1
error correction strategy,iteratively corrected ˆx′0,,t and ˆϵθ,The error correction strategy involves the use of iteratively corrected components for improving quantitative results, as shown in Table 5.,697a3e184fb54c4cad5a797d906fe9d1
iterative correction,backward sampling process,The context discusses iterative correction as a part of or a technique used in the backward sampling process.,419ed7e5e25a4078b2882428be215f60
diffecc,other methods,DiffECC is compared to other methods, indicating it is a competing or alternative approach.,419ed7e5e25a4078b2882428be215f60
national natural science foundation of china,funding source,This work was partly supported by the National Natural Science Foundation of China, indicating financial support.,419ed7e5e25a4078b2882428be215f60
nos. 62171251 & 62311530100,national natural science foundation of china grants,These are the specific grant numbers associated with the foundation's support.,419ed7e5e25a4078b2882428be215f60
special foundations for the development of strategic emerging industries of shenzhen,additional funding source,Another supporting foundation for the project, indicating multiple sources of funding.,419ed7e5e25a4078b2882428be215f60
nos.jsgg 20211108092812020 & cjgjzd 20210408092804011,shenzhen special foundation grants,These are the specific grant numbers associated with the Shenzhen foundation's support.,419ed7e5e25a4078b2882428be215f60
