node_1,node_2,edge,chunk_id
spiking neural networks (snns),dynamics,SNNs are rich in spatio-temporal dynamics,a5dd7290fad14e21ab1158225e1355f1
spiking neural networks (snns),event-based neuro-morphic data,SNNs are suitable for processing event-based neuro-morphic data,a5dd7290fad14e21ab1158225e1355f1
event-based datasets,static datasets,event-based datasets are usually less annotated than static datasets,a5dd7290fad14e21ab1158225e1355f1
snns,overfitting,small data scale makes SNNs prone to overfitting,a5dd7290fad14e21ab1158225e1355f1
snns,performance,small data scale limits their performance,a5dd7290fad14e21ab1158225e1355f1
snns,static images,use static images to assist SNN training on event data,a5dd7290fad14e21ab1158225e1355f1
networks,static datasets,transferring networks trained on static datasets to event data,a5dd7290fad14e21ab1158225e1355f1
feature distributions,knowledge transfer,inconsistency of feature distributions hindering the effective transfer of knowledge,a5dd7290fad14e21ab1158225e1355f1
feature distribution,training strategy,proposed solutions in terms of two aspects: feature distribution and training strategy,a5dd7290fad14e21ab1158225e1355f1
knowledge transfer loss,domain alignment loss,knowledge transfer loss consists of domain alignment loss,a5dd7290fad14e21ab1158225e1355f1
knowledge transfer loss,spatio-temporal regularization,knowledge transfer loss consists of spatio-temporal regularization,a5dd7290fad14e21ab1158225e1355f1
domain alignment loss,feature distributions,domain alignment loss learns domain-invariant spatial features by reducing the marginal distribution distance between static image and event data,a5dd7290fad14e21ab1158225e1355f1
spatio-temporal regularization,output features,spatio-temporal regularization provides dynamically learnable coefficients for domain alignment loss by using the output features of event data at each time step as a regularization term,a5dd7290fad14e21ab1158225e1355f1
training strategy,static image inputs,proposed sliding training strategy gradually replaces static image inputs probabilistically,a5dd7290fad14e21ab1158225e1355f1
spiking neural networks (snns),neurodynamic properties,SNNs are known for their rich neurodynamic properties in the spatial-temporal domain and event-driven advantages.,6b087dd5d97f4d4cad9f78824ad89550
neurodynamic properties,event-driven advantages,Neurodynamic properties of SNNs provide event-driven advantages.,6b087dd5d97f4d4cad9f78824ad89550
spiking neural networks (snns),training,Training of SNNs has been a critical area of extensive academic research.,6b087dd5d97f4d4cad9f78824ad89550
training,gradient backpropagation-based methods,Training of SNNs is mainly divided into gradient backpropagation-based methods.,6b087dd5d97f4d4cad9f78824ad89550
training,spiking time-dependent plasticity (stdp)-based methods,Training of SNNs is also categorized into spiking time-dependent plasticity (STDP)-based methods.,6b087dd5d97f4d4cad9f78824ad89550
training,conversion-based methods,Training of SNNs can also be done using conversion-based methods.,6b087dd5d97f4d4cad9f78824ad89550
snns,algorithms,SNNs show excellent performance in various complex scenarios with the proposed algorithms.,2712732f7d41426aae5108762e4579c9
snns,neuromorphic, event-based data,SNNs have shown promising results in processing neuro-morphic, event-based data.,2712732f7d41426aae5108762e4579c9
neuromorphic, event-based data,time dimension,SNNs process information in the time dimension of neuromorphic, event-based data.,2712732f7d41426aae5108762e4579c9
neuromorphic, event-based data,dataset,The visual neuromorphic data mainly refers to the dataset collected by Dynamic Vision Sensor (DVS).,2712732f7d41426aae5108762e4579c9
dynamic vision sensor (dvs),bio-inspired visual sensor,DVS is a bio-inspired visual sensor that operates differently from conventional cameras.,2712732f7d41426aae5108762e4579c9
dynamic vision sensor (dvs),intensity changes,DVS measures intensity changes at each pixel asynchronously and records the time, position, and polarity of the intensity change.,2712732f7d41426aae5108762e4579c9
dynamic vision sensor (dvs),advantages,Despite these advantages, the long and expensive shooting process is still a significant challenge for event cameras using DVS.,2712732f7d41426aae5108762e4579c9
event cameras,event data acquisition,Event cameras face a challenge in acquiring event data due to the long and expensive shooting process, limiting the scale of data acquisition.,eea01020e86b411b9c55534f6006c32d
static datasets,pre-trained deep neural networks,Pre-trained deep neural networks can be transferred well to static datasets, which are larger in scale and more accessible.,eea01020e86b411b9c55534f6006c32d
static datasets,event data,Applying a pre-trained model on a static dataset directly to event data often yields suboptimal results, highlighting the challenge in transferring knowledge from static images to event data.,eea01020e86b411b9c55534f6006c32d
static images,event data,While static images provide rich spatial information that may benefit event data, effectively exploiting this knowledge remains a difficult problem.,eea01020e86b411b9c55534f6006c32d
static datasets,event data applications,Utilizing the knowledge in static datasets to benefit event data is important for the widespread deployment of networks for various event data applications.,eea01020e86b411b9c55534f6006c32d
feature distribution,domain mismatch problem,The inconsistency of feature distribution is a critical barrier to the effective transfer of static image knowledge to event data, leading to a domain mismatch problem.,eea01020e86b411b9c55534f6006c32d
feature distribution,knowledge transfer loss function,Designing a knowledge transfer loss function, consisting of domain alignment loss and spatio-temporal regularization, helps in learning temporal-spatial domain invariant features to bridge the gap in feature distribution.,eea01020e86b411b9c55534f6006c32d
domain alignment loss,spatio-temporal regularization,The domain alignment loss and spatio-temporal regularization work together to learn temporal-spatial domain invariant features. The domain alignment loss focuses on acquiring domain-invariant spatial features, while the spatio-temporal regularization provides dynamically adjusted coefficients for better capturing temporal features.,f3c7de3e7b1d44a48e55aec38a8da857
domain alignment loss,static images,The domain alignment loss aims to reduce the marginal distribution distance between static images and event data, thus learning domain-invariant spatial features from static images.,f3c7de3e7b1d44a48e55aec38a8da857
domain alignment loss,event data,The domain alignment loss learns domain-invariant spatial features by reducing the marginal distribution distance between static images and event data.,f3c7de3e7b1d44a48e55aec38a8da857
spatio-temporal regularization,dynamic coefficients,The spatio-temporal regularization provides dynamically adjusted coefficients for domain alignment loss to better capture temporal features in the data.,f3c7de3e7b1d44a48e55aec38a8da857
knowledge transfer loss function,spatial domain-invariant features,The knowledge transfer loss function learns spatial domain-invariant features by regularizing event features in the time dimension, ensuring a comprehensive feature representation in both spatial and temporal dimensions.,f3c7de3e7b1d44a48e55aec38a8da857
knowledge transfer loss function,event features,The knowledge transfer loss function regularizes event features in the time dimension to provide dynamically learnable coefficients for ensuring comprehensive feature representation in both spatial and temporal dimensions.,f3c7de3e7b1d44a48e55aec38a8da857
sliding training strategy,static image inputs,The sliding training strategy involves gradually replacing static image inputs with event data probabilistically during the training process, resulting in a smooth reduction of the role of knowledge transfer loss and a smoother learning process.,f3c7de3e7b1d44a48e55aec38a8da857
sliding training strategy,event data,The sliding training strategy gradually replaces static image inputs with event data probabilistically during the training process to facilitate a smoother learning process.,f3c7de3e7b1d44a48e55aec38a8da857
sliding training strategy,event data,The sliding training strategy involves gradually replacing static image inputs with event data during the training process, resulting in a smoother and more stable learning process.,0c4ce005ea674eb2aaf6ec3252ea61c6
experimental results,proposed method,The experimental results demonstrate that the proposed method outperforms the state-of-the-art methods on all datasets.,0c4ce005ea674eb2aaf6ec3252ea61c6
domain adaptation using static data,generative event model,Messikommer et al. (2022) use a generative event model to classify event features into content and motion features, enabling efficient matching between the latent space of events and images.,0c4ce005ea674eb2aaf6ec3252ea61c6
domain adaptation using static data,convolutional transformer network,Zhao, Zhang, and Huang (2022) train a convolutional transformer network for event-based classification tasks using large-scale labeled image data via a passive unsupervised domain adaptation (UDA) algorithm.,0c4ce005ea674eb2aaf6ec3252ea61c6
domain adaptation using static data,semantic segmentation,Sun et al. (2022) introduce event-based semantic segmentation to transfer existing labeled image datasets to unlabeled events for semantic segmentation tasks.,0c4ce005ea674eb2aaf6ec3252ea61c6
works,ours,works are related to ours, indicating a comparison or contrast between the two,b6ab321654b44603afaacac5db37dfb9
spatial domain invariant features,static and event data,exploit the spatial domain invariant features between static and event data through domain alignment loss,b6ab321654b44603afaacac5db37dfb9
coefficients,temporal properties,use coefficients dynamically adjusted at each time step to better capture the temporal properties in the data,b6ab321654b44603afaacac5db37dfb9
model,static spatial features,model contains not only static spatial features, but also an integrated feature representation of the temporal dimension,b6ab321654b44603afaacac5db37dfb9
features,snn,features can provide generalized knowledge for the SNN and enhance the original SNN structure,b6ab321654b44603afaacac5db37dfb9
event-based data augmentation,event data,Li et al. (2022c) propose neuromorphic data augmentation to stabilize SNN training and improve generalization,b6ab321654b44603afaacac5db37dfb9
shen, zhao, and zeng,augmentation strategy,Shen, Zhao, and Zeng design an augmentation strategy for event stream data,b6ab321654b44603afaacac5db37dfb9
gaussian mixing model,event streams,perform the mixing of different event streams by Gaussian mixing model,b6ab321654b44603afaacac5db37dfb9
labels,mixed samples,assigning labels to the mixed samples by calculating the relative distance of event streams,b6ab321654b44603afaacac5db37dfb9
data augmentation strategies,proposed method,these data augmentation strategies can be used together with our proposed method,b6ab321654b44603afaacac5db37dfb9
snn efficient training,efficient training of snns,Efficient training of SNNs is a way to improve the generalizability of the network,b6ab321654b44603afaacac5db37dfb9
kim and panda,spike activation lift,Kim and Panda propose Spike Activation Lift,b6ab321654b44603afaacac5db37dfb9
spike activation lift training,network,Spike Activation Lift Training proposed by Kim and Panda aims to help the network deliver information across all levels.,3db83179a03049fe9253a7d9cf47f0ca
central kernel alignment (cka),maximum mean difference (mmd),Zhan et al. analyze the plausibility of CKA as a domain distance measure relative to MMD in deep SNNs.,3db83179a03049fe9253a7d9cf47f0ca
subsequent works,efficient training,A number of subsequent works have contributed to the efficient training of the SNN.,3db83179a03049fe9253a7d9cf47f0ca
snn,small amount of event data,The performance of SNN is limited by the small amount of event data.,3db83179a03049fe9253a7d9cf47f0ca
static data,event data,The motivation of this paper is to solve the problem of limited event data by using static data for knowledge transfer.,3db83179a03049fe9253a7d9cf47f0ca
leaky integrate-and-fire (lif) neuron model,membrane potential,The update of the membrane potential in the LIF neuron model can be written in a discrete form.,3db83179a03049fe9253a7d9cf47f0ca
membrane potential,neurons,The membrane potential of the neurons accumulates with the input until a given threshold is exceeded.,3db83179a03049fe9253a7d9cf47f0ca
neuron,spike,The neuron delivers a spike when the input exceeds a given threshold Vth.,19ae815c40cf43e8a7b5d15fc663ee9a
neuron,membrane potential,The membrane potential is reset to zero when the neuron delivers a spike.,19ae815c40cf43e8a7b5d15fc663ee9a
neuron,equation,The equation expresses the relationship between membrane potential, spike delivery, and leaky factor.,19ae815c40cf43e8a7b5d15fc663ee9a
leaky factor,threshold,The leaky factor τ is set to 0.5 and threshold Vth to 0.5 in the equation.,19ae815c40cf43e8a7b5d15fc663ee9a
dvs,dynamic vision sensor,The Dynamic Vision Sensor (DVS) triggers an event at a specific pixel point when it detects a significant change in brightness.,19ae815c40cf43e8a7b5d15fc663ee9a
dvs,event,DVS triggers a number of events ε during a time interval in the form of {(xi, yi, ti, pi)}N i=1.,19ae815c40cf43e8a7b5d15fc663ee9a
pixel,brightness change,The pixel location x and y denote a pixel point where a significant brightness change is detected.,19ae815c40cf43e8a7b5d15fc663ee9a
brightness change,contrast threshold,The brightness change is compared to a constant contrast threshold C in the expression L(x, y, t) − L(x, y, t − ∆t) ≥ pC.,19ae815c40cf43e8a7b5d15fc663ee9a
events,frames,Events are integrated into frames to facilitate processing, as in previous works.,19ae815c40cf43e8a7b5d15fc663ee9a
domain mismatch,static datasets,The scale of event datasets is relatively small compared to static datasets, making the training more challenging. There is a significant domain mismatch between the static and event data.,7e0e32bdeec74a3ab70dd6300d844695
domain mismatch,event datasets,The scale of event datasets is relatively small compared to static datasets, making the training more challenging. There is a significant domain mismatch between the static and event data.,7e0e32bdeec74a3ab70dd6300d844695
pre-train,static dataset,An intuitive solution strategy is to pre-train on the static dataset before fine-tuning on the event dataset.,7e0e32bdeec74a3ab70dd6300d844695
fine-tune,event dataset,An intuitive solution strategy is to pre-train on the static dataset before fine-tuning on the event dataset.,7e0e32bdeec74a3ab70dd6300d844695
central kernel alignment,cka heatmap,The central kernel alignment (CKA) method is used to measure the similarity between features and compute CKA heatmap based on samples.,7e0e32bdeec74a3ab70dd6300d844695
lif neurons,snn's first feature layer,LIF neurons of SNN's first feature layer are selected for membrane potential visualization.,7e0e32bdeec74a3ab70dd6300d844695
visualization,results,Visualization of the results is shown in Fig. 1, indicating the comparison between static data and event data.,0d20f488b59149dcaad24941a4e0f83d
network,features,The features of static data extracted from the network are compared to those extracted from the event dataset.,0d20f488b59149dcaad24941a4e0f83d
neurons,membrane potential,The membrane potential distribution of neurons in the SNN is significantly different under different data training.,0d20f488b59149dcaad24941a4e0f83d
static data,event data,Static data and event data cannot be well fused even under the same network structure, as indicated by the results.,0d20f488b59149dcaad24941a4e0f83d
static images,richer texture,There is an intuition that static images bring a richer texture, as shown in the visualization.,0d20f488b59149dcaad24941a4e0f83d
membrane potentials,distribution,The distribution of membrane potentials is visualized based on static data and event data training.,0d20f488b59149dcaad24941a4e0f83d
pre-trained model,fine-tuning,The accuracy curves show the performance of the pre-trained model on static data with fine-tuning on event data.,0d20f488b59149dcaad24941a4e0f83d
static image pre-training,event fine-tuning,Simply using static image pre-training and event fine-tuning is ineffective or counterproductive for feature extraction on event data.,0d20f488b59149dcaad24941a4e0f83d
domain difference,hindrance,The domain difference between static and event data is a hindrance to feature extraction.,0d20f488b59149dcaad24941a4e0f83d
static image pre-training,event fine-tuning,Using static image pre-training and event fine-tuning is ineffective for feature extraction on event data, as shown in Fig. 1(c).,0d20f488b59149dcaad24941a4e0f83d
event data,static images,Event data and static images are mentioned in the context as inputs for SNN, indicating a relationship in terms of data sources.,95ec31f4e5f04b8c831faba41f31dd94
knowledge transfer loss function,domain alignment loss,The knowledge transfer loss function includes domain alignment loss as one of its components, indicating a direct relationship between the two.,95ec31f4e5f04b8c831faba41f31dd94
target domain,source domain,The target domain and source domain are mentioned in the context as different domains for classification, indicating a relationship in terms of data domains.,95ec31f4e5f04b8c831faba41f31dd94
feature space,classifier,The feature space is used to assist in learning a better classifier, indicating a relationship in terms of classification.,95ec31f4e5f04b8c831faba41f31dd94
function f,embedding function gt,Function f involves a composition of two functions, including the embedding function gt, indicating a relationship in terms of function composition.,95ec31f4e5f04b8c831faba41f31dd94
function ht,output prediction,Function ht predicts outputs from the feature space, indicating a relationship in terms of function output.,95ec31f4e5f04b8c831faba41f31dd94
neurons,membrane potential,The membrane potential of the neurons is mentioned in the context, indicating a relationship in terms of neural activity.,95ec31f4e5f04b8c831faba41f31dd94
network weights,last layer,The network weights are shared except for the last layer.,e04dab5e36684f5183ee91a6d5258c49
neurons,second-last layer,The membrane potential of neurons in the second-last layer is used to calculate the knowledge transfer loss.,e04dab5e36684f5183ee91a6d5258c49
mp node,last layer,MP node in the last layer means using the membrane potential output.,e04dab5e36684f5183ee91a6d5258c49
samples,same class,Two samples sampled from the same class, expressed by the formula yi = yj.,e04dab5e36684f5183ee91a6d5258c49
cka′,vectors,CKA′ represents the computation of the kernel function of the vectors.,e04dab5e36684f5183ee91a6d5258c49
domain alignment loss,spatial feature alignment,Using only domain alignment loss for spatial feature alignment may miss important information in the temporal dimension.,e04dab5e36684f5183ee91a6d5258c49
spatio-temporal regularization,dynamically learnable coefficients,Spatio-temporal regularization provides dynamically learnable coefficients for the domain alignment loss.,e04dab5e36684f5183ee91a6d5258c49
adaptive coefficients,specific weight assignments,Adaptive coefficients ensure specific weight assignments for data features at each time step.,e04dab5e36684f5183ee91a6d5258c49
event data classification loss,regularization term,The event data classification loss at each time step is adapted as the regularization term to prevent overfitting.,e04dab5e36684f5183ee91a6d5258c49
knowledge transfer loss,g(xi, s, t), g(xj, t, t),The knowledge transfer loss can be expressed as g(xi, s, t) , g(xj, t, t),e04dab5e36684f5183ee91a6d5258c49
embedding function,network sharing,The embedding function g is modeled by network sharing between the source and target domains, using all layers before the last classification layer.,10e3afe825024050a8659ccd5e83061d
source domain,target domain,The source and target domains refer to the same data classes.,10e3afe825024050a8659ccd5e83061d
data classes,domains,The data classes refer to the same data classes in the source and target domains.,10e3afe825024050a8659ccd5e83061d
cka,neural network representation similarity,CKA is a similarity index to better measure neural network representation similarity.,10e3afe825024050a8659ccd5e83061d
hilbert-schmidt independence criterion (hsic),cka,HSIC refers to Hilbert-Schmidt Independence Criterion (HSIC) and CKA can be computed using HSIC.,10e3afe825024050a8659ccd5e83061d
vectors,correlated,The two vectors are more correlated.,8f82dd363bc2491ea3685b70d583dbbf
vectors,cka,subtract the CKA from 1, minimizing the loss,8f82dd363bc2491ea3685b70d583dbbf
cka,inputs,maximizing the correlation of the two inputs,8f82dd363bc2491ea3685b70d583dbbf
samples,data,express the samples xs, xt drawn from the whole data Xs, Xt,8f82dd363bc2491ea3685b70d583dbbf
domain alignment loss,gxis, t, gxjt , t,DAL can be expressed as gxis, t, gxjt , t,8f82dd363bc2491ea3685b70d583dbbf
ηt,time step t,ηt denotes the learnable coefficient at time step t,8f82dd363bc2491ea3685b70d583dbbf
classification loss,event data,For classification loss of event data ℓcls−e, we choose the TET loss,8f82dd363bc2491ea3685b70d583dbbf
momentum loss,surrogate gradient,compensate the momentum loss of surrogate gradient,8f82dd363bc2491ea3685b70d583dbbf
snn,generalizability,make SNN have better generalizability,8f82dd363bc2491ea3685b70d583dbbf
knowledge transfer loss,classification loss,add the knowledge transfer loss Lkt and classification loss of the static image Lcls−s as the total classification loss Lall,8f82dd363bc2491ea3685b70d583dbbf
training loss,λcls−s,total training loss can be expressed as Lall = λcls−sLcls−s + λkt,8f82dd363bc2491ea3685b70d583dbbf
weighting coefficients,temporally,These terms are mentioned together in the context, indicating a relationship in the context of appropriate weighting coefficients temporally.,35229b9180ab4b9ca237d35faa5246b9
model,event data characteristics,The model is mentioned in relation to adapting fine-grained to event data characteristics in the context.,35229b9180ab4b9ca237d35faa5246b9
sliding training strategy,modulate the static image input portion,The sliding training strategy is described as aiming to modulate the static image input portion of the training process.,35229b9180ab4b9ca237d35faa5246b9
network,relying on domain-invariant features,The network is described as gradually adapting from relying on domain-invariant features of static images and event data.,35229b9180ab4b9ca237d35faa5246b9
event data,replacing static images,Event data is mentioned in relation to replacing static images gradually in the training process.,35229b9180ab4b9ca237d35faa5246b9
sliding training,sliding time frame,The concept of sliding training is explained as if event data is replacing static images in a sliding time frame.,35229b9180ab4b9ca237d35faa5246b9
training batch,total length of training batch,The terms training batch and total length of training batch are mentioned together, indicating a relationship in the context.,35229b9180ab4b9ca237d35faa5246b9
current epoch,maximum training epoch,The current epoch and maximum training epoch are mentioned together in the context, indicating a relationship in the training process.,35229b9180ab4b9ca237d35faa5246b9
substitution probability,time steps,The substitution probability is described in relation to increasing with time steps in the context.,35229b9180ab4b9ca237d35faa5246b9
domain invariant features,stable feature learning base,Domain invariant features are mentioned in relation to providing a stable feature learning base for the model in the early training phase.,35229b9180ab4b9ca237d35faa5246b9
model,event data,The model is built on event data, which provides a stable feature learning base for the model.,781637e4758d417581a55b61be5356ff
proportion of event data,domain alignment loss,As time advances, the proportion of event data gradually increases and the domain alignment loss gradually decreases, ensuring the stability of the model during the learning process.,781637e4758d417581a55b61be5356ff
training instability,convergence difficulties,Avoiding training instability or convergence difficulties that may result from direct or abrupt data switching.,781637e4758d417581a55b61be5356ff
experiments,mainstream event datasets,Experiments are conducted on mainstream event datasets like N-Caltech101 and N-Omniglot to evaluate the effectiveness of the proposed method.,781637e4758d417581a55b61be5356ff
cifar10-dvs dataset,image-event paired cep-dvs dataset,To avoid implicit data leakage, the image-event paired CEP-DVS dataset is chosen over CIFAR10-DVS dataset for training.,781637e4758d417581a55b61be5356ff
event data,frames,All the event data is integrated into frames for N-Caltech101 and CEP-DVS datasets.,781637e4758d417581a55b61be5356ff
network structure,model choices,For a fair comparison, specific network structures like VGGSNN, Spiking-ResNet18, and SCNN are chosen for different datasets.,781637e4758d417581a55b61be5356ff
n-caltech101,spiking-resnet18,N-Caltech101 is used in step 10 with Spiking-ResNet18,04271ce39e7e47c7b6d60b91dd7c5ba9
cep-dvs,scnn,CEP-DVS is used in step 6 and SCNN is used in step 12,04271ce39e7e47c7b6d60b91dd7c5ba9
direct coding,static images,Direct coding is used for static images in input encoding strategy,04271ce39e7e47c7b6d60b91dd7c5ba9
static images,hsv color space,Static images are converted to HSV color space to minimize input data mismatch,04271ce39e7e47c7b6d60b91dd7c5ba9
dual-channel characteristics,event data,Adapt the dual-channel characteristics of event data to replicate value channel and duplicate static image,04271ce39e7e47c7b6d60b91dd7c5ba9
braincog framework,zeng et al. 2023,Experiments are implemented based on BrainCog framework by Zeng et al. 2023,04271ce39e7e47c7b6d60b91dd7c5ba9
proposed method,n-caltech101 dataset,Proposed method evaluated on N-Caltech101 dataset with VGGSNN network,04271ce39e7e47c7b6d60b91dd7c5ba9
proposed method,state-of-the-art performance,Proposed method achieves state-of-the-art performance,04271ce39e7e47c7b6d60b91dd7c5ba9
vggsnn network,n-caltech101 dataset,VGGSNN network achieves 93.45% accuracy on N-Caltech101 dataset,04271ce39e7e47c7b6d60b91dd7c5ba9
cep-dvs,n-omniglot,Baseline experiments are re-conducted on CEP-DVS and N-Omniglot datasets,04271ce39e7e47c7b6d60b91dd7c5ba9
baseline experiments,proposed method,Experimental results show that the proposed method improves accuracy over the original method.,7f703bd06bd6448c9647e0b076c01b06
n-omniglot dataset,knowledge transfer,The improvement of accuracy from knowledge transfer is not as significant as the other two datasets due to the dataset's few-shot nature with only 20 available static images in each class.,7f703bd06bd6448c9647e0b076c01b06
ablation experiments,proposed method,In the subsequent ablation experiments, the direct training method TET is taken as the baseline to verify the effectiveness of the proposed method.,7f703bd06bd6448c9647e0b076c01b06
domain alignment loss (dal),spatio-temporal regularization (str),The validity of the domain alignment loss (DAL) and the spatio-temporal regularization (STR) term in the knowledge transfer function is verified through experiments on the N-Caltech101 dataset with VGGSNN.,7f703bd06bd6448c9647e0b076c01b06
baseline method,knowledge transfer loss,Even without employing the knowledge transfer loss in our method, merely using sliding training strategy can achieve certain performance improvement compared to the baseline method.,7f703bd06bd6448c9647e0b076c01b06
knowledge transfer loss,domain alignment loss and spatio-temporal regularization,The domain alignment loss and spatio-temporal regularization contribute to better generalization of the model when combined with knowledge transfer loss.,7f703bd06bd6448c9647e0b076c01b06
model,generalization,The model is a key concept in the context, and generalization is mentioned as a process related to the model.,32039558c00e4e84abd538ef7e3b4bc9
red line,training step,The red line and training step are mentioned in the same context, indicating a relationship between these two terms.,32039558c00e4e84abd538ef7e3b4bc9
spatio-temporal regularization,adaptive learning coefficients,The spatio-temporal regularization is related to the adaptive learning coefficients as mentioned in the context.,32039558c00e4e84abd538ef7e3b4bc9
nda,vg-dataset,NDA and VG-Dataset are mentioned together, indicating a relationship between these two terms.,32039558c00e4e84abd538ef7e3b4bc9
eventmixer,n-caltech101,EventMixer and N-Caltech101 are mentioned together, suggesting a relationship between these two terms.,32039558c00e4e84abd538ef7e3b4bc9
cep-dvsn-omniglot,efficient training,CEP-DVSN-Omniglot and Efficient training are related concepts as per the context.,32039558c00e4e84abd538ef7e3b4bc9
domain adaptation,tet,Domain adaptation and TET are mentioned together, indicating a relationship between these two terms.,32039558c00e4e84abd538ef7e3b4bc9
knowledge-transfer,plain,Knowledge-Transfer and plain are related concepts in the context.,32039558c00e4e84abd538ef7e3b4bc9
architecture,combined,Architecture and Combined are mentioned together, suggesting a relationship between these two terms.,32039558c00e4e84abd538ef7e3b4bc9
snn,resnet-18,SNN and ResNet-18 are related concepts based on the context provided.,32039558c00e4e84abd538ef7e3b4bc9
scnn,scnn,SCNN is mentioned twice, indicating a self-relationship or repeated concept.,32039558c00e4e84abd538ef7e3b4bc9
accuracy,baseline,Accuracy is compared with the baseline, suggesting a relationship between these two terms.,32039558c00e4e84abd538ef7e3b4bc9
ktl w/o dal & str,ktl w/ dal,Comparison between different knowledge transfer loss scenarios is mentioned, indicating a relationship between these two terms.,32039558c00e4e84abd538ef7e3b4bc9
cep-dvs,baseline,CEP-DVS is compared with the baseline, suggesting a relationship between these two terms.,32039558c00e4e84abd538ef7e3b4bc9
ktl,dal,KTL without DAL has an accuracy of 79.66% while KTL with DAL has an accuracy of 92.64%,30e283c66f38498684a6edebc92f7127
ktl,str,KTL with DAL & STR has an accuracy of 30.50%,30e283c66f38498684a6edebc92f7127
ktl,dataset,KTL refers to knowledge transfer loss in the ablation experiments of knowledge transfer loss on different datasets,30e283c66f38498684a6edebc92f7127
network,vggsnn,Network methods include VGGSNN in the ablation experiments for sliding training,30e283c66f38498684a6edebc92f7127
n-caltech101,sliding training,N-Caltech101 is tested with sliding training in the ablation experimental results for sliding training,30e283c66f38498684a6edebc92f7127
cep-dvs,resnet18,CEP-DVS is tested with ResNet18 in the ablation experimental results for sliding training,30e283c66f38498684a6edebc92f7127
cep-dvs,sliding training,CEP-DVS is tested with sliding training in the ablation experimental results for sliding training,30e283c66f38498684a6edebc92f7127
dal,str,Dynamically adjusted coefficients in STR are superior to fixed coefficients in DAL,30e283c66f38498684a6edebc92f7127
sliding training strategy,n-caltech101,Experiments are conducted on N-Caltech101 to verify the effectiveness of the sliding training strategy,30e283c66f38498684a6edebc92f7127
sliding training strategy,cep-dvs,Experiments are conducted on CEP-DVS to verify the effectiveness of the sliding training strategy,30e283c66f38498684a6edebc92f7127
sliding training strategy,sliding training,Sliding training leads to a more stable performance,30e283c66f38498684a6edebc92f7127
baseline method,knowledge transfer loss methods,The performance of baseline and knowledge transfer loss methods on the N-Caltech101 dataset is shown in Figure 3. It is mentioned that the accuracy of the baseline method is slightly higher than the knowledge transfer loss methods.,e503691105c44cebb860bb615b2a45ea
without sliding training,accuracy,The accuracy of the method without sliding training is 23.70%, slightly lower than the accuracy of the baseline method at 25.70%.,e503691105c44cebb860bb615b2a45ea
training epochs,model convergence,The relatively short training epochs for CEP-DVS cause the model to have trouble converging in the face of sudden data switches.,e503691105c44cebb860bb615b2a45ea
sliding training strategy,problem solving,The addition of sliding training strategy solves the problem of model convergence in the face of sudden data switches.,e503691105c44cebb860bb615b2a45ea
proposed method,experiments,The effectiveness of each part of the proposed method is shown through experiments of VGGSNN on the N-Caltech101 dataset.,e503691105c44cebb860bb615b2a45ea
top line,accuracy,The top line with no added methods in Table 4 shows an accuracy of 92.64%.,e503691105c44cebb860bb615b2a45ea
baseline,cep-dvs,Figure 4 shows the loss landscape visualization of the baseline method compared to our method for CEP-DVS.,e503691105c44cebb860bb615b2a45ea
baseline,n-caltech101,Baseline performance is evaluated on the N-Caltech101 dataset.,c22c1ade597e4d5f93eb44a5bd7deeca
baseline,cep-dvs,Baseline performance is evaluated on the CEP-DVS dataset.,c22c1ade597e4d5f93eb44a5bd7deeca
knowledge transfer,model,Knowledge transfer loss function affects the performance of the model.,c22c1ade597e4d5f93eb44a5bd7deeca
sliding training strategy,stable convergence,Sliding training strategy ensures stable convergence during training.,c22c1ade597e4d5f93eb44a5bd7deeca
method,best performance,The method achieves the best performance when combined with all the approaches.,c22c1ade597e4d5f93eb44a5bd7deeca
method,snns,The method provides SNNs with more generalizability over event data.,c22c1ade597e4d5f93eb44a5bd7deeca
2d loss-landscapes visualization,li et al. 2018,2D loss-landscapes visualization is utilized to verify the generalizability of the method over event data.,c22c1ade597e4d5f93eb44a5bd7deeca
baseline,optimal results,Optimal results of the baseline are selected for experiments on N-Caltech101 and CEP-DVS.,c22c1ade597e4d5f93eb44a5bd7deeca
baseline,our method,Experiments are conducted on N-Caltech101 and CEP-DVS using the baseline and our method respectively.,c22c1ade597e4d5f93eb44a5bd7deeca
snn,knowledge transfer,SNN obtains better weights through knowledge transfer from static images.,c22c1ade597e4d5f93eb44a5bd7deeca
method,domain-invariant features,The method learns domain-invariant features of static images and event data.,c22c1ade597e4d5f93eb44a5bd7deeca
method,snn,The method provides helpful information for SNNs about features of event data.,c22c1ade597e4d5f93eb44a5bd7deeca
gradcam++,chattopadhay et al. 2018,Gradcam++ visualization method is employed to assess the learning of domain-invariant features and provide helpful information for SNNs.,c22c1ade597e4d5f93eb44a5bd7deeca
image,classification decision,Visualization allows understanding of which local locations of an image contributed significantly to the model's classification decision.,c22c1ade597e4d5f93eb44a5bd7deeca
static pictures,event data,Static pictures and event data integrated into frames have similar observations.,c22c1ade597e4d5f93eb44a5bd7deeca
model,classification decision,The model's final classification decision is a key aspect of the study.,dfd5e840abcb4d1d8c050b044720a783
static pictures,event data,Static pictures and event data integrated into frames have similar object contour features when they are in the same class.,dfd5e840abcb4d1d8c050b044720a783
knowledge transfer loss,static pictures,By introducing knowledge transfer loss, the network pays attention to the contour features of the category in static pictures.,dfd5e840abcb4d1d8c050b044720a783
knowledge transfer loss,event data,Introducing knowledge transfer loss helps the network to focus on the contour features of the category in event data.,dfd5e840abcb4d1d8c050b044720a783
snns,background of the event data,Our method helps SNNs to move away from the background of the event data and focus on the features of the category itself.,dfd5e840abcb4d1d8c050b044720a783
training data,knowledge transfer loss,Regardless of the amount of training data, knowledge transfer loss results in a remarkable performance improvement.,dfd5e840abcb4d1d8c050b044720a783
knowledge transfer loss,event data features,Knowledge transfer loss allows the model to finely adapt to event data features, providing more generalized knowledge to the network.,dfd5e840abcb4d1d8c050b044720a783
spiking neural networks,event-driven data,The paper explores the challenges faced by spiking neural networks when dealing with event-driven data.,dfd5e840abcb4d1d8c050b044720a783
static images,snn training,Using static images to assist SNN training improves the generalization ability of the network.,dfd5e840abcb4d1d8c050b044720a783
domain alignment loss,spatio-temporal regularization,The proposed domain alignment loss and spatio-temporal regularization support knowledge transfer and alleviate the domain mismatch.,dfd5e840abcb4d1d8c050b044720a783
alignment loss,spatio-temporal regularization,Alignment loss and spatio-temporal regularization support knowledge transfer and alleviate the domain mismatch between static and event datasets.,f2c6da18b87c4f0d8e59e1b565d8cdfa
alignment loss,knowledge transfer,Alignment loss supports knowledge transfer and alleviate the domain mismatch between static and event datasets.,f2c6da18b87c4f0d8e59e1b565d8cdfa
alignment loss,domain mismatch,Alignment loss helps alleviate the domain mismatch between static and event datasets.,f2c6da18b87c4f0d8e59e1b565d8cdfa
spatio-temporal regularization,knowledge transfer,Spatio-temporal regularization supports knowledge transfer and alleviate the domain mismatch between static and event datasets.,f2c6da18b87c4f0d8e59e1b565d8cdfa
spatio-temporal regularization,domain mismatch,Spatio-temporal regularization helps alleviate the domain mismatch between static and event datasets.,f2c6da18b87c4f0d8e59e1b565d8cdfa
knowledge transfer,domain mismatch,Knowledge transfer helps alleviate the domain mismatch between static and event datasets.,f2c6da18b87c4f0d8e59e1b565d8cdfa
network training,sliding training strategy,We propose a sliding training strategy to bring greater stability to network training.,f2c6da18b87c4f0d8e59e1b565d8cdfa
network training,method performance,Experiments on different event datasets show that our method achieves the best performance.,f2c6da18b87c4f0d8e59e1b565d8cdfa
method performance,event datasets,Experiments on different event datasets show that our method achieves the best performance.,f2c6da18b87c4f0d8e59e1b565d8cdfa
study,training snns,This study provides new methods for training SNNs on event-driven datasets.,f2c6da18b87c4f0d8e59e1b565d8cdfa
study,neuromorphic computing,This study contributes to further development in the field of neuromorphic computing.,f2c6da18b87c4f0d8e59e1b565d8cdfa
acknowledgments,national natural science foundation of china,This work is supported by the National Natural Science Foundation of China (Grant No. 62372453).,f2c6da18b87c4f0d8e59e1b565d8cdfa
