node_1,node_2,edge,chunk_id
few-shot semantic segmentation,limited labeled data,The primary task in few-shot semantic segmentation is to extract class-specific information from a scarcity of labeled examples.,8d161774db7a4d82b40c56675aa198d9
semantic ambiguity,inter-class similarity,These issues, semantic ambiguity and similarity among classes, pose challenges to the accuracy of pixel-level classification.,8d161774db7a4d82b40c56675aa198d9
relevant intrinsic feature enhancement network (rifenet),unlabeled branch,RiFeNet introduces an unlabeled branch to enhance semantic consistency by utilizing unlabeled data efficiently.,8d161774db7a4d82b40c56675aa198d9
unlabeled branch,intrinsic features,During testing, the unlabeled branch helps the model extract robust features despite intra-class variations.,8d161774db7a4d82b40c56675aa198d9
multi-level prototype generation and interaction module,global and local prototypes,This module addresses inter-class variability by leveraging complementary global and local prototypes for better category distinction.,8d161774db7a4d82b40c56675aa198d9
pascal − 5i,coco benchmarks,RiFeNet outperforms state-of-the-art methods on both PASCAL − 5i and COCO datasets, demonstrating its effectiveness.,8d161774db7a4d82b40c56675aa198d9
semantic segmentation,computer vision,Semantic segmentation is a fundamental task in computer vision with applications in various domains.,8d161774db7a4d82b40c56675aa198d9
medical image understanding,industrial defect inspection,Examples of applications include medical image analysis and industrial quality control.,8d161774db7a4d82b40c56675aa198d9
virtual reality games,autonomous driving,Other visual tasks where semantic segmentation plays a role include gaming and self-driving cars.,8d161774db7a4d82b40c56675aa198d9
granularity prototypes,previous approaches,These terms are compared, as previous approaches involve granularity prototypes.,848c4352118d40d7912f47c4d6c8e676
shaban et al. (2017),previous approaches,This is a specific example of a previous approach.,848c4352118d40d7912f47c4d6c8e676
liu et al. (2020),previous approaches,Another example of a previous approach.,848c4352118d40d7912f47c4d6c8e676
support set,query set,These are components of training data division in the context.,848c4352118d40d7912f47c4d6c8e676
relationship prompt,information interaction,Both are means of interaction between branches.,848c4352118d40d7912f47c4d6c8e676
hsnet (min, kang, and cho 2021),cost volume method,HSNet uses this method for dense correlation aggregation.,848c4352118d40d7912f47c4d6c8e676
swin transformer,doubly deformable transformer,Both mentioned for improving network architecture.,848c4352118d40d7912f47c4d6c8e676
prototype-based methods,good segmentation results,Prototype-based methods achieve these results with lower costs.,848c4352118d40d7912f47c4d6c8e676
single/multiple prototypes,query features,Extracted from the support branch and used to activate query features.,848c4352118d40d7912f47c4d6c8e676
ppnet (liu et al. 2020),prototype activation methods,PPNet proposes methods to exploit category features.,848c4352118d40d7912f47c4d6c8e676
pfenet (tian et al. 2020),prototype activation methods,PFENet also contributes to this area.,848c4352118d40d7912f47c4d6c8e676
cyctr (zhang et al. 2021),prototype activation methods,CyCTR is another method that enhances distinction.,848c4352118d40d7912f47c4d6c8e676
foreground-background distinction,overall enhancement,The goal is to improve the differentiation between these two classes.,848c4352118d40d7912f47c4d6c8e676
foreground,background,The object to be segmented is distinguished as the 'foreground' while everything else is considered the 'background'.,37f2aeb52c9643528cf7d5c92c8f053b
multi-level prototype generation and interaction module,semantic ambiguity,The proposed module aims to address 'semantic ambiguity' within the foreground.,37f2aeb52c9643528cf7d5c92c8f053b
multi-level prototype features,global prototype,The multi-level prototype features consist of a 'global prototype' for better representation.,37f2aeb52c9643528cf7d5c92c8f053b
semantic ambiguity,intra-class generalization,Semantic ambiguity arises due to the model's poor 'intra-class generalization'.,37f2aeb52c9643528cf7d5c92c8f053b
inter-class similarity,pixel-level binary classification,Inter-class similarity refers to the challenge of 'pixel-level binary classification'.,37f2aeb52c9643528cf7d5c92c8f053b
shape and pose,semantically ambiguous shallow features,Previous models tend to extract 'shape and pose' as semantically ambiguous shallow features.,37f2aeb52c9643528cf7d5c92c8f053b
low features,robust class representations,The context highlights the discrepancy between low features and the need for robust class representations to handle diverse query appearances.,70607b5e5b974e379de725a6bad4c30e
distribution discrepancy,model's ability to segment objects,The model's inability to learn robust representations leads to incomplete and inappropriate segmentation due to the distribution discrepancy.,70607b5e5b974e379de725a6bad4c30e
inter-class similarity,lack of discriminative features for query data,The problem of inter-class similarity arises from the insufficient and monolithic information carried by global prototypes or single-level granularity.,70607b5e5b974e379de725a6bad4c30e
previous methods,global prototypes, single-level granularity,These methods suffer from inadequate and monolithic feature extraction, which contributes to pixel misidentification.,70607b5e5b974e379de725a6bad4c30e
proposed relevant intrinsic feature enhancement network,improved intra-class generalization,The proposed network aims to enhance semantic consistency within the same class, thereby boosting intra-class generalization.,70607b5e5b974e379de725a6bad4c30e
unlabeled branch,regularization term,The unlabeled data branch acts as a regularization mechanism to enhance the semantic consistency of few-shot segmentation models.,70607b5e5b974e379de725a6bad4c30e
support data,high-level semantic abstraction,Support data provides a high-level representation of the target category's structure.,70607b5e5b974e379de725a6bad4c30e
query data,local prototype, fine-grained appearance concepts,Query data contributes a more detailed, fine-grained prototype capturing appearance variations.,70607b5e5b974e379de725a6bad4c30e
intrinsic feature enhancement network,semantic ambiguity,The network proposes to alleviate semantic ambiguity to improve foreground segmentation performance.,ebf7534d0009436cbb8b09a2a8e851f3
intrinsic feature enhancement network,inter-class similarity,By addressing inter-class similarity, the model enhances discrimination in the few-shot task.,ebf7534d0009436cbb8b09a2a8e851f3
unlabeled branch,foreground semantic consistency,The unlabeled branch helps maintain foreground consistency by teaching the model to extract robust intrinsic features.,ebf7534d0009436cbb8b09a2a8e851f3
unlabeled branch,intra-class differences,Through efficient data utilization, the unlabeled branch handles intra-class variations.,ebf7534d0009436cbb8b09a2a8e851f3
multi-level prototype generation,inter-class variability,The proposed module widens inter-class differences to distinguish foreground and background objects.,ebf7534d0009436cbb8b09a2a8e851f3
multi-level prototype interaction,global and local prototypes,Global and local prototypes interact to ensure category feature extraction.,ebf7534d0009436cbb8b09a2a8e851f3
multi-level prototype interaction,discriminative representation ability,This module boosts the ability to differentiate confusing objects.,ebf7534d0009436cbb8b09a2a8e851f3
experiments,effectiveness,Extensive experiments demonstrate the model's effectiveness.,ebf7534d0009436cbb8b09a2a8e851f3
few-shot task,foreground segmentation,The focus is on improving foreground segmentation in a few examples.,ebf7534d0009436cbb8b09a2a8e851f3
foreground and background objects,identification,The ultimate goal is to effectively distinguish between these objects.,ebf7534d0009436cbb8b09a2a8e851f3
semantic segmentation,fully convolutional networks (fcn),FCN transformed semantic segmentation into pixel-level classification.,f9553f03f2d04b5e8b9d983bed3e486b
encoder-decoder architecture,multi-scale feature fusion,Recent research focuses on fusing multi-scale features for improved segmentation.,f9553f03f2d04b5e8b9d983bed3e486b
multi-scale feature fusion,attention modules,Attention modules are inserted to enhance the model's ability to focus on relevant parts.,f9553f03f2d04b5e8b9d983bed3e486b
vision transformer,transformer structure applied to segmentation,Inspired by the success of vision transformers, researchers explore their use in segmentation tasks.,f9553f03f2d04b5e8b9d983bed3e486b
few-shot segmentation,practical application scenarios,Few-shot segmentation faces challenges in coping with limited training data and unseen categories.,f9553f03f2d04b5e8b9d983bed3e486b
training data,categories,The context states that these terms are related because training data often fails on categories it has not seen during the training process.,cc5efe20678c4e2f8324bdf471705c5b
few-shot segmentation,two-branch structure,This sentence explains that the two-branch structure, consisting of a support branch and a query branch, is commonly used in few-shot segmentation.,cc5efe20678c4e2f8324bdf471705c5b
few-shot segmentation,prototype extraction,Methods in this category are mentioned as one of the divisions in few-shot segmentation.,cc5efe20678c4e2f8324bdf471705c5b
few-shot segmentation,spatial correlation,Spatial correlation-based methods have regained attention in few-shot segmentation, showing another division.,cc5efe20678c4e2f8324bdf471705c5b
hsnet,prototype extraction,HSNet is an example of a prototype extraction method in few-shot segmentation.,cc5efe20678c4e2f8324bdf471705c5b
hsnet,4d convolution,HSNet uses 4D convolution in a pyramid structure.,cc5efe20678c4e2f8324bdf471705c5b
asnet,spatial correlation,ASNet squeezes semantic correlation into the foreground map, also related to spatial correlation methods.,cc5efe20678c4e2f8324bdf471705c5b
vat,cost volume aggregation,VAT employs cost volume aggregation-based models with 4D transformers.,cc5efe20678c4e2f8324bdf471705c5b
dacm,cost volume aggregation,DACM is another model that uses cost volume aggregation.,cc5efe20678c4e2f8324bdf471705c5b
computational complexity,drawbacks,The context implies that high computational complexity is a drawback of these methods.,cc5efe20678c4e2f8324bdf471705c5b
number of parameters,drawbacks,Excessive number of parameters is another drawback mentioned.,cc5efe20678c4e2f8324bdf471705c5b
high computational complexity,excessive number of parameters,relation: Drawbacks, both are mentioned as disadvantages.,15a3d528ccd541fd9052f89501f01504
pl (dong and xing 2018),prototype learning,relation:Introduced, PL introduced the concept of prototype learning in few-shot segmentation.,15a3d528ccd541fd9052f89501f01504
sg-one (zhang et al. 2020),prototype extraction,relation: Uses, SG-ONE proposes using masked average pooling for prototype extraction.,15a3d528ccd541fd9052f89501f01504
sg-one (zhang et al. 2020),dense matching computation,relation: Technique, SG-ONE performs dense matching with query features and prototypes.,15a3d528ccd541fd9052f89501f01504
pfenet (tian et al. 2020),train-free prior mask,relation: Component, PFENet adds a train-free prior mask for feature enrichment.,15a3d528ccd541fd9052f89501f01504
ppnet (liu et al. 2020),multi-prototypes,relation: Approach, PPNet generates multiple prototypes for local information.,15a3d528ccd541fd9052f89501f01504
asgnet (li et al. 2021),multi-prototypes,relation: Improvement, ASGNet also employs multi-prototypes for improved local info.,15a3d528ccd541fd9052f89501f01504
rpmms (yang et al. 2020),multi-prototypes,relation: Technique, RPMMs generate multiple prototypes for diverse local info.,15a3d528ccd541fd9052f89501f01504
ipmt (liu et al. 2022),intermediate prototype,relation: Innovation, IPMT introduces an intermediate prototype for iterative updates.,15a3d528ccd541fd9052f89501f01504
ssp (fan et al. 2022),self-support prototype,relation: Alternative, SSP proposes self-support prototypes for self-matching.,15a3d528ccd541fd9052f89501f01504
our method,multiple local prototypes,relation: Key contribution, Our method uses multiple local prototypes for discriminative and comprehensive spatial info.,15a3d528ccd541fd9052f89501f01504
unlabeled data,few-shot tasks,Very few researchers have explored the utilization of unlabeled data in the context of few-shot tasks.,4214d37f63d0488f88e0e37f69a2f607
ppnet (liu et al. 2020),graph neural network (gnn),PPNet incorporates 100 unlabeled data into every support input using a GNN.,4214d37f63d0488f88e0e37f69a2f607
soopil's model,uncertainty-aware model,Soopil proposes an uncertainty-aware model that makes better use of unlabeled data without using GNNs.,4214d37f63d0488f88e0e37f69a2f607
original few-shot task setting,dependence on unlabeled data,The above methods require additional unlabeled data of the novel class, which deviates from the original few-shot task setup.,4214d37f63d0488f88e0e37f69a2f607
our work,dependence on unlabeled data,Our work removes the dependence of the testing process on unlabeled data during training.,4214d37f63d0488f88e0e37f69a2f607
tiny amount of unlabeled data,foreground semantic similarity constraint,A small amount of unlabeled data is used to constrain foreground semantic similarity.,4214d37f63d0488f88e0e37f69a2f607
few-shot semantic segmentation task,novel-class objects,The task is to segment objects from unseen categories using only a small number of annotated images.,4214d37f63d0488f88e0e37f69a2f607
dtrain dataset,dtest dataset,Dtrain and Dtest have no overlap in categories, indicating separate train and test sets.,4214d37f63d0488f88e0e37f69a2f607
meta-training process,k-shot setting,In each K-shot setting, conventional methods sample K + 1 image pairs.,4214d37f63d0488f88e0e37f69a2f607
multi-level prototype generation module,multi-level prototype interaction module,These two modules are used together for providing multi-grained evidence for better inter-class discrimination.,2cdcb217434b4c78ae74303b68734d78
multi-level prototype interaction module,feature activation module,Followed by the multi-level prototype interaction module, the feature activation module is responsible for generating the final segmentation result.,2cdcb217434b4c78ae74303b68734d78
feature activation module,pixels containing objects of the target class,The feature activation module activates specific pixels related to the target class and deactivates others.,2cdcb217434b4c78ae74303b68734d78
foreground objects,large intra-class distributional differences,The main challenge is dealing with the significant variations within the foreground objects.,2cdcb217434b4c78ae74303b68734d78
auxiliary unlabeled branch,effective data utilization method,This branch is introduced to enhance model learning by utilizing unlabeled data.,2cdcb217434b4c78ae74303b68734d78
unlabeled branch,query branch,Both branches share parameters to align their features and improve relevance.,2cdcb217434b4c78ae74303b68734d78
unlabeled input,data augmentation,The unlabeled input undergoes two different augmented versions for training.,2cdcb217434b4c78ae74303b68734d78
pseudo-labels,generated from each other,During training, the unlabeled branch generates pseudo-labels for self-supervised learning.,2cdcb217434b4c78ae74303b68734d78
sample diversity,model learning,By augmenting sample diversity, the model avoids learning biases from labeled inputs.,2cdcb217434b4c78ae74303b68734d78
labeled inputs,sample-specific biases,The model aims to generalize beyond sample-specific characteristics during testing.,2cdcb217434b4c78ae74303b68734d78
global feature,local prototypes,The global feature is used for generating local prototypes to provide discriminative details.,47b2c4ec24da42b98730b1fd5213eb3e
masked average pooling,global feature,Masked average pooling is applied to the global feature before extracting local prototypes.,47b2c4ec24da42b98730b1fd5213eb3e
width and height (w, h),global feature,Width (w) and height (h) specify the dimensions of the global feature.,47b2c4ec24da42b98730b1fd5213eb3e
pw,hs,global feature,Pw,hs represents a calculation involving the global feature using dot product.,47b2c4ec24da42b98730b1fd5213eb3e
binary classification,local prototypes,Local prototypes facilitate binary classification by providing fine-grained information.,47b2c4ec24da42b98730b1fd5213eb3e
prior mask (poilingavg),query feature maps,Prior masks are obtained by multiplying query feature maps with a similarity measure.,47b2c4ec24da42b98730b1fd5213eb3e
1 × 1 convolution,local prototypes,Used to squeeze the channel and enhance representation of local prototypes.,47b2c4ec24da42b98730b1fd5213eb3e
channel-wise attention (attchn),local prototypes,Applied after 1 × 1 convolution to refine the local prototypes.,47b2c4ec24da42b98730b1fd5213eb3e
fixed high-level feature maps,prior masks,Fixed high-level feature maps are used for generating prior masks, which are suitable for query features.,47b2c4ec24da42b98730b1fd5213eb3e
feed-forward network,multi-head attention,The context describes the setting of multi-head attention within a feed-forward network, which is a part of the cross-attention mechanism.,0b58a93027f145a18dc9b06c1690af8f
multi-head attention,cross-attention,Multi-head attention is a component used in cross-attention, where it is followed by the self-attention block.,0b58a93027f145a18dc9b06c1690af8f
cross-attention,self-attention block,These two blocks, cross-attention and self-attention, are distinct operations within the transformer architecture.,0b58a93027f145a18dc9b06c1690af8f
transformer,classification head,The output of the transformer is resized and passed to the classification head for generating pixel-level segmentation results.,0b58a93027f145a18dc9b06c1690af8f
classification head,pixel-by-pixel segmentation,The classification head is responsible for producing the final segmentation output based on the transformed features.,0b58a93027f145a18dc9b06c1690af8f
rifenet,dice loss,RiFeNet uses dice loss as its primary loss function to calculate the difference between predicted and ground truth query images.,0b58a93027f145a18dc9b06c1690af8f
rifenet,self-supervised loss,RiFeNet also employs a self-supervised loss (Lunlabel) in addition to the main loss (Lmain) for improved learning.,0b58a93027f145a18dc9b06c1690af8f
pascal - 5i,coco dataset,Experiments are conducted on both PASCAL - 5i and COCO datasets, evaluating the model's performance using mean intersection-over-union (mIoU) as the primary metric.,0b58a93027f145a18dc9b06c1690af8f
mean intersection-over-union (miou),primary evaluation metric,mIoU is the primary method used to assess the model's segmentation accuracy.,0b58a93027f145a18dc9b06c1690af8f
coco datasets,mean intersection-over-union (miou),COCO datasets are used, and the primary evaluation metric is mIoU.,20868b8dbf084d46ae44f007a1966bdf
mean intersection-over-union (miou),foreground-background iou (fb-iou),mIoU is the primary metric, while FB-IoU is an auxiliary indicator.,20868b8dbf084d46ae44f007a1966bdf
training and testing process,1 : 1 : 2 (support : query : unlabeled images),The ratio of support, query, and unlabeled images in one-shot and five-shot settings.,20868b8dbf084d46ae44f007a1966bdf
one-shot setting,five-shot setting,Two different settings where the number of support images differs.,20868b8dbf084d46ae44f007a1966bdf
resnet50,resnet101,Both are backbones used in the model, with ResNet101 potentially having more parameters.,20868b8dbf084d46ae44f007a1966bdf
baseline method,cyctr,CyCTR serves as a reference method for comparison.,20868b8dbf084d46ae44f007a1966bdf
local query prototypes,multi-level prototype generation,Local prototypes are created using multi-level generation.,20868b8dbf084d46ae44f007a1966bdf
transformer,query features,Query features are processed by the transformer after merging with prototypes and prior masks.,20868b8dbf084d46ae44f007a1966bdf
pfenet 2020,asgnet 2021,Both methods are listed alongside RiFeNet as competitors in the performance comparison.,20868b8dbf084d46ae44f007a1966bdf
rifenet (ours),pascal-5i,RiFeNet's performance is evaluated on the PASCAL-5i dataset.,20868b8dbf084d46ae44f007a1966bdf
rifenet (ours),miou (%),RiFeNet's results are measured in terms of mIoU.,20868b8dbf084d46ae44f007a1966bdf
number of learnable parameters,31.5m (ppnet 2020),This indicates the parameter count for PPNet 2020.,20868b8dbf084d46ae44f007a1966bdf
number of learnable parameters,10.8m (pfenet 2020),This shows the parameter count for PFENet 2020.,20868b8dbf084d46ae44f007a1966bdf
pascal-5i,miou (%),Performance comparison is shown in Table 1 for PASCAL-5i, measuring mean Intersection over Union.,7dbd79d319c8492f81a8dbae76ee7473
rifenet,backbone,RiFeNet uses Res-50 as its backbone in some experiments.,7dbd79d319c8492f81a8dbae76ee7473
rifenet,cyctr,RiFeNet outperforms CyCTR by approximately 3.5% in the 1-shot setting and 2% in the 5-shot setting.,7dbd79d319c8492f81a8dbae76ee7473
rifenet,dcama,RiFeNet surpasses DCAMA by 2.5% in the 1-shot setting using ResNet50 and by 2.7% with ResNet101.,7dbd79d319c8492f81a8dbae76ee7473
coco,miou (%),Performance comparison on COCO is shown in Table 2, also measured in terms of mean IoU.,7dbd79d319c8492f81a8dbae76ee7473
rifenet,dcama,In COCO, RiFeNet outperforms DCAMA by 0.8% in the 1-shot setting across most splits, despite the complex environment.,7dbd79d319c8492f81a8dbae76ee7473
1-shot setting,5-shot setting,RiFeNet shows a larger gain in the 1-shot compared to the 5-shot setting, attributed to the decreasing impact of unlabeled data as labeled images increase.,7dbd79d319c8492f81a8dbae76ee7473
rifenet,performance,RiFeNet improves the performance by 0.8% for almost all splits in the 1-shot setting.,db2e13d770f74485baec9126e2eeaaeb
unlabeled branch,rifenet,The unlabeled branch provides RiFeNet with richer relevant information, improving its performance.,db2e13d770f74485baec9126e2eeaaeb
pixel-level binary classification,effectiveness,RiFeNet improves pixel-level binary classification.,db2e13d770f74485baec9126e2eeaaeb
proposed unlabeled enhancement,effectiveness,Ablation studies demonstrate the effectiveness of the proposed unlabeled enhancement component.,db2e13d770f74485baec9126e2eeaaeb
multi-level prototypes,effectiveness,Multi-level prototypes contribute to the effectiveness of RiFeNet, as shown in the ablation studies.,db2e13d770f74485baec9126e2eeaaeb
ca (confidence attention),comparison,gp+lp (without CA) refers to a comparison where confidence attention is not used.,db2e13d770f74485baec9126e2eeaaeb
resnet50,backbone,All comparisons in the ablation studies use ResNet50 as the backbone.,db2e13d770f74485baec9126e2eeaaeb
multi-level prototypes,global prototypes,gp+lp (w/o CA) and gp+gp refer to extracting prototypes at both global and local levels, with 'gp' denoting global prototypes.,44c3f589d3d14640bbe5aa3986562bca
channel-wise attention,gp+lp (w/ ca),CA stands for channel-wise attention, which is applied to the local prototypes (lp) in the context of gp+lp.,44c3f589d3d14640bbe5aa3986562bca
pascal-5i,novel classes,Qualitative segmentation results are shown on PASCAL-5i, specifically focusing on novel classes.,44c3f589d3d14640bbe5aa3986562bca
rifenet,baseline,RiFeNet's query prediction is compared to a baseline, demonstrating improvements.,44c3f589d3d14640bbe5aa3986562bca
unlabeled branch,query local prototypes,The unlabeled branch uses query local prototypes for guidance, with and without this guidance being studied in Table 5.,44c3f589d3d14640bbe5aa3986562bca
unlabeled branch,prototypes generated from unlabeled branch,Ablation study compares using prototypes from the unlabeled branch itself versus guided by query local prototypes.,44c3f589d3d14640bbe5aa3986562bca
un,mp,Un and MP refer to the use of the unlabeled branch and multi-level prototypes, respectively, with both contributing to the overall performance.,44c3f589d3d14640bbe5aa3986562bca
single meta-training process,different numbers of unlabeled images,Table 6 explores the impact of varying the number of unlabeled images during meta-training.,44c3f589d3d14640bbe5aa3986562bca
interaction,boost of approximately 2%,Combining certain strategies leads to a boost of around 2% improvement over the baseline.,44c3f589d3d14640bbe5aa3986562bca
two strategies working together,improvement of 3.1%,When these two strategies synergize, RiFeNet achieves a higher improvement of 3.1% over the baseline.,44c3f589d3d14640bbe5aa3986562bca
design choices of multi-level prototypes,model design details,Ablation experiments are conducted on the specifics of multi-level prototype design.,44c3f589d3d14640bbe5aa3986562bca
multi-level prototypes,model design details,The context discusses ablation experiments on the specific aspects of multi-level prototypes, examining their impact on the overall model.,890148b6e7854119ad8d31d04207b398
theoretical analysis in sec.3.4,practices such as adding guidance to unlabeled branches,The analysis supports the合理性 and reliability of guiding unlabeled branches in the model.,890148b6e7854119ad8d31d04207b398
unlabeled branches,different designed unlabeled branches,Experiments are conducted to explore the effect of various designs on the unlabeled branches' performance.,890148b6e7854119ad8d31d04207b398
unlabeled branch without guided query prototypes,worse performance than the baseline,This experiment shows that the absence of guided prototypes negatively affects the model's performance.,890148b6e7854119ad8d31d04207b398
training iterations,multiple sampling of data,Doubling training iterations does not significantly improve the baseline, indicating that the method's effectiveness comes from learned features, not just more data.,890148b6e7854119ad8d31d04207b398
hyper-parameters,number of unlabeled inputs,The study investigates the effect of varying the number of unlabeled images during meta-training, with the optimal result at 2.,890148b6e7854119ad8d31d04207b398
resnet50,backbone,ResNet50 serves as the base architecture for evaluating the model's performance under a 1-shot setting.,890148b6e7854119ad8d31d04207b398
segmentation effect,performance on pascal − 5i,The results in Tab.6 demonstrate the model's improvement in segmentation as the number of unlabeled images increases initially.,890148b6e7854119ad8d31d04207b398
segmentation effect,model,The model's segmentation effect initially increases as the number of unlabeled images increases.,8747cc1a10ee40b9998e8b1ae84151de
number of unlabeled images,effect of unlabeled enhancement,As the number increases, the effect of unlabeled enhancement becomes more significant.,8747cc1a10ee40b9998e8b1ae84151de
attention,feature mining,The attention shifts to the unlabeled branch, causing disturbance to the query prediction.,8747cc1a10ee40b9998e8b1ae84151de
features,blurring,Segmentation accuracy decreases due to blurred features.,8747cc1a10ee40b9998e8b1ae84151de
few-shot segmentation,semantic ambiguity,Traditional methods suffer from semantic ambiguity in few-shot segmentation.,8747cc1a10ee40b9998e8b1ae84151de
few-shot segmentation,inter-class similarity,Few-shot segmentation also faces challenges with inter-class similarity.,8747cc1a10ee40b9998e8b1ae84151de
rifenet,unlabeled branch,RiFeNet proposes an unlabeled branch for foreground semantic consistency without extra data.,8747cc1a10ee40b9998e8b1ae84151de
rifenet,in-class generalization,The unlabeled branch enhances in-class generalization of the foreground.,8747cc1a10ee40b9998e8b1ae84151de
multi-level prototype generation and interaction module,discrimination of background and foreground,This module enhances the discrimination between background and foreground.,8747cc1a10ee40b9998e8b1ae84151de
