node_1,node_2,edge,chunk_id
danceanyway,generative learning method,DanceAnyWay is a type of generative learning method.,38e7265904204216aa569811a770b3ee
generative learning method,synthesizing beat-guided dances,The method's primary purpose is to generate synchronized dances with music.,38e7265904204216aa569811a770b3ee
3d human characters,target dances,DanceAnyWay synthesizes dances for these characters.,38e7265904204216aa569811a770b3ee
beat frames,rhythm, pitch, and melody information,DanceAnyWay encodes rhythm, pitch, and melody specifically at beat frames.,38e7265904204216aa569811a770b3ee
sequence-to-sequence learning framework,beat poses synthesis,Used to create dance movements at beat frames.,38e7265904204216aa569811a770b3ee
repletion level,rhythm, pitch, and melody information,This level encodes rhythm, pitch, and melody from all frames.,38e7265904204216aa569811a770b3ee
adversarial learning framework,plausibility enforcement,Helps ensure the generated dance sequences are realistic.,38e7265904204216aa569811a770b3ee
randomized temporal contrastive loss,diversity in synthesized dances,Promotes diversity by avoiding repetitive movements.,38e7265904204216aa569811a770b3ee
aist++ dataset,evaluation,Used for benchmarking and assessing performance.,38e7265904204216aa569811a770b3ee
motion quality metrics,improvements,DanceAnyWay shows improvement in these metrics compared to baselines.,38e7265904204216aa569811a770b3ee
motion diversity metrics,improvements,Also shows improvement in avoiding motion repetition.,38e7265904204216aa569811a770b3ee
motion quality metrics,motion diversity metrics,Our method improves upon current baselines by 7% - 12% in motion quality and 1.5% - 4% in motion diversity.,694c461bbcf54e7da95e29a358d0b749
visual quality of synthesized dances,motion quality,The samples generated by our method had a 9%-48% higher preference and a 4%-27% better score in motion quality compared to the best current baseline.,694c461bbcf54e7da95e29a358d0b749
visual quality of synthesized dances,synchro-nization,The method also showed improved synchronization, although the specific percentage improvement was not provided.,694c461bbcf54e7da95e29a358d0b749
danceanyway,method,DanceAnyWay is the proposed method for synthesizing dances, with its source code available at https://github.com/aneeshbhattacharya/DanceAnyWay.,694c461bbcf54e7da95e29a358d0b749
dance motions,expression and communication,Dancing serves as a form of both expression and communication across societies and cultures.,694c461bbcf54e7da95e29a358d0b749
dance motions,temporally cohesive and structured,The space of dance motions is characterized by temporal coherence and structure.,694c461bbcf54e7da95e29a358d0b749
dance motions,complexity,The complexity of dance motions drives extensive research in various applications.,694c461bbcf54e7da95e29a358d0b749
digital characters,character design,Research has been focused on generating digital characters for character design purposes.,694c461bbcf54e7da95e29a358d0b749
storyboard visualization,consumer media,Storyboards are used for visualizing content in consumer media, as exemplified by Kucherenko et al. (2020) and Watson et al. (2019).,694c461bbcf54e7da95e29a358d0b749
metaverse tools,omniverse,Omniverse is a platform that builds tools for the metaverse, indicating the integration of dance synthesis into this technology.,694c461bbcf54e7da95e29a358d0b749
music and dance,relationships,Research also explores the relationships between music and dance, as in Brown and Parsons (2008).,694c461bbcf54e7da95e29a358d0b749
music and dance relationship,dance generation,The context discusses the connection between music and dance, with a focus on previous methods in dance generation and their limitations.,5f3177f778684ecf931291de0b6f700d
temporal inconsistencies,dance generation,These methods suffer from temporal inconsistencies when creating dance sequences.,5f3177f778684ecf931291de0b6f700d
motion freezing and instability,dance generation,Li et al. (2021a) highlights issues with motion freezing and instability during the generation process.,5f3177f778684ecf931291de0b6f700d
seed poses,dance generation,Seed poses are commonly used to ensure plausibility but lose relevance over time for longer sequences.,5f3177f778684ecf931291de0b6f700d
diffusion-based approaches,dance generation,Diffusion-based methods offer better control but have slower inference speed and require extensive parameter tuning.,5f3177f778684ecf931291de0b6f700d
quantized vectors,dance sequence representation,Tokenization into quantized vectors sacrifices fine-grained diversity for ease of generation.,5f3177f778684ecf931291de0b6f700d
dance bursts or drops of energy,dance generation,Dancers' energy patterns at audio beats suggest a useful coarse structure for dance creation.,5f3177f778684ecf931291de0b6f700d
temporal diversity enforcement,dance generation,Our approach focuses on explicitly incorporating temporal diversity to avoid repetition in long sequences.,5f3177f778684ecf931291de0b6f700d
generative process,long dance sequences,The generative process aims to create long dance sequences.,8781ceca35ad4917b2c4764fe2cad3a0
danceanyway,method,DanceAnyway is the introduced method, a two-stage hierarchical network.,8781ceca35ad4917b2c4764fe2cad3a0
danceanyway,3d dances,DanceAnyway generates plausible 3D dances from audio.,8781ceca35ad4917b2c4764fe2cad3a0
temporal levels,beat level,Dance involves learning correlation at two temporal levels: beat and repletion.,8781ceca35ad4917b2c4764fe2cad3a0
temporal levels,repletion level,Repletion level corresponds to dance poses between beat frames.,8781ceca35ad4917b2c4764fe2cad3a0
randomized temporal contrastive loss,diversity,This loss enforces diversity in motion between distant segments.,8781ceca35ad4917b2c4764fe2cad3a0
beat poses,dance characteristics,Beat poses represent the underlying dance characteristics for the audio.,8781ceca35ad4917b2c4764fe2cad3a0
beat poses,remainder/repletion poses,Given beat poses, the method generates diverse repletion poses.,8781ceca35ad4917b2c4764fe2cad3a0
sequence-to-sequence learning,generative adversarial learning,Hierarchical method combines sequence-to-sequence and GAN for synthesis.,8781ceca35ad4917b2c4764fe2cad3a0
mixamo characters,rendering,Results are rendered using Mixamo characters to visualize the generated dances.,8781ceca35ad4917b2c4764fe2cad3a0
main contributions,temporally hierarchical learning,One of the key contributions is the hierarchical learning approach.,8781ceca35ad4917b2c4764fe2cad3a0
learning-based approaches,convolutional networks,These approaches have gained traction in the field, using convolutional networks like Holden, Saito, and Komura (2016) and Holden et al. (2015).,e08f43c3c7334227af88fc8d73fa1f5b
learning-based approaches,recurrent networks,Recurrent networks are also employed, including Fragkiadaki et al. (2015), Jain et al. (2015), and Gopalakrishnan et al. (2019).,e08f43c3c7334227af88fc8d73fa1f5b
learning-based approaches,generative adversarial networks,Generative adversarial networks (GANs) are mentioned with Ruiz, Gall, and Moreno-Noguer (2018) as a type of approach.,e08f43c3c7334227af88fc8d73fa1f5b
learning-based approaches,graph convolutional networks,Graph convolutional networks are utilized by Yan et al. (2019) within this context.,e08f43c3c7334227af88fc8d73fa1f5b
learning-based approaches,transformers,Transformers, like Aksan et al. (2020) and Battacharya et al. (2021b), contribute to the category.,e08f43c3c7334227af88fc8d73fa1f5b
procedural methods,motion graphs,Procedural methods use motion graphs, with audio rhythms constraining link rules, as in Fan, Xu, and Geng (2012) and Shiratori, Nakazawa, and Ikeuchi (2006).,e08f43c3c7334227af88fc8d73fa1f5b
3d dance motion synthesis,audio-to-dance synthesis,This synthesis focuses on generating 3D dance motions from audio signals.,e08f43c3c7334227af88fc8d73fa1f5b
procedural methods,temporal conflicts,Procedural methods can suffer from temporal conflicts due to differences in dance tempos.,e08f43c3c7334227af88fc8d73fa1f5b
deep neural networks,lstm-based methods,LSTM-based approaches, like Tang, Jia, and Mao (2018) and Yalta et al. (2018), are used for long dance synthesis.,e08f43c3c7334227af88fc8d73fa1f5b
lstm-based methods,temporal dependencies,LSTM-based methods model temporal dependencies in motion data.,5fe18221b75848e4b05ae1ce923dab1a
gan-based methods,generator network,GANs consist of a generator to produce dance sequences and a discriminator to distinguish real from fake.,5fe18221b75848e4b05ae1ce923dab1a
gan-based methods,discriminator network,The discriminator's role is to differentiate between generated and real dance sequences.,5fe18221b75848e4b05ae1ce923dab1a
transformers-based methods,self-attention mechanism,Transformers use self-attention to capture long-range dependencies between audio and dance.,5fe18221b75848e4b05ae1ce923dab1a
transformers-based methods,cross-attention mechanism,They also employ cross-attention to handle the relationship between different inputs.,5fe18221b75848e4b05ae1ce923dab1a
transformer variants,latent space of dances,Some transformers condense dance sequences into quantized vectors to address continuous-space generation.,5fe18221b75848e4b05ae1ce923dab1a
key poses generation,interpolation,Other methods separate learning into key pose generation and interpolation for smoother transitions.,5fe18221b75848e4b05ae1ce923dab1a
diffusion models,joint-level editing,Diffusion models enhance the models' abilities for joint-level editing and motion in-betweening.,5fe18221b75848e4b05ae1ce923dab1a
large-scale 3d mocap dance datasets,training and testing,These datasets are used to train and evaluate generative models for dance sequence synthesis.,5fe18221b75848e4b05ae1ce923dab1a
alemi, franc¸oise, and pasquier (2017),3d mocap dance dataset,This dataset contributes to the success of the methods mentioned.,5fe18221b75848e4b05ae1ce923dab1a
tang, jia, and mao (2018),3d mocap dance dataset,Their work is also associated with a large-scale 3D dance dataset.,5fe18221b75848e4b05ae1ce923dab1a
zhuang et al. (2022),3d mocap dance dataset,This dataset is another significant contribution to the field.,5fe18221b75848e4b05ae1ce923dab1a
beat poses,rps,RPS has a generative adversarial architecture that generates poses based on beat poses, with a focus on fine-grained detail.,e28f206559f043a7b817b2fc0f4084fc
rps,seq-to-seq trajectory predictor,The RPS model is followed by a seq-to-seq predictor for global root translations.,e28f206559f043a7b817b2fc0f4084fc
randomized temporal contrastive loss,rps training,This loss is proposed to enforce motion diversity during the training of the RPS model.,e28f206559f043a7b817b2fc0f4084fc
mfcc encoders,chroma encoders,Both MFCC and Chroma encoders have the same architecture but different layer sizes, expanding the encoding capabilities.,e28f206559f043a7b817b2fc0f4084fc
3d human motion synthesis,speech,3D motions can also be generated using speech, with methods focusing on personalization, generative capabilities, and incorporating emotional cues.,e28f206559f043a7b817b2fc0f4084fc
speech,co-speech gesture synthesis,Co-speech synthesis generates gestures for speech, personalized by capturing individual speaker characteristics.,e28f206559f043a7b817b2fc0f4084fc
speech,gan-based approaches,These approaches enhance generative capabilities by using GANs.,e28f206559f043a7b817b2fc0f4084fc
speech, text, and speaker identities,robustness,Combining these inputs improves the robustness of the synthesized motions.,e28f206559f043a7b817b2fc0f4084fc
emotional cues,gesticulation patterns,Some methods incorporate emotional cues into the generation process.,e28f206559f043a7b817b2fc0f4084fc
rhythm-aware information,editability,Diffusion models enable editability in generated motions, including rhythm-aware ones.,e28f206559f043a7b817b2fc0f4084fc
audio encoder block,mfcc encoder,The audio encoder block consists of an MFCC encoder, which captures human auditory response and is used for tasks like emotion recognition and speaker identification.,0a711d67dbbc42409d9041c321ff9e65
audio encoder block,chroma encoder,The audio encoder also includes a Chroma encoder that captures melody and pitch in the audio.,0a711d67dbbc42409d9041c321ff9e65
mfccs,first-order derivatives,The MFCC encoder takes in MFCCs and their first- and second-order derivatives to learn latent feature sequences.,0a711d67dbbc42409d9041c321ff9e65
mfccs,second-order derivatives,MFCCs and their derivatives are processed through convolutional layers to capture dependencies.,0a711d67dbbc42409d9041c321ff9e65
chroma cens features,dcb-dimensional latent feature sequences,The Chroma encoder transforms Chroma CENS features into DCB-dimensional sequences based on localized inter-dependencies.,0a711d67dbbc42409d9041c321ff9e65
audio features,amb (mfccs),Concatenated audio features include the learned latent features from MFCCs (AMB) and Chroma (ACB).,0a711d67dbbc42409d9041c321ff9e65
audio features,acb (chroma),Audio features (AB) combine both AMB and ACB dimensions.,0a711d67dbbc42409d9041c321ff9e65
pose encoder block,pose encoder architecture,The pose encoder block, inspired by Bhattacharya et al. (2021a), focuses on physiological variations in dance motions represented by UBS.,0a711d67dbbc42409d9041c321ff9e65
pose encoder block,latent pose features,Pose encoder PB outputs Q-dimensional latent pose features based on UBS.,0a711d67dbbc42409d9041c321ff9e65
latent pose features,qb,QB represents the latent pose features extracted from RDP (Restricted-Dense Pose) and B (beat frames).,11e768c2e99b4d938f0de01aadc1bbb0
pb,ubs,PB is multiplied with UBS to form QB, indicating a transformation or calculation.,11e768c2e99b4d938f0de01aadc1bbb0
wpb,pb,WPB are the trainable parameters associated with PB.,11e768c2e99b4d938f0de01aadc1bbb0
transformer-encoder-based generator,ab,The generator concatenates AB and QB and passes them through a transformer encoder.,11e768c2e99b4d938f0de01aadc1bbb0
transformer-encoder-based generator,qb,Cross-attention is applied between AB and QB within the transformer encoder.,11e768c2e99b4d938f0de01aadc1bbb0
θb,wθb,Trainable parameters for the transformer encoder (ΘB) and the concatenated feature transformation.,11e768c2e99b4d938f0de01aadc1bbb0
te,ab ⊕ qb,TE generates the entire sequence simultaneously due to irregular beat frame separations.,11e768c2e99b4d938f0de01aadc1bbb0
seq-to-seq approaches,mean regression,Traditional seq-to-seq methods suffer from mean regression when generating repletion poses.,11e768c2e99b4d938f0de01aadc1bbb0
repletion pose synthesis (rps) network,gaussian noise ϵre,RPS uses Gaussian noise for the encoder to enhance generation.,11e768c2e99b4d938f0de01aadc1bbb0
generator,raw audio waveform ψ,The generator takes the audio waveform as input.,11e768c2e99b4d938f0de01aadc1bbb0
generator,seed pose sequence us,The generator also uses the full seed pose sequence.,11e768c2e99b4d938f0de01aadc1bbb0
generator,ˆu−bs,Generated beat poses are input to the generator for repletion pose synthesis.,11e768c2e99b4d938f0de01aadc1bbb0
discriminator,ˆur,The discriminator distinguishes between real and synthesized repletion poses.,11e768c2e99b4d938f0de01aadc1bbb0
discriminator,zr (latent decoder space),The discriminator's role is to evaluate the distribution of features in the latent space.,11e768c2e99b4d938f0de01aadc1bbb0
t-sne plot,samples from rps latent decoder space,A visualization tool used to analyze the distribution of generated features.,11e768c2e99b4d938f0de01aadc1bbb0
zr,random samples,ZR refers to the 100 random samples used in the context, each with a different color.,a5af190e1950423c9c2ef58c51418379
aist++ (li et al. 2021b),zr,ZR is a part of the AIST++ dataset, where samples are trained with and without the RTC loss.,a5af190e1950423c9c2ef58c51418379
rtc loss,zr,The RTC loss is used for training the samples in ZR, and clustering all sample segments is necessary.,a5af190e1950423c9c2ef58c51418379
synthesized pose sequences,generator,The generator produces synthesized pose sequences that are intended to mimic the ground truth.,a5af190e1950423c9c2ef58c51418379
generator,discriminator,The generator is designed to produce dance motions that the discriminator cannot distinguish from the ground truth.,a5af190e1950423c9c2ef58c51418379
rps generator,transformer encoder-decoder (te-td),The RPS generator has a TE-TD architecture, which includes MFCC, Chroma, and pose encoders.,a5af190e1950423c9c2ef58c51418379
mfcc encoder,rps generator,MFCC encoder is one component of the RPS generator, contributing to the encoded features.,a5af190e1950423c9c2ef58c51418379
chroma encoder,rps generator,Similar to MFCC, the Chroma encoder is another component of the RPS generator.,a5af190e1950423c9c2ef58c51418379
pose encoder,rps generator,The pose encoder is also part of the RPS generator, responsible for encoding pose-related information.,a5af190e1950423c9c2ef58c51418379
latent features ar,latent features qr,AR and QR are latent features obtained from separate encoders, combined for further processing.,a5af190e1950423c9c2ef58c51418379
ϵre,encoded features er,Additional input feature ϵRE contributes to the encoded features ER during the generation process.,a5af190e1950423c9c2ef58c51418379
latent features er,motion space,ER is decoded first into a latent space and then into the motion space.,a5af190e1950423c9c2ef58c51418379
td (transformer decoder) φur,encoded features er,TD ΦUR is used to decode the encoded features ER into the final motion output.,a5af190e1950423c9c2ef58c51418379
latent features zr,dz-dimensional latent features,ZR is transformed into DZ-dimensional latent features Zf through the process.,a5af190e1950423c9c2ef58c51418379
temporal diversity constraints,smooth equivalence space of zr,The discriminator applies temporal diversity constraints on the smooth space of ZR during the latent decoding process.,5eea7bb463324e9896f4c3c87d36a178
latent decoding,z_r (latent representation),Latent decoding is performed to generate a sequence of Z_R, which is more efficient in applying constraints compared to the non-smooth unit vector sequences.,5eea7bb463324e9896f4c3c87d36a178
generator,unit vector sequences ˆur,The generator produces ˆUR, which is fed into the discriminator for evaluation.,5eea7bb463324e9896f4c3c87d36a178
discriminator,pose encoder pd,The discriminator uses a pose encoder PD to extract latent pose features based on the input dance poses.,5eea7bb463324e9896f4c3c87d36a178
physiological variations,latent pose features eqd,eQD captures the physiological variations in the dance through the pose encoder.,5eea7bb463324e9896f4c3c87d36a178
bidirectional gru (bigru),temporal inter-dependencies,The BiGRU in the discriminator learns temporal dependencies within the pose features.,5eea7bb463324e9896f4c3c87d36a178
fc layers,scalar variables,FC layers are used to compress the pose feature sequence into a set of scalar probabilities.,5eea7bb463324e9896f4c3c87d36a178
sigmoid function,binary class probabilities pd,The sigmoid function computes the probability of the input being real or fake, based on the output of the BiGRU.,5eea7bb463324e9896f4c3c87d36a178
hidden states,trainable parameters,hidden states refer to the trainable parameters WLD and WF CD in the context, indicating they are part of the model's weights.,6bc3f2662728458c963876e06e4e82c8
wld,wf cd,Both WLD and WF CD are instances of trainable parameters, suggesting they are separate components within the network.,6bc3f2662728458c963876e06e4e82c8
sigmoid function,trainable parameters,The sigmoid function (σ(·)) is used with trainable parameters, implying it is a non-linear activation applied to the learned hidden states.,6bc3f2662728458c963876e06e4e82c8
trajectory predictor,latent pose features,The Trajectory Predictor generates latent pose features QT using a TE-TD architecture with trainable parameters WΘT.,6bc3f2662728458c963876e06e4e82c8
latent pose features,3d world coordinates of the root,Latent pose features are decoded into 3D world coordinates of the root (ˆr) through a TD ΦT with parameters WΦT.,6bc3f2662728458c963876e06e4e82c8
bps,pose and leg motion losses,BPS is trained initially using pose and leg motion losses.,6bc3f2662728458c963876e06e4e82c8
rps,rtc loss,RPS is trained using the RTC loss, along with pose and leg motion losses, and adversarial losses.,6bc3f2662728458c963876e06e4e82c8
rtc loss,transformer,The RTC loss addresses the limitations of the transformer for motion sequence generation, particularly in avoiding mode collapse.,6bc3f2662728458c963876e06e4e82c8
transformer,sequence generation,Transformers, like the one mentioned, are known for their state-of-the-art performance in sequence generation.,6bc3f2662728458c963876e06e4e82c8
rps,mode collapse,RPS aims to prevent mode collapse, which is a common issue in generating diverse dance motions.,6bc3f2662728458c963876e06e4e82c8
audio,beat alignment,The method aims to align the generated motions with the audio, as indicated by the beat frames.,6bc3f2662728458c963876e06e4e82c8
aist++ dataset,benchmark,AIST++ dataset is described as a benchmark for evaluating performance.,9beeb6eb470349b0a05172f8e9633e2a
3d dance dataset,aist++,AIST++ is a large-scale 3D dance dataset.,9beeb6eb470349b0a05172f8e9633e2a
music,pose sequences,The AIST++ dataset contains paired music and pose sequences.,9beeb6eb470349b0a05172f8e9633e2a
mixamo characters,rendering generated dances,Generated dances are rendered on Mixamo characters using the approach of Li et al. (2021a).,9beeb6eb470349b0a05172f8e9633e2a
li et al. (2021a),approach for rendering dances,This approach is used by Li et al. to apply generated dances on Mixamo characters.,9beeb6eb470349b0a05172f8e9633e2a
bps (beat pose synthesis),prediction step,BPS generates beat poses in one prediction step during inference.,9beeb6eb470349b0a05172f8e9633e2a
rps (rhythm pose synthesis),dance generation,RPS generates the entire dance sequence during inference.,9beeb6eb470349b0a05172f8e9633e2a
rps (rhythm pose synthesis),root trajectory generation,RPS also generates root trajectories for the dance.,9beeb6eb470349b0a05172f8e9633e2a
trajectory predictor,training,The trajectory predictor is trained for 700 epochs.,9beeb6eb470349b0a05172f8e9633e2a
bps (beat pose synthesis),training time,BPS takes 6 hours to train on an NVIDIA A100 GPU.,9beeb6eb470349b0a05172f8e9633e2a
rps (rhythm pose synthesis),training time,RPS takes 16 hours to train on an NVIDIA A100 GPU.,9beeb6eb470349b0a05172f8e9633e2a
trajectory predictor,training time,The trajectory predictor takes 3 hours to train on an NVIDIA A100 GPU.,9beeb6eb470349b0a05172f8e9633e2a
adam optimizer,optimization method,BPS, RPS, and the trajectory predictor use the Adam optimizer.,9beeb6eb470349b0a05172f8e9633e2a
adam optimizer,learning rate,The Adam optimizer has a learning rate of 1e-4 for both BPS and RPS.,9beeb6eb470349b0a05172f8e9633e2a
mini-batch size,training parameter,All models use a mini-batch size of 8.,9beeb6eb470349b0a05172f8e9633e2a
dance transformers,baseline methods,Dance Transformers is a type of baseline method in the context of dance generation models.,36b538b41504415588649411d6c0169b
dancenet,baseline methods,DanceNet is another baseline method mentioned alongside Dance Transformers.,36b538b41504415588649411d6c0169b
dancerevolution,baseline methods,DanceRevolution is also a baseline method in the comparison.,36b538b41504415588649411d6c0169b
fact,baseline methods,FACT is a baseline method listed along with the others.,36b538b41504415588649411d6c0169b
bailando,baseline methods,Bailando is a part of the baseline methods being evaluated.,36b538b41504415588649411d6c0169b
edge,best baseline,EDGE serves as the best baseline method, against which the proposed method is compared.,36b538b41504415588649411d6c0169b
fidkgt,evaluation metric,FIDkGT is a metric used to assess the quality of generated dances.,36b538b41504415588649411d6c0169b
fidg,evaluation metric,FIDg is another evaluation metric mentioned, likely measuring similar qualities.,36b538b41504415588649411d6c0169b
mdk,evaluation metric,MDk is a metric that evaluates the proposed method's performance, 4% better than the best baseline.,36b538b41504415588649411d6c0169b
mdg,evaluation metric,MDg is another metric, 1.5% better when comparing the proposed method to the best baseline.,36b538b41504415588649411d6c0169b
bas,performance metric,BAS measures beat alignment, and the proposed method improves by about 22%.,36b538b41504415588649411d6c0169b
pfs,performance metric,PFS stands for perceptual fluency score, where the proposed method improves by 50%.,36b538b41504415588649411d6c0169b
ablated version without bps,proposed method variant,The ablated version omits the BPS network, affecting alignment with audio beats negatively.,36b538b41504415588649411d6c0169b
rps network,ablated method component,RPS network is the main component of the ablated version, responsible for dance sequence synthesis.,36b538b41504415588649411d6c0169b
aist++,dataset,AIST++ is the dataset used for the perceptual study.,36b538b41504415588649411d6c0169b
audio,input for synthesis,Audio is the primary input for both the proposed and ablated methods.,36b538b41504415588649411d6c0169b
seed poses,initial input for synthesis,Seed poses serve as the starting point for dance sequence generation.,36b538b41504415588649411d6c0169b
bps,audio beats,BPS provides beat information for long-term motion synthesis; its absence leads to loss of alignment with audio beats.,714d034087bd463e8cebcf22bd547260
bps,bas,BPS is crucial for maintaining BAS, as demonstrated by the decline when BPS is removed.,714d034087bd463e8cebcf22bd547260
rtc loss,motion diversity,The removal of RTC loss during training causes motion diversity to drop, leading to motion freezing and looping.,714d034087bd463e8cebcf22bd547260
rtc loss,feature sequences zr,RTC loss helps the network avoid mode collapse and maintain diversity by clustering features across time steps.,714d034087bd463e8cebcf22bd547260
network,mode collapse,Without RTC loss, the network is prone to mode collapse, limiting motion diversity.,714d034087bd463e8cebcf22bd547260
rtc loss,novel motions,Even without RTC loss, the network occasionally generates novel motions but with limited diversity.,714d034087bd463e8cebcf22bd547260
rtc loss,randomization,Randomization in RTC loss ensures stability and prevents abrupt changes in synthesized dances.,714d034087bd463e8cebcf22bd547260
randomization,temporal instability,Lack of randomization causes higher temporal instability, as seen in the FID score and visual jitter.,b1cb945aa9d94b0a89bccb6c66c70ee8
rtc loss,temporal instability,Minimizing RTC loss across all segment pairs results in even higher temporal instability.,b1cb945aa9d94b0a89bccb6c66c70ee8
fid of the motions,lack of randomization,The FID score is affected by the lack of randomization, leading to lower quality.,b1cb945aa9d94b0a89bccb6c66c70ee8
motion quality,perceptual study,Motion quality is evaluated in a perceptual study where participants rate the generated dances.,b1cb945aa9d94b0a89bccb6c66c70ee8
synchronization with audio,perceptual study,Synchronization with the audio is also assessed in the perceptual study, where participants rate how well the dance matches the audio.,b1cb945aa9d94b0a89bccb6c66c70ee8
aist++ (li et al. 2021b),test set,AIST++ test set is used for selecting audio samples for the perceptual study.,b1cb945aa9d94b0a89bccb6c66c70ee8
ground truth dances,perceptual study,Participants compare generated dances with the ground truth dances during the study.,b1cb945aa9d94b0a89bccb6c66c70ee8
edge (tseng, castillo, and liu 2023),baselines methods,EDGE is one of the best-performing baseline methods compared in the perceptual study.,b1cb945aa9d94b0a89bccb6c66c70ee8
bailando (siyao et al. 2022),baselines methods,Another baseline method, Bailando, is also included in the comparison for the study.,b1cb945aa9d94b0a89bccb6c66c70ee8
likert scale,aspects,The context discusses a five-point Likert scale used to evaluate two aspects: motion quality and synchronization with audio.,c4178395ca6b47bb8920b5091a77b170
motion quality,synchronization with audio,These are the two aspects on which the Likert scale is measured in the perceptual study.,c4178395ca6b47bb8920b5091a77b170
guidelines,inter-annotator variance,Guidelines are provided to reduce variation among annotators when assigning scores.,c4178395ca6b47bb8920b5091a77b170
perceptual study,responses,The study consists of 31 responses that undergo validation checks.,c4178395ca6b47bb8920b5091a77b170
gender,participants,The study includes information on the gender of the participants (9 female, 20 male, 1 non-binary, 1 undisclosed).,c4178395ca6b47bb8920b5091a77b170
age,participants,Participants' age ranges are mentioned (16 aged 18-24, 13 aged 25-35, 2 above 35).,c4178395ca6b47bb8920b5091a77b170
mean likert-scale scores,table 2,Mean scores for the methods and ground truth are reported in Table 2.,c4178395ca6b47bb8920b5091a77b170
motion quality,edge,Our generated dances are preferred in motion quality over FACT, Bailando, and EDGE by specific percentages.,c4178395ca6b47bb8920b5091a77b170
synchronization,edge,For synchronization, our method is also compared favorably to FACT, Bailando, and EDGE.,c4178395ca6b47bb8920b5091a77b170
conclusion,future work,The text concludes with a discussion of the method and suggestions for future research.,c4178395ca6b47bb8920b5091a77b170
learning method,synthesizing beat-aligned, long-term 3d dances,The method is designed for synthesizing dances, which is its primary application.,4dcaadb682a84f5a8935f9976b4fa152
synthesizing beat-aligned, long-term 3d dances,audio,The dances are synthesized based on the input audio.,4dcaadb682a84f5a8935f9976b4fa152
performance,state-of-the-art,The method has demonstrated state-of-the-art performance in a benchmark evaluation.,4dcaadb682a84f5a8935f9976b4fa152
benchmark dance dataset,evaluations,The method's performance is evaluated on this specific dance dataset.,4dcaadb682a84f5a8935f9976b4fa152
future work,extending method,In the future, the focus is on expanding the method's capabilities.,4dcaadb682a84f5a8935f9976b4fa152
future work,dance styles,Understanding different dance styles is part of the planned extension.,4dcaadb682a84f5a8935f9976b4fa152
future work,generation controllability,Making the dance generation more controllable is a goal.,4dcaadb682a84f5a8935f9976b4fa152
future work,dancer-specific capabilities,Incorporating individual dancer characteristics is another planned feature.,4dcaadb682a84f5a8935f9976b4fa152
future work,human-human interactions,Human collaboration is a direction of interest.,4dcaadb682a84f5a8935f9976b4fa152
future work,human-object interactions,Interactions with objects are also part of the planned enhancements.,4dcaadb682a84f5a8935f9976b4fa152
conclusion,future work,The conclusion leads to the discussion of future plans.,4dcaadb682a84f5a8935f9976b4fa152
