node_1,node_2,edge,chunk_id
scene segmentation,autonomous driving,Scene segmentation is important for safety-critical applications, particularly for autonomous driving.,030e601eaaef43c5833aa10f10c46e72
domain generalization,foggy scenes,The paper focuses on learning scene segmentation that generalizes to unseen foggy scenes without foggy images in the training stage.,030e601eaaef43c5833aa10f10c46e72
existing methods,curriculum domain adaptation model,These methods require annotated clear and foggy images to train a model that can adapt to specific foggy domains seen during training.,030e601eaaef43c5833aa10f10c46e72
proposed method,bi-directional wavelet guidance (bwg),The proposed solution introduces a BWG mechanism to enhance content, de-correlate urban-scene style, and de-correlate fog style using wavelet transformation.,030e601eaaef43c5833aa10f10c46e72
low-frequency features,content enhancement,Content, like scene semantics, is believed to reside in low-frequency components, which are enhanced through self-attention.,030e601eaaef43c5833aa10f10c46e72
high-frequency features,style and fog de-correlation,Urban-scene style and fog style are addressed in high-frequency components, which are used for de-correlation through separate self-attention mechanisms.,030e601eaaef43c5833aa10f10c46e72
foggy-scene segmentation,curriculum domain adaptation,The context discusses that existing foggy-scene segmentation methods typically follow the curriculum domain adaptation paradigm, using both clear and foggy images for training to adapt scene representation to the target foggy domain.,3c87b79e8b9f482b8b22b5b33e4ce79e
foggy-scenes,target domain,These methods are specifically designed to adapt to foggy scenes within the target domain they have seen during training.,3c87b79e8b9f482b8b22b5b33e4ce79e
proposed method,existing methods,The proposed method outperforms existing directly-supervised, curriculum domain adaptation, and domain generalization segmentation methods.,3c87b79e8b9f482b8b22b5b33e4ce79e
cuda-net (ma et al. 2022),example of curriculum domain adaptation,CuDA-Net is mentioned as an instance of a curriculum domain adaptation method for foggy scene segmentation.,3c87b79e8b9f482b8b22b5b33e4ce79e
saw (peng et al. 2022),example of generic domain generalization,SAW is cited as an example of a generic domain generalization approach that does not specifically target foggy scenes.,3c87b79e8b9f482b8b22b5b33e4ce79e
bwg,proposed method,BWG is the proposed generalization method for foggy scenes, contrasting with existing approaches.,3c87b79e8b9f482b8b22b5b33e4ce79e
source code,availability,The source code for BWG is made available online.,3c87b79e8b9f482b8b22b5b33e4ce79e
foggy-scene method,domain generalization setting,The context discusses the shift from foggy-scene method to the domain generalization setting where models are trained without specific foggy target domains for better real-world applicability.,f6549b02159a4ba79df0ac107925ab97
domain generalization setting,unseen foggy target domains,In this setting, the model aims to generalize to a wide range of unforeseen foggy scenes during the testing phase without encountering them in the training data.,f6549b02159a4ba79df0ac107925ab97
scene-segmentation model,domain-generalized segmentation methods,Recent domain-generalized segmentation methods have shown effectiveness in handling style variations, but they struggle with the complexity of foggy scenes.,f6549b02159a4ba79df0ac107925ab97
complexity of foggy scenes,image conditions,Foggy scenes introduce challenges due to both the diverse urban-scene styles and the fog-induced occlusion of scene objects, affecting content representation.,f6549b02159a4ba79df0ac107925ab97
key objectives,foggy scenes,The focus is on learning a scene segmentation model that can generalize to foggy scenes by addressing occlusion and maintaining reliable segmentation.,f6549b02159a4ba79df0ac107925ab97
scene objects,occlusion,Fog negatively impacts scene objects by causing occlusions, which poses a challenge for scene segmentation.,f6549b02159a4ba79df0ac107925ab97
content representation,fog,The presence of fog hampers the ability of content representation in scene segmentation models.,f6549b02159a4ba79df0ac107925ab97
scene segmentation,generalization to foggy scenes,The main objective is to learn a scene segmentation model that can generalize well to foggy conditions.,1696ab6409b842919bae30460a4433e1
urban-style variation,decoupling,One key objective is to separate urban-style differences from fog-related variations.,1696ab6409b842919bae30460a4433e1
foggy style variation,decoupling,Another objective is to isolate fog-specific style changes.,1696ab6409b842919bae30460a4433e1
content representation,enhancement due to fog occlusion,The model aims to improve the content representation in the presence of fog-induced occlusions.,1696ab6409b842919bae30460a4433e1
domain generalization setting,practical, general, and real-world applicability,Learning under this setting is more practical compared to prior curriculum domain adaptation.,1696ab6409b842919bae30460a4433e1
bi-directional wavelet guided self-attention (bwg),proposed method,The authors propose BWG as a mechanism to address the challenges in foggy scene segmentation.,1696ab6409b842919bae30460a4433e1
mask-level transformer segmentation models,integration,BWG is incorporated into these models in a learnable way.,1696ab6409b842919bae30460a4433e1
state-of-the-art domain generalized segmentation methods,outperformed by bwg,BWG improves performance by up to 11.8% mIoU on Foggy Zurich dataset.,1696ab6409b842919bae30460a4433e1
curriculum domain adaptation methods,outperformed by bwg,BWG also surpasses existing curriculum adaptation methods by up to 16.7% mIoU on ACDC-fog dataset.,1696ab6409b842919bae30460a4433e1
foggy-scene semantic segmentation,related work,The work builds upon extensive research in foggy scene segmentation, using clear and foggy images as source and target domains.,1696ab6409b842919bae30460a4433e1
adsegnet,related work,AdSegNet is a notable example of prior curriculum domain adaptation approaches.,1696ab6409b842919bae30460a4433e1
advent,related work,Vu et al.'s ADVENT is another method that falls under this category.,1696ab6409b842919bae30460a4433e1
dise,related work,Chang et al.'s DISE is a competitor in addressing foggy scene segmentation.,1696ab6409b842919bae30460a4433e1
ccm,related work,Li et al.'s CCM is a method that focuses on handling fog adaptation.,1696ab6409b842919bae30460a4433e1
sac,related work,Araslanov's SAC is another technique that contributes to the field.,1696ab6409b842919bae30460a4433e1
advent,vu et al. (2019),Vu et al. proposed the ADVENT method.,203b24bbdcf7433abb661dc79665cf20
dise,chang et al. (2019),Chang et al. introduced the DISE technique.,203b24bbdcf7433abb661dc79665cf20
ccm,li et al. (2020),Li et al. developed the CCM framework.,203b24bbdcf7433abb661dc79665cf20
sac,araslanov and roth (2021),Araslanov and Roth presented the SAC approach.,203b24bbdcf7433abb661dc79665cf20
proda,zhang et al. (2021),Zhang et al. introduced the ProDA method.,203b24bbdcf7433abb661dc79665cf20
dmlc,guo et al. (2021),Guo et al. contributed to the DMLC project.,203b24bbdcf7433abb661dc79665cf20
dacs,truong et al. (2021),Truong et al. proposed the DACS technique.,203b24bbdcf7433abb661dc79665cf20
cmada3+,dai et al. (2020),Dai et al. developed the CMAda3+ algorithm.,203b24bbdcf7433abb661dc79665cf20
cuda-net,ma et al. (2022),Ma et al. introduced the CuDA-Net system.,203b24bbdcf7433abb661dc79665cf20
daformer,hoyer, dai, and van gool (2022),DAFormer is an unsupervised domain adaptation technique by Hoyer et al.,203b24bbdcf7433abb661dc79665cf20
refign-daformer,br"uggemann et al. (2023),Refign-DAFormer is another unsupervised adaptation method by Br"uggemann et al.,203b24bbdcf7433abb661dc79665cf20
fog removal,li, cheong, and tan (2019); li, tan, and cheong (2020),These works address fog removal as a combination of background and weather effects.,203b24bbdcf7433abb661dc79665cf20
all-in-one paradigm,valanarasu, yasarla, and patel (2022); yang et al. (2023),Recent works follow this approach for de-fogging.,203b24bbdcf7433abb661dc79665cf20
semantic segmentation on de-fogged images,dai et al. (2020); ma et al. (2022),Performance comparison with curriculum domain adaptation methods.,203b24bbdcf7433abb661dc79665cf20
domain generalized semantic segmentation,pan et al. (2019); ...,More challenging than conventional segmentation, focusing on unseen target domains.,203b24bbdcf7433abb661dc79665cf20
curriculum domain adaptation methods,dai et al. (2020); ma et al. (2022),These methods show superior performance to semantic segmentation on de-fogged images.,203b24bbdcf7433abb661dc79665cf20
segmentation model,unseen target domains,The context discusses the performance of a segmentation model on domains it hasn't seen before.,95ceefacd4ba495e985af292c4c59e39
content stability,style variation,The assumption in these methods is that the content remains constant while the style varies due to urban landscapes.,95ceefacd4ba495e985af292c4c59e39
foggy scenes,urban landscape,Foggy scenes are mentioned as having style variations caused by the urban landscape.,95ceefacd4ba495e985af292c4c59e39
fog,occlusion,Fog causes severe occlusion, affecting the completeness of content information.,95ceefacd4ba495e985af292c4c59e39
preliminary generalized segmentation for foggy scenes,source domain (s),Clean scenes serve as the source domain for the proposed foggy scene segmentation method.,95ceefacd4ba495e985af292c4c59e39
foggy styles,core urban scene content,The main challenge is to distinguish foggy styles from the essential urban scene content.,95ceefacd4ba495e985af292c4c59e39
frequency domain,haar wavelet transformation,Haar wavelet transformation is used to separate style and content components in the frequency domain.,95ceefacd4ba495e985af292c4c59e39
frequency domain (content),scene semantics,Content, like scene semantics, is believed to reside mainly in the low-frequency part of the spectrum.,95ceefacd4ba495e985af292c4c59e39
frequency domain (style),high-frequency space,High-frequency space contains more style information.,95ceefacd4ba495e985af292c4c59e39
t-sne visualization,low- and high-frequency feature space,t-SNE is used for visualizing the separation of low- and high-frequency feature spaces.,95ceefacd4ba495e985af292c4c59e39
foggy-driving,foggy-cityscapes,Both Foggy-Driving and Foggy-CityScapes are foggy scene datasets, possibly from the field of computer vision or autonomous driving, as they are mentioned together.,a7ae473f0262467b8d9a302090bbde4a
state-of-the-art directly-supervised methods,foundation model based segmentation methods,These are compared with each other, indicating they are both approaches to semantic segmentation, potentially in the context of adverse weather condition handling.,a7ae473f0262467b8d9a302090bbde4a
kirillov et al. (2023),wang et al. (2023),Both are authors or references to separate works, likely comparing their segmentation methods within the context.,a7ae473f0262467b8d9a302090bbde4a
generalized segmentation for foggy scenes,semantic segmentation model,A semantic segmentation model is used for generalized segmentation in foggy conditions, where 'generalized segmentation' is the goal.,a7ae473f0262467b8d9a302090bbde4a
distance between clean-scenes source domain s,foggy-scenes target domain t,D(S, T) represents the difference between these domains, with a constraint threshold ρ, suggesting adaptation or transfer learning.,a7ae473f0262467b8d9a302090bbde4a
low-frequency component,high-frequency component,They are analyzed separately in the frequency domain, with low-frequency features being more robust to style variations.,a7ae473f0262467b8d9a302090bbde4a
t-sne visualization,low-frequency features,t-SNE is used to visualize the distribution of low-frequency features, which shows better cross-domain sample uniformity.,a7ae473f0262467b8d9a302090bbde4a
haar wavelet transformation,haar wavelet pooling,These are techniques employed for feature extraction or processing, possibly in the context of image analysis or signal processing.,a7ae473f0262467b8d9a302090bbde4a
low-frequency features,haar wavelet transformation,low-frequency features are used in Haar Wavelet Transformation for separating components,fde55ee4f003431a806822f4e120525e
haar wavelet transformation,llt, lh t, hlt, hh t,Haar Wavelet Transformation consists of four kernels: LLT, LH T, HLT, and HH T,fde55ee4f003431a806822f4e120525e
ll component,scene semantics,LL component preserves more content information, such as scene semantics, for foggy scenes,fde55ee4f003431a806822f4e120525e
high-frequency components (lh, hl, hh),style information,High-frequency components contain style information like urban landscape and fog density,fde55ee4f003431a806822f4e120525e
existing foggy-scene segmentation methods,domain adaptation setting,Existing methods use both clear source and fog target domains for training under the domain adaptation setting,fde55ee4f003431a806822f4e120525e
existing foggy-scene segmentation methods,urban styles decoupling,These methods focus on separating urban styles during training,fde55ee4f003431a806822f4e120525e
proposed pipeline,clear source domain,Proposed pipeline uses only clear source domain for training, aiming at foggy scene segmentation,fde55ee4f003431a806822f4e120525e
proposed pipeline,urban style decoupling,Proposed framework includes urban style decoupling as a component,fde55ee4f003431a806822f4e120525e
proposed pipeline,content enhancement,The pipeline also focuses on enhancing content representation for foggy scenes,fde55ee4f003431a806822f4e120525e
proposed pipeline,foggy style decoupling,In addition to urban style decoupling, it addresses fog-specific style decoupling,fde55ee4f003431a806822f4e120525e
content enhancement,fog-style decoupling,The context mentions that these are three key objectives to be learned for segmentation in foggy scenes, suggesting they are related tasks.,3771a32d6c414d74ad5d8f71d2287f6f
content enhancement,urban-style decoupling,Both are mentioned as separate objectives for segmentation, implying they are parallel tasks in the context of foggy-scene segmentation.,3771a32d6c414d74ad5d8f71d2287f6f
triplet self-attention representing,content,The triplet self-attention is used to represent the content among the three components, indicating a functional relationship.,3771a32d6c414d74ad5d8f71d2287f6f
triplet self-attention representing,fog style,Another self-attention module handles the fog style, making these two parts of the proposed method.,3771a32d6c414d74ad5d8f71d2287f6f
triplet self-attention representing,urban style,A third self-attention module is responsible for the urban style, completing the trio of representations.,3771a32d6c414d74ad5d8f71d2287f6f
mask attention,foggy-scene features,Mask attention is used to encode foggy-scene features before the triplet self-attention, showing a preprocessing or integration relationship.,3771a32d6c414d74ad5d8f71d2287f6f
transformer decoder,self-attention mechanism,The self-attention mechanism is adapted in the Transformer decoder architecture for its representation ability and long-range dependency mining.,3771a32d6c414d74ad5d8f71d2287f6f
kl,r(wl·hl)×c,Kl is a tensor computed by a linear transformation fK, representing the input to the model in the lth layer.,1d9d0c0b05ab45b0b9d9e9e88c8e9303
vl,r(wl·hl)×c,Vl is also a tensor computed by a linear transformation fV, similar to Kl, providing another set of features.,1d9d0c0b05ab45b0b9d9e9e88c8e9303
ql,rn×c,Ql is a tensor computed by fQ, used for mask attention computations in the model.,1d9d0c0b05ab45b0b9d9e9e88c8e9303
mask attention matrix,ml−1,Ml−1 is a binary mask attention matrix from the previous layer, deciding which parts of the feature map to attend to.,1d9d0c0b05ab45b0b9d9e9e88c8e9303
m0,binary mask from x0,M0 is initially derived from X0 and later resized, playing a role in highlighting foreground and suppressing background.,1d9d0c0b05ab45b0b9d9e9e88c8e9303
xl,rn×c,Xl is the final attended feature map after applying the mask attention and incorporating information from previous layers.,1d9d0c0b05ab45b0b9d9e9e88c8e9303
self-attention components,s, c, f,These components separately handle content enhancement, style decoupling, and fog density decoupling.,1d9d0c0b05ab45b0b9d9e9e88c8e9303
xsl,output for urban-style,Xsl represents the output focused on urban-style features after self-attention.,1d9d0c0b05ab45b0b9d9e9e88c8e9303
xfl,output for fog-style,Xfl is the output for fog-style representation, learned concurrently with Xsl.,1d9d0c0b05ab45b0b9d9e9e88c8e9303
xc,output for content enhancement,Xc is responsible for capturing low-frequency content information.,1d9d0c0b05ab45b0b9d9e9e88c8e9303
haar wavelet transformation,ll, lh, hl, hh components,The Haar wavelet decomposition separates features into four frequency bands for better scene understanding.,1d9d0c0b05ab45b0b9d9e9e88c8e9303
content enhancement,xc,Content enhancement focuses on low-frequency components to preserve essential details.,1d9d0c0b05ab45b0b9d9e9e88c8e9303
foggy and urban-scenes representation,xfl and xsl,These representations handle fog and urban styles independently.,1d9d0c0b05ab45b0b9d9e9e88c8e9303
haar wavelet transformation,low-pass component (ll),The Haar wavelet transformation decomposes Xs into a low-pass component (LL) and three high-pass components.,fc86da919f774585bfdfddc2513a8486
high-frequency component (hh),xs,hh,From the decomposition, Xs,HH is a part of the high-frequency component obtained through the Haar wavelet transformation.,fc86da919f774585bfdfddc2513a8486
low-frequency component (ll),content enhancement branch,The content enhancement branch focuses on the low-frequency component to represent scene semantics.,fc86da919f774585bfdfddc2513a8486
low-frequency component (ll),fog branch,The fog branch is designed to focus on the low-frequency component for depicting foggy style information.,fc86da919f774585bfdfddc2513a8486
low-frequency component (ll),urban scene style branch,The urban scene style branch also concentrates on the low-frequency component to capture urban scene style details.,fc86da919f774585bfdfddc2513a8486
high-frequency components (lh, hl),xs,lh, xs,hh,These are the remaining high-frequency components after decomposition, where Xs,LH and Xs,HH are specifically mentioned.,fc86da919f774585bfdfddc2513a8486
filter operation (⊗),low-frequency decomposition,The filter operation (⊗) is used to separate the low- and high-frequency components.,fc86da919f774585bfdfddc2513a8486
spatial domain,frequency domain,The paper uses spatial domain notation for frequency-domain operations for simplicity and clarity.,fc86da919f774585bfdfddc2513a8486
proposed framework,mask-level segmentation transformer paradigm,The overall framework follows the mask-level segmentation Transformer approach.,3e8ab76cf8a24b82a576e2a71b19b2b4
proposed framework,swin-base transformer,The image encoder utilizes a Swin-base Transformer as its backbone.,3e8ab76cf8a24b82a576e2a71b19b2b4
swin-base transformer,imagenet pre-trained weight,The Swin-base Transformer has a pre-trained weight on the ImageNet dataset.,3e8ab76cf8a24b82a576e2a71b19b2b4
image decoder,mask2former,The image decoder is derived from the Mask2Former architecture.,3e8ab76cf8a24b82a576e2a71b19b2b4
transformer decoder,bi-directional wavelet guided self-attention (bwg) components,The decoder consists of nine proposed BWG components.,3e8ab76cf8a24b82a576e2a71b19b2b4
transformer decoder queries,×4 resolution image features,The Transformer queries are fused with the ×4 resolution image features for predictions.,3e8ab76cf8a24b82a576e2a71b19b2b4
loss and hyper-parameter settings,original mask2former,These settings remain the same as in the original Mask2Former without further tuning.,3e8ab76cf8a24b82a576e2a71b19b2b4
adam optimizer,initial learning rate,The optimizer is Adam with an initial learning rate of 1 × 10^(-4).,3e8ab76cf8a24b82a576e2a71b19b2b4
weight decay,0.05,The weight decay value is set to 0.05.,3e8ab76cf8a24b82a576e2a71b19b2b4
training,50 epochs,Training terminates after 50 epochs.,3e8ab76cf8a24b82a576e2a71b19b2b4
cityscapes,semantic segmentation dataset,CityScapes is a popular dataset for semantic segmentation, particularly for driving scenes.,3e8ab76cf8a24b82a576e2a71b19b2b4
cityscapes,cordts et al. (2016),It was introduced by Cordts et al. in 2016.,3e8ab76cf8a24b82a576e2a71b19b2b4
cityscapes,semantic segmentation,CityScapes is a commonly-used dataset for semantic segmentation, particularly in driving-scenes.,82fe6389c6fb46fead1b3b3020fbca96
cityscapes,cordts et al. (2016),Introduced by Cordts et al. in 2016, CityScapes is based on their work.,82fe6389c6fb46fead1b3b3020fbca96
clear cityscapes,cityscapes,Clear CityScapes is a subset of CityScapes, focusing on clear weather conditions.,82fe6389c6fb46fead1b3b3020fbca96
foggy-cityscapes,cityscapes,Foggy-CityScapes is a synthetic fog version of CityScapes, created by Sakaridis, Dai, and Van Gool (2018).,82fe6389c6fb46fead1b3b3020fbca96
foggy zurich,zurich city,Foggy Zurich contains real-world foggy road scenes from the city of Zurich.,82fe6389c6fb46fead1b3b3020fbca96
foggy driving,sakaridis, dai, and van gool (2018),Foggy Driving is a collection of foggy road scenes by the same authors, for testing purposes.,82fe6389c6fb46fead1b3b3020fbca96
adverse conditions dataset with correspondences (acdc),driving-scene segmentation,ACDC is a dataset focused on driving scenes with adverse conditions, specifically 1000 foggy images.,82fe6389c6fb46fead1b3b3020fbca96
acdc,sakaridis, dai, and van gool (2021),ACDC was introduced by Sakaridis, Dai, and Van Gool in 2021 and includes 4006 samples.,82fe6389c6fb46fead1b3b3020fbca96
domain generalization methods,comparison with,The text mentions a comparison between ACDC and domain generalization methods.,82fe6389c6fb46fead1b3b3020fbca96
proposed method,state-of-the-art domain generalized segmentation methods,compared with,7ae6727010754e42bb2021cbbee4917f
proposed method,ibnet,comparison,7ae6727010754e42bb2021cbbee4917f
proposed method,iternorm,comparison,7ae6727010754e42bb2021cbbee4917f
proposed method,sw,comparison,7ae6727010754e42bb2021cbbee4917f
proposed method,isw,comparison,7ae6727010754e42bb2021cbbee4917f
proposed method,shade,comparison,7ae6727010754e42bb2021cbbee4917f
proposed method,saw,comparison,7ae6727010754e42bb2021cbbee4917f
proposed method,wildnet,comparison,7ae6727010754e42bb2021cbbee4917f
proposed method,spc,comparison,7ae6727010754e42bb2021cbbee4917f
proposed method,hgformer,comparison,7ae6727010754e42bb2021cbbee4917f
dirl,comparison,not included for comparison,7ae6727010754e42bb2021cbbee4917f
advstyle,comparison,not included for comparison,7ae6727010754e42bb2021cbbee4917f
cityscapes,source domain,used as,7ae6727010754e42bb2021cbbee4917f
foggy-cityscapes,target domain,unseen,7ae6727010754e42bb2021cbbee4917f
foggy zurich,target domain,unseen,7ae6727010754e42bb2021cbbee4917f
foggy driving,target domain,unseen,7ae6727010754e42bb2021cbbee4917f
acdc-fog,target domain,unseen,7ae6727010754e42bb2021cbbee4917f
refinenet,directly-supervised segmentation methods,reported,7ae6727010754e42bb2021cbbee4917f
segformer,directly-supervised segmentation methods,reported,7ae6727010754e42bb2021cbbee4917f
mask2former,directly-supervised segmentation methods,reported,7ae6727010754e42bb2021cbbee4917f
sam-fine-tune,foundational model based segmentation methods,reported,7ae6727010754e42bb2021cbbee4917f
sam-ssa-fine-tune,foundational model based segmentation methods,reported,7ae6727010754e42bb2021cbbee4917f
proposed method,mask2former,The proposed method is compared to Mask2Former, showing a performance gain of 3.4% on ACDC-fog.,02f4b385b315449fb2a648b1020d7493
proposed method,adsegnet,Proposed method is compared with AdSegNet under the curriculum domain adaptation paradigm.,02f4b385b315449fb2a648b1020d7493
proposed method,advent,Proposed method outperforms ADVENT on ACDC-fog, with at least a 12.2% mIoU improvement.,02f4b385b315449fb2a648b1020d7493
proposed method,dise,Proposed method is compared to DISE, demonstrating better performance on Foggy-Zurich.,02f4b385b315449fb2a648b1020d7493
proposed method,ccm,Proposed method outperforms CCM on ACDC-fog and Foggy-Zurich.,02f4b385b315449fb2a648b1020d7493
proposed method,sac,Proposed method surpasses SAC, achieving higher mIoU.,02f4b385b315449fb2a648b1020d7493
proposed method,proda,Proposed method shows better results than ProDA on ACDC-fog.,02f4b385b315449fb2a648b1020d7493
proposed method,dmlc,Outperforms DMLC on ACDC-fog.,02f4b385b315449fb2a648b1020d7493
proposed method,dacs,Gains over DACS on ACDC-fog.,02f4b385b315449fb2a648b1020d7493
proposed method,cuda-net,Outperforms CuDA-Net on ACDC-fog.,02f4b385b315449fb2a648b1020d7493
proposed method,fifo,Exceeds FIFO on ACDC-fog.,02f4b385b315449fb2a648b1020d7493
proposed method,daformer,Obtains higher mIoU than DAFormer on ACDC-fog and Foggy-Zurich.,02f4b385b315449fb2a648b1020d7493
clear-cityscapes,source domain,Used as the source domain for curriculum domain adaptation methods.,02f4b385b315449fb2a648b1020d7493
acdc-fog,target domain,Proposed method tested on unseen target domain ACDC-fog.,02f4b385b315449fb2a648b1020d7493
foggy zurich,target domain,Proposed method tested on Foggy Zurich as a target domain.,02f4b385b315449fb2a648b1020d7493
foggy driving,target domain,Proposed method evaluated on Foggy Driving as a target domain.,02f4b385b315449fb2a648b1020d7493
foggy-cityscapes,target domain,Performance comparison on Foggy-CityScapes.,02f4b385b315449fb2a648b1020d7493
fog encoder,low-frequency interaction,The proposed BWG interacts the low and high frequency information between the fog encoder and other components, denoted as S2C, F2C, C2S, and C2F.,dc2d15af5b4f4c5d9e212f038ae7ffbb
proposed method,mean miou,The mean mIoU on Foggy-CityScapes measures the performance of the proposed method, showing an improvement of +6.3% compared to CityScapes-trained models.,dc2d15af5b4f4c5d9e212f038ae7ffbb
proposed method,state-of-the-art methods,Visualized results in Figure 5 compare the segmentation predictions of the proposed method with IBNet, Internorm, ISW, and SAW, demonstrating its superiority.,dc2d15af5b4f4c5d9e212f038ae7ffbb
backbone,foggy cityscapes,Backbones like ResNet-101, MiT-B2, Swin-B, and ResNet-50 are trained on CityScapes and evaluated on Foggy CityScapes with different densities (-light, -medium, and -dense).,dc2d15af5b4f4c5d9e212f038ae7ffbb
sensitivity analysis,foggy density,Table 5 presents a sensitivity analysis of the proposed method and backbones, showing the impact of foggy density on model performance.,dc2d15af5b4f4c5d9e212f038ae7ffbb
operations,generalized representation,Each operation in the BWG contributes positively to the generalized representation for foggy-scenes, with specific mIoU gains.,dc2d15af5b4f4c5d9e212f038ae7ffbb
csdg,proposed method,CSDG refers to the proposed method's backbone, which includes ResNet-50, Swin-B, and other architectures.,dc2d15af5b4f4c5d9e212f038ae7ffbb
foggy domain,training stage,The context mentions that ods can only adapt to foggy domains experienced during the training phase.,cee17f93456d470abf66ce3265035cbd
domain generalization,aim,The paper focuses on addressing the challenge of domain generalization to unseen foggy scenes.,cee17f93456d470abf66ce3265035cbd
segmentation transformer,proposed method,The main contribution is a segmentation Transformer called BWG, designed for foggy scene segmentation.,cee17f93456d470abf66ce3265035cbd
bi-directional wavelet guidance (bwg),proposed mechanism,BWG is the proposed solution that handles content enhancement, style decorrelation, and fog de-correlation.,cee17f93456d470abf66ce3265035cbd
content enhancement,style decorrelation,BWG tackles these tasks in a divide-and-conquer manner within the overall fog de-correlation.,cee17f93456d470abf66ce3265035cbd
fog de-correlation,encoder,The fog de-correlation encoder is a part of the BWG mechanism, learned through data-driven techniques.,cee17f93456d470abf66ce3265035cbd
performance,superiority,The effectiveness of the fog de-correlation encoder is demonstrated by its superior performance compared to other approaches.,cee17f93456d470abf66ce3265035cbd
existing methods,outperformed,The proposed method significantly outperforms existing directly-supervised, domain adaptation, and domain generalization segmentation methods.,cee17f93456d470abf66ce3265035cbd
