node_1,node_2,edge,chunk_id
generalized urban-scene semantic segmentation (usss),domain gap challenges,USSS is unique compared to generic domain gap challenges because it deals with similar semantic categories but diverse urban scene styles.,f8f2465fd0584179a03fb5e06a874b65
urban-scenes,styles,Styles in urban scenes can vary significantly due to changes in landscapes, weather conditions, lighting, and other factors.,f8f2465fd0584179a03fb5e06a874b65
convolutional neural networks (cnns),content learning,Existing approaches primarily use CNNs to learn the content of urban scenes.,f8f2465fd0584179a03fb5e06a874b65
content-enhanced mask transformer (cmformer),domain-generalized usss,CMFormer is proposed for domain-generalized USSS, focusing on enhancing content information in Transformer segmentation models.,f8f2465fd0584179a03fb5e06a874b65
mask attention mechanism,transformer segmentation models,The core idea of CMFormer involves enhancing the mask attention mechanism in Transformer models.,f8f2465fd0584179a03fb5e06a874b65
mask representation,robustness to style variations,A mask representation captures pixel segments but is less robust to style changes.,f8f2465fd0584179a03fb5e06a874b65
lower-resolution counterpart,style accommodation,The lower-resolution counterpart has greater style adaptability but is less accurate in pixel segment representation.,f8f2465fd0584179a03fb5e06a874b65
content-enhanced mask attention mechanism,synergistic attributes,It combines the strengths of mask representations and lower-resolution counterparts for better content and style handling.,f8f2465fd0584179a03fb5e06a874b65
domain generalization,urban scene segmentation (usss),Domain generalization is essential for robust USSS, where a model needs to perform well on unseen urban scenes.,969b6538602b45008227005297465fe3
domain gap,large style variations,The main challenge in domain generalized USSS is the gap between domains caused by significant style differences while semantics remain consistent.,969b6538602b45008227005297465fe3
style decoupling,normalization/whitening transformation,Some approaches aim to separate content and style using normalization or whitening techniques, but they lack robust content learning.,969b6538602b45008227005297465fe3
adverse domain training,zhao et al. (2022), lee et al. (2022), zhong et al. (2022),Another group of methods focuses on training models to handle adverse domains, but they often struggle with specifically addressing urban styles.,969b6538602b45008227005297465fe3
mask-level segmentation,mask2former (ding et al. 2023),Recent work suggests that mask-level segmentation, like Mask2Former, can exhibit a characteristic of consistent content across diverse urban styles.,969b6538602b45008227005297465fe3
transformer (e.g., mask2former),domain-generalized semantic segmentation,Transformer (specifically Mask2Former) is a scalable learner for this type of segmentation task.,c8bb1c022bb2454d99409f23cf1e9d3c
high-resolution mask-level representation,pixel semantics,High-resolution masks excel at capturing detailed pixel-level information.,c8bb1c022bb2454d99409f23cf1e9d3c
high-resolution mask-level representation,style variations,These representations are more susceptible to style changes.,c8bb1c022bb2454d99409f23cf1e9d3c
down-sampled counterpart,content representation,The down-sampled version is less adept at pixel semantics but more resilient to style variations.,c8bb1c022bb2454d99409f23cf1e9d3c
down-sampled counterpart,handling style variation,It exhibits greater resilience to style changes and helps stabilize content.,c8bb1c022bb2454d99409f23cf1e9d3c
content-enhanced mask attention (cma) mechanism,complementary properties,CMA combines both high and low-resolution features for better content representation and style handling.,c8bb1c022bb2454d99409f23cf1e9d3c
cma mechanism,existing mask-level segmentation transformer,CMA can be integrated into existing Transformers in a learnable manner.,c8bb1c022bb2454d99409f23cf1e9d3c
cma mechanism,three key steps,CMA consists of exploiting high-res, low-res properties, and content-enhanced fusion.,c8bb1c022bb2454d99409f23cf1e9d3c
cma mechanism,multi-resolution features,It's adaptable to multiple levels of image resolution.,c8bb1c022bb2454d99409f23cf1e9d3c
content-enhanced fusion,robust content representation,Fusion of high and low-resolution features aims to create a more robust understanding of content.,c8bb1c022bb2454d99409f23cf1e9d3c
content-enhanced mask transformer (cmformer),domain-generalized urban scene semantic segmentation,CMFormer is proposed for domain-generalized USSS, focusing on segmenting urban scenes across different styles.,472cc054e1594edb87318aa029f554a7
multi-resolution features,cmformer,CMFormer adapts seamlessly to multi-resolution features, utilizing their complementary information.,472cc054e1594edb87318aa029f554a7
semantic categories,content,The datasets contain 19 semantic categories as common content across different scene styles.,472cc054e1594edb87318aa029f554a7
scene styles,target domains,Experiments are conducted with datasets having varying scene styles, where one is used as the source and the rest as unseen target domains.,472cc054e1594edb87318aa029f554a7
state-of-the-art cnn based methods,saw (peng et al. 2022),CMFormer outperforms SAW by up to 14.00% mIoU, indicating state-of-the-art performance.,472cc054e1594edb87318aa029f554a7
state-of-the-art hgformer model,ding et al. 2023,CMFormer demonstrates a 1.7% mIoU improvement over the HGFormer model.,472cc054e1594edb87318aa029f554a7
content-enhanced mask attention (cma) mechanism,cmformer,CMA is a key component of CMFormer, leveraging content and style properties.,472cc054e1594edb87318aa029f554a7
synthetic-to-real generalization,clear-to-adverse generalization,CMFormer showcases state-of-the-art performance in both synthetic-to-real and clear-to-adverse scenarios.,472cc054e1594edb87318aa029f554a7
scene semantic segmentation,existing sota,scene semantic segmentation outperforms existing state-of-the-art (SOTA) by up to 14.0% mIoU,9f169b3628c844e681e1b234c38710e2
scene semantic segmentation,hgformer,scene semantic segmentation improves upon HGFormer by up to 1.7% mIoU,9f169b3628c844e681e1b234c38710e2
domain generalization,machine learning,Domain Generalization is studied in a task-specific scenario in machine learning,9f169b3628c844e681e1b234c38710e2
domain generalization,computer vision,Domain Generalization is studied in a task-specific scenario in computer vision,9f169b3628c844e681e1b234c38710e2
hu et al. (2022),image retrieval,Hu et al. propose a framework for unsupervised image retrieval,9f169b3628c844e681e1b234c38710e2
zhou et al. (2020),homogeneous domains,Zhou et al. propose a framework for generalizing to new homogeneous domains,9f169b3628c844e681e1b234c38710e2
qiao et al. (2020),single source domain,Learning domain generalization from a single source domain,9f169b3628c844e681e1b234c38710e2
domain generalized semantic segmentation,conventional semantic segmentation,Difference lies in the ability to generalize to unseen target domains,9f169b3628c844e681e1b234c38710e2
domain generalized semantic segmentation,in-the-wild,Existing methods address generalization in various environments like in-the-wild,9f169b3628c844e681e1b234c38710e2
domain generalized semantic segmentation,scribble,Some methods focus on generalizing with scribble annotations,9f169b3628c844e681e1b234c38710e2
domain generalized usss,driving-scenes,Specifically focuses on generalization in driving scenes,9f169b3628c844e681e1b234c38710e2
cordts et al. (2016),kitti dataset,Cordts et al.'s work is associated with the Kitti dataset, a popular driving scene dataset,9f169b3628c844e681e1b234c38710e2
yu et al. (2018),driving scenes,Yu et al. contribute to driving scene understanding,9f169b3628c844e681e1b234c38710e2
domain generalized usss,driving-scenes,Domain Generalized USSS focuses on generalizing driving-scenes, which are a type of scene being addressed.,53a84c72dd7c48498bec9d5d457f53ea
driving-scenes,cordts et al. (2016),Cordts et al.'s work is cited as an example of datasets related to driving-scenes.,53a84c72dd7c48498bec9d5d457f53ea
cordts et al. (2016),yu et al. (2018),Both are part of a series of works on domain generalization in the context of driving-scenes.,53a84c72dd7c48498bec9d5d457f53ea
normalization transformation,ibn (pan et al. 2018),Normalization transformation techniques like IBN are used to improve generalization.,53a84c72dd7c48498bec9d5d457f53ea
normalization transformation,in (huang et al. 2019a),IN is another example of a normalization technique.,53a84c72dd7c48498bec9d5d457f53ea
whitening transformation,iw (pan et al. 2019),Whitening transformations, such as IW, aim to enhance model adaptability.,53a84c72dd7c48498bec9d5d457f53ea
content consistency,multi-scale features,Content consistency is maintained across different scales of features in some segmentation methods.,53a84c72dd7c48498bec9d5d457f53ea
cnn,advanced methods for domain generalization,CNN forms the basis for many existing domain generalization techniques.,53a84c72dd7c48498bec9d5d457f53ea
mask transformer for semantic segmentation,transformer decoder,The Transformer decoder is utilized to learn masks in these models.,53a84c72dd7c48498bec9d5d457f53ea
segmenter (strudel et al. 2021),maskformer (cheng, schwing, and kirillov 2021),Both are instances of mask-based semantic segmentation models.,53a84c72dd7c48498bec9d5d457f53ea
mask2former (cheng et al. 2022),pipeline simplification,Mask2Former simplifies the MaskFormer's pipeline and improves performance.,53a84c72dd7c48498bec9d5d457f53ea
mask-level pipelines,semantic segmentation,mask-level pipelines have stronger representation ability than conventional pixel-wise pipelines, particularly for semantic segmentation.,e1627097f1484725b459d0ade0b0c99c
mask attention mechanism,mask-level pipelines,mask attention mechanism is a key component of mask-level pipelines, which learns query features as segmentation masks using self-attention.,e1627097f1484725b459d0ade0b0c99c
transformer decoder,mask attention mechanism,In a Transformer decoder, the mask attention mechanism involves computing key, value, and query using linear transformations on image features and the features of previous layers.,e1627097f1484725b459d0ade0b0c99c
image features (fl),transformer decoder,Fl denotes image features from the image decoder, which are used in the mask attention computation within the Transformer decoder.,e1627097f1484725b459d0ade0b0c99c
conventional pixel-wise pipelines,mask-level pipelines,Existing methods contrast with mask-level pipelines, as they usually focus on decoupling styles from urban scenes while mask-level pipelines emphasize content representation.,e1627097f1484725b459d0ade0b0c99c
style dimension,samples from different domains,The proposed method aims to make samples from diverse domains more uniformly distributed along the style dimension.,e1627097f1484725b459d0ade0b0c99c
source domain (s),target domains (t1, t2, ...),The context discusses transferring knowledge from a source domain to unseen target domains.,e1627097f1484725b459d0ade0b0c99c
representation ability,learning objective,The proposed method leverages strong representation ability to achieve the learning objective.,e1627097f1484725b459d0ade0b0c99c
content representation ability,style handling ability,The method combines content and style abilities for effective transfer learning.,e1627097f1484725b459d0ade0b0c99c
content dimension,style dimension,Samples tend to cluster closely along the content dimension and display dispersion along the style dimension.,3ca2d0b1df4a402a814f8e47dc1cd42c
optimal generalized semantic segmentation,uniform distribution of styles,In an optimal scenario, the segmentation maintains content stability while having a uniform distribution of styles.,3ca2d0b1df4a402a814f8e47dc1cd42c
content stability,style variations,The objective is to achieve content stability while being resilient to significant style variations.,3ca2d0b1df4a402a814f8e47dc1cd42c
content-style space,samples from diverse domains,Samples from different domains should occupy similar content positions and be dispersed uniformly across the style dimension.,3ca2d0b1df4a402a814f8e47dc1cd42c
domain-generalized usss,analogous patterns,In domain-generalized USSS, samples exhibit analogous patterns along the content dimension.,3ca2d0b1df4a402a814f8e47dc1cd42c
content-enhanced mask transformer (cmformer),semantic segmentation,CMFormer is a proposed method specifically designed for domain-generalized semantic segmentation.,d549b40aea9b4e14a29f0d53cbfa76da
cmformer,image decoder,The image decoder is inherited from Mask2Former (Cheng et al., 2022) in CMFormer's framework.,d549b40aea9b4e14a29f0d53cbfa76da
low-resolution mask representation,high-resolution counterpart,A low-resolution mask is derived from its high-resolution version to handle style variations.,d549b40aea9b4e14a29f0d53cbfa76da
low-resolution mask,properties,It has less qualified content representation but better handles style variations with more uniform domain distribution in the feature space.,d549b40aea9b4e14a29f0d53cbfa76da
low-resolution mask (fd),low-resolution counterpart (fl),Fd is computed by average pooling Fl, where Fl has twice the dimensions of Fd.,d549b40aea9b4e14a29f0d53cbfa76da
xdl,low-resolution feature,Xd attends on the low-resolution feature Xdl using self-attention mechanism.,d549b40aea9b4e14a29f0d53cbfa76da
maskl,attention mechanism,Maskl is computed using self-attention with query, value, and key components.,d549b40aea9b4e14a29f0d53cbfa76da
self-attention mechanism,query, value, keys,The self-attention mechanism computes using query (Q), value (V), and keys (K) in the process.,c7d19cbc6e964114a239c0091bc251bc
representation xd,self-attention,Xd is the input to the self-attention, computed by multiplying QXd_l with keys and values.,c7d19cbc6e964114a239c0091bc251bc
softmax,attention(qxd_l),Softmax is applied to the dot product of QXd_l and the keys to obtain the attention weights.,c7d19cbc6e964114a239c0091bc251bc
final output ˜xdl,self-attention, low-resolution mask representation,˜Xdl is the final output, inheriting the characteristics of the low-resolution mask representation.,c7d19cbc6e964114a239c0091bc251bc
mask-level representation,content-enhanced fusion,Mask-level representation is combined with its downsampled counterpart for better content focus and style variation handling.,c7d19cbc6e964114a239c0091bc251bc
fusion operation,˜xl, ˜xd,The fused feature X_final is computed by concatenating and passing through a linear layer with ˜Xl and ˜Xd.,c7d19cbc6e964114a239c0091bc251bc
swin transformer,backbone,The overall framework utilizes the Swin Transformer as the backbone for processing.,c7d19cbc6e964114a239c0091bc251bc
pre-trained backbone,imagenet,A pre-trained ImageNet backbone is used for initialization.,c7d19cbc6e964114a239c0091bc251bc
image decoder,(cheng et al. 2022),The image decoder from the referenced paper is employed within the architecture.,c7d19cbc6e964114a239c0091bc251bc
imagenet,pre-trained backbone,The pre-trained backbone is initialized using the dataset ImageNet (Deng et al., 2009).,65e6a841ce554170a0f9c27af746f772
multi-scale deformable attention transformer (msdeformattn),image decoder,The image decoder employs the off-the-shelf MSDeformAttn from (Zhu et al., 2021) with the default settings.,65e6a841ce554170a0f9c27af746f772
swin-based encoder,msdeformattn layers,The Swin-Based encoder provides input for the MSDeformAttn layers, upsampling image features in different scales.,65e6a841ce554170a0f9c27af746f772
transformer decoder,mask2former,The Transformer decoder is inherited from Mask2Former (Cheng et al., 2022), having 9 self-attention layers.,65e6a841ce554170a0f9c27af746f772
loss function,binary cross-entropy loss (lce),The loss function includes Lce, dice loss (Ldice), and classification loss (Lcls).,65e6a841ce554170a0f9c27af746f772
loss function,dice loss (ldice),The loss function is a combination of Lce, Ldice, and Lcls.,65e6a841ce554170a0f9c27af746f772
loss function,classification loss (lcls),Lcls contributes to the final loss function with coefficients λce, λdice, and λcls.,65e6a841ce554170a0f9c27af746f772
adam optimizer,learning rate,The Adam optimizer is used with an initial learning rate of 1 × 10^(-4).,65e6a841ce554170a0f9c27af746f772
weight decay,training process,A weight decay of 0.05 is applied during training.,65e6a841ce554170a0f9c27af746f772
training,epochs,Training terminates after 50 epochs.,65e6a841ce554170a0f9c27af746f772
domain-generalized usss,prior research,The experiment builds upon previous work in the field of domain-generalized USSS.,65e6a841ce554170a0f9c27af746f772
experiment,semantic segmentation,The experiment is focused on semantic segmentation.,484501c7fa954740b066b4b476fbf8c4
dataset & evaluation protocols,cityscapes,CityScapes is one of the five datasets used for training and validation.,484501c7fa954740b066b4b476fbf8c4
cityscapes,resolution,CityScapes has a resolution of 2048x1024.,484501c7fa954740b066b4b476fbf8c4
cityscapes,germany cities,CityScapes scenes are captured in German cities.,484501c7fa954740b066b4b476fbf8c4
bdd-100k,semantic segmentation,BDD-100K is another dataset for training and validation, with urban driving scenes.,484501c7fa954740b066b4b476fbf8c4
bdd-100k,resolution,BDD-100K has a resolution of 1280x720.,484501c7fa954740b066b4b476fbf8c4
mapillary,real-scene semantic segmentation,Mapillary is a large-scale real-world dataset for semantic segmentation.,484501c7fa954740b066b4b476fbf8c4
synthia,synthetic dataset,SYNTHIA is a large-scale synthetic dataset with 1280x760 resolution.,484501c7fa954740b066b4b476fbf8c4
gta5,synthetic semantic segmentation,GTA5 is a synthetic dataset rendered by the GTAV game engine, with urban street samples.,484501c7fa954740b066b4b476fbf8c4
datasets (c, b, m, s, g),domain generalization,These five datasets are used for domain-generalized semantic segmentation tasks.,484501c7fa954740b066b4b476fbf8c4
miou (mean intersection over union),evaluation metric,mIoU is the metric used to assess performance in target domains.,484501c7fa954740b066b4b476fbf8c4
source domain,target domains,The model is trained on one dataset as the source and validated on the remaining four as targets.,484501c7fa954740b066b4b476fbf8c4
training,validation,Models are trained on one dataset and validated on others in three settings.,484501c7fa954740b066b4b476fbf8c4
gta5 source domain,target domains (c, b, m, s),GTA5 is used as the source domain for training, and the performance is evaluated on target domains C, B, M, and S.,4edf41ecdc8e4d68a5616389f4735b0f
cmformer,existing domain generalized usss methods,CMFormer is a proposed method that improves upon existing methods like IBN, AdvStyle, SPC, etc., achieving better performance on target domains.,4edf41ecdc8e4d68a5616389f4735b0f
cmformer,miou,The evaluation metric used is mean Intersection over Union (mIoU), which is reported in percentage.,4edf41ecdc8e4d68a5616389f4735b0f
gtr,dirl,Both GTR and DIRL are mentioned as competing methods, indicating they are also domain generalization approaches.,4edf41ecdc8e4d68a5616389f4735b0f
gtr,shade,GTR, SHADE, and SAW are part of the state-of-the-art methods compared in Table 1.,4edf41ecdc8e4d68a5616389f4735b0f
proposed cmformer,performance improvement,CMFormer shows a significant improvement of 10.66% on average across target domains compared to the best-performing baseline.,4edf41ecdc8e4d68a5616389f4735b0f
cnn based methods,target domain performance,CMFormer outperforms existing CNN-based methods by 9.45%, 14.00%, and 12.46% on each target domain.,4edf41ecdc8e4d68a5616389f4735b0f
cmformer,state-of-the-art cnn based method,The proposed CMFormer outperforms the state-of-the-art CNN based method by 6.32% mIoU on BDD100K dataset.,f4b02c79e78f4eacb5fe4f68faba7fd0
cmformer,hgformer (with swin-large backbone),CMFormer shows an mIoU improvement of 1.1%, 1.5%, 1.3%, and 1.7% over HGFormer on B, M, G, and S target domains.,f4b02c79e78f4eacb5fe4f68faba7fd0
bdd100k dataset,night-time urban-street images,BDD100K's challenge lies in handling many night-time urban-street images, which are difficult for existing domain generalized USSS methods.,f4b02c79e78f4eacb5fe4f68faba7fd0
synthetic domain (g+s),real domain (b, m, g, s),CMFormer is tested for generalization ability, showing its performance when trained on synthetic domains and evaluated on real-world datasets.,f4b02c79e78f4eacb5fe4f68faba7fd0
synthia (s),cityscapes (c),In training, CMFormer is compared, using SYNTHIA for pre-training and then fine-tuning on Cityscapes and real-world datasets.,f4b02c79e78f4eacb5fe4f68faba7fd0
miou,evaluation metric,mIoU is used as the primary evaluation metric for assessing the performance of USSS methods.,f4b02c79e78f4eacb5fe4f68faba7fd0
synthetic domains (g+s),real-world domains b, c, and m,The proposed CMFormer is validated on these domains, showing improved performance.,efab4a2469eb4a0799408a8f79c8906a
cmformer,instance normalization based (ibn),CMFormer outperforms IBN by >10% mIoU, highlighting its superiority.,efab4a2469eb4a0799408a8f79c8906a
cmformer,whitening transformation based (isw),CMFormer also outperforms ISW, demonstrating its effectiveness.,efab4a2469eb4a0799408a8f79c8906a
cmformer,adversarial domain training based (shade, advstyle),CMFormer beats both SHADE and AdvStyle, indicating robustness to domain adaptation.,efab4a2469eb4a0799408a8f79c8906a
clear to adverse conditions,acdc dataset,CMFormer's performance is further validated on ACDC, dealing with fog, night, rain, and snow conditions.,efab4a2469eb4a0799408a8f79c8906a
proposed cmformer,existing domain generalized segmentation methods,CMFormer consistently outperforms these methods across various scenarios.,efab4a2469eb4a0799408a8f79c8906a
cityscapes,pre-training dataset,CMFormer uses CityScapes for pre-training before being applied to unseen domains.,efab4a2469eb4a0799408a8f79c8906a
fog, night, rain, snow,adverse condition domains,These are the unseen domains where CMFormer demonstrates strong generalization.,efab4a2469eb4a0799408a8f79c8906a
acdc dataset,sakaridis, dai, and van gool (2021),The ACDC dataset is created by these authors for evaluating performance in adverse conditions.,efab4a2469eb4a0799408a8f79c8906a
content enhancement,✓✓,The proposed method includes content enhancement, which contributes to its overall performance.,efab4a2469eb4a0799408a8f79c8906a
cnn based domain generalized semantic segmentation methods,cmformer,The context mentions that CMFormer outperforms existing CNN-based methods in unseen domain segmentation prediction.,7d95359f3d1541c798249e3c7dde3ee3
content enhancement,robust content representation,The proposed CMFormer addresses the challenges of style variation and focuses on capturing more resilient content features.,7d95359f3d1541c798249e3c7dde3ee3
content-enhanced mask attention (cma) mechanism,mask transformer for domain-generalized urban-scene semantic segmentation (usss),CMA is designed to adapt the mask Transformer for USSS, enhancing its generalization ability.,7d95359f3d1541c798249e3c7dde3ee3
proposed cmformer,style variation,CMFormer is intended to address the challenge of style variation in USSS.,7d95359f3d1541c798249e3c7dde3ee3
proposed cmformer,generalization ability,The paper explores the feasibility of using a mask Transformer for domain-generalized USSS and highlights the improvement in generalization.,7d95359f3d1541c798249e3c7dde3ee3
c → b, m, g, s setting,c → adverse domain setting,These are the two settings for which segmentation results are visualized, showing CMFormer's advantage over CNN-based methods.,7d95359f3d1541c798249e3c7dde3ee3
content-enhanced mask transformer (cmformer),domain-generalized usss methods,CMFormer is compared to existing methods for domain-generalized Unsupervised Semantic Segmentation (USSS), highlighting its superiority.,9cb9cf498a6549d7b8a66a632f83ae17
cmformer,autonomous systems,The proposed method contributes to safer and more efficient autonomous systems due to improved semantic segmentation accuracy.,9cb9cf498a6549d7b8a66a632f83ae17
proposed content-enhanced mask attention mechanism,domain-generalized usss,This mechanism is a key advancement in the field of unsupervised semantic segmentation, making it effective across domains.,9cb9cf498a6549d7b8a66a632f83ae17
superior performance of cmformer,boarder social impact,The positive impact extends beyond technical excellence, implying broader social benefits.,9cb9cf498a6549d7b8a66a632f83ae17
