node_1,node_2,edge,chunk_id
call-and-response,musical technique,Call-and-response is a type of musical technique that enhances the creativity of music.,d8361229c70347779144da55eb60df17
call-and-response,human dialogue,Call-and-response in music mirrors the back-and-forth nature of human dialogue.,d8361229c70347779144da55eb60df17
call-response dataset (crd),musical pairs,The Call-Response Dataset (CRD) contains 19,155 annotated musical pairs.,d8361229c70347779144da55eb60df17
knowledge-enhanced learning-based method,machine creativity,A knowledge-enhanced learning-based method is designed to bridge the gap between human and machine creativity.,d8361229c70347779144da55eb60df17
composition module,call-response pairs,The composition module is trained using the call-response pairs.,d8361229c70347779144da55eb60df17
composition module,musical knowledge,The composition module is supplemented with musical knowledge in terms of rhythm, melody, and harmony.,d8361229c70347779144da55eb60df17
automatic music composition,computational creativity,Automatic music composition is a classic research topic in computational creativity.,d8361229c70347779144da55eb60df17
automatic music composition,visual arts,Compared to visual arts like painting, music, especially automatic music composition, is inherently abstract.,d8361229c70347779144da55eb60df17
music,visual arts,Music is inherently more abstract than visual arts like painting, lacking a tangible reference such as a definitive image,49c0261075ce42e08f821e63eca73d87
music,machine intelligence,Studying the abstraction in music allows machines to emulate human musicians, advancing machine intelligence,49c0261075ce42e08f821e63eca73d87
music composition,sequence-to-sequence models,Recent trends leverage sequence-to-sequence models to capture creativity in music composition,49c0261075ce42e08f821e63eca73d87
music composition,data-driven models,The effectiveness of data-driven models in music composition depends on extensive training datasets,49c0261075ce42e08f821e63eca73d87
music composition datasets,text and image datasets,Music composition results in smaller datasets compared to those for text and images,49c0261075ce42e08f821e63eca73d87
data-driven models,creative composition techniques,Data limitation challenges the ability of data-driven models to master complex creative composition techniques for evoking aesthetic and emotional depth in music,49c0261075ce42e08f821e63eca73d87
call-and-response,music composition technique,Call-and-response is a fundamental compositional technique in human-composed music that expresses creativity,49c0261075ce42e08f821e63eca73d87
call-and-response,antecedent and consequent phrases,In musicology, Call-and-response is also known as antecedent and consequent phrases,49c0261075ce42e08f821e63eca73d87
call-and-response,improvisation and choral settings,Call-and-response technique is pivotal in improvisation and choral settings in music,49c0261075ce42e08f821e63eca73d87
improvisation,choral settings,Improvisation and choral settings are both settings in which the technique of call-and-respose can play a pivotal role.,6a82cd210cfc41d9be6be1b2837a7054
technique,compositional structures,The technique of call-and-response enriches compositional structures by adding layers of creativity, diversity, and narrative depth.,6a82cd210cfc41d9be6be1b2837a7054
creativity,call-and-response,Creativity is expressed through the technique of call-and-response which contributes to effects such as growth, extension, liquidation, conversion, and condensation.,6a82cd210cfc41d9be6be1b2837a7054
human-composed music,machine-composed music,Call-and-response is foundational in human-composed music for expressing creativity, but it is underrepresented in machine-composed pieces.,6a82cd210cfc41d9be6be1b2837a7054
automatic music composition,human comprehension and appreciation,Unrestricted freedom in automatic music composition might yield pieces beyond human comprehension and appreciation, diverging from music’s essence as an accessible art form.,6a82cd210cfc41d9be6be1b2837a7054
call-and-response technique,music generation products,The most advanced music generation products underrepresent the call-and-response technique.,6a82cd210cfc41d9be6be1b2837a7054
music,call-and-response technique,The call-and-response technique is used in music to convey creativity.,a9b1d54ffffa4e779df963ac00e2aa2c
automatic music composition models,creativity,Current automatic music composition models struggle to convey creativity effectively.,a9b1d54ffffa4e779df963ac00e2aa2c
call-response dataset (crd),machine-composed music,The Call-Response Dataset (CRD) is used to enhance the creativity of machine-composed music.,a9b1d54ffffa4e779df963ac00e2aa2c
call-response generator (crg),machine creativity,The Call-Response Generator (CRG) bridges the gap between human and machine creativity.,a9b1d54ffffa4e779df963ac00e2aa2c
automatic music composition,learning-based methods,Automatic Music composition can be broadly divided into two primary streams, one of which is learning-based methods.,a9b1d54ffffa4e779df963ac00e2aa2c
musiclm,audio generation products,MusicLM is an example of prompt-based audio generation products.,a9b1d54ffffa4e779df963ac00e2aa2c
human-composed music,machine-composed music,There is a gap between human-composed and machine-composed music.,3e12aed43e8d4edd9cbbb0184a58b219
machine-composed music,midinet,MidiNet is a model used in the composition of machine music.,3e12aed43e8d4edd9cbbb0184a58b219
machine-composed music,musegan,MuseGAN is a model used in the composition of machine music.,3e12aed43e8d4edd9cbbb0184a58b219
machine-composed music,music transformer,Music Transformer is a model used in the composition of machine music.,3e12aed43e8d4edd9cbbb0184a58b219
machine-composed music,pop music transformer,Pop Music Transformer is a model used in the composition of machine music.,3e12aed43e8d4edd9cbbb0184a58b219
machine-composed music,size of the music data,Increasing the size of the music data might improve the quality of machine-composed music but requires significant resources.,3e12aed43e8d4edd9cbbb0184a58b219
machine-composed music,compositional techniques,Machine-composed music often overlooks specific compositional techniques, leading to unpredictable outcomes.,3e12aed43e8d4edd9cbbb0184a58b219
music composition,learning-based and rule-based methods,Researchers have designed a combination of learning-based and rule-based methods for music composition.,3e12aed43e8d4edd9cbbb0184a58b219
music composition,music theory,Incorporating music theory into learning-based and rule-based methods reduces the reliance on vast data samples and closely emulates the human process of studying composition.,3e12aed43e8d4edd9cbbb0184a58b219
learning music theory,listening to music pieces,These are two key components in the process of studying music.,77864e809ffd47d9bfc0907c53126e53
learning-based methods,rule-based methods,Combining these two methods can enhance the quality of automatic music composition.,77864e809ffd47d9bfc0907c53126e53
knowledge-enhanced automatic music composition methods,incorporating knowledge,These methods involve incorporating different types of knowledge into machine learning models for composition.,77864e809ffd47d9bfc0907c53126e53
attention mechanisms,improved structure and coherence,Recent studies have explored the use of attention mechanisms to improve the structure and coherence of music.,77864e809ffd47d9bfc0907c53126e53
reinforcement learning algorithms,generating music with specific characteristics,Reinforcement learning algorithms are used for generating music with specific characteristics like motif and harmony.,77864e809ffd47d9bfc0907c53126e53
automatic music composition,call-and-response technique,There is a deficiency in reproducing the call-and-response technique in automatic music composition.,77864e809ffd47d9bfc0907c53126e53
call-and-response generator,research gap,There is a research gap in developing a refined call-and-response generator.,77864e809ffd47d9bfc0907c53126e53
call-response datasetannotation process,three annotators with musical training backgrounds,Three annotators with musical training backgrounds were enlisted for the Call-Response DatasetAnnotation Process.,77864e809ffd47d9bfc0907c53126e53
three annotators,manually identify each call-response pair,The annotators were asked to manually identify each call-response pair in the music.,77864e809ffd47d9bfc0907c53126e53
all music,original dataset,All identified call-response pairs preserve the information from the original music dataset.,77864e809ffd47d9bfc0907c53126e53
annotators,music,annotators are asked to annotate all music independently,ff1c5589682e4bdfa500f07489a38f8f
pairs,original dataset,pairs preserve the information from the original dataset,ff1c5589682e4bdfa500f07489a38f8f
original dataset,three tracks,the original dataset consists of three tracks: melody, piano and bridge,ff1c5589682e4bdfa500f07489a38f8f
third annotator,extracted call-response pairs,the third annotator independently scrutinized the extracted call-response pairs,ff1c5589682e4bdfa500f07489a38f8f
discrepancies,all three annotators,in situations where discrepancies were identified, all three annotators were engaged in deliberation to discuss and resolve the inconsistencies,ff1c5589682e4bdfa500f07489a38f8f
dataset collection process,appendix a1,a detailed dataset collection process is described in Appendix A1,ff1c5589682e4bdfa500f07489a38f8f
calls and responses,rhythm, melody, and harmony,the quality of calls and responses is evaluated based on their rhythm, melody, and harmony,ff1c5589682e4bdfa500f07489a38f8f
dtw distance,maximum common subsequence (mcs),dynamic time warping (DTW) distance and maximum common subsequence (MCS) are used as metrics,ff1c5589682e4bdfa500f07489a38f8f
dtw,note position and note duration,for rhythm and melody evaluation, DTW is used to measure two different attributes: note position and note duration,ff1c5589682e4bdfa500f07489a38f8f
attributes,note position and note duration,Attributes include note position and note duration in the context.,75945d87fbb544fd8e71db910ee3f634
dtw distance,note position and note duration,DTW distance is computed for both note position and note duration.,75945d87fbb544fd8e71db910ee3f634
rhythm quality (rq),dtw distance,Rhythm Quality is calculated using the DTW distances of note position and note duration.,75945d87fbb544fd8e71db910ee3f634
melody quality (mq),dtw metric,Melody Quality is calculated using the DTW metric, which measures the distance of the melodic pitch.,75945d87fbb544fd8e71db910ee3f634
harmony quality (hq),mcs of chord progressions,Harmony Quality is measured using the MCS of chord progressions between two music pieces.,75945d87fbb544fd8e71db910ee3f634
dataset statistics,call-response pairs,Dataset Statistics includes the total number of call-response pairs.,75945d87fbb544fd8e71db910ee3f634
crd,call-and-response technique,CRD is the first to annotate the call-and-response technique in automatic music composition.,75945d87fbb544fd8e71db910ee3f634
music pieces,note and chord numbers,Music pieces have certain note and chord numbers.,75945d87fbb544fd8e71db910ee3f634
music pieces,notes,Music pieces feature approximately 65 notes,887f2c81b6a749d38a202ad18e25ede2
music pieces,chords,Music pieces feature approximately 16 chords,887f2c81b6a749d38a202ad18e25ede2
call-and-response,length,The lengths of call-and-response are similar in most cases,887f2c81b6a749d38a202ad18e25ede2
call-response pair,rhythm,Most call-response pairs exhibit similar rhythm patterns,887f2c81b6a749d38a202ad18e25ede2
call-response pair,melody,Most call-response pairs exhibit similar melody patterns,887f2c81b6a749d38a202ad18e25ede2
call-response pair,harmony,Most call-response pairs have distinct harmony patterns,887f2c81b6a749d38a202ad18e25ede2
n-gram,generated responses,N-gram is used to measure the diversity of the generated responses in music,887f2c81b6a749d38a202ad18e25ede2
n-gram,language models,N-gram is widely used for assessing the diversity of text generated by language models,887f2c81b6a749d38a202ad18e25ede2
n-gram,music composition,N-gram is adopted in music composition,887f2c81b6a749d38a202ad18e25ede2
crg,call-and-response generation,CRG is a model designed for call-and-response generation in music,887f2c81b6a749d38a202ad18e25ede2
crg,music piece,CRG uses a music piece as input,887f2c81b6a749d38a202ad18e25ede2
crg,complementary response,CRG produces a complementary response based on diverse music candidates,887f2c81b6a749d38a202ad18e25ede2
music candidates,creative results,music candidates are used to generate creative results,a22dccbc5d584e1594123aa7d6e56bfe
compositional encoder-decoder,knowledge enhancement module,the framework comprises two main modules: a compositional encoder-decoder and a knowledge enhancement module,a22dccbc5d584e1594123aa7d6e56bfe
x,two-dimensional matrix,X is a two-dimensional matrix of size L1 × A,a22dccbc5d584e1594123aa7d6e56bfe
l1,length of the music call sequence,L1 represents the length of the music call sequence,a22dccbc5d584e1594123aa7d6e56bfe
a,number of attributes,A denotes the number of attributes,a22dccbc5d584e1594123aa7d6e56bfe
music knowledge,k,music knowledge is represented by K,a22dccbc5d584e1594123aa7d6e56bfe
model mθ,response y,model Mθ generates response Y using input X and knowledge K,a22dccbc5d584e1594123aa7d6e56bfe
y,two-dimensional matrix,Y is a two-dimensional matrix of size L2 × A,a22dccbc5d584e1594123aa7d6e56bfe
l2,length of the response,L2 corresponds to the length of the response,a22dccbc5d584e1594123aa7d6e56bfe
compositional encoder,fixed-length vector representation,the compositional encoder maps an input music sequence into a fixed-length vector representation,a22dccbc5d584e1594123aa7d6e56bfe
compositional decoder,output music sequence,the compositional decoder translates a vector representation into an output music sequence,a22dccbc5d584e1594123aa7d6e56bfe
probabilistic standpoint,encoder-decoder framework,from a probabilistic standpoint, the encoder-decoder framework learns the conditional distribution of a variable-length sequence given another variable-length sequence,a22dccbc5d584e1594123aa7d6e56bfe
hx,encoder process,HX denotes the encoder process,a22dccbc5d584e1594123aa7d6e56bfe
e(·),embedding layer,E(·) represents the embedding layer,a22dccbc5d584e1594123aa7d6e56bfe
hx,sequence of hidden states,HX is a sequence of hidden states mapped from the input,a22dccbc5d584e1594123aa7d6e56bfe
e(·),embedding layer,E(·) is the representation of the embedding layer,bbf3c7ee0e724542b6945df85c2db87e
hx,sequence of hidden states,HX is a sequence of hidden states,bbf3c7ee0e724542b6945df85c2db87e
xi,hidden features of attributes at position i,xi is used for simplicity, but it actually represents concatenating all hidden features of attributes at position i,bbf3c7ee0e724542b6945df85c2db87e
decoder(st−1, e(yt−1)),decoding function,The decoding function is formally represented as DECODER(st−1, E(yt−1)),bbf3c7ee0e724542b6945df85c2db87e
st,hidden state at time t,st is the hidden state at time t,bbf3c7ee0e724542b6945df85c2db87e
fc(·),fully connected layer,FC(·) is a fully connected layer,bbf3c7ee0e724542b6945df85c2db87e
s0,hidden representation of the input hx,The initial hidden state s0 corresponds to the hidden representation of the input HX,bbf3c7ee0e724542b6945df85c2db87e
compositional knowledge enhancement,method for filtering and identifying relevant data,Compositional Knowledge Enhancement is a developed method for filtering and identifying relevant data,bbf3c7ee0e724542b6945df85c2db87e
musical call-and-response,rhythm, melody, and harmony,In music theory, the phenomenon of musical call-and-response requires intelligibility, leading to specific correlations with rhythm, melody, and harmony,bbf3c7ee0e724542b6945df85c2db87e
knowledge k,similar compositions,Insights are proposed to be drawn from similar compositions in knowledge K,bbf3c7ee0e724542b6945df85c2db87e
previous phrase,input call,The underlying assumption is that if a previous phrase aligns closely with the input call, its subsequent music phrase can guide the generation of an appropriate response,bbf3c7ee0e724542b6945df85c2db87e
music phrase,appropriate response,A music phrase can guide the generation of an appropriate response, implying that the response is influenced by the music phrase.,ab72c009baaf43a5a6309915e5a81b36
patterns of music composition,techniques in crafting following phrases,The patterns of music composition suggest that similar techniques are used in crafting following phrases.,ab72c009baaf43a5a6309915e5a81b36
three selection criteria,music theory,Three selection criteria are defined based on the principles of music theory.,ab72c009baaf43a5a6309915e5a81b36
rhythmic selection,rhythmic pattern,In rhythmic selection, music phrases should possess a rhythmic pattern similar to the original input call.,ab72c009baaf43a5a6309915e5a81b36
harmonic selection,chord progression,In harmonic selection, music phrases should display a chord progression similar to the original input call.,ab72c009baaf43a5a6309915e5a81b36
melodic selection,melodic pattern,In melodic selection, music phrases should showcase a melodic pattern similar to the original input call.,ab72c009baaf43a5a6309915e5a81b36
rhythm information of the input call,rhythm information of music in knowledge k,The rhythm information of the input call is compared with the rhythm information of music in knowledge K to assess similarity.,ab72c009baaf43a5a6309915e5a81b36
similarity after rhythmic selection,number of music pieces in k,The similarity after rhythmic selection is denoted as RhX ∈ RN, where N is the number of music pieces in K.,ab72c009baaf43a5a6309915e5a81b36
melody and harmony of the input call,similarity calculation,The melody and harmony of the input call are extracted and compared to calculate similarity.,ab72c009baaf43a5a6309915e5a81b36
input call x,melody and harmony,Melody and harmony are extracted from the input call X,b87f8ece2ba5439ba669bf58a1e34ac8
melody (m ex),harmony (hax),Melody and harmony are used to calculate the similarity,b87f8ece2ba5439ba669bf58a1e34ac8
selection score,rhythm (rhx), melody (m ex), harmony (hax),Selection Score is the summation of rhythm, melody, and harmony,b87f8ece2ba5439ba669bf58a1e34ac8
music in knowledge,selection score,All music in knowledge is sorted in descending order based on their selection score,b87f8ece2ba5439ba669bf58a1e34ac8
music candidate list,top k elements from the knowledge,Music candidate list is constructed from the top K elements from the knowledge,b87f8ece2ba5439ba669bf58a1e34ac8
compositional encoder,music candidates,The hidden representation of the music candidates can be denoted by the compositional encoder,b87f8ece2ba5439ba669bf58a1e34ac8
knowledge incorporation module,input music, music candidates,The knowledge incorporation module calculates the similarity between music candidates and the input music,b87f8ece2ba5439ba669bf58a1e34ac8
final hidden representation,input hidden representation, hidden representations from candidates, similarity,Final hidden representation is calculated by incorporating the knowledge from music candidates into the input based on similarity,b87f8ece2ba5439ba669bf58a1e34ac8
compositional decoder,final hidden representation,The final hidden representation is fed into the compositional decoder to generate the output response,b87f8ece2ba5439ba669bf58a1e34ac8
knowledge-enhanced response generation,output response,The output response is generated by the Knowledge-enhanced Response Generation process,b87f8ece2ba5439ba669bf58a1e34ac8
compositional decoder,output response y,generates,275fd3a2eb98444dbcda4c12c63f422d
knowledge-enhanced response generation,objective 1,involves,275fd3a2eb98444dbcda4c12c63f422d
objective 1,knowledge-enhanced objective,designed as,275fd3a2eb98444dbcda4c12c63f422d
objective 1,training examples,trained on,275fd3a2eb98444dbcda4c12c63f422d
k,knowledge,represents,275fd3a2eb98444dbcda4c12c63f422d
ci,knowledge selection,selected through,275fd3a2eb98444dbcda4c12c63f422d
objective 2,music candidates,predicts,275fd3a2eb98444dbcda4c12c63f422d
objective 2,objective function,involves,275fd3a2eb98444dbcda4c12c63f422d
model,objectives 1 and 2,optimized based on,275fd3a2eb98444dbcda4c12c63f422d
input call x,crg,processed by,275fd3a2eb98444dbcda4c12c63f422d
k music candidates,crg,identified by,275fd3a2eb98444dbcda4c12c63f422d
response,rhythmic, melodic, and harmonic traits,mirrors,275fd3a2eb98444dbcda4c12c63f422d
experiment,symbolic music,converts into sequence of compound words,275fd3a2eb98444dbcda4c12c63f422d
predefined music,sequence of compound words,using,275fd3a2eb98444dbcda4c12c63f422d
symbolic music,sequence of compound words,Symbolic music is converted into a sequence of compound words using a predefined music attribute vocabulary.,96adb9b9e358425db62dd19e369897dd
sequence,length of 256 tokens,Each sequence is set to a length of 256 tokens.,96adb9b9e358425db62dd19e369897dd
dtw and mcs,similarity between input call and knowledge,DTW and MCS are employed to calculate the similarity between input call and knowledge.,96adb9b9e358425db62dd19e369897dd
pop1k7 dataset,music knowledge,The Pop1K7 dataset is used as music knowledge.,96adb9b9e358425db62dd19e369897dd
λ,hyper-parameters,During training, λ is set as a hyper-parameter.,96adb9b9e358425db62dd19e369897dd
call-response pairs,40 songs,Call-response pairs are reserved from 40 songs for validation and testing purposes.,96adb9b9e358425db62dd19e369897dd
subjective evaluation,social media,Subjective evaluation is carried out on social media.,96adb9b9e358425db62dd19e369897dd
listener,music,The listener evaluates the music in terms of quality, groove, coherence, and creativity.,96adb9b9e358425db62dd19e369897dd
scale,creativity,The scale is used to rate the creativity of different responses.,462c2c0d22cd401cb4860bc17702a020
listener reports,social media,Listener reports were collected by distributing a survey on social media.,462c2c0d22cd401cb4860bc17702a020
model comparison,objective and subjective evaluations,The model comparison shows the results of both objective and subjective evaluations.,462c2c0d22cd401cb4860bc17702a020
ablation study,objective and subjective evaluations,The ablation study reveals the results of both objective and subjective evaluations.,462c2c0d22cd401cb4860bc17702a020
music transformer (mt),huang et al. 2018,Music Transformer (MT) is a model by Huang et al. 2018.,462c2c0d22cd401cb4860bc17702a020
cp-transformer (cpt),hsiao et al. 2021,CP-Transformer (CPT) is a model by Hsiao et al. 2021.,462c2c0d22cd401cb4860bc17702a020
hat,zhang et al. 2022,HAT is a model by Zhang et al. 2022.,462c2c0d22cd401cb4860bc17702a020
automatic music composition models,call-and-response,These automatic music composition models do not specifically target call-and-response.,462c2c0d22cd401cb4860bc17702a020
hsiao et al. 2021,hat (zhang et al. 2022),Both are varied approaches in the field but do not specifically target call-and-response.,f1db3872e50843c8b53cb018a3905c69
our model,music candidates,Our model uses a unique approach of selecting and incorporating music candidates to enhance the learning process.,f1db3872e50843c8b53cb018a3905c69
our model,knowledge base,Our model uses diverse music candidates from our knowledge base to amplify creativity.,f1db3872e50843c8b53cb018a3905c69
other models,standard reconstruction setting,Other models rely on a standard reconstruction setting, learning solely from input music without external references.,f1db3872e50843c8b53cb018a3905c69
crg-base,transformer settings,CRG-Base variant uses Transformer settings, trained on call-response pairs with L0.,f1db3872e50843c8b53cb018a3905c69
crg-k,knowledge mechanism,CRG-K variant incorporates a knowledge mechanism and is trained on L1.,f1db3872e50843c8b53cb018a3905c69
crg-km1,knowledge mechanism,CRG-KM1 variant incorporates the knowledge mechanism, trained with L0 and then on L1.,f1db3872e50843c8b53cb018a3905c69
crg-km2,knowledge mechanism,CRG-KM2 variant uses the knowledge mechanism, trained on L2.,f1db3872e50843c8b53cb018a3905c69
crg-km12,knowledge mechanism,CRG-KM12 variant combines the knowledge mechanism and trains on both L1 and L2.,f1db3872e50843c8b53cb018a3905c69
nism,l2,nism is trained on L2.,ee54f4e6bd7648b58e1ffa8b4a48164e
crg-km12,knowledge mechanism,CRG-KM12 combines the knowledge mechanism.,ee54f4e6bd7648b58e1ffa8b4a48164e
crg-km12,l1 and l2,CRG-KM12 trains on both L1 and L2.,ee54f4e6bd7648b58e1ffa8b4a48164e
knowledge,multiple objectives,The integration of knowledge and the utilization of multiple objectives enhance performance.,ee54f4e6bd7648b58e1ffa8b4a48164e
musical knowledge,model performance,The inclusion of musical knowledge improves model performance by providing additional valuable information.,ee54f4e6bd7648b58e1ffa8b4a48164e
l0,musical content,Incorporating L0 aids the model in learning the musical content within the sequence.,ee54f4e6bd7648b58e1ffa8b4a48164e
l2,creative responses,L2 guides the model to generate creative responses.,ee54f4e6bd7648b58e1ffa8b4a48164e
knowledge types,model performance,Different types of knowledge can impact model performance, as they provide varying information to the model.,ee54f4e6bd7648b58e1ffa8b4a48164e
knowledge types,random knowledge,One of the knowledge types considered in the experiment is Random knowledge, where candidates are randomly chosen.,ee54f4e6bd7648b58e1ffa8b4a48164e
knowledge types,distinct knowledge,Distinct knowledge is a knowledge type where candidates have unique composition skills compared to the input call.,ee54f4e6bd7648b58e1ffa8b4a48164e
knowledge types,similar knowledge,Similar knowledge is a knowledge type where candidates’ skills resemble input calls.,ee54f4e6bd7648b58e1ffa8b4a48164e
similar knowledge,performance,While all knowledge types improve performance, similar knowledge offers the most significant boost.,ee54f4e6bd7648b58e1ffa8b4a48164e
music quality,music diversity,There is a trade-off between music quality and music diversity when increasing the number of knowledge candidates.,7a0e7f6b29c44273aef41a549064fbc6
human-composed music,machine-composed music,A comparison is made between human-composed music and machine-composed music from CRG, with human-composed music receiving higher ratings in terms of quality, groove, and coherence but the music generated by CRG being perceived as more creative.,7a0e7f6b29c44273aef41a549064fbc6
music generated by crg,variety of outcomes,The music generated by CRG demonstrates adaptability by generating a variety of outcomes tailored to a specific call.,7a0e7f6b29c44273aef41a549064fbc6
human composer,crg,In a typical pop song, the human composer generally employs 1-3 response effects, whereas the CRG can produce five different and creative response effects.,7a0e7f6b29c44273aef41a549064fbc6
music,creativity,Music is generated with greater overall creativity,878a04f7ede34786a0b168a6eb4fbd33
music,human composers,Music generated is compared to the creativity of human composers,878a04f7ede34786a0b168a6eb4fbd33
crg,creativity,CRG introduces creativity within the context of a single piece of music,878a04f7ede34786a0b168a6eb4fbd33
crg,arrangement,CRG can serve as a valuable tool for arrangement or style transfer,878a04f7ede34786a0b168a6eb4fbd33
crg,composers,CRG serves as a valuable resource for composers seeking fresh ideas,878a04f7ede34786a0b168a6eb4fbd33
computational creativity,call-and-response technique,Call-and-response technique is used to improve computational creativity in music,878a04f7ede34786a0b168a6eb4fbd33
dataset,call-response pairs,A new dataset consisting of 19,155 call-response pairs is introduced,878a04f7ede34786a0b168a6eb4fbd33
crg,knowledge-enhanced mechanism,CRG incorporates a knowledge-enhanced mechanism for more creative training data,878a04f7ede34786a0b168a6eb4fbd33
crg,machine-composed music,CRG has improved the quality of machine-composed music,878a04f7ede34786a0b168a6eb4fbd33
evaluation methods,bias,Future plans include exploring bias in evaluation methods,878a04f7ede34786a0b168a6eb4fbd33
bias in evaluation methods,enhance our approach,The enhancement of the approach is aimed to explore the bias in evaluation methods,abb9f72f237745fd971d7f7468c9ac40
control process of response effects,enhance our approach,The enhancement of the approach includes the control process of response effects,abb9f72f237745fd971d7f7468c9ac40
code and dataset,https://github.com/hu-music/call-response,The code and dataset for the approach are available at the mentioned GitHub link,abb9f72f237745fd971d7f7468c9ac40
work,the hong kong polytechnic university,The work is supported by The Hong Kong Polytechnic University,abb9f72f237745fd971d7f7468c9ac40
project: p0033738 artificial intelligence and robotics (air) group: artifical intelligence art,the hong kong polytechnic university,The Hong Kong Polytechnic University supports the Project: P0033738 Artificial Intelligence and Robotics (AIR) Group: Artifical Intelligence Art,abb9f72f237745fd971d7f7468c9ac40
group members,proofreading the manuscript,The group members helped with proofreading the manuscript,abb9f72f237745fd971d7f7468c9ac40
